{
  "AAL.BA": 7830,
  "AAP.BA": 5520,
  "AAPL.BA": 13650,
  "ABBV.BA": 26650,
  "ABEV.BA": 8950,
  "ABEV3.BA": 3000,
  "ABNB.BA": 11675,
  "ABT.BA": 44025,
  "ACN.BA": 4415,
  "ACWI.BA": 6720,
  "ADBE.BA": 10400,
  "ADGO.BA": 12325,
  "ADI.BA": 19775,
  "ADP.BA": 67050,
  "ADS.BA": 3942.14794922,
  "AEG.BA": 9580,
  "AEM.BA": 30175,
  "AHP.BA": 28.79999924,
  "AI.BA": 6300,
  "AIG.BA": 21075,
  "AKO.B.BA": 31800,
  "AMAT.BA": 48300,
  "AMD.BA": 23575,
  "AMGN.BA": 13400,
  "AMX.BA": 24475,
  "AMZN.BA": 2000,
  "ANF.BA": 134800,
  "ARCO.BA": 18250,
  "ARKK.BA": 9810,
  "ARM.BA": 7280,
  "ASML.BA": 6390,
  "ASR.BA": 20575,
  "AVGO.BA": 10150,
  "AVY.BA": 12575,
  "AXP.BA": 26700,
  "AZN.BA": 50150,
  "B.BA": 15175,
  "BA.BA": 12575,
  "BA.C.BA": 15325,
  "BABA.BA": 17475,
  "BAK.BA": 2085,
  "BAS.BA": 3197.76855469,
  "BAYN.BA": 3323.26293945,
  "BB.BA": 1655,
  "BBD.BA": 3775,
  "BBDC3.BA": 3335,
  "BBV.BA": 23325,
  "BCS.BA": 26175,
  "BHP.BA": 34500,
  "BIDU.BA": 10475,
  "BIIB.BA": 13825,
  "BIOX.BA": 4835,
  "BITF.BA": 8250,
  "BK.BA": 67850,
  "BKNG.BA": 10850,
  "BKR.BA": 8450,
  "BMY.BA": 20600,
  "BNG.BA": 22175,
  "BP.BA": 9010,
  "BPA11.BA": 9530,
  "BRFS.BA": 13950,
  "BRKB.BA": 28450,
  "BSBR.BA": 6440,
  "BSN.BA": 613.31298828,
  "C.BA": 41075,
  "CAAP.BA": 108900,
  "CAH.BA": 71150,
  "CAJ.BA": 4045.5,
  "CAR.BA": 8190,
  "CAT.BA": 29200,
  "CBRD.BA": 459,
  "CCL.BA": 13150,
  "CDE.BA": 13125,
  "CEG.BA": 10325,
  "CIBR.BA": 9720,
  "CL.BA": 37325,
  "CLS.BA": 13250,
  "COIN.BA": 14900,
  "COST.BA": 26475,
  "CRM.BA": 18500,
  "CSCO.BA": 18200,
  "CSNA3.BA": 1810,
  "CVS.BA": 5410,
  "CVX.BA": 12875,
  "CX.BA": 11150,
  "DAL.BA": 8850,
  "DD.BA": 19625,
  "DE.BA": 17050,
  "DECK.BA": 5670,
  "DEO.BA": 22750,
  "DESP.BA": 22600,
  "DHR.BA": 4945,
  "DIA.BA": 29650,
  "DISN.BA": 13325,
  "DOCU.BA": 4500,
  "DOW.BA": 5040,
  "DTEA.BA": 0,
  "E.BA": 11550,
  "EA.BA": 15425,
  "EBAY.BA": 61300,
  "EBR.BA": 36975,
  "EEM.BA": 13200,
  "EFA.BA": 6600,
  "EFX.BA": 20325,
  "ELP.BA": 35075,
  "EOAN.BA": 236.04100037,
  "EQNR.BA": 5750,
  "ERIC.BA": 4980,
  "ERJ.BA": 76950,
  "ETHA.BA": 7270,
  "ETSY.BA": 4705,
  "EWJ.BA": 7200,
  "EWZ.BA": 18200,
  "F.BA": 14875,
  "FCX.BA": 18000,
  "FDX.BA": 29925,
  "FMCC.BA": 0,
  "FMX.BA": 20000,
  "FMX.B.BA": 0,
  "FNMA.BA": 11000,
  "FSLR.BA": 14025,
  "FXI.BA": 10125,
  "GDX.BA": 7610,
  "GE.BA": 45825,
  "GFI.BA": 40700,
  "GGB.BA": 15625,
  "GILD.BA": 37775,
  "GLD.BA": 8390,
  "GLOB.BA": 5970,
  "GLW.BA": 21250,
  "GM.BA": 11750,
  "GOOGL.BA": 4510,
  "GPRK.BA": 8990,
  "GRMN.BA": 102700,
  "GS.BA": 74650,
  "GSK.BA": 12600,
  "GT.BA": 6760,
  "HAL.BA": 14600,
  "HAPV3.BA": 8700,
  "HD.BA": 16175,
  "HDB.BA": 51050,
  "HHPD.BA": 0,
  "HL.BA": 8250,
  "HMC.BA": 42650,
  "HMY.BA": 21350,
  "HNPIY.BA": 6140,
  "HOG.BA": 10875,
  "HON.BA": 37200,
  "HPQ.BA": 33825,
  "HSBC.BA": 41800,
  "HSY.BA": 12075,
  "HUT.BA": 136350,
  "HWM.BA": 240950,
  "IBB.BA": 6670,
  "IBIT.BA": 8690,
  "IBM.BA": 22500,
  "IBN.BA": 44275,
  "IEMG.BA": 6830,
  "IEUR.BA": 7950,
  "IFF.BA": 7880,
  "IJH.BA": 7040,
  "INFY.BA": 21875,
  "ING.BA": 10375,
  "INTC.BA": 5450,
  "IP.BA": 15600,
  "ISRG.BA": 7060,
  "ITUB.BA": 8720,
  "ITUB3.BA": 7690,
  "IVE.BA": 6620,
  "IVW.BA": 7630,
  "IWM.BA": 29725,
  "JBSS3.BA": 8320,
  "JCI.BA": 68150,
  "JD.BA": 10575,
  "JMIA.BA": 6560,
  "JNJ.BA": 15300,
  "JOYY.BA": 13500,
  "JPM.BA": 26175,
  "KB.BA": 54400,
  "KEP.BA": 18675,
  "KGC.BA": 24425,
  "KMB.BA": 30175,
  "KO.BA": 18600,
  "KOFM.BA": 56000,
  "LAC.BA": 3545,
  "LAR.BA": 3660,
  "LFC.BA": 1074.5,
  "LLY.BA": 18475,
  "LMT.BA": 28800,
  "LRCX.BA": 2315,
  "LVS.BA": 35075,
  "LYG.BA": 2930,
  "MA.BA": 23150,
  "MBG.BA": 3807.20898438,
  "MBT.BA": 650,
  "MCD.BA": 16750,
  "MDLZ.BA": 5590,
  "MDT.BA": 30225,
  "MELI.BA": 27225,
  "META.BA": 42925,
  "MFG.BA": 8030,
  "MGLU3.BA": 1795,
  "MMC.BA": 16800,
  "MMM.BA": 20200,
  "MO.BA": 21050,
  "MOS.BA": 9580,
  "MRK.BA": 21825,
  "MRNA.BA": 1940,
  "MRVL.BA": 7380,
  "MSFT.BA": 23675,
  "MSI.BA": 29175,
  "MSTR.BA": 25350,
  "MU.BA": 29325,
  "MUFG.BA": 18875,
  "MUX.BA": 7000,
  "NATU3.BA": 2145,
  "NEC1.BA": 0,
  "NEM.BA": 30125,
  "NFLX.BA": 32150,
  "NG.BA": 31000,
  "NGG.BA": 48775,
  "NIO.BA": 1510,
  "NKE.BA": 8340,
  "NLM.BA": 0,
  "NMR.BA": 9130,
  "NOKA.BA": 5540,
  "NOW.BA": 7060,
  "NSAN.BA": 1545,
  "NTCO.BA": 6200,
  "NTES.BA": 12600,
  "NU.BA": 8180,
  "NUE.BA": 11725,
  "NVDA.BA": 10000,
  "NVS.BA": 39675,
  "NXE.BA": 9170,
  "ORAN.BA": 13200,
  "ORCL.BA": 114700,
  "ORLY.BA": 617,
  "OXY.BA": 11625,
  "PAAS.BA": 13100,
  "PAC.BA": 19525,
  "PAGS.BA": 3625,
  "PANW.BA": 4555,
  "PATH.BA": 7570,
  "PBI.BA": 15150,
  "PBR.BA": 17350,
  "PCAR.BA": 44025,
  "PCRF.BA": 0,
  "PDD.BA": 6080,
  "PEP.BA": 10450,
  "PETR3.BA": 8680,
  "PFE.BA": 8340,
  "PG.BA": 13525,
  "PHG.BA": 7080,
  "PINS.BA": 7480,
  "PKS.BA": 24175,
  "PLTR.BA": 77800,
  "PM.BA": 12250,
  "PSO.BA": 0,
  "PSQ.BA": 5600,
  "PSX.BA": 27475,
  "PYPL.BA": 11400,
  "QCOM.BA": 18025,
  "QQQ.BA": 37700,
  "RACE.BA": 7190,
  "RBLX.BA": 85250,
  "RCTB4.BA": 0,
  "RGTI.BA": 11100,
  "RIO.BA": 10050,
  "RIOT.BA": 5010,
  "ROKU.BA": 8630,
  "ROST.BA": 47800,
  "RTX.BA": 42000,
  "SAN.BA": 46975,
  "SAP.BA": 64100,
  "SATL.BA": 4770,
  "SBS.BA": 52550,
  "SBSP3.BA": 26100,
  "SBUX.BA": 10075,
  "SCCO.BA": 63550,
  "SCHW.BA": 0,
  "SDA.BA": 1485,
  "SE.BA": 6350,
  "SH.BA": 6590,
  "SHEL.BA": 48850,
  "SHOP.BA": 1605,
  "SID.BA": 14500,
  "SIEGY.BA": 6695.81591797,
  "SLB.BA": 15100,
  "SLV.BA": 7730,
  "SMH.BA": 7760,
  "SMSN.BA": 13143.82421875,
  "SNA.BA": 72450,
  "SNAP.BA": 12700,
  "SNOW.BA": 9220,
  "SONY.BA": 4110,
  "SPCE.BA": 10725,
  "SPGI.BA": 16850,
  "SPOT.BA": 31175,
  "SPXL.BA": 9690,
  "SPY.BA": 42275,
  "STLA.BA": 2365,
  "STNE.BA": 5790,
  "SUZ.BA": 12475,
  "SUZB3.BA": 12225,
  "SWKS.BA": 4345,
  "SYY.BA": 13300,
  "T.BA": 12500,
  "TCOM.BA": 41100,
  "TEAM.BA": 5320,
  "TEFO.BA": 872,
  "TEM.BA": 6510,
  "TEN.BA": 48075,
  "TGT.BA": 5750,
  "TIIAY.BA": 0,
  "TIMB.BA": 26475,
  "TIMS3.BA": 5160,
  "TJX.BA": 7870,
  "TM.BA": 16275,
  "TMO.BA": 28475,
  "TMUS.BA": 9660,
  "TRIP.BA": 10875,
  "TRVV.BA": 59450,
  "TSLA.BA": 27750,
  "TSM.BA": 34850,
  "TTE.BA": 26975,
  "TTM.BA": 8651,
  "TV.BA": 1085,
  "TWLO.BA": 4650,
  "TXN.BA": 50000,
  "TXR.BA": 10475,
  "UAL.BA": 23550,
  "UBER.BA": 60450,
  "UGP.BA": 4100,
  "UL.BA": 26950,
  "UNH.BA": 10250,
  "UNP.BA": 15050,
  "UPST.BA": 22325,
  "URA.BA": 10900,
  "URBN.BA": 52250,
  "USB.BA": 12000,
  "USO.BA": 6740,
  "V.BA": 25250,
  "VALE.BA": 6610,
  "VALE3.BA": 13300,
  "VEA.BA": 7650,
  "VIG.BA": 7130,
  "VIST.BA": 20200,
  "VIV.BA": 15650,
  "VIVT3.BA": 7960,
  "VOD.BA": 14875,
  "VRSN.BA": 60350,
  "VRTX.BA": 5000,
  "VST.BA": 10900,
  "VZ.BA": 14350,
  "WBA.BA": 5220,
  "WBO.BA": 2170,
  "WEGE3.BA": 9030,
  "WFC.BA": 21050,
  "WMT.BA": 7400,
  "X.BA": 21550,
  "XLB.BA": 6600,
  "XLC.BA": 7630,
  "XLE.BA": 57550,
  "XLF.BA": 34750,
  "XLI.BA": 7230,
  "XLK.BA": 7640,
  "XLP.BA": 6780,
  "XLRE.BA": 6220,
  "XLU.BA": 7780,
  "XLV.BA": 6170,
  "XLY.BA": 6880,
  "XOM.BA": 14425,
  "XP.BA": 5670,
  "XPEV.BA": 6500,
  "XROX.BA": 5530,
  "XYZ.BA": 5050,
  "YELP.BA": 22550,
  "YZCA.BA": 0.007,
  "ZM.BA": 2060,
  "ALUA.BA": 725,
  "ALUAC.BA": 0.54900002,
  "ALUAD.BA": 0.537,
  "BBAR.BA": 7380,
  "BBARC.BA": 5.0999999,
  "BBARD.BA": 5.42000008,
  "BMA.BA": 9750,
  "BMA.C.BA": 7.19000006,
  "BMA.D.BA": 7.23999977,
  "BYMA.BA": 205.25,
  "BYMAC.BA": 0.156,
  "BYMAD.BA": 0.155,
  "CEPU.BA": 1645,
  "COME.BA": 131.25,
  "CRES.BA": 1535,
  "CRESC.BA": 0.32300001,
  "EDN.BA": 2015,
  "EDNC.BA": 1.255,
  "EDND.BA": 1.5,
  "GGAL.BA": 6860,
  "GGALC.BA": 5.05000019,
  "GGALD.BA": 5.1500001,
  "IRSAC.BA": 0,
  "IRSAD.BA": 1.54999995,
  "LOMA.BA": 3255,
  "LOMAD.BA": 2.41499996,
  "MIRG.BA": 24275,
  "PAMP.BA": 4180,
  "SUPV.BA": 2980,
  "SUPVD.BA": 2.15499997,
  "TECO2.BA": 2545,
  "TECOC.BA": 1.78999996,
  "TGN4C.BA": 2.60500002,
  "TGN4D.BA": 2.52999997,