{
  "AAL.BA": 11040,
  "AAP.BA": 5815,
  "AAPL.BA": 21050,
  "ABBV.BA": 34220,
  "ABEV.BA": 11200,
  "ABEV3.BA": 3772.5,
  "ABNB.BA": 12500,
  "ABT.BA": 47420,
  "ACN.BA": 5385,
  "ACWI.BA": 8245,
  "ADBE.BA": 11920,
  "ADGO.BA": 12730,
  "ADI.BA": 28380,
  "ADP.BA": 66100,
  "ADS.BA": 3942.14794922,
  "AEG.BA": 11860,
  "AEM.BA": 42280,
  "AHP.BA": 28.79999924,
  "AI.BA": 4580,
  "AIG.BA": 23280,
  "AKO.B.BA": 42000,
  "ALAB.BA": 5540,
  "AMAT.BA": 80925,
  "AMD.BA": 32960,
  "AMGN.BA": 16720,
  "AMX.BA": 32740,
  "AMZN.BA": 2413,
  "ANF.BA": 143650,
  "ARCO.BA": 22630,
  "ARKK.BA": 12380,
  "ARM.BA": 8025,
  "ASML.BA": 11380,
  "ASR.BA": 22920,
  "ASTS.BA": 7480,
  "AVGO.BA": 15100,
  "AVY.BA": 15000,
  "AXP.BA": 37460,
  "AZN.BA": 68150,
  "B.BA": 30960,
  "BA.BA": 12710,
  "BA.C.BA": 20370,
  "BABA.BA": 26680,
  "BAK.BA": 2245,
  "BAS.BA": 3197.76855469,
  "BAYN.BA": 3323.26293945,
  "BB.BA": 2190,
  "BBD.BA": 5090,
  "BBDC3.BA": 4250,
  "BBV.BA": 32980,
  "BCS.BA": 34960,
  "BHP.BA": 44580,
  "BIDU.BA": 17380,
  "BIIB.BA": 21190,
  "BIOX.BA": 2328,
  "BITF.BA": 22220,
  "BK.BA": 86375,
  "BKNG.BA": 10870,
  "BKR.BA": 10500,
  "BMY.BA": 26240,
  "BNG.BA": 28420,
  "BP.BA": 10890,
  "BPA11.BA": 15920,
  "BRFS.BA": 18200,
  "BRKB.BA": 34620,
  "BSBR.BA": 9265,
  "BSN.BA": 613.31298828,
  "C.BA": 54800,
  "CAAP.BA": 155400,
  "CAH.BA": 100200,
  "CAJ.BA": 4045.5,
  "CAR.BA": 7805,
  "CAT.BA": 45620,
  "CCL.BA": 13010,
  "CDE.BA": 24000,
  "CEG.BA": 12040,
  "CIBR.BA": 11350,
  "CL.BA": 39200,
  "CLS.BA": 24490,
  "COIN.BA": 15120,
  "COST.BA": 28280,
  "CRM.BA": 21880,
  "CRWV.BA": 4940,
  "CSCO.BA": 23560,
  "CSNA3.BA": 2446,
  "CVS.BA": 7565,
  "CVX.BA": 14310,
  "CX.BA": 16320,
  "DAL.BA": 12670,
  "DD.BA": 12220,
  "DE.BA": 18160,
  "DECK.BA": 5955,
  "DEO.BA": 22340,
  "DESP.BA": 22600,
  "DHR.BA": 6330,
  "DIA.BA": 36260,
  "DISN.BA": 13240,
  "DOCU.BA": 4540,
  "DOW.BA": 5800,
  "DTEA.BA": 0,
  "E.BA": 14080,
  "EA.BA": 22010,
  "EBAY.BA": 62325,
  "ECL.BA": 7040,
  "EEM.BA": 16540,
  "EFA.BA": 8060,
  "EFX.BA": 20100,
  "ELP.BA": 46240,
  "EMBJ.BA": 93475,
  "EOAN.BA": 236.04100037,
  "EQNR.BA": 5810,
  "ERIC.BA": 7155,
  "ETHA.BA": 6945,
  "ETSY.BA": 5020,
  "EWJ.BA": 9010,
  "EWZ.BA": 24760,
  "F.BA": 19810,
  "FCX.BA": 22810,
  "FDX.BA": 41500,
  "FMCC.BA": 0,
  "FMX.BA": 25320,
  "FNMA.BA": 17100,
  "FSLR.BA": 21870,
  "FXI.BA": 12030,
  "GDX.BA": 12260,
  "GE.BA": 53500,
  "GFI.BA": 63725,
  "GGB.BA": 21030,
  "GILD.BA": 45820,
  "GLD.BA": 11700,
  "GLOB.BA": 5995,
  "GLW.BA": 32220,
  "GM.BA": 19170,
  "GOOGL.BA": 8325,
  "GPRK.BA": 12620,
  "GRMN.BA": 102650,
  "GS.BA": 98975,
  "GSK.BA": 18200,
  "GT.BA": 6375,
  "HAL.BA": 21510,
  "HAPV3.BA": 4125,
  "HD.BA": 16760,
  "HDB.BA": 27080,
  "HHPD.BA": 0,
  "HL.BA": 25640,
  "HMC.BA": 44480,
  "HMY.BA": 29060,
  "HNPIY.BA": 6140,
  "HOG.BA": 11800,
  "HON.BA": 36000,
  "HOOD.BA": 6885,
  "HPQ.BA": 39100,
  "HSBC.BA": 53700,
  "HSY.BA": 13020,
  "HUT.BA": 318725,
  "HWM.BA": 286225,
  "IBB.BA": 9605,
  "IBIT.BA": 7695,
  "IBM.BA": 31140,
  "IBN.BA": 46500,
  "IEMG.BA": 8505,
  "IEUR.BA": 9610,
  "IFF.BA": 8495,
  "IJH.BA": 8400,
  "INFY.BA": 27400,
  "ING.BA": 13180,
  "INTC.BA": 12620,
  "IP.BA": 14850,
  "IREN.BA": 5715,
  "ISRG.BA": 9640,
  "ITA.BA": 6115,
  "ITUB.BA": 11510,
  "ITUB3.BA": 10740,
  "IVE.BA": 8035,
  "IVW.BA": 9375,
  "IWDA.BA": 0,
  "IWM.BA": 37980,
  "JBSS3.BA": 8320,
  "JCI.BA": 83425,
  "JD.BA": 11360,
  "JMIA.BA": 18540,
  "JNJ.BA": 20360,
  "JOYY.BA": 19300,
  "JPM.BA": 31760,
  "KB.BA": 68050,
  "KEP.BA": 26540,
  "KGC.BA": 41000,
  "KMB.BA": 26060,
  "KO.BA": 21180,
  "KOFM.BA": 67725,
  "LAC.BA": 8100,
  "LAR.BA": 7840,
  "LFC.BA": 1074.5,
  "LLY.BA": 27220,
  "LMT.BA": 34180,
  "LRCX.BA": 4310,
  "LREN3.BA": 3922.5,
  "LVS.BA": 50075,
  "LYG.BA": 3887.5,
  "MA.BA": 25020,
  "MBG.BA": 3807.20898438,
  "MBT.BA": 650,
  "MCD.BA": 19560,
  "MDLZ.BA": 5525,
  "MDT.BA": 38380,
  "MELI.BA": 26000,
  "META.BA": 42380,
  "MFG.BA": 11150,
  "MGLU3.BA": 2920,
  "MMC.BA": 17190,
  "MMM.BA": 25300,
  "MO.BA": 21940,
  "MOS.BA": 7210,
  "MRK.BA": 30280,
  "MRNA.BA": 2192,
  "MRVL.BA": 10660,
  "MSFT.BA": 24280,
  "MSI.BA": 28340,
  "MSTR.BA": 13560,
  "MU.BA": 71800,
  "MUFG.BA": 24520,
  "MUX.BA": 14200,
  "NATU3.BA": 2295,
  "NEC1.BA": 0,
  "NEM.BA": 45160,
  "NFLX.BA": 3180,
  "NG.BA": 59150,
  "NGG.BA": 56975,
  "NIO.BA": 1921,
  "NKE.BA": 8270,
  "NLM.BA": 0,
  "NMR.BA": 11790,
  "NOKA.BA": 9170,
  "NOW.BA": 7505,
  "NSAN.BA": 1545,
  "NTCO.BA": 6200,
  "NTES.BA": 15050,
  "NU.BA": 12610,
  "NUE.BA": 15050,
  "NVDA.BA": 11450,
  "NVS.BA": 50200,
  "NXE.BA": 14400,
  "OKLO.BA": 5685,
  "ORAN.BA": 13200,
  "ORCL.BA": 108825,
  "ORLY.BA": 654,
  "OXY.BA": 12900,
  "PAAS.BA": 22220,
  "PAC.BA": 21610,
  "PAGS.BA": 4980,
  "PANW.BA": 5995,
  "PATH.BA": 14170,
  "PBI.BA": 14890,
  "PBR.BA": 18460,
  "PCAR.BA": 55350,
  "PCRF.BA": 0,
  "PDD.BA": 7095,
  "PEP.BA": 12140,
  "PETR3.BA": 9230,
  "PFE.BA": 9835,
  "PG.BA": 14510,
  "PHG.BA": 8205,
  "PINS.BA": 5785,
  "PKS.BA": 26820,
  "PLTR.BA": 91725,
  "PM.BA": 12450,
  "PSO.BA": 0,
  "PSQ.BA": 5640,
  "PSX.BA": 35440,
  "PYPL.BA": 11780,
  "QCOM.BA": 24270,
  "QQQ.BA": 47260,
  "RACE.BA": 7165,
  "RBLX.BA": 72300,
  "RCTB4.BA": 0,
  "RGTI.BA": 21700,
  "RIO.BA": 13760,
  "RIOT.BA": 7630,
  "RKLB.BA": 6190,
  "ROKU.BA": 11560,
  "ROST.BA": 66950,
  "RTX.BA": 51550,
  "SAN.BA": 66250,
  "SAP.BA": 62325,
  "SATL.BA": 2575,
  "SBS.BA": 76100,
  "SBSP3.BA": 40780,
  "SBUX.BA": 10740,
  "SCCO.BA": 106725,
  "SCHW.BA": 0,
  "SDA.BA": 1526,
  "SE.BA": 6405,
  "SH.BA": 6835,
  "SHEL.BA": 55300,
  "SHOP.BA": 2238,
  "SI.BA": 22.45000076,
  "SID.BA": 19970,
  "SIEGY.BA": 6695.81591797,
  "SLB.BA": 19460,
  "SLV.BA": 13310,
  "SMH.BA": 11050,
  "SMSN.BA": 13143.82421875,
  "SNA.BA": 87700,
  "SNAP.BA": 11820,
  "SNOW.BA": 11620,
  "SONY.BA": 5310,
  "SPCE.BA": 13020,
  "SPGI.BA": 16850,
  "SPHQ.BA": 8075,
  "SPOT.BA": 30520,
  "SPXL.BA": 13620,
  "SPY.BA": 51850,
  "STLA.BA": 3645,
  "STNE.BA": 7410,
  "SUZ.BA": 14110,
  "SUZB3.BA": 14140,
  "SWKS.BA": 5195,
  "SYY.BA": 13800,
  "T.BA": 12810,
  "TCOM.BA": 54375,
  "TEAM.BA": 5150,
  "TEFO.BA": 795,
  "TEM.BA": 9705,
  "TEN.BA": 61925,
  "TGT.BA": 5785,
  "TIIAY.BA": 0,
  "TIMB.BA": 33600,
  "TIMS3.BA": 6755,
  "TJX.BA": 10320,
  "TM.BA": 19850,
  "TMO.BA": 39200,
  "TMUS.BA": 9700,
  "TQQQ.BA": 3390,
  "TRIP.BA": 11450,
  "TRVV.BA": 70575,
  "TSLA.BA": 45780,
  "TSM.BA": 49440,
  "TTE.BA": 32680,
  "TTM.BA": 8651,
  "TV.BA": 1363,
  "TWLO.BA": 5340,
  "TXN.BA": 55650,
  "TXR.BA": 14490,
  "UAL.BA": 31640,
  "UBER.BA": 69150,
  "UGP.BA": 6070,
  "UL.BA": 30100,
  "UNH.BA": 15080,
  "UNP.BA": 17850,
  "UPST.BA": 14210,
  "URA.BA": 14520,
  "URBN.BA": 58350,
  "USB.BA": 15520,
  "USO.BA": 7235,
  "V.BA": 27860,
  "VALE.BA": 9720,
  "VALE3.BA": 19400,
  "VEA.BA": 9390,
  "VIG.BA": 8605,
  "VIST.BA": 26060,
  "VIV.BA": 18690,
  "VIVT3.BA": 9980,
  "VOD.BA": 18890,
  "VRSN.BA": 62900,
  "VRTX.BA": 6785,
  "VST.BA": 9705,
  "VXX.BA": 9295,
  "VZ.BA": 15790,
  "WBA.BA": 5360,
  "WBO.BA": 2647.5,
  "WEGE3.BA": 12930,
  "WFC.BA": 27200,
  "WMT.BA": 9635,
  "X.BA": 21550,
  "XLB.BA": 3722.5,
  "XLC.BA": 9290,
  "XLE.BA": 34980,
  "XLF.BA": 40600,
  "XLI.BA": 8315,
  "XLK.BA": 4820,
  "XLP.BA": 7400,
  "XLRE.BA": 6875,
  "XLU.BA": 4390,
  "XLV.BA": 7980,
  "XLY.BA": 4215,
  "XOM.BA": 17770,
  "XP.BA": 6795,
  "XPEV.BA": 7590,
  "XROX.BA": 4175,
  "XYZ.BA": 4600,
  "YELP.BA": 22500,
  "YZCA.BA": 0.007,
  "ZM.BA": 2802.5,
  "ALUA.BA": 1065,
  "ALUAC.BA": 0.69,
  "ALUAD.BA": 0.74400002,
  "BBAR.BA": 8410,
  "BBARC.BA": 2.63070011,
  "BBARD.BA": 5.69999981,
  "BMA.BA": 13240,
  "BMA.C.BA": 9.10999966,
  "BMA.D.BA": 9,
  "BYMA.BA": 301.5,
  "BYMAC.BA": 0.2,
  "BYMAD.BA": 0.20299999,
  "CEPU.BA": 2617.5,
  "COME.BA": 71.80000305,
  "CRES.BA": 1738,
  "CRESC.BA": 1.11500001,
  "EDN.BA": 2505,
  "EDNC.BA": 1.66999996,
  "EDND.BA": 1.70000005,
  "GGAL.BA": 7680,
  "GGALC.BA": 5.28999996,