{
  "AAL.BA": 9150,
  "AAP.BA": 5850,
  "AAPL.BA": 15700,
  "ABBV.BA": 28950,
  "ABEV.BA": 9030,
  "ABEV3.BA": 3070,
  "ABNB.BA": 11650,
  "ABT.BA": 44950,
  "ACN.BA": 4675,
  "ACWI.BA": 7000,
  "ADBE.BA": 10725,
  "ADGO.BA": 11425,
  "ADI.BA": 22625,
  "ADP.BA": 68300,
  "ADS.BA": 3942.14794922,
  "AEG.BA": 10550,
  "AEM.BA": 33800,
  "AHP.BA": 28.79999924,
  "AI.BA": 4620,
  "AIG.BA": 22150,
  "AKO.B.BA": 31600,
  "AMAT.BA": 43175,
  "AMD.BA": 22200,
  "AMGN.BA": 13050,
  "AMX.BA": 27275,
  "AMZN.BA": 2140,
  "ANF.BA": 126250,
  "ARCO.BA": 19000,
  "ARKK.BA": 10225,
  "ARM.BA": 6770,
  "ASML.BA": 6800,
  "ASR.BA": 22700,
  "AVGO.BA": 10500,
  "AVY.BA": 12850,
  "AXP.BA": 30200,
  "AZN.BA": 54750,
  "B.BA": 18425,
  "BA.BA": 13575,
  "BA.C.BA": 17200,
  "BABA.BA": 21075,
  "BAK.BA": 2285,
  "BAS.BA": 3197.76855469,
  "BAYN.BA": 3323.26293945,
  "BB.BA": 1730,
  "BBD.BA": 4130,
  "BBDC3.BA": 3535,
  "BBV.BA": 24725,
  "BCS.BA": 26850,
  "BHP.BA": 38125,
  "BIDU.BA": 11975,
  "BIIB.BA": 14725,
  "BIOX.BA": 3940,
  "BITF.BA": 9140,
  "BK.BA": 71750,
  "BKNG.BA": 11025,
  "BKR.BA": 8860,
  "BMY.BA": 21675,
  "BNG.BA": 22300,
  "BP.BA": 9630,
  "BPA11.BA": 11025,
  "BRFS.BA": 14875,
  "BRKB.BA": 31175,
  "BSBR.BA": 7150,
  "BSN.BA": 613.31298828,
  "C.BA": 43225,
  "CAAP.BA": 115050,
  "CAH.BA": 68300,
  "CAJ.BA": 4045.5,
  "CAR.BA": 8510,
  "CAT.BA": 28500,
  "CCL.BA": 14200,
  "CDE.BA": 18725,
  "CEG.BA": 9370,
  "CIBR.BA": 9930,
  "CL.BA": 38575,
  "CLS.BA": 13675,
  "COIN.BA": 15425,
  "COST.BA": 26800,
  "CRM.BA": 19250,
  "CSCO.BA": 18600,
  "CSNA3.BA": 1870,
  "CVS.BA": 6640,
  "CVX.BA": 13875,
  "CX.BA": 12550,
  "DAL.BA": 10450,
  "DD.BA": 20800,
  "DE.BA": 16350,
  "DECK.BA": 6750,
  "DEO.BA": 25200,
  "DESP.BA": 22600,
  "DHR.BA": 5190,
  "DIA.BA": 31025,
  "DISN.BA": 13450,
  "DOCU.BA": 4590,
  "DOW.BA": 5580,
  "DTEA.BA": 0,
  "E.BA": 12175,
  "EA.BA": 16725,
  "EBAY.BA": 61450,
  "EBR.BA": 44775,
  "EEM.BA": 13625,
  "EFA.BA": 6910,
  "EFX.BA": 20100,
  "ELP.BA": 36650,
  "EOAN.BA": 236.04100037,
  "EQNR.BA": 5670,
  "ERIC.BA": 5320,
  "ERJ.BA": 78600,
  "ETHA.BA": 8840,
  "ETSY.BA": 4435,
  "EWJ.BA": 7670,
  "EWZ.BA": 19900,
  "F.BA": 16000,
  "FCX.BA": 20475,
  "FDX.BA": 30825,
  "FMCC.BA": 0,
  "FMX.BA": 19850,
  "FNMA.BA": 15000,
  "FSLR.BA": 14900,
  "FXI.BA": 10750,
  "GDX.BA": 8890,
  "GE.BA": 47200,
  "GFI.BA": 47150,
  "GGB.BA": 16750,
  "GILD.BA": 38600,
  "GLD.BA": 8940,
  "GLOB.BA": 4890,
  "GLW.BA": 23375,
  "GM.BA": 13300,
  "GOOGL.BA": 4980,
  "GPRK.BA": 8980,
  "GRMN.BA": 106850,
  "GS.BA": 77100,
  "GSK.BA": 13350,
  "GT.BA": 5730,
  "HAL.BA": 15475,
  "HAPV3.BA": 10900,
  "HD.BA": 17350,
  "HDB.BA": 47875,
  "HHPD.BA": 0,
  "HL.BA": 12225,
  "HMC.BA": 46250,
  "HMY.BA": 19575,
  "HNPIY.BA": 6140,
  "HOG.BA": 13350,
  "HON.BA": 37350,
  "HPQ.BA": 39625,
  "HSBC.BA": 43800,
  "HSY.BA": 12175,
  "HUT.BA": 187350,
  "HWM.BA": 236850,
  "IBB.BA": 7140,
  "IBIT.BA": 8620,
  "IBM.BA": 22050,
  "IBN.BA": 43200,
  "IEMG.BA": 7090,
  "IEUR.BA": 8210,
  "IFF.BA": 7570,
  "IJH.BA": 7430,
  "INFY.BA": 23075,
  "ING.BA": 10900,
  "INTC.BA": 6610,
  "IP.BA": 16775,
  "ISRG.BA": 7200,
  "ITUB.BA": 9580,
  "ITUB3.BA": 8580,
  "IVE.BA": 6960,
  "IVW.BA": 7810,
  "IWM.BA": 32000,
  "JBSS3.BA": 8320,
  "JCI.BA": 67400,
  "JD.BA": 10825,
  "JMIA.BA": 11000,
  "JNJ.BA": 16275,
  "JOYY.BA": 16100,
  "JPM.BA": 27350,
  "KB.BA": 53550,
  "KEP.BA": 18325,
  "KGC.BA": 29300,
  "KMB.BA": 29450,
  "KO.BA": 18925,
  "KOFM.BA": 57450,
  "LAC.BA": 3905,
  "LAR.BA": 4545,
  "LFC.BA": 1074.5,
  "LLY.BA": 17975,
  "LMT.BA": 31025,
  "LRCX.BA": 2375,
  "LVS.BA": 39025,
  "LYG.BA": 2900,
  "MA.BA": 24575,
  "MBG.BA": 3807.20898438,
  "MBT.BA": 650,
  "MCD.BA": 18025,
  "MDLZ.BA": 5620,
  "MDT.BA": 31875,
  "MELI.BA": 27200,
  "META.BA": 41875,
  "MFG.BA": 8840,
  "MGLU3.BA": 2025,
  "MMC.BA": 17600,
  "MMM.BA": 21150,
  "MO.BA": 22900,
  "MOS.BA": 9120,
  "MRK.BA": 23375,
  "MRNA.BA": 1740,
  "MRVL.BA": 6300,
  "MSFT.BA": 23025,
  "MSI.BA": 32850,
  "MSTR.BA": 23425,
  "MU.BA": 32400,
  "MUFG.BA": 20975,
  "MUX.BA": 9410,
  "NATU3.BA": 2220,
  "NEC1.BA": 0,
  "NEM.BA": 34700,
  "NFLX.BA": 34650,
  "NG.BA": 36650,
  "NGG.BA": 46600,
  "NIO.BA": 2275,
  "NKE.BA": 8470,
  "NLM.BA": 0,
  "NMR.BA": 9740,
  "NOKA.BA": 5780,
  "NOW.BA": 7260,
  "NSAN.BA": 1545,
  "NTCO.BA": 6200,
  "NTES.BA": 13325,
  "NU.BA": 10150,
  "NUE.BA": 12525,
  "NVDA.BA": 9760,
  "NVS.BA": 43225,
  "NXE.BA": 10450,
  "ORAN.BA": 13200,
  "ORCL.BA": 102550,
  "ORLY.BA": 640,
  "OXY.BA": 13150,
  "PAAS.BA": 15625,
  "PAC.BA": 20775,
  "PAGS.BA": 4120,
  "PANW.BA": 5200,
  "PATH.BA": 7500,
  "PBI.BA": 16375,
  "PBR.BA": 16925,
  "PCAR.BA": 45225,
  "PCRF.BA": 0,
  "PDD.BA": 6680,
  "PEP.BA": 11475,
  "PETR3.BA": 8630,
  "PFE.BA": 8530,
  "PG.BA": 14450,
  "PHG.BA": 7390,
  "PINS.BA": 7140,
  "PKS.BA": 23050,
  "PLTR.BA": 71800,
  "PM.BA": 12775,
  "PSO.BA": 0,
  "PSQ.BA": 5690,
  "PSX.BA": 30500,
  "PYPL.BA": 11825,
  "QCOM.BA": 19800,
  "QQQ.BA": 38750,
  "RACE.BA": 8060,
  "RBLX.BA": 87850,
  "RCTB4.BA": 0,
  "RGTI.BA": 10575,
  "RIO.BA": 10575,
  "RIOT.BA": 6420,
  "ROKU.BA": 10075,
  "ROST.BA": 51700,
  "RTX.BA": 43225,
  "SAN.BA": 51850,
  "SAP.BA": 60750,
  "SATL.BA": 4945,
  "SBS.BA": 60600,
  "SBSP3.BA": 26750,
  "SBUX.BA": 10275,
  "SCCO.BA": 66500,
  "SCHW.BA": 0,
  "SDA.BA": 1880,
  "SE.BA": 7630,
  "SH.BA": 6640,
  "SHEL.BA": 50350,
  "SHOP.BA": 1790,
  "SI.BA": 22.45000076,
  "SID.BA": 15250,
  "SIEGY.BA": 6695.81591797,
  "SLB.BA": 16375,
  "SLV.BA": 8490,
  "SMH.BA": 7870,
  "SMSN.BA": 13143.82421875,
  "SNA.BA": 74000,
  "SNAP.BA": 10000,
  "SNOW.BA": 10600,
  "SONY.BA": 4620,
  "SPCE.BA": 8390,
  "SPGI.BA": 16475,
  "SPOT.BA": 33800,
  "SPXL.BA": 10325,
  "SPY.BA": 43875,
  "STLA.BA": 2570,
  "STNE.BA": 7450,
  "SUZ.BA": 13175,
  "SUZB3.BA": 13075,
  "SWKS.BA": 4850,
  "SYY.BA": 13750,
  "T.BA": 13275,
  "TCOM.BA": 48750,
  "TEAM.BA": 5030,
  "TEFO.BA": 924,
  "TEM.BA": 8910,
  "TEN.BA": 48500,
  "TGT.BA": 5290,
  "TIIAY.BA": 0,
  "TIMB.BA": 28300,
  "TIMS3.BA": 5580,
  "TJX.BA": 8500,
  "TM.BA": 17625,
  "TMO.BA": 30250,
  "TMUS.BA": 10650,
  "TRIP.BA": 11400,
  "TRVV.BA": 61950,
  "TSLA.BA": 30075,
  "TSM.BA": 34800,
  "TTE.BA": 28475,
  "TTM.BA": 8651,
  "TV.BA": 1300,
  "TWLO.BA": 3965,
  "TXN.BA": 54650,
  "TXR.BA": 11375,
  "UAL.BA": 28725,
  "UBER.BA": 63450,
  "UGP.BA": 4935,
  "UL.BA": 29050,
  "UNH.BA": 12825,
  "UNP.BA": 15225,
  "UPST.BA": 18925,
  "URA.BA": 11100,
  "URBN.BA": 46325,
  "USB.BA": 13325,
  "USO.BA": 7000,
  "V.BA": 26650,
  "VALE.BA": 6960,
  "VALE3.BA": 13875,
  "VEA.BA": 7980,
  "VIG.BA": 7390,
  "VIST.BA": 17900,
  "VIV.BA": 16725,
  "VIVT3.BA": 8450,
  "VOD.BA": 15975,
  "VRSN.BA": 62450,
  "VRTX.BA": 5430,
  "VST.BA": 9790,
  "VZ.BA": 14950,
  "WBA.BA": 5360,
  "WBO.BA": 2595,
  "WEGE3.BA": 9290,
  "WFC.BA": 22375,
  "WMT.BA": 7450,
  "X.BA": 21550,
  "XLB.BA": 6960,
  "XLC.BA": 8030,
  "XLE.BA": 62050,
  "XLF.BA": 36650,
  "XLI.BA": 7380,
  "XLK.BA": 7760,
  "XLP.BA": 6920,
  "XLRE.BA": 6340,
  "XLU.BA": 7690,
  "XLV.BA": 6510,
  "XLY.BA": 7350,
  "XOM.BA": 15700,
  "XP.BA": 6120,
  "XPEV.BA": 7130,
  "XROX.BA": 5220,
  "XYZ.BA": 5250,
  "YELP.BA": 21500,
  "YZCA.BA": 0.007,
  "ZM.BA": 2395,
  "ALUA.BA": 738,
  "ALUAC.BA": 0.537,
  "ALUAD.BA": 0.53399998,
  "BBAR.BA": 5620,
  "BBARC.BA": 4.60739994,
  "BBARD.BA": 4.0999999,
  "BMA.BA": 7930,
  "BMA.C.BA": 7.04939985,
  "BMA.D.BA": 5.75,
  "BYMA.BA": 183.75,
  "BYMAC.BA": 0.13500001,
  "BYMAD.BA": 0.13500001,
  "CEPU.BA": 1410,
  "COME.BA": 40.75,
  "CRES.BA": 1350,
  "CRESC.BA": 0.32300001,
  "EDN.BA": 1430,
  "EDNC.BA": 1.42499995,
  "EDND.BA": 1,
  "GGAL.BA": 5420,
  "GGALC.BA": 3.71000004,
  "GGALD.BA": 3.96499991,
  "IRSAC.BA": 1.58000004,
  "IRSAD.BA": 1.44500005,
  "LOMA.BA": 2540,
  "LOMAD.BA": 1.85500002,
  "MIRG.BA": 18175,
  "PAMP.BA": 3610,
  "SUPV.BA": 2125,
  "SUPVD.BA": 1.54999995,
  "TECO2.BA": 2330,
  "TECOC.BA": 1.745,
  "TGN4C.BA": 2.70499992,
  "TGN4D.BA": 2.19000006,