{
  "AAL.BA": 6540,
  "AAP.BA": 3940,
  "AAPL.BA": 12025,
  "ABBV.BA": 22125,
  "ABEV.BA": 8250,
  "ABEV3.BA": 2800,
  "ABNB.BA": 10300,
  "ABT.BA": 40750,
  "ACN.BA": 4730,
  "ADBE.BA": 10425,
  "ADGO.BA": 10825,
  "ADI.BA": 18550,
  "ADP.BA": 59050,
  "ADS.BA": 3942.14794922,
  "AEG.BA": 8160,
  "AEM.BA": 23825,
  "AHP.BA": 28.79999924,
  "AI.BA": 5630,
  "AIG.BA": 20025,
  "AKO.B.BA": 28600,
  "AMAT.BA": 43250,
  "AMD.BA": 16975,
  "AMGN.BA": 11025,
  "AMX.BA": 20625,
  "AMZN.BA": 1745,
  "ANF.BA": 93600,
  "ARCO.BA": 18100,
  "ARKK.BA": 8210,
  "ARM.BA": 7030,
  "ASML.BA": 6630,
  "ASR.BA": 18475,
  "AVGO.BA": 8090,
  "AVY.BA": 11725,
  "AXP.BA": 24400,
  "AZN.BA": 41625,
  "B.BA": 12475,
  "BA.BA": 9820,
  "BA.C.BA": 13950,
  "BABA.BA": 15225,
  "BAK.BA": 1940,
  "BAS.BA": 3197.76855469,
  "BAYN.BA": 3323.26293945,
  "BB.BA": 1955,
  "BBD.BA": 3575,
  "BBDC3.BA": 2965,
  "BBV.BA": 17650,
  "BCS.BA": 21450,
  "BHP.BA": 27825,
  "BIDU.BA": 9380,
  "BIIB.BA": 11575,
  "BIOX.BA": 5510,
  "BITF.BA": 4755,
  "BK.BA": 54300,
  "BKNG.BA": 9110,
  "BKR.BA": 6450,
  "BMY.BA": 18475,
  "BNG.BA": 19575,
  "BP.BA": 7270,
  "BPA11.BA": 8980,
  "BRFS.BA": 12900,
  "BRKB.BA": 26375,
  "BSBR.BA": 6250,
  "BSN.BA": 613.31298828,
  "C.BA": 32600,
  "CAAP.BA": 94800,
  "CAH.BA": 64800,
  "CAJ.BA": 4045.5,
  "CAR.BA": 7880,
  "CAT.BA": 22050,
  "CBRD.BA": 459,
  "CCL.BA": 10025,
  "CDE.BA": 10600,
  "CEG.BA": 8420,
  "CIBR.BA": 8870,
  "CL.BA": 34800,
  "CLS.BA": 9000,
  "COIN.BA": 15400,
  "COST.BA": 24600,
  "CRM.BA": 17725,
  "CSCO.BA": 16250,
  "CSNA3.BA": 1625,
  "CVS.BA": 5290,
  "CVX.BA": 10700,
  "CX.BA": 8110,
  "DAL.BA": 7150,
  "DD.BA": 16075,
  "DE.BA": 14925,
  "DECK.BA": 4840,
  "DEO.BA": 19750,
  "DESP.BA": 22600,
  "DHR.BA": 4360,
  "DIA.BA": 25525,
  "DISN.BA": 11850,
  "DOCU.BA": 4055,
  "DOW.BA": 5370,
  "DTEA.BA": 0,
  "E.BA": 9480,
  "EA.BA": 13350,
  "EBAY.BA": 44125,
  "EBR.BA": 33675,
  "EEM.BA": 11400,
  "EFX.BA": 19500,
  "ELP.BA": 32100,
  "EOAN.BA": 236.04100037,
  "EQNR.BA": 4900,
  "ERIC.BA": 4915,
  "ERJ.BA": 62700,
  "ETHA.BA": 4350,
  "ETSY.BA": 3890,
  "EWJ.BA": 6120,
  "EWZ.BA": 16500,
  "F.BA": 12425,
  "FCX.BA": 16450,
  "FDX.BA": 26600,
  "FMCC.BA": 0,
  "FMX.BA": 20075,
  "FMX.B.BA": 0,
  "FNMA.BA": 13000,
  "FSLR.BA": 9960,
  "FXI.BA": 8830,
  "GE.BA": 36950,
  "GFI.BA": 28700,
  "GGB.BA": 13475,
  "GILD.BA": 31350,
  "GLD.BA": 7310,
  "GLOB.BA": 5900,
  "GLW.BA": 15175,
  "GM.BA": 9490,
  "GOOGL.BA": 3495,
  "GPRK.BA": 8090,
  "GRMN.BA": 81450,
  "GS.BA": 60900,
  "GSK.BA": 11325,
  "GT.BA": 6250,
  "HAL.BA": 12125,
  "HAPV3.BA": 7730,
  "HD.BA": 13400,
  "HDB.BA": 44800,
  "HHPD.BA": 0,
  "HL.BA": 6860,
  "HMC.BA": 34025,
  "HMY.BA": 16725,
  "HNPIY.BA": 6140,
  "HOG.BA": 9100,
  "HON.BA": 33050,
  "HPQ.BA": 28875,
  "HSBC.BA": 36200,
  "HSY.BA": 9500,
  "HUT.BA": 105200,
  "HWM.BA": 208250,
  "IBB.BA": 5570,
  "IBIT.BA": 7260,
  "IBM.BA": 23100,
  "IBN.BA": 39175,
  "IEUR.BA": 6990,
  "IFF.BA": 7380,
  "IJH.BA": 6070,
  "INFY.BA": 22100,
  "ING.BA": 8490,
  "INTC.BA": 5320,
  "IP.BA": 13775,
  "ISRG.BA": 6840,
  "ITUB.BA": 7850,
  "ITUB3.BA": 7050,
  "IVE.BA": 5730,
  "IVW.BA": 6410,
  "IWM.BA": 25250,
  "JBSS3.BA": 8320,
  "JCI.BA": 58700,
  "JD.BA": 9760,
  "JMIA.BA": 3875,
  "JNJ.BA": 12100,
  "JOYY.BA": 12025,
  "JPM.BA": 22450,
  "KB.BA": 48150,
  "KEP.BA": 16375,
  "KGC.BA": 18275,
  "KMB.BA": 25325,
  "KO.BA": 16575,
  "KOFM.BA": 54850,
  "LAC.BA": 3060,
  "LAR.BA": 2360,
  "LFC.BA": 1074.5,
  "LLY.BA": 16800,
  "LMT.BA": 27325,
  "LMT.B.BA": 0,
  "LRCX.BA": 2030,
  "LVS.BA": 25300,
  "LYG.BA": 2470,
  "MA.BA": 19925,
  "MBG.BA": 3807.20898438,
  "MBT.BA": 650,
  "MCD.BA": 14175,
  "MDLZ.BA": 5330,
  "MDT.BA": 25650,
  "MELI.BA": 25100,
  "META.BA": 35175,
  "MFG.BA": 6520,
  "MGLU3.BA": 1910,
  "MMC.BA": 16225,
  "MMM.BA": 17550,
  "MO.BA": 17550,
  "MOS.BA": 8490,
  "MRK.BA": 18900,
  "MRNA.BA": 1650,
  "MRVL.BA": 6420,
  "MSFT.BA": 19425,
  "MSI.BA": 24950,
  "MSTR.BA": 23000,
  "MU.BA": 30125,
  "MUFG.BA": 16100,
  "MUX.BA": 5400,
  "NEC1.BA": 0,
  "NEM.BA": 23175,
  "NFLX.BA": 31750,
  "NG.BA": 17675,
  "NGG.BA": 43275,
  "NIO.BA": 1040,
  "NKE.BA": 6000,
  "NLM.BA": 0,
  "NMR.BA": 7370,
  "NOKA.BA": 6160,
  "NOW.BA": 6920,
  "NSAN.BA": 1545,
  "NTCO.BA": 6200,
  "NTCO3.BA": 2180,
  "NTES.BA": 11275,
  "NU.BA": 7950,
  "NUE.BA": 9520,
  "NVDA.BA": 7600,
  "NVS.BA": 35050,
  "NXE.BA": 7920,
  "ORAN.BA": 13200,
  "ORCL.BA": 84150,
  "ORLY.BA": 477,
  "OXY.BA": 10100,
  "PAAS.BA": 11425,
  "PAC.BA": 16300,
  "PAGS.BA": 3900,
  "PANW.BA": 4820,
  "PATH.BA": 7390,
  "PBI.BA": 12500,
  "PBR.BA": 14725,
  "PCAR.BA": 37100,
  "PCRF.BA": 0,
  "PDD.BA": 5120,
  "PEP.BA": 8470,
  "PETR3.BA": 7440,
  "PFE.BA": 7210,
  "PG.BA": 12650,
  "PHG.BA": 5650,
  "PINS.BA": 6010,
  "PKS.BA": 19700,
  "PLTR.BA": 56500,
  "PM.BA": 11950,
  "PSO.BA": 0,
  "PSQ.BA": 5120,
  "PSX.BA": 23875,
  "PYPL.BA": 10850,
  "QCOM.BA": 16850,
  "QQQ.BA": 32175,
  "RACE.BA": 6770,
  "RBLX.BA": 62000,
  "RCTB4.BA": 0,
  "RGTI.BA": 6870,
  "RIO.BA": 8390,
  "RIOT.BA": 3910,
  "ROKU.BA": 7600,
  "ROST.BA": 37900,
  "RTX.BA": 33450,
  "SAN.BA": 38225,
  "SAP.BA": 58250,
  "SATL.BA": 4150,
  "SBS.BA": 49250,
  "SBSP3.BA": 24425,
  "SBUX.BA": 9050,
  "SCCO.BA": 56950,
  "SCHW.BA": 0,
  "SDA.BA": 1540,
  "SE.BA": 5860,
  "SH.BA": 5990,
  "SHEL.BA": 41425,
  "SHOP.BA": 1265,
  "SID.BA": 12950,
  "SIEGY.BA": 6695.81591797,
  "SLB.BA": 13275,
  "SLV.BA": 6520,
  "SMH.BA": 6530,
  "SMSN.BA": 13143.82421875,
  "SNA.BA": 60850,
  "SNAP.BA": 9650,
  "SNOW.BA": 8760,
  "SONY.BA": 3685,
  "SPCE.BA": 6900,
  "SPGI.BA": 13675,
  "SPOT.BA": 31575,
  "SPXL.BA": 7830,
  "SPY.BA": 36100,
  "STLA.BA": 2320,
  "STNE.BA": 6080,
  "SUZ.BA": 11125,
  "SUZB3.BA": 11000,
  "SWKS.BA": 4075,
  "SYY.BA": 11125,
  "T.BA": 11050,
  "TCOM.BA": 35100,
  "TEAM.BA": 5040,
  "TEFO.BA": 761,
  "TEM.BA": 6520,
  "TEN.BA": 42525,
  "TGT.BA": 4780,
  "TIIAY.BA": 0,
  "TIMB.BA": 22700,
  "TIMS3.BA": 4530,
  "TJX.BA": 6900,
  "TM.BA": 13450,
  "TMO.BA": 21625,
  "TMUS.BA": 8270,
  "TRIP.BA": 7520,
  "TRVV.BA": 52850,
  "TSLA.BA": 25950,
  "TSM.BA": 29500,
  "TTE.BA": 24000,
  "TTM.BA": 8651,
  "TV.BA": 949,
  "TWLO.BA": 3965,
  "TXN.BA": 48450,
  "TXR.BA": 8860,
  "UAL.BA": 18175,
  "UBER.BA": 54100,
  "UGP.BA": 3710,
  "UL.BA": 24325,
  "UNH.BA": 10900,
  "UNP.BA": 13450,
  "UPST.BA": 14900,
  "URA.BA": 9090,
  "URBN.BA": 40200,
  "USB.BA": 10625,
  "V.BA": 23025,
  "VALE.BA": 5400,
  "VALE3.BA": 10950,
  "VEA.BA": 6640,
  "VIG.BA": 6180,
  "VIST.BA": 19400,
  "VIV.BA": 12825,
  "VIVT3.BA": 6660,
  "VOD.BA": 12300,
  "VRSN.BA": 55850,
  "VRTX.BA": 5250,
  "VST.BA": 8570,
  "VZ.BA": 12525,
  "WBA.BA": 4475,
  "WBO.BA": 1910,
  "WEGE3.BA": 9060,
  "WFC.BA": 18800,
  "WMT.BA": 6430,
  "X.BA": 21550,
  "XLB.BA": 5710,
  "XLC.BA": 6570,
  "XLE.BA": 50400,
  "XLF.BA": 30525,
  "XLI.BA": 6110,
  "XLK.BA": 6450,
  "XLP.BA": 5950,
  "XLRE.BA": 5520,
  "XLU.BA": 6420,
  "XLV.BA": 5490,
  "XLY.BA": 5900,
  "XOM.BA": 12975,
  "XP.BA": 5760,
  "XPEV.BA": 5680,
  "XROX.BA": 6500,
  "XYZ.BA": 3850,
  "YELP.BA": 20300,
  "YZCA.BA": 0.007,
  "ZM.BA": 1920,
  "ALUA.BA": 630,
  "ALUAC.BA": 0.54,
  "ALUAD.BA": 0.535,
  "BBAR.BA": 6790,
  "BBARC.BA": 5.76000023,
  "BBARD.BA": 5.72,
  "BMA.BA": 8620,
  "BMA.C.BA": 9.64999962,
  "BMA.D.BA": 7.31,
  "BYMA.BA": 199,
  "BYMAC.BA": 0.17299999,
  "BYMAD.BA": 0.169,
  "CEPU.BA": 1395,
  "COME.BA": 124,
  "CRES.BA": 1275,
  "CRESC.BA": 0.32300001,
  "EDN.BA": 1610,
  "EDNC.BA": 0,
  "GGAL.BA": 6210,
  "GGALC.BA": 5.3499999,
  "GGALD.BA": 5.26,
  "IRSAC.BA": 0,
  "IRSAD.BA": 1.44,
  "LOMA.BA": 2725,
  "LOMAD.BA": 2.32,
  "MIRG.BA": 21750,
  "PAMP.BA": 3370,
  "SUPV.BA": 2675,
  "SUPVD.BA": 2.23,
  "TECO2.BA": 2130,
  "TECOC.BA": 1.60000002,
  "TGNO4.BA": 2990,
  "TGSU2.BA": 6230,
  "TRAN.BA": 2215,
  "TXAR.BA": 598,
  "TXARD.BA": 0.509,
  "VALO.BA": 322,
  "VALOC.BA": 0.296,
  "VALOD.BA": 0.27,
  "YPFD.BA": 40250,
  "YPFDC.BA": 34.1,
  "YPFDD.BA": 34
}