{
  "AAL.BA": 9300,
  "AAP.BA": 6175,
  "AAPL.BA": 17090,
  "ABBV.BA": 30260,
  "ABEV.BA": 9625,
  "ABEV3.BA": 3200,
  "ABNB.BA": 12000,
  "ABT.BA": 47700,
  "ACN.BA": 4847.5,
  "ACWI.BA": 7475,
  "ADBE.BA": 11800,
  "ADGO.BA": 11580,
  "ADI.BA": 23930,
  "ADP.BA": 71700,
  "ADS.BA": 3942.14794922,
  "AEG.BA": 10960,
  "AEM.BA": 37220,
  "AHP.BA": 28.79999924,
  "AI.BA": 4507.5,
  "AIG.BA": 22710,
  "AKO.B.BA": 32500,
  "AMAT.BA": 46820,
  "AMD.BA": 22010,
  "AMGN.BA": 13440,
  "AMX.BA": 28720,
  "AMZN.BA": 2361,
  "ANF.BA": 138000,
  "ARCO.BA": 19740,
  "ARKK.BA": 10980,
  "ARM.BA": 7460,
  "ASML.BA": 7925,
  "ASR.BA": 24010,
  "AVGO.BA": 12700,
  "AVY.BA": 13340,
  "AXP.BA": 31360,
  "AZN.BA": 58125,
  "B.BA": 21000,
  "BA.BA": 13790,
  "BA.C.BA": 18030,
  "BABA.BA": 23390,
  "BAK.BA": 2537.5,
  "BAS.BA": 3197.76855469,
  "BAYN.BA": 3323.26293945,
  "BB.BA": 1850,
  "BBD.BA": 4540,
  "BBDC3.BA": 3735,
  "BBV.BA": 26720,
  "BCS.BA": 28900,
  "BHP.BA": 39020,
  "BIDU.BA": 14300,
  "BIIB.BA": 15630,
  "BIOX.BA": 3100,
  "BITF.BA": 10050,
  "BK.BA": 75175,
  "BKNG.BA": 11800,
  "BKR.BA": 9285,
  "BMY.BA": 22590,
  "BNG.BA": 24270,
  "BP.BA": 10030,
  "BPA11.BA": 12040,
  "BRFS.BA": 15440,
  "BRKB.BA": 32640,
  "BSBR.BA": 7725,
  "BSN.BA": 613.31298828,
  "C.BA": 46500,
  "CAAP.BA": 111900,
  "CAH.BA": 72125,
  "CAJ.BA": 4045.5,
  "CAR.BA": 8595,
  "CAT.BA": 30300,
  "CCL.BA": 15200,
  "CDE.BA": 20560,
  "CEG.BA": 9710,
  "CIBR.BA": 10770,
  "CL.BA": 40680,
  "CLS.BA": 17880,
  "COIN.BA": 16570,
  "COST.BA": 29020,
  "CRM.BA": 20360,
  "CSCO.BA": 19340,
  "CSNA3.BA": 2050,
  "CVS.BA": 6890,
  "CVX.BA": 14070,
  "CX.BA": 13630,
  "DAL.BA": 11000,
  "DD.BA": 22300,
  "DE.BA": 17100,
  "DECK.BA": 6680,
  "DEO.BA": 25500,
  "DESP.BA": 22600,
  "DHR.BA": 5260,
  "DIA.BA": 32900,
  "DISN.BA": 14250,
  "DOCU.BA": 5310,
  "DOW.BA": 5760,
  "DTEA.BA": 0,
  "E.BA": 12480,
  "EA.BA": 17190,
  "EBAY.BA": 65950,
  "EBR.BA": 47920,
  "EEM.BA": 14780,
  "EFA.BA": 7415,
  "EFX.BA": 22660,
  "ELP.BA": 38720,
  "EOAN.BA": 236.04100037,
  "EQNR.BA": 5880,
  "ERIC.BA": 5775,
  "ERJ.BA": 86025,
  "ETHA.BA": 9445,
  "ETSY.BA": 4907.5,
  "EWJ.BA": 8205,
  "EWZ.BA": 21370,
  "F.BA": 16690,
  "FCX.BA": 21540,
  "FDX.BA": 32380,
  "FMCC.BA": 0,
  "FMX.BA": 21020,
  "FNMA.BA": 16800,
  "FSLR.BA": 16560,
  "FXI.BA": 11490,
  "GDX.BA": 9750,
  "GE.BA": 49540,
  "GFI.BA": 51900,
  "GGB.BA": 18250,
  "GILD.BA": 41500,
  "GLD.BA": 9735,
  "GLOB.BA": 4882.5,
  "GLW.BA": 26160,
  "GM.BA": 13920,
  "GOOGL.BA": 5840,
  "GPRK.BA": 9115,
  "GRMN.BA": 114500,
  "GS.BA": 82875,
  "GSK.BA": 14580,
  "GT.BA": 6180,
  "HAL.BA": 15850,
  "HAPV3.BA": 10810,
  "HD.BA": 18800,
  "HDB.BA": 25580,
  "HHPD.BA": 0,
  "HL.BA": 14440,
  "HMC.BA": 50325,
  "HMY.BA": 21770,
  "HNPIY.BA": 6140,
  "HOG.BA": 14900,
  "HON.BA": 38680,
  "HPQ.BA": 42160,
  "HSBC.BA": 47700,
  "HSY.BA": 12920,
  "HUT.BA": 197350,
  "HWM.BA": 258200,
  "IBB.BA": 7590,
  "IBIT.BA": 9220,
  "IBM.BA": 24640,
  "IBN.BA": 45880,
  "IEMG.BA": 7660,
  "IEUR.BA": 8780,
  "IFF.BA": 7930,
  "IJH.BA": 7925,
  "INFY.BA": 24660,
  "ING.BA": 11940,
  "INTC.BA": 7005,
  "IP.BA": 17100,
  "ISRG.BA": 7660,
  "ITUB.BA": 10100,
  "ITUB3.BA": 9100,
  "IVE.BA": 7310,
  "IVW.BA": 8410,
  "IWM.BA": 34160,
  "JBSS3.BA": 8320,
  "JCI.BA": 75000,
  "JD.BA": 11840,
  "JMIA.BA": 13580,
  "JNJ.BA": 16970,
  "JOYY.BA": 18330,
  "JPM.BA": 28400,
  "KB.BA": 55925,
  "KEP.BA": 19830,
  "KGC.BA": 32500,
  "KMB.BA": 30980,
  "KO.BA": 19590,
  "KOFM.BA": 59800,
  "LAC.BA": 4150,
  "LAR.BA": 4520,
  "LFC.BA": 1074.5,
  "LLY.BA": 19090,
  "LMT.BA": 32680,
  "LRCX.BA": 2710,
  "LVS.BA": 38640,
  "LYG.BA": 3207.5,
  "MA.BA": 25800,
  "MBG.BA": 3807.20898438,
  "MBT.BA": 650,
  "MCD.BA": 18750,
  "MDLZ.BA": 5995,
  "MDT.BA": 33920,
  "MELI.BA": 28320,
  "META.BA": 45660,
  "MFG.BA": 9540,
  "MGLU3.BA": 2324,
  "MMC.BA": 18280,
  "MMM.BA": 22100,
  "MO.BA": 23640,
  "MOS.BA": 9310,
  "MRK.BA": 24460,
  "MRNA.BA": 1920,
  "MRVL.BA": 6740,
  "MSFT.BA": 24020,
  "MSI.BA": 34420,
  "MSTR.BA": 23580,
  "MU.BA": 38000,
  "MUFG.BA": 22210,
  "MUX.BA": 9850,
  "NATU3.BA": 2255,
  "NEC1.BA": 0,
  "NEM.BA": 36700,
  "NFLX.BA": 37600,
  "NG.BA": 38920,
  "NGG.BA": 50650,
  "NIO.BA": 2195,
  "NKE.BA": 8880,
  "NLM.BA": 0,
  "NMR.BA": 9900,
  "NOKA.BA": 6650,
  "NOW.BA": 7850,
  "NSAN.BA": 1545,
  "NTCO.BA": 6200,
  "NTES.BA": 14900,
  "NU.BA": 11120,
  "NUE.BA": 13130,
  "NVDA.BA": 10090,
  "NVS.BA": 46320,
  "NXE.BA": 11400,
  "ORAN.BA": 13200,
  "ORCL.BA": 113300,
  "ORLY.BA": 693,
  "OXY.BA": 13320,
  "PAAS.BA": 17260,
  "PAC.BA": 22680,
  "PAGS.BA": 4712.5,
  "PANW.BA": 5675,
  "PATH.BA": 8470,
  "PBI.BA": 17730,
  "PBR.BA": 17900,
  "PCAR.BA": 47220,
  "PCRF.BA": 0,
  "PDD.BA": 7280,
  "PEP.BA": 11450,
  "PETR3.BA": 8645,
  "PFE.BA": 8930,
  "PG.BA": 15260,
  "PHG.BA": 8115,
  "PINS.BA": 7880,
  "PKS.BA": 24830,
  "PLTR.BA": 75375,
  "PM.BA": 13030,
  "PSO.BA": 0,
  "PSQ.BA": 5860,
  "PSX.BA": 31160,
  "PYPL.BA": 12290,
  "QCOM.BA": 21040,
  "QQQ.BA": 41800,
  "RACE.BA": 8270,
  "RBLX.BA": 94950,
  "RCTB4.BA": 0,
  "RGTI.BA": 10980,
  "RIO.BA": 11400,
  "RIOT.BA": 6820,
  "ROKU.BA": 11140,
  "ROST.BA": 53750,
  "RTX.BA": 43880,
  "SAN.BA": 55775,
  "SAP.BA": 64975,
  "SATL.BA": 5080,
  "SBS.BA": 66900,
  "SBSP3.BA": 33420,
  "SBUX.BA": 10090,
  "SCCO.BA": 74425,
  "SCHW.BA": 0,
  "SDA.BA": 1960,
  "SE.BA": 8445,
  "SH.BA": 6900,
  "SHEL.BA": 52225,
  "SHOP.BA": 1954,
  "SI.BA": 22.45000076,
  "SID.BA": 17380,
  "SIEGY.BA": 6695.81591797,
  "SLB.BA": 17500,
  "SLV.BA": 8985,
  "SMH.BA": 8575,
  "SMSN.BA": 13143.82421875,
  "SNA.BA": 79075,
  "SNAP.BA": 10250,
  "SNOW.BA": 10900,
  "SONY.BA": 5150,
  "SPCE.BA": 9340,
  "SPGI.BA": 17520,
  "SPOT.BA": 37120,
  "SPXL.BA": 11310,
  "SPY.BA": 46840,
  "STLA.BA": 2615,
  "STNE.BA": 8555,
  "SUZ.BA": 13800,
  "SUZB3.BA": 13650,
  "SWKS.BA": 4930,
  "SYY.BA": 14640,
  "T.BA": 14070,
  "TCOM.BA": 51925,
  "TEAM.BA": 5540,
  "TEFO.BA": 971.5,
  "TEM.BA": 9620,
  "TEN.BA": 51500,
  "TGT.BA": 5445,
  "TIIAY.BA": 0,
  "TIMB.BA": 30320,
  "TIMS3.BA": 6065,
  "TJX.BA": 8810,
  "TM.BA": 19250,
  "TMO.BA": 31940,
  "TMUS.BA": 10600,
  "TRIP.BA": 12400,
  "TRVV.BA": 65975,
  "TSLA.BA": 33280,
  "TSM.BA": 40300,
  "TTE.BA": 29740,
  "TTM.BA": 8651,
  "TV.BA": 1393,
  "TWLO.BA": 4360,
  "TXN.BA": 53225,
  "TXR.BA": 12400,
  "UAL.BA": 30540,
  "UBER.BA": 67675,
  "UGP.BA": 5440,
  "UL.BA": 30240,
  "UNH.BA": 14480,
  "UNP.BA": 15640,
  "UPST.BA": 19880,
  "URA.BA": 12160,
  "URBN.BA": 52425,
  "USB.BA": 13990,
  "USO.BA": 7100,
  "V.BA": 27700,
  "VALE.BA": 7585,
  "VALE3.BA": 14930,
  "VEA.BA": 8585,
  "VIG.BA": 7875,
  "VIST.BA": 17420,
  "VIV.BA": 17540,
  "VIVT3.BA": 8990,
  "VOD.BA": 17090,
  "VRSN.BA": 67675,
  "VRTX.BA": 5585,
  "VST.BA": 10820,
  "VZ.BA": 15720,
  "WBA.BA": 5360,
  "WBO.BA": 2812.5,
  "WEGE3.BA": 9910,
  "WFC.BA": 23410,
  "WMT.BA": 8170,
  "X.BA": 21550,
  "XLB.BA": 7385,
  "XLC.BA": 8725,
  "XLE.BA": 63950,
  "XLF.BA": 38540,
  "XLI.BA": 7755,
  "XLK.BA": 8305,
  "XLP.BA": 7240,
  "XLRE.BA": 6705,
  "XLU.BA": 7990,
  "XLV.BA": 6875,
  "XLY.BA": 7870,
  "XOM.BA": 16160,
  "XP.BA": 6715,
  "XPEV.BA": 7495,
  "XROX.BA": 5475,
  "XYZ.BA": 5520,
  "YELP.BA": 22840,
  "YZCA.BA": 0.007,
  "ZM.BA": 2645,
  "ALUA.BA": 699,
  "ALUAC.BA": 0.49399999,
  "ALUAD.BA": 0.42699999,
  "BBAR.BA": 4490,
  "BBARC.BA": 4,
  "BBARD.BA": 3.15,
  "BMA.BA": 6480,
  "BMA.C.BA": 5.75,
  "BMA.D.BA": 4.525,
  "BYMA.BA": 162.25,
  "BYMAC.BA": 0.116,
  "BYMAD.BA": 0.111,
  "CEPU.BA": 1276,
  "COME.BA": 34.94,
  "CRES.BA": 1282,
  "CRESC.BA": 0.32300001,
  "EDN.BA": 1270,
  "EDNC.BA": 1.10000002,
  "EDND.BA": 0.881,
  "GGAL.BA": 4455,
  "GGALC.BA": 4.05000019,
  "GGALD.BA": 3.115,
  "IRSAC.BA": 1.58000004,
  "IRSAD.BA": 1.28499997,
  "LOMA.BA": 2304,
  "LOMAD.BA": 1.63,
  "MIRG.BA": 16700,
  "PAMP.BA": 3332.5,
  "SUPV.BA": 1759,
  "SUPVD.BA": 1.235,
  "TECO2.BA": 2094,
  "TECOC.BA": 1.68499994,
  "TGN4C.BA": 2.70499992,
  "TGN4D.BA": 1.91,