{
  "AAL.BA": 10250,
  "AAP.BA": 6460,
  "AAPL.BA": 21910,
  "ABBV.BA": 34140,
  "ABEV.BA": 14140,
  "ABEV3.BA": 4755,
  "ABNB.BA": 13100,
  "ABT.BA": 34120,
  "ACN.BA": 3450,
  "ACWI.BA": 8945,
  "ADBE.BA": 8150,
  "ADGO.BA": 17210,
  "ADI.BA": 41140,
  "ADP.BA": 58225,
  "ADS.BA": 3942.14794922,
  "AEG.BA": 12640,
  "AEM.BA": 38880,
  "AHP.BA": 28.79999924,
  "AI.BA": 3342.5,
  "AIG.BA": 22280,
  "AKO.B.BA": 42400,
  "ALAB.BA": 11850,
  "AMAT.BA": 154725,
  "AMD.BA": 70175,
  "AMGN.BA": 17450,
  "AMX.BA": 38180,
  "AMZN.BA": 2525,
  "ANET.BA": 7940,
  "ANF.BA": 129825,
  "ARCO.BA": 25320,
  "ARKK.BA": 11320,
  "ARM.BA": 17910,
  "ASML.BA": 18230,
  "ASR.BA": 20910,
  "ASTS.BA": 8980,
  "AVGO.BA": 14560,
  "AVY.BA": 13350,
  "AXIA.BA": 58300,
  "AXP.BA": 31860,
  "AZN.BA": 68200,
  "B.BA": 28760,
  "BA.BA": 13150,
  "BA.C.BA": 20700,
  "BABA.BA": 19560,
  "BAK.BA": 2775,
  "BAS.BA": 1770.88269043,
  "BAYN.BA": 3323.26293945,
  "BB.BA": 4555,
  "BBD.BA": 4987.5,
  "BBDC3.BA": 4355,
  "BBV.BA": 33560,
  "BCS.BA": 36200,
  "BHP.BA": 63525,
  "BIDU.BA": 16550,
  "BIIB.BA": 23280,
  "BIOX.BA": 673.5,
  "BKNG.BA": 365,
  "BKR.BA": 13440,
  "BMNR.BA": 3037.5,
  "BMY.BA": 28400,
  "BNG.BA": 38600,
  "BNY.BA": 107850,
  "BP.BA": 13060,
  "BPA11.BA": 14900,
  "BRFS.BA": 18200,
  "BRKB.BA": 33660,
  "BSBR.BA": 7920,
  "BSN.BA": 613.31298828,
  "BX.BA": 6040,
  "C.BA": 67000,
  "CAAP.BA": 155000,
  "CAH.BA": 110100,
  "CAJ.BA": 4045.5,
  "CAR.BA": 10780,
  "CAT.BA": 65700,
  "CBRD.BA": 459,
  "CCJ.BA": 6440,
  "CCL.BA": 13610,
  "CDE.BA": 23960,
  "CEG.BA": 8110,
  "CIBR.BA": 12710,
  "CL.BA": 44800,
  "CLS.BA": 27960,
  "COIN.BA": 8955,
  "COP.BA": 7265,
  "COPX.BA": 8580,
  "COST.BA": 30720,
  "CRM.BA": 14650,
  "CRWD.BA": 12470,
  "CRWV.BA": 5415,
  "CSCO.BA": 36300,
  "CSNA3.BA": 1772,
  "CVS.BA": 9695,
  "CVX.BA": 18010,
  "CX.BA": 18390,
  "DAL.BA": 14730,
  "DD.BA": 14060,
  "DE.BA": 21440,
  "DECK.BA": 6825,
  "DEO.BA": 20300,
  "DESP.BA": 22600,
  "DHR.BA": 5210,
  "DIA.BA": 38220,
  "DISN.BA": 12520,
  "DOCU.BA": 3105,
  "DOW.BA": 8485,
  "DTEA.BA": 0,
  "E.BA": 20460,
  "EA.BA": 22000,
  "EBAY.BA": 82000,
  "ECL.BA": 7030,
  "EEM.BA": 19830,
  "EFA.BA": 8630,
  "EFX.BA": 15860,
  "ELPC.BA": 50675,
  "EMBJ.BA": 83050,
  "EOAN.BA": 236.04100037,
  "EQNR.BA": 9600,
  "ERIC.BA": 8990,
  "ESGU.BA": 8135,
  "ETHA.BA": 3755,
  "ETSY.BA": 6500,
  "EWJ.BA": 9700,
  "EWY.BA": 5560,
  "EWZ.BA": 25520,
  "F.BA": 21950,
  "FCX.BA": 32240,
  "FDX.BA": 48760,
  "FISV.BA": 7380,
  "FMCC.BA": 11900,
  "FMX.BA": 31220,
  "FNMA.BA": 10640,
  "FSLR.BA": 21170,
  "FXI.BA": 10550,
  "GDX.BA": 11340,
  "GE.BA": 60700,
  "GFI.BA": 51175,
  "GGB.BA": 27400,
  "GILD.BA": 46640,
  "GLD.BA": 11470,
  "GLNG.BA": 7700,
  "GLOB.BA": 3097.5,
  "GLW.BA": 65350,
  "GM.BA": 20110,
  "GOOGL.BA": 9475,
  "GPRK.BA": 16700,
  "GRMN.BA": 119450,
  "GS.BA": 119100,
  "GSK.BA": 19420,
  "GT.BA": 4517.5,
  "HAL.BA": 30460,
  "HAPV3.BA": 3150,
  "HD.BA": 15210,
  "HDB.BA": 17790,
  "HHPD.BA": 0,
  "HIMS.BA": 10820,
  "HL.BA": 21570,
  "HMC.BA": 40360,
  "HMY.BA": 22070,
  "HNPIY.BA": 6140,
  "HOG.BA": 13050,
  "HON.BA": 40220,
  "HOOD.BA": 4672.5,
  "HPQ.BA": 37800,
  "HSBC.BA": 65875,
  "HSY.BA": 12610,
  "HUT.BA": 33720,
  "HWM.BA": 384750,
  "IBB.BA": 9450,
  "IBIT.BA": 5345,
  "IBM.BA": 28020,
  "IBN.BA": 40540,
  "ICLN.BA": 6075,
  "IEMG.BA": 10040,
  "IEUR.BA": 10240,
  "IFF.BA": 9505,
  "IJH.BA": 9470,
  "ILF.BA": 8350,
  "INFY.BA": 18070,
  "ING.BA": 14430,
  "INTC.BA": 32780,
  "IP.BA": 12590,
  "IREN.BA": 6765,
  "ISRG.BA": 7080,
  "ITA.BA": 6845,
  "ITUB.BA": 11300,
  "ITUB3.BA": 12050,
  "IVE.BA": 8570,
  "IVV.BA": 1618,
  "IVW.BA": 10090,
  "IWDA.BA": 0,
  "IWM.BA": 43280,
  "JBSS3.BA": 8320,
  "JCI.BA": 114850,
  "JD.BA": 10820,
  "JMIA.BA": 10760,
  "JNJ.BA": 24130,
  "JOYY.BA": 19750,
  "JPM.BA": 31320,
  "KB.BA": 76925,
  "KEEL.BA": 41420,
  "KEP.BA": 18320,
  "KGC.BA": 36960,
  "KMB.BA": 25600,
  "KO.BA": 25260,
  "KOFM.BA": 78850,
  "LAC.BA": 6365,
  "LAR.BA": 12240,
  "LFC.BA": 1074.5,
  "LLY.BA": 31380,
  "LMT.BA": 40040,
  "LND.BA": 5610,
  "LRCX.BA": 8975,
  "LREN3.BA": 4330,
  "LVS.BA": 38960,
  "LYG.BA": 3950,
  "MA.BA": 22410,
  "MBG.BA": 3807.20898438,
  "MBT.BA": 650,
  "MCD.BA": 18000,
  "MDLZ.BA": 6410,
  "MDT.BA": 30800,
  "MELI.BA": 20440,
  "META.BA": 36580,
  "MFG.BA": 14450,
  "MGLU3.BA": 1705,
  "MMM.BA": 24280,
  "MO.BA": 27540,
  "MOS.BA": 6235,
  "MP.BA": 8095,
  "MRK.BA": 35960,
  "MRNA.BA": 3742.5,
  "MRSH.BA": 15670,
  "MRVL.BA": 28220,
  "MSFT.BA": 20350,
  "MSI.BA": 31340,
  "MSTR.BA": 8980,
  "MU.BA": 278075,
  "MUFG.BA": 30200,
  "MUX.BA": 13300,
  "NATU3.BA": 2550,
  "NBIS.BA": 12330,
  "NEC1.BA": 0,
  "NEE.BA": 6760,
  "NEM.BA": 48100,
  "NFLX.BA": 2595,
  "NG.BA": 42000,
  "NGG.BA": 61100,
  "NIO.BA": 1972,
  "NKE.BA": 5580,
  "NLM.BA": 0,
  "NMR.BA": 13130,
  "NOKA.BA": 20700,
  "NOW.BA": 952.5,
  "NSAN.BA": 1545,
  "NTCO.BA": 6200,
  "NTES.BA": 13580,
  "NU.BA": 9000,
  "NUE.BA": 24010,
  "NVDA.BA": 12870,
  "NVO.BA": 9430,
  "NVS.BA": 56500,
  "NXE.BA": 14600,
  "O.BA": 7220,
  "OKLO.BA": 3035,
  "ONDS.BA": 7210,
  "ORAN.BA": 13200,
  "ORCL.BA": 105325,
  "ORLY.BA": 622,
  "OXY.BA": 17480,
  "PAAS.BA": 22700,
  "PAC.BA": 21370,
  "PAGS.BA": 4307.5,
  "PANW.BA": 8000,
  "PATH.BA": 8090,
  "PBI.BA": 25060,
  "PBR.BA": 27460,
  "PCAR.BA": 59225,
  "PCRF.BA": 0,
  "PDD.BA": 4950,
  "PEP.BA": 12180,
  "PETR3.BA": 13600,
  "PFE.BA": 9750,
  "PG.BA": 15080,
  "PHG.BA": 8000,
  "PINS.BA": 4680,
  "PKS.BA": 30280,
  "PLTR.BA": 66950,
  "PM.BA": 15140,
  "PSO.BA": 0,
  "PSQ.BA": 5010,
  "PSX.BA": 46000,
  "PYPL.BA": 7770,
  "QCOM.BA": 26860,
  "QQQ.BA": 53200,
  "RACE.BA": 6430,
  "RBLX.BA": 32200,
  "RCTB4.BA": 0,
  "RGTI.BA": 15350,
  "RIO.BA": 18980,
  "RIOT.BA": 12590,
  "RKLB.BA": 13520,
  "ROKU.BA": 13960,
  "ROST.BA": 85825,
  "RTX.BA": 54250,
  "SAN.BA": 73300,
  "SAP.BA": 43620,
  "SATL.BA": 9555,
  "SBS.BA": 16390,
  "SBSP3.BA": 8170,
  "SBUX.BA": 12400,
  "SCCO.BA": 128675,
  "SCHW.BA": 0,
  "SDA.BA": 760,
  "SE.BA": 3915,
  "SH.BA": 6405,
  "SHEL.BA": 65475,
  "SHOP.BA": 1535,
  "SI.BA": 22.45000076,
  "SID.BA": 14500,
  "SIEGY.BA": 6695.81591797,
  "SLB.BA": 28480,
  "SLV.BA": 14730,
  "SMH.BA": 17670,
  "SMSN.BA": 13143.82421875,
  "SNA.BA": 97875,
  "SNAP.BA": 8175,
  "SNDK.BA": 15160,
  "SNOW.BA": 12220,
  "SONY.BA": 3965,
  "SPCE.BA": 13280,
  "SPGI.BA": 14430,
  "SPHQ.BA": 9210,
  "SPOT.BA": 27560,
  "SPXL.BA": 15620,
  "SPY.BA": 18480,
  "STLA.BA": 2046,
  "STNE.BA": 5470,
  "SUZ.BA": 12230,
  "SUZB3.BA": 12340,
  "SWKS.BA": 5150,
  "SYY.BA": 14950,
  "T.BA": 11570,
  "TCOM.BA": 36680,
  "TEAM.BA": 3050,
  "TEFO.BA": 727.5,
  "TEM.BA": 6380,
  "TEN.BA": 93150,
  "TGT.BA": 8035,
  "TIIAY.BA": 0,
  "TIMB.BA": 32480,
  "TIMS3.BA": 6505,
  "TJX.BA": 11060,
  "TM.BA": 17590,
  "TMO.BA": 33680,
  "TMUS.BA": 8290,
  "TQQQ.BA": 4382.5,
  "TRIP.BA": 8915,
  "TRVV.BA": 75675,
  "TSLA.BA": 38900,
  "TSM.BA": 70200,
  "TTE.BA": 44760,
  "TTM.BA": 8651,
  "TV.BA": 1398,
  "TWLO.BA": 8550,
  "TXN.BA": 86350,
  "TXR.BA": 18240,
  "UAL.BA": 31520,
  "UBER.BA": 52275,
  "UGP.BA": 7310,
  "UL.BA": 29340,
  "UNH.BA": 18660,
  "UNP.BA": 20500,
  "UPST.BA": 9400,
  "URA.BA": 13100,
  "URBN.BA": 56025,
  "USB.BA": 17270,
  "USO.BA": 13500,
  "V.BA": 27080,
  "VALE.BA": 11260,
  "VALE3.BA": 22620,
  "VEA.BA": 10550,
  "VIG.BA": 9050,
  "VIST.BA": 36900,
  "VIV.BA": 19240,
  "VIVT3.BA": 9760,
  "VOD.BA": 22500,
  "VRSN.BA": 71000,
  "VRTX.BA": 6620,
  "VST.BA": 8110,
  "VXX.BA": 7895,
  "VZ.BA": 17600,
  "WBA.BA": 5360,
  "WBO.BA": 1923,
  "WEGE3.BA": 12570,
  "WFC.BA": 25000,
  "WMT.BA": 10010,
  "X.BA": 21550,
  "XLB.BA": 4242.5,
  "XLC.BA": 8940,
  "XLE.BA": 44200,
  "XLF.BA": 39640,
  "XLI.BA": 9310,
  "XLK.BA": 5905,
  "XLP.BA": 8060,
  "XLRE.BA": 7605,
  "XLU.BA": 4445,
  "XLV.BA": 8060,
  "XLY.BA": 4035,
  "XME.BA": 5780,
  "XOM.BA": 22900,
  "XP.BA": 5720,
  "XPEV.BA": 5735,
  "XROX.BA": 5115,
  "XYZ.BA": 5145,
  "YELP.BA": 18320,