{
  "AAL.BA": 7780,
  "AAP.BA": 5670,
  "AAPL.BA": 13425,
  "ABBV.BA": 24325,
  "ABEV.BA": 9290,
  "ABEV3.BA": 3110,
  "ABNB.BA": 11550,
  "ABT.BA": 41900,
  "ACN.BA": 4770,
  "ADBE.BA": 10450,
  "ADGO.BA": 11925,
  "ADI.BA": 20400,
  "ADP.BA": 63950,
  "ADS.BA": 3942.14794922,
  "AEG.BA": 8960,
  "AEM.BA": 25500,
  "AHP.BA": 28.79999924,
  "AI.BA": 6940,
  "AIG.BA": 20625,
  "AKO.B.BA": 29875,
  "AMAT.BA": 49500,
  "AMD.BA": 20375,
  "AMGN.BA": 12675,
  "AMX.BA": 22375,
  "AMZN.BA": 1975,
  "ANF.BA": 114150,
  "ARCO.BA": 18300,
  "ARKK.BA": 9600,
  "ARM.BA": 7250,
  "ASML.BA": 6600,
  "ASR.BA": 19925,
  "AVGO.BA": 9180,
  "AVY.BA": 12550,
  "AXP.BA": 26400,
  "AZN.BA": 44650,
  "B.BA": 13500,
  "BA.BA": 12150,
  "BA.C.BA": 14600,
  "BABA.BA": 16425,
  "BAK.BA": 2145,
  "BAS.BA": 3197.76855469,
  "BAYN.BA": 3323.26293945,
  "BB.BA": 1730,
  "BBD.BA": 3665,
  "BBDC3.BA": 3140,
  "BBV.BA": 19050,
  "BCS.BA": 23925,
  "BHP.BA": 32500,
  "BIDU.BA": 10050,
  "BIIB.BA": 12575,
  "BIOX.BA": 4890,
  "BITF.BA": 6540,
  "BK.BA": 60900,
  "BKNG.BA": 10425,
  "BKR.BA": 6950,
  "BMY.BA": 20125,
  "BNG.BA": 18700,
  "BP.BA": 8120,
  "BPA11.BA": 9400,
  "BRFS.BA": 14025,
  "BRKB.BA": 27325,
  "BSBR.BA": 6370,
  "BSN.BA": 613.31298828,
  "C.BA": 38225,
  "CAAP.BA": 99400,
  "CAH.BA": 68300,
  "CAJ.BA": 4045.5,
  "CAR.BA": 9390,
  "CAT.BA": 26250,
  "CBRD.BA": 459,
  "CCL.BA": 12325,
  "CDE.BA": 11625,
  "CEG.BA": 8700,
  "CIBR.BA": 9370,
  "CL.BA": 37275,
  "CLS.BA": 10250,
  "COIN.BA": 18900,
  "COST.BA": 25200,
  "CRM.BA": 18300,
  "CSCO.BA": 17200,
  "CSNA3.BA": 1850,
  "CVS.BA": 5610,
  "CVX.BA": 11925,
  "CX.BA": 9350,
  "DAL.BA": 8860,
  "DD.BA": 18800,
  "DE.BA": 16125,
  "DECK.BA": 5000,
  "DEO.BA": 21925,
  "DESP.BA": 22600,
  "DHR.BA": 4550,
  "DIA.BA": 28175,
  "DISN.BA": 12725,
  "DOCU.BA": 4465,
  "DOW.BA": 6000,
  "DTEA.BA": 0,
  "E.BA": 10625,
  "EA.BA": 13550,
  "EBAY.BA": 49000,
  "EBR.BA": 36100,
  "EEM.BA": 12500,
  "EFX.BA": 20575,
  "ELP.BA": 33225,
  "EOAN.BA": 236.04100037,
  "EQNR.BA": 5570,
  "ERIC.BA": 4705,
  "ERJ.BA": 65450,
  "ETHA.BA": 6500,
  "ETSY.BA": 4480,
  "EWJ.BA": 6570,
  "EWZ.BA": 17575,
  "F.BA": 14250,
  "FCX.BA": 18600,
  "FDX.BA": 29100,
  "FMCC.BA": 0,
  "FMX.BA": 21125,
  "FMX.B.BA": 0,
  "FNMA.BA": 13000,
  "FSLR.BA": 11850,
  "FXI.BA": 9560,
  "GE.BA": 42450,
  "GFI.BA": 30475,
  "GGB.BA": 15025,
  "GILD.BA": 35025,
  "GLD.BA": 7860,
  "GLOB.BA": 5980,
  "GLW.BA": 16900,
  "GM.BA": 11300,
  "GOOGL.BA": 4030,
  "GPRK.BA": 8550,
  "GRMN.BA": 93450,
  "GS.BA": 69100,
  "GSK.BA": 12150,
  "GT.BA": 6900,
  "HAL.BA": 13525,
  "HAPV3.BA": 7780,
  "HD.BA": 14200,
  "HDB.BA": 48275,
  "HHPD.BA": 0,
  "HL.BA": 7610,
  "HMC.BA": 38975,
  "HMY.BA": 18025,
  "HNPIY.BA": 6140,
  "HOG.BA": 10100,
  "HON.BA": 37800,
  "HPQ.BA": 31350,
  "HSBC.BA": 39925,
  "HSY.BA": 9990,
  "HUT.BA": 142050,
  "HWM.BA": 235100,
  "IBB.BA": 6170,
  "IBIT.BA": 8640,
  "IBM.BA": 23950,
  "IBN.BA": 42475,
  "IEUR.BA": 7640,
  "IFF.BA": 7870,
  "IJH.BA": 6690,
  "INFY.BA": 23575,
  "ING.BA": 9650,
  "INTC.BA": 5760,
  "IP.BA": 16300,
  "ISRG.BA": 7300,
  "ITUB.BA": 8100,
  "ITUB3.BA": 7300,
  "IVE.BA": 6260,
  "IVW.BA": 7140,
  "IWM.BA": 28175,
  "JBSS3.BA": 8320,
  "JCI.BA": 61900,
  "JD.BA": 10100,
  "JMIA.BA": 5770,
  "JNJ.BA": 13975,
  "JOYY.BA": 13825,
  "JPM.BA": 24225,
  "KB.BA": 54950,
  "KEP.BA": 17700,
  "KGC.BA": 19675,
  "KMB.BA": 27025,
  "KO.BA": 17650,
  "KOFM.BA": 56900,
  "LAC.BA": 3865,
  "LAR.BA": 3215,
  "LFC.BA": 1074.5,
  "LLY.BA": 17975,
  "LMT.BA": 29975,
  "LMT.B.BA": 0,
  "LRCX.BA": 2260,
  "LVS.BA": 31675,
  "LYG.BA": 2620,
  "MA.BA": 21500,
  "MBG.BA": 3807.20898438,
  "MBT.BA": 650,
  "MCD.BA": 15850,
  "MDLZ.BA": 5750,
  "MDT.BA": 28600,
  "MELI.BA": 25575,
  "META.BA": 37350,
  "MFG.BA": 6930,
  "MGLU3.BA": 1855,
  "MMC.BA": 16925,
  "MMM.BA": 20000,
  "MO.BA": 18725,
  "MOS.BA": 9040,
  "MRK.BA": 21025,
  "MRNA.BA": 2135,
  "MRVL.BA": 6470,
  "MSFT.BA": 21500,
  "MSI.BA": 26450,
  "MSTR.BA": 29025,
  "MU.BA": 29700,
  "MUFG.BA": 17050,
  "MUX.BA": 7000,
  "NEC1.BA": 0,
  "NEM.BA": 24825,
  "NFLX.BA": 33275,
  "NG.BA": 26800,
  "NGG.BA": 45275,
  "NIO.BA": 1305,
  "NKE.BA": 7670,
  "NLM.BA": 0,
  "NMR.BA": 8070,
  "NOKA.BA": 6050,
  "NOW.BA": 7150,
  "NSAN.BA": 1545,
  "NTCO.BA": 6200,
  "NTCO3.BA": 2495,
  "NTES.BA": 12125,
  "NU.BA": 8780,
  "NUE.BA": 10950,
  "NVDA.BA": 9110,
  "NVS.BA": 37950,
  "NXE.BA": 8750,
  "ORAN.BA": 13200,
  "ORCL.BA": 102500,
  "ORLY.BA": 529,
  "OXY.BA": 10850,
  "PAAS.BA": 12300,
  "PAC.BA": 18350,
  "PAGS.BA": 3595,
  "PANW.BA": 4920,
  "PATH.BA": 7950,
  "PBI.BA": 14875,
  "PBR.BA": 15775,
  "PCAR.BA": 40575,
  "PCRF.BA": 0,
  "PDD.BA": 5380,
  "PEP.BA": 9590,
  "PETR3.BA": 7920,
  "PFE.BA": 7850,
  "PG.BA": 13100,
  "PHG.BA": 6220,
  "PINS.BA": 6530,
  "PKS.BA": 23550,
  "PLTR.BA": 64250,
  "PM.BA": 13025,
  "PSO.BA": 0,
  "PSQ.BA": 5340,
  "PSX.BA": 26350,
  "PYPL.BA": 11600,
  "QCOM.BA": 17850,
  "QQQ.BA": 35500,
  "RACE.BA": 7790,
  "RBLX.BA": 76250,
  "RCTB4.BA": 0,
  "RGTI.BA": 10625,
  "RIO.BA": 9530,
  "RIOT.BA": 5320,
  "ROKU.BA": 8950,
  "ROST.BA": 41125,
  "RTX.BA": 38350,
  "SAN.BA": 43025,
  "SAP.BA": 64900,
  "SATL.BA": 4700,
  "SBS.BA": 51250,
  "SBSP3.BA": 26025,
  "SBUX.BA": 9800,
  "SCCO.BA": 61500,
  "SCHW.BA": 0,
  "SDA.BA": 1550,
  "SE.BA": 6460,
  "SH.BA": 6250,
  "SHEL.BA": 44950,
  "SHOP.BA": 1430,
  "SID.BA": 14950,
  "SIEGY.BA": 6695.81591797,
  "SLB.BA": 14725,
  "SLV.BA": 7320,
  "SMH.BA": 7390,
  "SMSN.BA": 13143.82421875,
  "SNA.BA": 66500,
  "SNAP.BA": 12350,
  "SNOW.BA": 8960,
  "SONY.BA": 3805,
  "SPCE.BA": 8350,
  "SPGI.BA": 14800,
  "SPOT.BA": 32200,
  "SPXL.BA": 9090,
  "SPY.BA": 39800,
  "STLA.BA": 2410,
  "STNE.BA": 6350,
  "SUZ.BA": 11550,
  "SUZB3.BA": 11775,
  "SWKS.BA": 4550,
  "SYY.BA": 12275,
  "T.BA": 11500,
  "TCOM.BA": 40250,
  "TEAM.BA": 5140,
  "TEFO.BA": 814,
  "TEM.BA": 6390,
  "TEN.BA": 47650,
  "TGT.BA": 5380,
  "TIIAY.BA": 0,
  "TIMB.BA": 23775,
  "TIMS3.BA": 5110,
  "TJX.BA": 6910,
  "TM.BA": 14425,
  "TMO.BA": 24075,
  "TMUS.BA": 8900,
  "TRIP.BA": 11200,
  "TRVV.BA": 53650,
  "TSLA.BA": 27425,
  "TSM.BA": 33625,
  "TTE.BA": 26375,
  "TTM.BA": 8651,
  "TV.BA": 889,
  "TWLO.BA": 4310,
  "TXN.BA": 55250,
  "TXR.BA": 9880,
  "UAL.BA": 22525,
  "UBER.BA": 57900,
  "UGP.BA": 3835,
  "UL.BA": 25625,
  "UNH.BA": 11300,
  "UNP.BA": 14725,
  "UPST.BA": 19675,
  "URA.BA": 10200,
  "URBN.BA": 44300,
  "USB.BA": 11600,
  "V.BA": 24775,
  "VALE.BA": 6220,
  "VALE3.BA": 12325,
  "VEA.BA": 7220,
  "VIG.BA": 6740,
  "VIST.BA": 18825,
  "VIV.BA": 14325,
  "VIVT3.BA": 7020,
  "VOD.BA": 13950,
  "VRSN.BA": 60150,
  "VRTX.BA": 5940,
  "VST.BA": 9030,
  "VZ.BA": 13150,
  "WBA.BA": 4880,
  "WBO.BA": 2140,
  "WEGE3.BA": 9260,
  "WFC.BA": 20300,
  "WMT.BA": 6750,
  "X.BA": 21550,
  "XLB.BA": 6300,
  "XLC.BA": 7150,
  "XLE.BA": 54900,
  "XLF.BA": 33125,
  "XLI.BA": 6860,
  "XLK.BA": 7190,
  "XLP.BA": 6380,
  "XLRE.BA": 5930,
  "XLU.BA": 6980,
  "XLV.BA": 5920,
  "XLY.BA": 6520,
  "XOM.BA": 14325,
  "XP.BA": 5830,
  "XPEV.BA": 5710,
  "XROX.BA": 6270,
  "XYZ.BA": 4400,
  "YELP.BA": 21900,
  "YZCA.BA": 0.007,
  "ZM.BA": 2000,
  "ALUA.BA": 706,
  "ALUAC.BA": 0.55000001,
  "ALUAD.BA": 0.55800003,
  "BBAR.BA": 6270,
  "BBARC.BA": 5,
  "BBARD.BA": 4.96500015,
  "BMA.BA": 8010,
  "BMA.C.BA": 6.36999989,
  "BMA.D.BA": 6.36000013,
  "BYMA.BA": 195.5,
  "BYMAC.BA": 0.154,
  "BYMAD.BA": 0.154,
  "CEPU.BA": 1435,
  "COME.BA": 114.75,
  "CRES.BA": 1395,
  "CRESC.BA": 0.32300001,
  "EDN.BA": 1555,
  "EDNC.BA": 1.25,
  "GGAL.BA": 5920,
  "GGALC.BA": 4.64499998,
  "GGALD.BA": 4.67500019,
  "IRSAC.BA": 0,
  "IRSAD.BA": 1.39999998,
  "LOMA.BA": 2680,
  "LOMAD.BA": 2.125,
  "MIRG.BA": 21750,
  "PAMP.BA": 3590,
  "SUPV.BA": 2470,
  "SUPVD.BA": 1.95500004,
  "TECO2.BA": 2290,
  "TECOC.BA": 1.60000002,
  "TGNO4.BA": 2880,
  "TGSU2.BA": 6510,
  "TRAN.BA": 2385,
  "TXAR.BA": 650,
  "TXARD.BA": 0.51099998,
  "VALO.BA": 334.5,
  "VALOC.BA": 0.264,
  "VALOD.BA": 0.264,