{
  "AAL.BA": 10750,
  "AAP.BA": 5655,
  "AAPL.BA": 21310,
  "ABBV.BA": 34840,
  "ABEV.BA": 11520,
  "ABEV3.BA": 3942.5,
  "ABNB.BA": 11970,
  "ABT.BA": 49200,
  "ACN.BA": 5095,
  "ACWI.BA": 8310,
  "ADBE.BA": 11090,
  "ADGO.BA": 12320,
  "ADI.BA": 26380,
  "ADP.BA": 65150,
  "ADS.BA": 3942.14794922,
  "AEG.BA": 12030,
  "AEM.BA": 44340,
  "AHP.BA": 28.79999924,
  "AI.BA": 4430,
  "AIG.BA": 23340,
  "AKO.B.BA": 41000,
  "ALAB.BA": 5440,
  "AMAT.BA": 77050,
  "AMD.BA": 32920,
  "AMGN.BA": 17540,
  "AMX.BA": 35280,
  "AMZN.BA": 2446,
  "ANF.BA": 145425,
  "ARCO.BA": 22330,
  "ARKK.BA": 12010,
  "ARM.BA": 7740,
  "ASML.BA": 11000,
  "ASR.BA": 23150,
  "ASTS.BA": 5765,
  "AVGO.BA": 15630,
  "AVY.BA": 14670,
  "AXP.BA": 37340,
  "AZN.BA": 71800,
  "B.BA": 31200,
  "BA.BA": 11940,
  "BA.C.BA": 20400,
  "BABA.BA": 26820,
  "BAK.BA": 2199,
  "BAS.BA": 3197.76855469,
  "BAYN.BA": 3323.26293945,
  "BB.BA": 2085,
  "BBD.BA": 5615,
  "BBDC3.BA": 4790,
  "BBV.BA": 33000,
  "BCS.BA": 34520,
  "BHP.BA": 42140,
  "BIDU.BA": 16200,
  "BIIB.BA": 21600,
  "BIOX.BA": 2375,
  "BITF.BA": 23810,
  "BK.BA": 85850,
  "BKNG.BA": 10950,
  "BKR.BA": 10800,
  "BMY.BA": 25180,
  "BNG.BA": 29700,
  "BP.BA": 11010,
  "BPA11.BA": 15140,
  "BRFS.BA": 18200,
  "BRKB.BA": 35660,
  "BSBR.BA": 9865,
  "BSN.BA": 613.31298828,
  "C.BA": 52600,
  "CAAP.BA": 147450,
  "CAH.BA": 109200,
  "CAJ.BA": 4045.5,
  "CAR.BA": 7920,
  "CAT.BA": 43920,
  "CCL.BA": 13150,
  "CDE.BA": 24680,
  "CEG.BA": 12260,
  "CIBR.BA": 11180,
  "CL.BA": 41020,
  "CLS.BA": 25740,
  "COIN.BA": 15050,
  "COST.BA": 29160,
  "CRM.BA": 19390,
  "CRWV.BA": 4242.5,
  "CSCO.BA": 23350,
  "CSNA3.BA": 2404,
  "CVS.BA": 7965,
  "CVX.BA": 14420,
  "CX.BA": 16240,
  "DAL.BA": 12390,
  "DD.BA": 12090,
  "DE.BA": 18290,
  "DECK.BA": 5375,
  "DEO.BA": 23230,
  "DESP.BA": 22600,
  "DHR.BA": 6475,
  "DIA.BA": 36400,
  "DISN.BA": 13210,
  "DOCU.BA": 4810,
  "DOW.BA": 6130,
  "DTEA.BA": 0,
  "E.BA": 14290,
  "EA.BA": 22060,
  "EBAY.BA": 63350,
  "ECL.BA": 7565,
  "EEM.BA": 16610,
  "EFA.BA": 8100,
  "EFX.BA": 20480,
  "ELP.BA": 49640,
  "EMBJ.BA": 95475,
  "EOAN.BA": 236.04100037,
  "EQNR.BA": 5830,
  "ERIC.BA": 7310,
  "ETHA.BA": 7020,
  "ETSY.BA": 5190,
  "EWJ.BA": 9130,
  "EWZ.BA": 25680,
  "F.BA": 20270,
  "FCX.BA": 21660,
  "FDX.BA": 42320,
  "FMCC.BA": 0,
  "FMX.BA": 24250,
  "FNMA.BA": 16810,
  "FSLR.BA": 23290,
  "FXI.BA": 12040,
  "GDX.BA": 12480,
  "GE.BA": 57275,
  "GFI.BA": 66050,
  "GGB.BA": 21970,
  "GILD.BA": 48980,
  "GLD.BA": 11760,
  "GLOB.BA": 5325,
  "GLW.BA": 32180,
  "GM.BA": 18720,
  "GOOGL.BA": 8425,
  "GPRK.BA": 12370,
  "GRMN.BA": 99800,
  "GS.BA": 96250,
  "GSK.BA": 18480,
  "GT.BA": 6405,
  "HAL.BA": 19910,
  "HAPV3.BA": 4707.5,
  "HD.BA": 17120,
  "HDB.BA": 28020,
  "HHPD.BA": 0,
  "HL.BA": 24670,
  "HMC.BA": 46540,
  "HMY.BA": 29580,
  "HNPIY.BA": 6140,
  "HOG.BA": 12570,
  "HON.BA": 36600,
  "HOOD.BA": 6780,
  "HPQ.BA": 36780,
  "HSBC.BA": 54225,
  "HSY.BA": 13690,
  "HUT.BA": 324350,
  "HWM.BA": 314900,
  "IBB.BA": 9865,
  "IBIT.BA": 7820,
  "IBM.BA": 31000,
  "IBN.BA": 47440,
  "IEMG.BA": 8515,
  "IEUR.BA": 9605,
  "IFF.BA": 8895,
  "IJH.BA": 8465,
  "INFY.BA": 26700,
  "ING.BA": 13280,
  "INTC.BA": 11330,
  "IP.BA": 14990,
  "IREN.BA": 6285,
  "ISRG.BA": 9600,
  "ITA.BA": 6290,
  "ITUB.BA": 11790,
  "ITUB3.BA": 10550,
  "IVE.BA": 8090,
  "IVW.BA": 9455,
  "IWDA.BA": 0,
  "IWM.BA": 38100,
  "JBSS3.BA": 8320,
  "JCI.BA": 83600,
  "JD.BA": 11260,
  "JMIA.BA": 18400,
  "JNJ.BA": 21170,
  "JOYY.BA": 19330,
  "JPM.BA": 31460,
  "KB.BA": 64200,
  "KEP.BA": 27940,
  "KGC.BA": 42140,
  "KMB.BA": 27700,
  "KO.BA": 22340,
  "KOFM.BA": 67150,
  "LAC.BA": 8065,
  "LAR.BA": 8290,
  "LFC.BA": 1074.5,
  "LLY.BA": 30260,
  "LMT.BA": 35040,
  "LRCX.BA": 4277.5,
  "LREN3.BA": 4485,
  "LVS.BA": 52225,
  "LYG.BA": 3810,
  "MA.BA": 25440,
  "MBG.BA": 3807.20898438,
  "MBT.BA": 650,
  "MCD.BA": 19840,
  "MDLZ.BA": 5845,
  "MDT.BA": 40260,
  "MELI.BA": 25960,
  "META.BA": 40520,
  "MFG.BA": 10730,
  "MGLU3.BA": 2870,
  "MMC.BA": 17510,
  "MMM.BA": 26240,
  "MO.BA": 22520,
  "MOS.BA": 7460,
  "MRK.BA": 32100,
  "MRNA.BA": 2014,
  "MRVL.BA": 9755,
  "MSFT.BA": 24890,
  "MSI.BA": 28460,
  "MSTR.BA": 13770,
  "MU.BA": 71075,
  "MUFG.BA": 24210,
  "MUX.BA": 13880,
  "NATU3.BA": 2216,
  "NEC1.BA": 0,
  "NEM.BA": 46280,
  "NFLX.BA": 3380,
  "NG.BA": 58500,
  "NGG.BA": 56925,
  "NIO.BA": 2051,
  "NKE.BA": 8285,
  "NLM.BA": 0,
  "NMR.BA": 11670,
  "NOKA.BA": 9355,
  "NOW.BA": 7180,
  "NSAN.BA": 1545,
  "NTCO.BA": 6200,
  "NTES.BA": 15020,
  "NU.BA": 13250,
  "NUE.BA": 15250,
  "NVDA.BA": 11520,
  "NVS.BA": 50100,
  "NXE.BA": 13660,
  "OKLO.BA": 4890,
  "ORAN.BA": 13200,
  "ORCL.BA": 105175,
  "ORLY.BA": 708.5,
  "OXY.BA": 12750,
  "PAAS.BA": 21680,
  "PAC.BA": 22540,
  "PAGS.BA": 5040,
  "PANW.BA": 5690,
  "PATH.BA": 10430,
  "PBI.BA": 15270,
  "PBR.BA": 19530,
  "PCAR.BA": 53725,
  "PCRF.BA": 0,
  "PDD.BA": 7135,
  "PEP.BA": 12580,
  "PETR3.BA": 9835,
  "PFE.BA": 9840,
  "PG.BA": 15140,
  "PHG.BA": 8570,
  "PINS.BA": 5645,
  "PKS.BA": 28040,
  "PLTR.BA": 85150,
  "PM.BA": 13340,
  "PSO.BA": 0,
  "PSQ.BA": 5825,
  "PSX.BA": 34600,
  "PYPL.BA": 11880,
  "QCOM.BA": 23090,
  "QQQ.BA": 47080,
  "RACE.BA": 7060,
  "RBLX.BA": 71675,
  "RCTB4.BA": 0,
  "RGTI.BA": 19930,
  "RIO.BA": 13850,
  "RIOT.BA": 7735,
  "RKLB.BA": 5390,
  "ROKU.BA": 11340,
  "ROST.BA": 67500,
  "RTX.BA": 53175,
  "SAN.BA": 65250,
  "SAP.BA": 61525,
  "SATL.BA": 2597.5,
  "SBS.BA": 81225,
  "SBSP3.BA": 38700,
  "SBUX.BA": 11110,
  "SCCO.BA": 103475,
  "SCHW.BA": 0,
  "SDA.BA": 1568,
  "SE.BA": 6490,
  "SH.BA": 6970,
  "SHEL.BA": 56250,
  "SHOP.BA": 2281,
  "SI.BA": 22.45000076,
  "SID.BA": 19760,
  "SIEGY.BA": 6695.81591797,
  "SLB.BA": 18290,
  "SLV.BA": 12320,
  "SMH.BA": 10680,
  "SMSN.BA": 13143.82421875,
  "SNA.BA": 87600,
  "SNAP.BA": 11700,
  "SNOW.BA": 12730,
  "SONY.BA": 5575,
  "SPCE.BA": 11240,
  "SPGI.BA": 16920,
  "SPHQ.BA": 8125,
  "SPOT.BA": 32700,
  "SPXL.BA": 13530,
  "SPY.BA": 52175,
  "STLA.BA": 3157.5,
  "STNE.BA": 8120,
  "SUZ.BA": 13700,
  "SUZB3.BA": 13380,
  "SWKS.BA": 4800,
  "SYY.BA": 14590,
  "T.BA": 13210,
  "TCOM.BA": 53725,
  "TEAM.BA": 4842.5,
  "TEFO.BA": 814.5,
  "TEM.BA": 9850,
  "TEN.BA": 61150,
  "TGT.BA": 5750,
  "TIIAY.BA": 0,
  "TIMB.BA": 36000,
  "TIMS3.BA": 7255,
  "TJX.BA": 10850,
  "TM.BA": 20640,
  "TMO.BA": 41240,
  "TMUS.BA": 9500,
  "TQQQ.BA": 3295,
  "TRIP.BA": 11370,
  "TRVV.BA": 75350,
  "TSLA.BA": 43300,
  "TSM.BA": 49720,
  "TTE.BA": 33560,
  "TTM.BA": 8651,
  "TV.BA": 1369,
  "TWLO.BA": 5450,
  "TXN.BA": 50975,
  "TXR.BA": 13970,
  "UAL.BA": 31200,
  "UBER.BA": 65800,
  "UGP.BA": 6405,
  "UL.BA": 30640,
  "UNH.BA": 15320,
  "UNP.BA": 17680,
  "UPST.BA": 12960,
  "URA.BA": 13780,
  "URBN.BA": 59175,
  "USB.BA": 15090,
  "USO.BA": 7130,
  "V.BA": 28520,
  "VALE.BA": 9600,
  "VALE3.BA": 19040,
  "VEA.BA": 9370,
  "VIG.BA": 8705,
  "VIST.BA": 24810,
  "VIV.BA": 20160,
  "VIVT3.BA": 10040,
  "VOD.BA": 19090,
  "VRSN.BA": 64700,
  "VRTX.BA": 6515,
  "VST.BA": 10410,
  "VXX.BA": 10060,
  "VZ.BA": 15640,
  "WBA.BA": 5360,
  "WBO.BA": 2512.5,
  "WEGE3.BA": 12600,
  "WFC.BA": 26300,
  "WMT.BA": 9280,
  "X.BA": 21550,
  "XLB.BA": 7595,
  "XLC.BA": 9235,
  "XLE.BA": 68900,
  "XLF.BA": 40780,
  "XLI.BA": 8395,
  "XLK.BA": 9490,
  "XLP.BA": 7565,
  "XLRE.BA": 7090,
  "XLU.BA": 9165,
  "XLV.BA": 8365,
  "XLY.BA": 8390,
  "XOM.BA": 17690,
  "XP.BA": 7250,
  "XPEV.BA": 8150,
  "XROX.BA": 4152.5,
  "XYZ.BA": 5035,
  "YELP.BA": 22460,
  "YZCA.BA": 0.007,
  "ZM.BA": 2732.5,
  "ALUA.BA": 1013,
  "ALUAC.BA": 0.72000003,
  "ALUAD.BA": 0.68599999,
  "BBAR.BA": 8085,
  "BBARC.BA": 2.63070011,
  "BBARD.BA": 5.36000013,
  "BMA.BA": 12680,
  "BMA.C.BA": 7.80159998,
  "BMA.D.BA": 8.53999996,
  "BYMA.BA": 293,
  "BYMAC.BA": 0.19,
  "BYMAD.BA": 0.197,
  "CEPU.BA": 2291,
  "COME.BA": 74.30000305,
  "CRES.BA": 1812,
  "CRESC.BA": 1.11500001,
  "EDN.BA": 2610,
  "EDNC.BA": 1.66999996,
  "EDND.BA": 1.75,
  "GGAL.BA": 7830,
  "GGALC.BA": 5.11999989,