{
  "AAL.BA": 10160,
  "AAP.BA": 6120,
  "AAPL.BA": 23250,
  "ABBV.BA": 34340,
  "ABEV.BA": 14210,
  "ABEV3.BA": 4697.5,
  "ABNB.BA": 13410,
  "ABT.BA": 34460,
  "ACN.BA": 3572.5,
  "ACWI.BA": 8985,
  "ADBE.BA": 8630,
  "ADGO.BA": 17250,
  "ADI.BA": 40760,
  "ADP.BA": 58450,
  "ADS.BA": 3942.14794922,
  "AEG.BA": 12440,
  "AEM.BA": 41180,
  "AHP.BA": 28.79999924,
  "AI.BA": 3110,
  "AIG.BA": 22800,
  "AKO.B.BA": 42700,
  "ALAB.BA": 10900,
  "AMAT.BA": 137500,
  "AMD.BA": 71225,
  "AMGN.BA": 17640,
  "AMX.BA": 37540,
  "AMZN.BA": 2580,
  "ANET.BA": 8020,
  "ANF.BA": 113325,
  "ARCO.BA": 24700,
  "ARKK.BA": 11290,
  "ARM.BA": 19200,
  "ASML.BA": 17110,
  "ASR.BA": 21370,
  "ASTS.BA": 9460,
  "AVGO.BA": 15040,
  "AVY.BA": 13040,
  "AXIA.BA": 59400,
  "AXP.BA": 31200,
  "AZN.BA": 70125,
  "B.BA": 29720,
  "BA.BA": 13540,
  "BA.C.BA": 20350,
  "BABA.BA": 20310,
  "BAK.BA": 2652.5,
  "BAS.BA": 1770.88269043,
  "BAYN.BA": 3323.26293945,
  "BB.BA": 4690,
  "BBD.BA": 5080,
  "BBDC3.BA": 4480,
  "BBV.BA": 33540,
  "BCS.BA": 36520,
  "BHP.BA": 62450,
  "BIDU.BA": 16730,
  "BIIB.BA": 22760,
  "BIOX.BA": 663,
  "BKNG.BA": 372.25,
  "BKR.BA": 13950,
  "BMNR.BA": 3010,
  "BMY.BA": 28820,
  "BNG.BA": 38280,
  "BNY.BA": 107450,
  "BP.BA": 12990,
  "BPA11.BA": 14700,
  "BRFS.BA": 18200,
  "BRKB.BA": 33540,
  "BSBR.BA": 7880,
  "BSN.BA": 613.31298828,
  "BX.BA": 5790,
  "C.BA": 66675,
  "CAAP.BA": 152125,
  "CAH.BA": 103350,
  "CAJ.BA": 4045.5,
  "CAR.BA": 10230,
  "CAT.BA": 68500,
  "CBRD.BA": 459,
  "CCJ.BA": 6770,
  "CCL.BA": 13780,
  "CDE.BA": 24550,
  "CEG.BA": 8570,
  "CIBR.BA": 13090,
  "CL.BA": 44580,
  "CLS.BA": 28040,
  "COIN.BA": 8535,
  "COP.BA": 7060,
  "COPX.BA": 8695,
  "COST.BA": 30680,
  "CRM.BA": 15610,
  "CRWD.BA": 12900,
  "CRWV.BA": 5590,
  "CSCO.BA": 36800,
  "CSNA3.BA": 1810,
  "CVS.BA": 9790,
  "CVX.BA": 17670,
  "CX.BA": 18780,
  "DAL.BA": 14910,
  "DD.BA": 14150,
  "DE.BA": 22040,
  "DECK.BA": 6535,
  "DEO.BA": 20270,
  "DESP.BA": 22600,
  "DHR.BA": 5160,
  "DIA.BA": 38540,
  "DISN.BA": 12560,
  "DOCU.BA": 3240,
  "DOW.BA": 8540,
  "DTEA.BA": 0,
  "E.BA": 20260,
  "EA.BA": 21940,
  "EBAY.BA": 83075,
  "ECL.BA": 6995,
  "EEM.BA": 19530,
  "EFA.BA": 8590,
  "EFX.BA": 16190,
  "ELPC.BA": 50675,
  "EMBJ.BA": 85650,
  "EOAN.BA": 236.04100037,
  "EQNR.BA": 9370,
  "ERIC.BA": 9485,
  "ESGU.BA": 8110,
  "ETHA.BA": 3602.5,
  "ETSY.BA": 6285,
  "EWJ.BA": 9795,
  "EWY.BA": 5345,
  "EWZ.BA": 25660,
  "F.BA": 22500,
  "FCX.BA": 31880,
  "FDX.BA": 50250,
  "FISV.BA": 7475,
  "FMCC.BA": 11900,
  "FMX.BA": 31060,
  "FNMA.BA": 10500,
  "FSLR.BA": 23410,
  "FXI.BA": 10480,
  "GDX.BA": 11900,
  "GE.BA": 62025,
  "GFI.BA": 55225,
  "GGB.BA": 27520,
  "GILD.BA": 48920,
  "GLD.BA": 11960,
  "GLNG.BA": 7650,
  "GLOB.BA": 3212.5,
  "GLW.BA": 67225,
  "GM.BA": 20610,
  "GOOGL.BA": 9575,
  "GPRK.BA": 16010,
  "GRMN.BA": 119275,
  "GS.BA": 120825,
  "GSK.BA": 19510,
  "GT.BA": 4292.5,
  "HAL.BA": 29560,
  "HAPV3.BA": 3410,
  "HD.BA": 14660,
  "HDB.BA": 17660,
  "HHPD.BA": 0,
  "HIMS.BA": 9855,
  "HL.BA": 22340,
  "HMC.BA": 40260,
  "HMY.BA": 23720,
  "HNPIY.BA": 6140,
  "HOG.BA": 12350,
  "HON.BA": 40380,
  "HOOD.BA": 4275,
  "HPQ.BA": 38680,
  "HSBC.BA": 68725,
  "HSY.BA": 13350,
  "HUT.BA": 33900,
  "HWM.BA": 381125,
  "IBB.BA": 9410,
  "IBIT.BA": 5160,
  "IBM.BA": 28660,
  "IBN.BA": 39360,
  "ICLN.BA": 6435,
  "IEMG.BA": 9915,
  "IEUR.BA": 10190,
  "IFF.BA": 9160,
  "IJH.BA": 9325,
  "ILF.BA": 8345,
  "INFY.BA": 18760,
  "ING.BA": 15340,
  "INTC.BA": 30040,
  "IP.BA": 12660,
  "IREN.BA": 6825,
  "ISRG.BA": 7190,
  "ITA.BA": 6950,
  "ITUB.BA": 11370,
  "ITUB3.BA": 11930,
  "IVE.BA": 8540,
  "IVV.BA": 1627,
  "IVW.BA": 10190,
  "IWDA.BA": 0,
  "IWM.BA": 42640,
  "JBSS3.BA": 8320,
  "JCI.BA": 114850,
  "JD.BA": 10860,
  "JMIA.BA": 9895,
  "JNJ.BA": 23430,
  "JOYY.BA": 19910,
  "JPM.BA": 31480,
  "KB.BA": 81725,
  "KEEL.BA": 38040,
  "KEP.BA": 18590,
  "KGC.BA": 39700,
  "KMB.BA": 24930,
  "KO.BA": 24090,
  "KOFM.BA": 80550,
  "LAC.BA": 6855,
  "LAR.BA": 13050,
  "LFC.BA": 1074.5,
  "LLY.BA": 30560,
  "LMT.BA": 39520,
  "LND.BA": 5520,
  "LRCX.BA": 8235,
  "LREN3.BA": 4412.5,
  "LVS.BA": 38260,
  "LYG.BA": 4007.5,
  "MA.BA": 22540,
  "MBG.BA": 3807.20898438,
  "MBT.BA": 650,
  "MCD.BA": 17610,
  "MDLZ.BA": 6255,
  "MDT.BA": 30840,
  "MELI.BA": 20230,
  "META.BA": 37340,
  "MFG.BA": 14660,
  "MGLU3.BA": 1650,
  "MMM.BA": 23240,
  "MO.BA": 27280,
  "MOS.BA": 6750,
  "MP.BA": 8960,
  "MRK.BA": 36480,
  "MRNA.BA": 3770,
  "MRSH.BA": 15630,
  "MRVL.BA": 29580,
  "MSFT.BA": 20960,
  "MSI.BA": 30860,
  "MSTR.BA": 9000,
  "MU.BA": 266525,
  "MUFG.BA": 30040,
  "MUX.BA": 13830,
  "NATU3.BA": 2835,
  "NBIS.BA": 12760,
  "NEC1.BA": 0,
  "NEE.BA": 6845,
  "NEM.BA": 50250,
  "NFLX.BA": 2592.5,
  "NG.BA": 44360,
  "NGG.BA": 62150,
  "NIO.BA": 2016,
  "NKE.BA": 5405,
  "NLM.BA": 0,
  "NMR.BA": 12940,
  "NOKA.BA": 21620,
  "NOW.BA": 979,
  "NSAN.BA": 1545,
  "NTCO.BA": 6200,
  "NTES.BA": 12900,
  "NU.BA": 9085,
  "NUE.BA": 23960,
  "NVDA.BA": 12980,
  "NVO.BA": 9230,
  "NVS.BA": 56325,
  "NXE.BA": 15900,
  "O.BA": 7100,
  "OKLO.BA": 3160,
  "ONDS.BA": 7925,
  "ORAN.BA": 13200,
  "ORCL.BA": 107700,
  "ORLY.BA": 600,
  "OXY.BA": 17250,
  "PAAS.BA": 23920,
  "PAC.BA": 21690,
  "PAGS.BA": 4280,
  "PANW.BA": 8195,
  "PATH.BA": 8505,
  "PBI.BA": 25500,
  "PBR.BA": 26760,
  "PCAR.BA": 58825,
  "PCRF.BA": 0,
  "PDD.BA": 5160,
  "PEP.BA": 11950,
  "PETR3.BA": 13610,
  "PFE.BA": 9815,
  "PG.BA": 14730,
  "PHG.BA": 7935,
  "PINS.BA": 4595,
  "PKS.BA": 30880,
  "PLTR.BA": 68275,
  "PM.BA": 14940,
  "PSO.BA": 0,
  "PSQ.BA": 4972.5,
  "PSX.BA": 46180,
  "PYPL.BA": 7810,
  "QCOM.BA": 30100,
  "QQQ.BA": 53500,
  "RACE.BA": 6280,
  "RBLX.BA": 31800,
  "RCTB4.BA": 0,
  "RGTI.BA": 15610,
  "RIO.BA": 19010,
  "RIOT.BA": 12430,
  "RKLB.BA": 13850,
  "ROKU.BA": 14080,
  "ROST.BA": 86750,
  "RTX.BA": 54675,
  "SAN.BA": 73475,
  "SAP.BA": 46560,
  "SATL.BA": 10740,
  "SBS.BA": 16290,
  "SBSP3.BA": 8155,
  "SBUX.BA": 11980,
  "SCCO.BA": 130675,
  "SCHW.BA": 0,
  "SDA.BA": 813.5,
  "SE.BA": 4092.5,
  "SH.BA": 6350,
  "SHEL.BA": 64575,
  "SHOP.BA": 1529,
  "SI.BA": 22.45000076,
  "SID.BA": 14480,
  "SIEGY.BA": 6695.81591797,
  "SLB.BA": 27560,
  "SLV.BA": 15520,
  "SMH.BA": 17400,
  "SMSN.BA": 13143.82421875,
  "SNA.BA": 95350,
  "SNAP.BA": 8720,
  "SNDK.BA": 13910,
  "SNOW.BA": 11990,
  "SONY.BA": 4115,
  "SPCE.BA": 13230,
  "SPGI.BA": 14300,
  "SPHQ.BA": 9165,
  "SPOT.BA": 26820,
  "SPXL.BA": 15930,
  "SPY.BA": 18620,
  "STLA.BA": 2145,
  "STNE.BA": 5205,
  "SUZ.BA": 12370,
  "SUZB3.BA": 12250,
  "SWKS.BA": 5290,
  "SYY.BA": 14330,
  "T.BA": 11440,
  "TCOM.BA": 36000,
  "TEAM.BA": 3180,
  "TEFO.BA": 727.5,
  "TEM.BA": 5830,
  "TEN.BA": 92925,
  "TGT.BA": 7680,
  "TIIAY.BA": 0,
  "TIMB.BA": 32440,
  "TIMS3.BA": 6585,
  "TJX.BA": 10550,
  "TM.BA": 17810,
  "TMO.BA": 32500,
  "TMUS.BA": 8245,
  "TQQQ.BA": 4472.5,
  "TRIP.BA": 8880,
  "TRVV.BA": 76050,
  "TSLA.BA": 39540,
  "TSM.BA": 70175,
  "TTE.BA": 44500,
  "TTM.BA": 8651,
  "TV.BA": 1321,
  "TWLO.BA": 9480,
  "TXN.BA": 86300,
  "TXR.BA": 18110,
  "UAL.BA": 32000,
  "UBER.BA": 53475,
  "UGP.BA": 7300,
  "UL.BA": 28560,
  "UNH.BA": 18330,
  "UNP.BA": 20530,
  "UPST.BA": 8975,
  "URA.BA": 13710,
  "URBN.BA": 53800,
  "USB.BA": 16920,
  "USO.BA": 13370,
  "V.BA": 27260,
  "VALE.BA": 11470,
  "VALE3.BA": 22700,
  "VEA.BA": 10480,
  "VIG.BA": 9045,
  "VIST.BA": 37440,
  "VIV.BA": 19270,
  "VIVT3.BA": 10110,
  "VOD.BA": 22230,
  "VRSN.BA": 74100,
  "VRTX.BA": 6695,
  "VST.BA": 8650,
  "VXX.BA": 7595,
  "VZ.BA": 17140,
  "WBA.BA": 5360,
  "WBO.BA": 1947,
  "WEGE3.BA": 13490,
  "WFC.BA": 24780,
  "WMT.BA": 9995,
  "X.BA": 21550,
  "XLB.BA": 4260,
  "XLC.BA": 8895,
  "XLE.BA": 43560,
  "XLF.BA": 39580,
  "XLI.BA": 9405,
  "XLK.BA": 5925,
  "XLP.BA": 7895,
  "XLRE.BA": 7510,
  "XLU.BA": 4485,
  "XLV.BA": 7985,
  "XLY.BA": 4032.5,
  "XME.BA": 5940,
  "XOM.BA": 22650,
  "XP.BA": 5805,
  "XPEV.BA": 6010,
  "XROX.BA": 5025,
  "XYZ.BA": 5135,
  "YELP.BA": 17510,