{
  "AAL.BA": 10550,
  "AAP.BA": 6435,
  "AAPL.BA": 23040,
  "ABBV.BA": 31580,
  "ABEV.BA": 14290,
  "ABEV3.BA": 4855,
  "ABNB.BA": 13280,
  "ABT.BA": 32260,
  "ACN.BA": 3787.5,
  "ACWI.BA": 9080,
  "ADBE.BA": 9010,
  "ADGO.BA": 18540,
  "ADI.BA": 40500,
  "ADP.BA": 56250,
  "ADS.BA": 3942.14794922,
  "AEG.BA": 12550,
  "AEM.BA": 43820,
  "AHP.BA": 28.79999924,
  "AI.BA": 3350,
  "AIG.BA": 21990,
  "AKO.B.BA": 45380,
  "ALAB.BA": 11170,
  "AMAT.BA": 133275,
  "AMD.BA": 73550,
  "AMGN.BA": 16660,
  "AMX.BA": 37600,
  "AMZN.BA": 2727.5,
  "ANET.BA": 8650,
  "ANF.BA": 114250,
  "ARCO.BA": 25660,
  "ARKK.BA": 11900,
  "ARM.BA": 22570,
  "ASML.BA": 16460,
  "ASR.BA": 21930,
  "ASTS.BA": 10400,
  "AVGO.BA": 17290,
  "AVY.BA": 13040,
  "AXIA.BA": 60750,
  "AXP.BA": 30880,
  "AZN.BA": 68850,
  "B.BA": 30700,
  "BA.BA": 13930,
  "BA.C.BA": 19010,
  "BABA.BA": 20500,
  "BAK.BA": 3085,
  "BAS.BA": 1770.88269043,
  "BAYN.BA": 3323.26293945,
  "BB.BA": 4612.5,
  "BBD.BA": 5160,
  "BBDC3.BA": 4532.5,
  "BBV.BA": 34160,
  "BCS.BA": 36440,
  "BHP.BA": 66275,
  "BIDU.BA": 17600,
  "BIIB.BA": 22340,
  "BIOX.BA": 640.5,
  "BKNG.BA": 373,
  "BKR.BA": 14000,
  "BMNR.BA": 3580,
  "BMY.BA": 27600,
  "BNG.BA": 36920,
  "BNY.BA": 103200,
  "BP.BA": 12590,
  "BPA11.BA": 15950,
  "BRFS.BA": 18200,
  "BRKB.BA": 31880,
  "BSBR.BA": 7975,
  "BSN.BA": 613.31298828,
  "BX.BA": 5785,
  "C.BA": 62350,
  "CAAP.BA": 158125,
  "CAH.BA": 96600,
  "CAJ.BA": 4045.5,
  "CAR.BA": 10110,
  "CAT.BA": 64625,
  "CBRD.BA": 459,
  "CCJ.BA": 7090,
  "CCL.BA": 13550,
  "CDE.BA": 27820,
  "CEG.BA": 9105,
  "CIBR.BA": 13590,
  "CL.BA": 44020,
  "CLS.BA": 29980,
  "COIN.BA": 9765,
  "COP.BA": 6775,
  "COPX.BA": 9280,
  "COST.BA": 29320,
  "CRM.BA": 16860,
  "CRWD.BA": 14250,
  "CRWV.BA": 6480,
  "CSCO.BA": 35580,
  "CSNA3.BA": 1945,
  "CVS.BA": 9085,
  "CVX.BA": 17130,
  "CX.BA": 19490,
  "DAL.BA": 14900,
  "DD.BA": 14320,
  "DE.BA": 20050,
  "DECK.BA": 6715,
  "DEO.BA": 20130,
  "DESP.BA": 22600,
  "DHR.BA": 4975,
  "DIA.BA": 37880,
  "DISN.BA": 12500,
  "DOCU.BA": 3655,
  "DOW.BA": 8595,
  "DTEA.BA": 0,
  "E.BA": 19350,
  "EA.BA": 21370,
  "EBAY.BA": 80675,
  "ECL.BA": 6795,
  "EEM.BA": 20620,
  "EFA.BA": 8595,
  "EFX.BA": 15370,
  "ELPC.BA": 50150,
  "EMBJ.BA": 84650,
  "EOAN.BA": 236.04100037,
  "EQNR.BA": 8670,
  "ERIC.BA": 9720,
  "ESGU.BA": 8180,
  "ETHA.BA": 4432.5,
  "ETSY.BA": 6435,
  "EWJ.BA": 9820,
  "EWY.BA": 6285,
  "EWZ.BA": 26460,
  "F.BA": 25340,
  "FCX.BA": 32360,
  "FDX.BA": 61200,
  "FISV.BA": 7705,
  "FMCC.BA": 11500,
  "FMX.BA": 29520,
  "FNMA.BA": 11300,
  "FSLR.BA": 24410,
  "FXI.BA": 10400,
  "GDX.BA": 12860,
  "GE.BA": 59125,
  "GFI.BA": 56550,
  "GGB.BA": 26540,
  "GILD.BA": 49160,
  "GLD.BA": 12210,
  "GLNG.BA": 7450,
  "GLOB.BA": 3425,
  "GLW.BA": 65475,
  "GM.BA": 20480,
  "GOOGL.BA": 9605,
  "GPRK.BA": 16200,
  "GRMN.BA": 115950,
  "GS.BA": 116650,
  "GSK.BA": 18810,
  "GT.BA": 4537.5,
  "HAL.BA": 29040,
  "HAPV3.BA": 3930,
  "HD.BA": 14470,
  "HDB.BA": 17740,
  "HHPD.BA": 0,
  "HIMS.BA": 9800,
  "HL.BA": 25440,
  "HMC.BA": 39960,
  "HMY.BA": 26100,
  "HNPIY.BA": 6140,
  "HOG.BA": 12000,
  "HON.BA": 43860,
  "HOOD.BA": 4452.5,
  "HPQ.BA": 41300,
  "HSBC.BA": 69525,
  "HSY.BA": 13430,
  "HWM.BA": 382100,
  "IBB.BA": 9370,
  "IBIT.BA": 6055,
  "IBM.BA": 31320,
  "IBN.BA": 38840,
  "ICLN.BA": 6850,
  "IEMG.BA": 10490,
  "IEUR.BA": 10210,
  "IFF.BA": 9405,
  "IJH.BA": 9210,
  "ILF.BA": 8585,
  "INFY.BA": 19000,
  "ING.BA": 15040,
  "INTC.BA": 32860,
  "IP.BA": 12430,
  "IREN.BA": 7605,
  "ISRG.BA": 7200,
  "ITA.BA": 6850,
  "ITUB.BA": 11630,
  "ITUB3.BA": 11800,
  "IVE.BA": 8440,
  "IVV.BA": 1640,
  "IVW.BA": 10490,
  "IWDA.BA": 0,
  "IWM.BA": 42860,
  "JBSS3.BA": 8320,
  "JCI.BA": 109475,
  "JD.BA": 10620,
  "JMIA.BA": 10850,
  "JNJ.BA": 21930,
  "JOYY.BA": 20050,
  "JPM.BA": 29480,
  "KB.BA": 75275,
  "KEEL.BA": 40520,
  "KEP.BA": 19380,
  "KGC.BA": 44840,
  "KMB.BA": 24160,
  "KO.BA": 23390,
  "KOFM.BA": 80125,
  "LAC.BA": 7740,
  "LAR.BA": 15240,
  "LFC.BA": 1074.5,
  "LLY.BA": 28920,
  "LMT.BA": 38960,
  "LND.BA": 5595,
  "LRCX.BA": 8335,
  "LREN3.BA": 4475,
  "LVS.BA": 38040,
  "LYG.BA": 4012.5,
  "MA.BA": 22130,
  "MBG.BA": 3807.20898438,
  "MBT.BA": 650,
  "MCD.BA": 17240,
  "MDLZ.BA": 6005,
  "MDT.BA": 27500,
  "MELI.BA": 21300,
  "META.BA": 38480,
  "MFG.BA": 13440,
  "MGLU3.BA": 1791,
  "MMM.BA": 22190,
  "MO.BA": 25860,
  "MOS.BA": 6985,
  "MP.BA": 9930,
  "MRK.BA": 34940,
  "MRNA.BA": 3582.5,
  "MRSH.BA": 14820,
  "MRVL.BA": 22260,
  "MSFT.BA": 22990,
  "MSI.BA": 30560,
  "MSTR.BA": 10960,
  "MU.BA": 304550,
  "MUFG.BA": 27840,
  "MUX.BA": 15750,
  "NATU3.BA": 3075,
  "NBIS.BA": 13930,
  "NEC1.BA": 0,
  "NEE.BA": 6690,
  "NEM.BA": 52975,
  "NFLX.BA": 2677.5,
  "NG.BA": 50425,
  "NGG.BA": 60425,
  "NIO.BA": 2202,
  "NKE.BA": 5650,
  "NLM.BA": 0,
  "NMR.BA": 12070,
  "NOKA.BA": 22820,
  "NOW.BA": 1183,
  "NSAN.BA": 1545,
  "NTCO.BA": 6200,
  "NTES.BA": 13070,
  "NU.BA": 9665,
  "NUE.BA": 23180,
  "NVDA.BA": 13680,
  "NVO.BA": 9535,
  "NVS.BA": 55850,
  "NXE.BA": 17800,
  "O.BA": 6910,
  "OKLO.BA": 3510,
  "ONDS.BA": 9745,
  "ORAN.BA": 13200,
  "ORCL.BA": 115575,
  "ORLY.BA": 585.5,
  "OXY.BA": 17260,
  "PAAS.BA": 27340,
  "PAC.BA": 21990,
  "PAGS.BA": 4572.5,
  "PANW.BA": 8550,
  "PATH.BA": 9015,
  "PBI.BA": 23830,
  "PBR.BA": 28180,
  "PCAR.BA": 54575,
  "PCRF.BA": 0,
  "PDD.BA": 5085,
  "PEP.BA": 11850,
  "PETR3.BA": 13920,
  "PFE.BA": 9550,
  "PG.BA": 13920,
  "PHG.BA": 7890,
  "PINS.BA": 4287.5,
  "PKS.BA": 34300,
  "PLTR.BA": 79100,
  "PM.BA": 14530,
  "PSO.BA": 0,
  "PSQ.BA": 4687.5,
  "PSX.BA": 43420,
  "PYPL.BA": 8290,
  "QCOM.BA": 31860,
  "QQQ.BA": 55000,
  "RACE.BA": 6195,
  "RBLX.BA": 34640,
  "RCTB4.BA": 0,
  "RGTI.BA": 17970,
  "RIO.BA": 19890,
  "RIOT.BA": 13040,
  "RKLB.BA": 15930,
  "ROKU.BA": 14850,
  "ROST.BA": 86150,
  "RTX.BA": 52400,
  "SAN.BA": 72775,
  "SAP.BA": 47780,
  "SATL.BA": 13410,
  "SBS.BA": 16550,
  "SBSP3.BA": 8285,
  "SBUX.BA": 12070,
  "SCCO.BA": 140750,
  "SCHW.BA": 0,
  "SDA.BA": 552.5,
  "SE.BA": 4360,
  "SH.BA": 6090,
  "SHEL.BA": 63050,
  "SHOP.BA": 1653,
  "SI.BA": 22.45000076,
  "SID.BA": 15490,
  "SIEGY.BA": 6695.81591797,
  "SLB.BA": 26900,
  "SLV.BA": 16730,
  "SMH.BA": 17860,
  "SMSN.BA": 13143.82421875,
  "SNA.BA": 91975,
  "SNAP.BA": 8740,
  "SNDK.BA": 15500,
  "SNOW.BA": 13110,
  "SONY.BA": 4122.5,
  "SPCE.BA": 23740,
  "SPGI.BA": 14040,
  "SPHQ.BA": 9030,
  "SPOT.BA": 26900,
  "SPXL.BA": 16940,
  "SPY.BA": 18750,
  "STLA.BA": 2300,
  "STNE.BA": 5655,
  "SUZ.BA": 12200,
  "SUZB3.BA": 12440,
  "SWKS.BA": 5790,
  "SYY.BA": 13890,
  "T.BA": 12260,
  "TCOM.BA": 35280,
  "TEAM.BA": 3550,
  "TEFO.BA": 727.5,
  "TEM.BA": 6100,
  "TEN.BA": 91825,
  "TGT.BA": 7810,
  "TIIAY.BA": 0,
  "TIMB.BA": 32640,
  "TIMS3.BA": 6540,
  "TJX.BA": 11000,
  "TM.BA": 18200,
  "TMO.BA": 33240,
  "TMUS.BA": 8445,
  "TQQQ.BA": 5030,
  "TRIP.BA": 8275,
  "TRVV.BA": 72125,
  "TSLA.BA": 42080,
  "TSM.BA": 71700,
  "TTE.BA": 43260,
  "TTM.BA": 8651,
  "TV.BA": 1337,
  "TWLO.BA": 8100,
  "TXN.BA": 88975,
  "TXR.BA": 17860,
  "UAL.BA": 32940,
  "UBER.BA": 53525,
  "UGP.BA": 7615,
  "UL.BA": 27600,
  "UNH.BA": 17030,
  "UNP.BA": 19390,
  "UPST.BA": 9950,
  "URA.BA": 14700,
  "URBN.BA": 55275,
  "USB.BA": 16180,
  "USO.BA": 13400,
  "V.BA": 26780,
  "VALE.BA": 11990,
  "VALE3.BA": 24480,
  "VEA.BA": 10670,
  "VIG.BA": 8925,
  "VIST.BA": 37660,
  "VIV.BA": 19530,
  "VIVT3.BA": 9845,
  "VOD.BA": 22150,
  "VRSN.BA": 71825,
  "VRTX.BA": 6555,
  "VST.BA": 8885,
  "VXX.BA": 7180,
  "VZ.BA": 17670,
  "WBA.BA": 5360,
  "WBO.BA": 1929,
  "WEGE3.BA": 12910,
  "WFC.BA": 23000,
  "WMT.BA": 9525,
  "X.BA": 21550,
  "XLB.BA": 4220,
  "XLC.BA": 8990,
  "XLE.BA": 42260,
  "XLF.BA": 38160,
  "XLI.BA": 9100,
  "XLK.BA": 6280,
  "XLP.BA": 7670,
  "XLRE.BA": 7190,
  "XLU.BA": 4340,
  "XLV.BA": 7590,
  "XLY.BA": 4125,
  "XME.BA": 6155,
  "XOM.BA": 21910,
  "XP.BA": 6100,
  "XPEV.BA": 6485,
  "XROX.BA": 4770,
  "XYZ.BA": 5705,
  "YELP.BA": 17020,
  "YZCA.BA": 0.01,