{
  "AAL.BA": 9035,
  "AAP.BA": 5250,
  "AAPL.BA": 19850,
  "ABBV.BA": 34160,
  "ABEV.BA": 11000,
  "ABEV3.BA": 3720,
  "ABNB.BA": 11220,
  "ABT.BA": 46180,
  "ACN.BA": 4745,
  "ACWI.BA": 7800,
  "ADBE.BA": 10660,
  "ADGO.BA": 11630,
  "ADI.BA": 22860,
  "ADP.BA": 61575,
  "ADS.BA": 3942.14794922,
  "AEG.BA": 11020,
  "AEM.BA": 41100,
  "AHP.BA": 28.79999924,
  "AI.BA": 3992.5,
  "AIG.BA": 22260,
  "AKO.B.BA": 41300,
  "ALAB.BA": 4770,
  "AMAT.BA": 68650,
  "AMD.BA": 32660,
  "AMGN.BA": 16770,
  "AMX.BA": 34020,
  "AMZN.BA": 2272,
  "ANF.BA": 102200,
  "ARCO.BA": 21370,
  "ARKK.BA": 10980,
  "ARM.BA": 7565,
  "ASML.BA": 10350,
  "ASR.BA": 22150,
  "ASTS.BA": 5690,
  "AVGO.BA": 13300,
  "AVY.BA": 13680,
  "AXP.BA": 33800,
  "AZN.BA": 65500,
  "B.BA": 27780,
  "BA.BA": 11380,
  "BA.C.BA": 19160,
  "BABA.BA": 26120,
  "BAK.BA": 2261,
  "BAS.BA": 3197.76855469,
  "BAYN.BA": 3323.26293945,
  "BB.BA": 2100,
  "BBD.BA": 5215,
  "BBDC3.BA": 4500,
  "BBV.BA": 30100,
  "BCS.BA": 31040,
  "BHP.BA": 39400,
  "BIDU.BA": 15470,
  "BIIB.BA": 18860,
  "BIOX.BA": 2346,
  "BITF.BA": 19010,
  "BK.BA": 79400,
  "BKNG.BA": 10000,
  "BKR.BA": 10090,
  "BMY.BA": 22510,
  "BNG.BA": 27140,
  "BP.BA": 10530,
  "BPA11.BA": 14210,
  "BRFS.BA": 18200,
  "BRKB.BA": 33520,
  "BSBR.BA": 9100,
  "BSN.BA": 613.31298828,
  "C.BA": 48800,
  "CAAP.BA": 132200,
  "CAH.BA": 102225,
  "CAJ.BA": 4045.5,
  "CAR.BA": 7550,
  "CAT.BA": 40840,
  "CCL.BA": 12740,
  "CDE.BA": 21560,
  "CEG.BA": 11710,
  "CIBR.BA": 10810,
  "CL.BA": 38660,
  "CLS.BA": 23050,
  "COIN.BA": 13760,
  "COST.BA": 27220,
  "CRM.BA": 18580,
  "CRWV.BA": 4075,
  "CSCO.BA": 23150,
  "CSNA3.BA": 2282,
  "CVS.BA": 7440,
  "CVX.BA": 13940,
  "CX.BA": 15170,
  "DAL.BA": 10420,
  "DD.BA": 11100,
  "DE.BA": 17430,
  "DECK.BA": 4885,
  "DEO.BA": 21950,
  "DESP.BA": 22600,
  "DHR.BA": 6085,
  "DIA.BA": 34000,
  "DISN.BA": 12790,
  "DOCU.BA": 4315,
  "DOW.BA": 5225,
  "DTEA.BA": 0,
  "E.BA": 13820,
  "EA.BA": 21220,
  "EBAY.BA": 60000,
  "ECL.BA": 6840,
  "EEM.BA": 15900,
  "EFA.BA": 7585,
  "EFX.BA": 19010,
  "ELP.BA": 47240,
  "EMBJ.BA": 95500,
  "EOAN.BA": 236.04100037,
  "EQNR.BA": 5800,
  "ERIC.BA": 6900,
  "ETHA.BA": 6425,
  "ETSY.BA": 4870,
  "EWJ.BA": 8515,
  "EWZ.BA": 23870,
  "F.BA": 18990,
  "FCX.BA": 20140,
  "FDX.BA": 38720,
  "FMCC.BA": 0,
  "FMX.BA": 23200,
  "FNMA.BA": 15630,
  "FSLR.BA": 20880,
  "FXI.BA": 11540,
  "GDX.BA": 11230,
  "GE.BA": 55550,
  "GFI.BA": 59800,
  "GGB.BA": 20350,
  "GILD.BA": 46660,
  "GLD.BA": 11060,
  "GLOB.BA": 5050,
  "GLW.BA": 30060,
  "GM.BA": 16830,
  "GOOGL.BA": 7460,
  "GPRK.BA": 11720,
  "GRMN.BA": 93375,
  "GS.BA": 88775,
  "GSK.BA": 17060,
  "GT.BA": 5735,
  "HAL.BA": 19390,
  "HAPV3.BA": 4840,
  "HD.BA": 15350,
  "HDB.BA": 26920,
  "HHPD.BA": 0,
  "HL.BA": 20860,
  "HMC.BA": 43140,
  "HMY.BA": 24870,
  "HNPIY.BA": 6140,
  "HOG.BA": 11250,
  "HON.BA": 34920,
  "HOOD.BA": 5890,
  "HPQ.BA": 33320,
  "HSBC.BA": 50850,
  "HSY.BA": 12750,
  "HUT.BA": 276000,
  "HWM.BA": 298125,
  "IBB.BA": 9020,
  "IBIT.BA": 7450,
  "IBM.BA": 28460,
  "IBN.BA": 45800,
  "IEMG.BA": 8185,
  "IEUR.BA": 9040,
  "IFF.BA": 7980,
  "IJH.BA": 7785,
  "INFY.BA": 25500,
  "ING.BA": 12210,
  "INTC.BA": 10310,
  "IP.BA": 13340,
  "IREN.BA": 5675,
  "ISRG.BA": 9170,
  "ITA.BA": 6000,
  "ITUB.BA": 10980,
  "ITUB3.BA": 9650,
  "IVE.BA": 7570,
  "IVW.BA": 8840,
  "IWDA.BA": 0,
  "IWM.BA": 34440,
  "JBSS3.BA": 8320,
  "JCI.BA": 88000,
  "JD.BA": 10620,
  "JMIA.BA": 14890,
  "JNJ.BA": 19820,
  "JOYY.BA": 17760,
  "JPM.BA": 29720,
  "KB.BA": 62300,
  "KEP.BA": 24250,
  "KGC.BA": 37520,
  "KMB.BA": 25180,
  "KO.BA": 20940,
  "KOFM.BA": 64550,
  "LAC.BA": 7585,
  "LAR.BA": 8115,
  "LFC.BA": 1074.5,
  "LLY.BA": 27600,
  "LMT.BA": 34580,
  "LRCX.BA": 3902.5,
  "LREN3.BA": 4190,
  "LVS.BA": 47400,
  "LYG.BA": 3400,
  "MA.BA": 23500,
  "MBG.BA": 3807.20898438,
  "MBT.BA": 650,
  "MCD.BA": 18570,
  "MDLZ.BA": 5470,
  "MDT.BA": 37020,
  "MELI.BA": 25520,
  "META.BA": 35940,
  "MFG.BA": 9640,
  "MGLU3.BA": 2632.5,
  "MMC.BA": 16370,
  "MMM.BA": 24480,
  "MO.BA": 21610,
  "MOS.BA": 7195,
  "MRK.BA": 27840,
  "MRNA.BA": 1877,
  "MRVL.BA": 8425,
  "MSFT.BA": 23850,
  "MSI.BA": 27340,
  "MSTR.BA": 13700,
  "MU.BA": 66750,
  "MUFG.BA": 22430,
  "MUX.BA": 13010,
  "NATU3.BA": 2110,
  "NEC1.BA": 0,
  "NEM.BA": 42900,
  "NFLX.BA": 3367.5,
  "NG.BA": 53025,
  "NGG.BA": 56350,
  "NIO.BA": 2113,
  "NKE.BA": 7705,
  "NLM.BA": 0,
  "NMR.BA": 10220,
  "NOKA.BA": 8900,
  "NOW.BA": 6960,
  "NSAN.BA": 1545,
  "NTCO.BA": 6200,
  "NTES.BA": 14010,
  "NU.BA": 11460,
  "NUE.BA": 13660,
  "NVDA.BA": 11420,
  "NVS.BA": 46820,
  "NXE.BA": 12110,
  "OKLO.BA": 5385,
  "ORAN.BA": 13200,
  "ORCL.BA": 111225,
  "ORLY.BA": 657.5,
  "OXY.BA": 12260,
  "PAAS.BA": 19090,
  "PAC.BA": 20290,
  "PAGS.BA": 4830,
  "PANW.BA": 5925,
  "PATH.BA": 9910,
  "PBI.BA": 13450,
  "PBR.BA": 19170,
  "PCAR.BA": 47480,
  "PCRF.BA": 0,
  "PDD.BA": 6920,
  "PEP.BA": 12040,
  "PETR3.BA": 9540,
  "PFE.BA": 9145,
  "PG.BA": 14450,
  "PHG.BA": 7965,
  "PINS.BA": 5330,
  "PKS.BA": 26600,
  "PLTR.BA": 80875,
  "PM.BA": 12730,
  "PSO.BA": 0,
  "PSQ.BA": 5775,
  "PSX.BA": 33020,
  "PYPL.BA": 10980,
  "QCOM.BA": 22310,
  "QQQ.BA": 44120,
  "RACE.BA": 6905,
  "RBLX.BA": 71975,
  "RCTB4.BA": 0,
  "RGTI.BA": 18920,
  "RIO.BA": 12810,
  "RIOT.BA": 6470,
  "RKLB.BA": 5330,
  "ROKU.BA": 10500,
  "ROST.BA": 59000,
  "RTX.BA": 51250,
  "SAN.BA": 60600,
  "SAP.BA": 58850,
  "SATL.BA": 1951,
  "SBS.BA": 75550,
  "SBSP3.BA": 38720,
  "SBUX.BA": 10230,
  "SCCO.BA": 92825,
  "SCHW.BA": 0,
  "SDA.BA": 1343,
  "SE.BA": 6660,
  "SH.BA": 6930,
  "SHEL.BA": 54275,
  "SHOP.BA": 2006,
  "SI.BA": 22.45000076,
  "SID.BA": 17860,
  "SIEGY.BA": 6695.81591797,
  "SLB.BA": 17510,
  "SLV.BA": 11370,
  "SMH.BA": 9950,
  "SMSN.BA": 13143.82421875,
  "SNA.BA": 81275,
  "SNAP.BA": 11950,
  "SNOW.BA": 12490,
  "SONY.BA": 5275,
  "SPCE.BA": 10110,
  "SPGI.BA": 16100,
  "SPHQ.BA": 7655,
  "SPOT.BA": 32600,
  "SPXL.BA": 11940,
  "SPY.BA": 48760,
  "STLA.BA": 2842.5,
  "STNE.BA": 7795,
  "SUZ.BA": 13420,
  "SUZB3.BA": 13240,
  "SWKS.BA": 4395,
  "SYY.BA": 13850,
  "T.BA": 12380,
  "TCOM.BA": 53200,
  "TEAM.BA": 4632.5,
  "TEFO.BA": 765.5,
  "TEM.BA": 8420,
  "TEN.BA": 59475,
  "TGT.BA": 5265,
  "TIIAY.BA": 0,
  "TIMB.BA": 33540,
  "TIMS3.BA": 6970,
  "TJX.BA": 9900,
  "TM.BA": 19330,
  "TMO.BA": 38180,
  "TMUS.BA": 9400,
  "TQQQ.BA": 5860,
  "TRIP.BA": 10860,
  "TRVV.BA": 70175,
  "TSLA.BA": 39640,
  "TSM.BA": 45940,
  "TTE.BA": 31280,
  "TTM.BA": 8651,
  "TV.BA": 1369,
  "TWLO.BA": 4882.5,
  "TXN.BA": 46440,
  "TXR.BA": 13180,
  "UAL.BA": 27100,
  "UBER.BA": 65875,
  "UGP.BA": 6080,
  "UL.BA": 28920,
  "UNH.BA": 13750,
  "UNP.BA": 16350,
  "UPST.BA": 10990,
  "URA.BA": 13340,
  "URBN.BA": 44860,
  "USB.BA": 13740,
  "USO.BA": 6985,
  "V.BA": 26380,
  "VALE.BA": 8935,
  "VALE3.BA": 17770,
  "VEA.BA": 8800,
  "VIG.BA": 8140,
  "VIST.BA": 24920,
  "VIV.BA": 18960,
  "VIVT3.BA": 9450,
  "VOD.BA": 17690,
  "VRSN.BA": 60625,
  "VRTX.BA": 6145,
  "VST.BA": 10120,
  "VXX.BA": 10970,
  "VZ.BA": 15200,
  "WBA.BA": 5360,
  "WBO.BA": 2383,
  "WEGE3.BA": 11920,
  "WFC.BA": 24720,
  "WMT.BA": 8185,
  "X.BA": 21550,
  "XLB.BA": 7025,
  "XLC.BA": 8660,
  "XLE.BA": 66150,
  "XLF.BA": 37940,
  "XLI.BA": 7940,
  "XLK.BA": 8990,
  "XLP.BA": 7025,
  "XLRE.BA": 6650,
  "XLU.BA": 8680,
  "XLV.BA": 7730,
  "XLY.BA": 7695,
  "XOM.BA": 17280,
  "XP.BA": 6630,
  "XPEV.BA": 7820,
  "XROX.BA": 3600,
  "XYZ.BA": 4270,
  "YELP.BA": 21180,
  "YZCA.BA": 0.007,
  "ZM.BA": 2530,
  "ALUA.BA": 1049,
  "ALUAC.BA": 0.72000003,
  "ALUAD.BA": 0.74000001,
  "BBAR.BA": 7495,
  "BBARC.BA": 2.64280009,
  "BBARD.BA": 5.23000002,
  "BMA.BA": 11450,
  "BMA.C.BA": 7.9000001,
  "BMA.D.BA": 7.4000001,
  "BYMA.BA": 286,
  "BYMAC.BA": 0.197,
  "BYMAD.BA": 0.2,
  "CEPU.BA": 2152,
  "COME.BA": 76.30000305,
  "CRES.BA": 1752,
  "CRESC.BA": 1.11500001,
  "EDN.BA": 2387,
  "EDNC.BA": 1.66999996,
  "EDND.BA": 1.64999998,
  "GGAL.BA": 7305,
  "GGALC.BA": 5.01999998,