{
  "AAL.BA": 10650,
  "AAP.BA": 6115,
  "AAPL.BA": 23230,
  "ABBV.BA": 32040,
  "ABEV.BA": 14920,
  "ABEV3.BA": 4830,
  "ABNB.BA": 13400,
  "ABT.BA": 32540,
  "ACN.BA": 3750,
  "ACWI.BA": 9240,
  "ADBE.BA": 8970,
  "ADGO.BA": 18760,
  "ADI.BA": 41920,
  "ADP.BA": 56650,
  "ADS.BA": 3942.14794922,
  "AEG.BA": 12550,
  "AEM.BA": 44040,
  "AHP.BA": 28.79999924,
  "AI.BA": 3410,
  "AIG.BA": 22020,
  "AKO.B.BA": 44000,
  "ALAB.BA": 11560,
  "AMAT.BA": 144050,
  "AMD.BA": 76400,
  "AMGN.BA": 16260,
  "AMX.BA": 37700,
  "AMZN.BA": 2702.5,
  "ANET.BA": 9100,
  "ANF.BA": 115700,
  "ARCO.BA": 26580,
  "ARKK.BA": 12030,
  "ARM.BA": 22600,
  "ASML.BA": 17450,
  "ASR.BA": 22950,
  "ASTS.BA": 11520,
  "AVGO.BA": 18480,
  "AVY.BA": 13120,
  "AXIA.BA": 62675,
  "AXP.BA": 31260,
  "AZN.BA": 66925,
  "B.BA": 32000,
  "BA.BA": 13790,
  "BA.C.BA": 19590,
  "BABA.BA": 22100,
  "BAK.BA": 3110,
  "BAS.BA": 1770.88269043,
  "BAYN.BA": 3323.26293945,
  "BB.BA": 4962.5,
  "BBD.BA": 5330,
  "BBDC3.BA": 4445,
  "BBV.BA": 34840,
  "BCS.BA": 37580,
  "BHP.BA": 70000,
  "BIDU.BA": 18930,
  "BIIB.BA": 21530,
  "BIOX.BA": 731,
  "BKNG.BA": 365,
  "BKR.BA": 13250,
  "BMNR.BA": 3392.5,
  "BMY.BA": 27240,
  "BNG.BA": 39100,
  "BNY.BA": 105175,
  "BP.BA": 13020,
  "BPA11.BA": 15950,
  "BRFS.BA": 18200,
  "BRKB.BA": 32160,
  "BSBR.BA": 8200,
  "BSN.BA": 613.31298828,
  "BX.BA": 5810,
  "C.BA": 65650,
  "CAAP.BA": 162350,
  "CAH.BA": 97025,
  "CAJ.BA": 4045.5,
  "CAR.BA": 10000,
  "CAT.BA": 67675,
  "CBRD.BA": 459,
  "CCJ.BA": 7785,
  "CCL.BA": 13800,
  "CDE.BA": 28160,
  "CEG.BA": 8950,
  "CIBR.BA": 13980,
  "CL.BA": 44180,
  "CLS.BA": 34700,
  "COIN.BA": 9740,
  "COP.BA": 6975,
  "COPX.BA": 10000,
  "COST.BA": 29660,
  "CRM.BA": 16420,
  "CRWD.BA": 14310,
  "CRWV.BA": 6855,
  "CSCO.BA": 38400,
  "CSNA3.BA": 2040,
  "CVS.BA": 9090,
  "CVX.BA": 17510,
  "CX.BA": 19800,
  "DAL.BA": 15070,
  "DD.BA": 14110,
  "DE.BA": 21060,
  "DECK.BA": 6700,
  "DEO.BA": 19840,
  "DESP.BA": 22600,
  "DHR.BA": 4942.5,
  "DIA.BA": 38440,
  "DISN.BA": 12590,
  "DOCU.BA": 3702.5,
  "DOW.BA": 8665,
  "DTEA.BA": 0,
  "E.BA": 20010,
  "EA.BA": 21710,
  "EBAY.BA": 81725,
  "ECL.BA": 6845,
  "EEM.BA": 21250,
  "EFA.BA": 8785,
  "EFX.BA": 16620,
  "ELPC.BA": 51700,
  "EMBJ.BA": 86650,
  "EOAN.BA": 236.04100037,
  "EQNR.BA": 9150,
  "ERIC.BA": 10300,
  "ESGU.BA": 8290,
  "ETHA.BA": 4405,
  "ETSY.BA": 6550,
  "EWJ.BA": 10030,
  "EWY.BA": 6405,
  "EWZ.BA": 26980,
  "F.BA": 24660,
  "FCX.BA": 35840,
  "FDX.BA": 49840,
  "FISV.BA": 7715,
  "FMCC.BA": 11500,
  "FMX.BA": 30400,
  "FNMA.BA": 11000,
  "FSLR.BA": 25760,
  "FXI.BA": 10960,
  "GDX.BA": 13090,
  "GE.BA": 60500,
  "GFI.BA": 56875,
  "GGB.BA": 29240,
  "GILD.BA": 48160,
  "GLD.BA": 12400,
  "GLNG.BA": 7670,
  "GLOB.BA": 3582.5,
  "GLW.BA": 74650,
  "GM.BA": 20480,
  "GOOGL.BA": 9650,
  "GPRK.BA": 17130,
  "GRMN.BA": 117750,
  "GS.BA": 122425,
  "GSK.BA": 18460,
  "GT.BA": 4527.5,
  "HAL.BA": 30000,
  "HAPV3.BA": 3797.5,
  "HD.BA": 14570,
  "HDB.BA": 17790,
  "HHPD.BA": 0,
  "HIMS.BA": 10380,
  "HL.BA": 26500,
  "HMC.BA": 39660,
  "HMY.BA": 26620,
  "HNPIY.BA": 6140,
  "HOG.BA": 12250,
  "HON.BA": 43700,
  "HOOD.BA": 4522.5,
  "HPQ.BA": 42640,
  "HSBC.BA": 69400,
  "HSY.BA": 13170,
  "HUT.BA": 41240,
  "HWM.BA": 377575,
  "IBB.BA": 9190,
  "IBIT.BA": 5805,
  "IBM.BA": 32200,
  "IBN.BA": 38080,
  "ICLN.BA": 7100,
  "IEMG.BA": 10760,
  "IEUR.BA": 10410,
  "IFF.BA": 9245,
  "IJH.BA": 9365,
  "ILF.BA": 8765,
  "INFY.BA": 19540,
  "ING.BA": 15500,
  "INTC.BA": 32380,
  "IP.BA": 12770,
  "IREN.BA": 8470,
  "ISRG.BA": 6845,
  "ITA.BA": 6915,
  "ITUB.BA": 11890,
  "ITUB3.BA": 11960,
  "IVE.BA": 8535,
  "IVV.BA": 1663,
  "IVW.BA": 10660,
  "IWDA.BA": 0,
  "IWM.BA": 43800,
  "JBSS3.BA": 8320,
  "JCI.BA": 109475,
  "JD.BA": 11490,
  "JMIA.BA": 10620,
  "JNJ.BA": 22270,
  "JOYY.BA": 20620,
  "JPM.BA": 29880,
  "KB.BA": 78475,
  "KEEL.BA": 47800,
  "KEP.BA": 19330,
  "KGC.BA": 43320,
  "KMB.BA": 24510,
  "KO.BA": 23590,
  "KOFM.BA": 82275,
  "LAC.BA": 9200,
  "LAR.BA": 16080,
  "LFC.BA": 1074.5,
  "LLY.BA": 28500,
  "LMT.BA": 38600,
  "LND.BA": 5595,
  "LRCX.BA": 8905,
  "LREN3.BA": 4437.5,
  "LVS.BA": 38740,
  "LYG.BA": 4102.5,
  "MA.BA": 22060,
  "MBG.BA": 3807.20898438,
  "MBT.BA": 650,
  "MCD.BA": 17240,
  "MDLZ.BA": 6100,
  "MDT.BA": 27940,
  "MELI.BA": 21320,
  "META.BA": 37920,
  "MFG.BA": 13530,
  "MGLU3.BA": 1760,
  "MMM.BA": 22510,
  "MO.BA": 25740,
  "MOS.BA": 7120,
  "MP.BA": 10860,
  "MRK.BA": 34640,
  "MRNA.BA": 3520,
  "MRSH.BA": 15050,
  "MRVL.BA": 29960,
  "MSFT.BA": 22260,
  "MSI.BA": 31000,
  "MSTR.BA": 10360,
  "MU.BA": 308675,
  "MUFG.BA": 28720,
  "MUX.BA": 16520,
  "NATU3.BA": 2900,
  "NBIS.BA": 14880,
  "NEC1.BA": 0,
  "NEE.BA": 6770,
  "NEM.BA": 54225,
  "NFLX.BA": 2645,
  "NG.BA": 49780,
  "NGG.BA": 61025,
  "NIO.BA": 2275,
  "NKE.BA": 5550,
  "NLM.BA": 0,
  "NMR.BA": 12490,
  "NOKA.BA": 25200,
  "NOW.BA": 1099,
  "NSAN.BA": 1545,
  "NTCO.BA": 6200,
  "NTES.BA": 13360,
  "NU.BA": 8985,
  "NUE.BA": 23970,
  "NVDA.BA": 14210,
  "NVO.BA": 9310,
  "NVS.BA": 54225,
  "NXE.BA": 17800,
  "O.BA": 6930,
  "OKLO.BA": 3732.5,
  "ONDS.BA": 10100,
  "ORAN.BA": 13200,
  "ORCL.BA": 120925,
  "ORLY.BA": 573,
  "OXY.BA": 17770,
  "PAAS.BA": 27720,
  "PAC.BA": 21970,
  "PAGS.BA": 4650,
  "PANW.BA": 8820,
  "PATH.BA": 8900,
  "PBI.BA": 25240,
  "PBR.BA": 28280,
  "PCAR.BA": 55800,
  "PCRF.BA": 0,
  "PDD.BA": 5295,
  "PEP.BA": 11860,
  "PETR3.BA": 13640,
  "PFE.BA": 9575,
  "PG.BA": 14000,
  "PHG.BA": 7715,
  "PINS.BA": 4430,
  "PKS.BA": 33960,
  "PLTR.BA": 76325,
  "PM.BA": 14420,
  "PSO.BA": 0,
  "PSQ.BA": 4700,
  "PSX.BA": 45540,
  "PYPL.BA": 8440,
  "QCOM.BA": 32800,
  "QQQ.BA": 55925,
  "RACE.BA": 6300,
  "RBLX.BA": 33660,
  "RCTB4.BA": 0,
  "RGTI.BA": 19720,
  "RIO.BA": 21000,
  "RIOT.BA": 14260,
  "RKLB.BA": 15870,
  "ROKU.BA": 14660,
  "ROST.BA": 83600,
  "RTX.BA": 52625,
  "SAN.BA": 75175,
  "SAP.BA": 46980,
  "SATL.BA": 13220,
  "SBS.BA": 16510,
  "SBSP3.BA": 8225,
  "SBUX.BA": 12060,
  "SCCO.BA": 151250,
  "SCHW.BA": 0,
  "SDA.BA": 950,
  "SE.BA": 4380,
  "SH.BA": 6140,
  "SHEL.BA": 64900,
  "SHOP.BA": 1634,
  "SI.BA": 22.45000076,
  "SID.BA": 17150,
  "SIEGY.BA": 6695.81591797,
  "SLB.BA": 28000,
  "SLV.BA": 17170,
  "SMH.BA": 18800,
  "SMSN.BA": 13143.82421875,
  "SNA.BA": 91000,
  "SNAP.BA": 8670,
  "SNDK.BA": 15380,
  "SNOW.BA": 12800,
  "SONY.BA": 4282.5,
  "SPCE.BA": 15120,
  "SPGI.BA": 13890,
  "SPHQ.BA": 9180,
  "SPOT.BA": 26900,
  "SPXL.BA": 17300,
  "SPY.BA": 19020,
  "STLA.BA": 2305,
  "STNE.BA": 5650,
  "SUZ.BA": 12180,
  "SUZB3.BA": 12120,
  "SWKS.BA": 5300,
  "SYY.BA": 13730,
  "T.BA": 12210,
  "TCOM.BA": 36600,
  "TEAM.BA": 3325,
  "TEFO.BA": 727.5,
  "TEM.BA": 6335,
  "TEN.BA": 96275,
  "TGT.BA": 7730,
  "TIIAY.BA": 0,
  "TIMB.BA": 32660,
  "TIMS3.BA": 6535,
  "TJX.BA": 10950,
  "TM.BA": 18170,
  "TMO.BA": 33260,
  "TMUS.BA": 8700,
  "TQQQ.BA": 5205,
  "TRIP.BA": 8905,
  "TRVV.BA": 72250,
  "TSLA.BA": 42260,
  "TSM.BA": 73625,
  "TTE.BA": 44680,
  "TTM.BA": 8651,
  "TV.BA": 1358,
  "TWLO.BA": 9245,
  "TXN.BA": 90825,
  "TXR.BA": 18970,
  "UAL.BA": 33320,
  "UBER.BA": 54350,
  "UGP.BA": 7705,
  "UL.BA": 27880,
  "UNH.BA": 17260,
  "UNP.BA": 19850,
  "UPST.BA": 9775,
  "URA.BA": 15690,
  "URBN.BA": 53350,
  "USB.BA": 16200,
  "USO.BA": 13470,
  "V.BA": 26480,
  "VALE.BA": 12660,
  "VALE3.BA": 24600,
  "VEA.BA": 10870,
  "VIG.BA": 9040,
  "VIST.BA": 38200,
  "VIV.BA": 19890,
  "VIVT3.BA": 9730,
  "VOD.BA": 22720,
  "VRSN.BA": 74000,
  "VRTX.BA": 6385,
  "VST.BA": 9050,
  "VXX.BA": 7430,
  "VZ.BA": 17840,
  "WBA.BA": 5360,
  "WBO.BA": 2024,
  "WEGE3.BA": 13100,
  "WFC.BA": 23530,
  "WMT.BA": 9430,
  "X.BA": 21550,
  "XLB.BA": 4297.5,
  "XLC.BA": 9055,
  "XLE.BA": 43360,
  "XLF.BA": 38540,
  "XLI.BA": 9340,
  "XLK.BA": 6440,
  "XLP.BA": 7685,
  "XLRE.BA": 7250,
  "XLU.BA": 4372.5,
  "XLV.BA": 7605,
  "XLY.BA": 4122.5,
  "XME.BA": 6595,
  "XOM.BA": 22390,
  "XP.BA": 6175,
  "XPEV.BA": 6725,
  "XROX.BA": 4780,
  "XYZ.BA": 5570,
  "YELP.BA": 17180,