{
  "AAL.BA": 8890,
  "AAP.BA": 5490,
  "AAPL.BA": 15250,
  "ABBV.BA": 28400,
  "ABEV.BA": 9030,
  "ABEV3.BA": 2970,
  "ABNB.BA": 11600,
  "ABT.BA": 44475,
  "ACN.BA": 4640,
  "ACWI.BA": 6920,
  "ADBE.BA": 11100,
  "ADGO.BA": 11800,
  "ADI.BA": 22625,
  "ADP.BA": 68150,
  "ADS.BA": 3942.14794922,
  "AEG.BA": 10550,
  "AEM.BA": 30650,
  "AHP.BA": 28.79999924,
  "AI.BA": 4680,
  "AIG.BA": 22150,
  "AKO.B.BA": 31650,
  "AMAT.BA": 43525,
  "AMD.BA": 21950,
  "AMGN.BA": 13125,
  "AMX.BA": 27000,
  "AMZN.BA": 2125,
  "ANF.BA": 132000,
  "ARCO.BA": 19150,
  "ARKK.BA": 10225,
  "ARM.BA": 6830,
  "ASML.BA": 6950,
  "ASR.BA": 21850,
  "AVGO.BA": 10175,
  "AVY.BA": 13225,
  "AXP.BA": 28600,
  "AZN.BA": 54550,
  "B.BA": 17825,
  "BA.BA": 12750,
  "BA.C.BA": 16550,
  "BABA.BA": 18775,
  "BAK.BA": 2140,
  "BAS.BA": 3197.76855469,
  "BAYN.BA": 3323.26293945,
  "BB.BA": 1660,
  "BBD.BA": 4005,
  "BBDC3.BA": 3510,
  "BBV.BA": 25450,
  "BCS.BA": 27350,
  "BHP.BA": 37625,
  "BIDU.BA": 11300,
  "BIIB.BA": 14400,
  "BIOX.BA": 3850,
  "BITF.BA": 8270,
  "BK.BA": 68500,
  "BKNG.BA": 11025,
  "BKR.BA": 8550,
  "BMY.BA": 21300,
  "BNG.BA": 23425,
  "BP.BA": 9300,
  "BPA11.BA": 10525,
  "BRFS.BA": 14700,
  "BRKB.BA": 29800,
  "BSBR.BA": 6790,
  "BSN.BA": 613.31298828,
  "C.BA": 42600,
  "CAAP.BA": 117350,
  "CAH.BA": 66050,
  "CAJ.BA": 4045.5,
  "CAR.BA": 7930,
  "CAT.BA": 29225,
  "CCL.BA": 14025,
  "CDE.BA": 16125,
  "CEG.BA": 9390,
  "CIBR.BA": 9770,
  "CL.BA": 38250,
  "CLS.BA": 12525,
  "COIN.BA": 15375,
  "COST.BA": 26600,
  "CRM.BA": 18525,
  "CSCO.BA": 18100,
  "CSNA3.BA": 1710,
  "CVS.BA": 6370,
  "CVX.BA": 13200,
  "CX.BA": 11800,
  "DAL.BA": 10300,
  "DD.BA": 20650,
  "DE.BA": 16525,
  "DECK.BA": 5830,
  "DEO.BA": 25600,
  "DESP.BA": 22600,
  "DHR.BA": 5280,
  "DIA.BA": 30650,
  "DISN.BA": 13275,
  "DOCU.BA": 4560,
  "DOW.BA": 5540,
  "DTEA.BA": 0,
  "E.BA": 11500,
  "EA.BA": 16475,
  "EBAY.BA": 66650,
  "EBR.BA": 41675,
  "EEM.BA": 13550,
  "EFA.BA": 6930,
  "EFX.BA": 21150,
  "ELP.BA": 35925,
  "EOAN.BA": 236.04100037,
  "EQNR.BA": 5700,
  "ERIC.BA": 5280,
  "ERJ.BA": 77000,
  "ETHA.BA": 9440,
  "ETSY.BA": 5110,
  "EWJ.BA": 7630,
  "EWZ.BA": 19300,
  "F.BA": 15700,
  "FCX.BA": 19425,
  "FDX.BA": 31850,
  "FMCC.BA": 0,
  "FMX.BA": 19825,
  "FMX.B.BA": 0,
  "FNMA.BA": 14300,
  "FSLR.BA": 14700,
  "FXI.BA": 10600,
  "GDX.BA": 8110,
  "GE.BA": 45400,
  "GFI.BA": 43350,
  "GGB.BA": 16225,
  "GILD.BA": 38550,
  "GLD.BA": 8330,
  "GLOB.BA": 5150,
  "GLW.BA": 21850,
  "GM.BA": 13050,
  "GOOGL.BA": 4785,
  "GPRK.BA": 8750,
  "GRMN.BA": 105100,
  "GS.BA": 76800,
  "GSK.BA": 13450,
  "GT.BA": 5730,
  "HAL.BA": 14800,
  "HAPV3.BA": 9370,
  "HD.BA": 17150,
  "HDB.BA": 49175,
  "HHPD.BA": 0,
  "HL.BA": 10575,
  "HMC.BA": 46125,
  "HMY.BA": 21550,
  "HNPIY.BA": 6140,
  "HOG.BA": 12775,
  "HON.BA": 37000,
  "HPQ.BA": 37200,
  "HSBC.BA": 44175,
  "HSY.BA": 11500,
  "HUT.BA": 148650,
  "HWM.BA": 226950,
  "IBB.BA": 6970,
  "IBIT.BA": 8490,
  "IBM.BA": 21650,
  "IBN.BA": 43875,
  "IEMG.BA": 7040,
  "IEUR.BA": 8320,
  "IFF.BA": 7550,
  "IJH.BA": 7290,
  "INFY.BA": 23450,
  "ING.BA": 11100,
  "INTC.BA": 6710,
  "IP.BA": 16275,
  "ISRG.BA": 6900,
  "ITUB.BA": 9270,
  "ITUB3.BA": 8170,
  "IVE.BA": 6810,
  "IVW.BA": 7710,
  "IWM.BA": 31375,
  "JBSS3.BA": 8320,
  "JCI.BA": 70950,
  "JD.BA": 10875,
  "JMIA.BA": 10875,
  "JNJ.BA": 16100,
  "JOYY.BA": 14100,
  "JPM.BA": 26650,
  "KB.BA": 53250,
  "KEP.BA": 18850,
  "KGC.BA": 26500,
  "KMB.BA": 29725,
  "KO.BA": 18850,
  "KOFM.BA": 58200,
  "LAC.BA": 3725,
  "LAR.BA": 4230,
  "LFC.BA": 1074.5,
  "LLY.BA": 17050,
  "LMT.BA": 29975,
  "LRCX.BA": 2415,
  "LVS.BA": 36600,
  "LYG.BA": 3070,
  "MA.BA": 24325,
  "MBG.BA": 3807.20898438,
  "MBT.BA": 650,
  "MCD.BA": 17600,
  "MDLZ.BA": 5660,
  "MDT.BA": 30950,
  "MELI.BA": 27175,
  "META.BA": 42150,
  "MFG.BA": 8670,
  "MGLU3.BA": 1750,
  "MMC.BA": 17525,
  "MMM.BA": 21100,
  "MO.BA": 22725,
  "MOS.BA": 8760,
  "MRK.BA": 23425,
  "MRNA.BA": 1870,
  "MRVL.BA": 7020,
  "MSFT.BA": 22625,
  "MSI.BA": 30900,
  "MSTR.BA": 23075,
  "MU.BA": 31425,
  "MUFG.BA": 20825,
  "MUX.BA": 7310,
  "NATU3.BA": 2285,
  "NEC1.BA": 0,
  "NEM.BA": 32000,
  "NFLX.BA": 34100,
  "NG.BA": 32400,
  "NGG.BA": 47400,
  "NIO.BA": 2145,
  "NKE.BA": 8900,
  "NLM.BA": 0,
  "NMR.BA": 9830,
  "NOKA.BA": 5800,
  "NOW.BA": 6890,
  "NSAN.BA": 1545,
  "NTCO.BA": 6200,
  "NTES.BA": 13150,
  "NU.BA": 9420,
  "NUE.BA": 12475,
  "NVDA.BA": 9920,
  "NVS.BA": 42400,
  "NXE.BA": 9650,
  "ORAN.BA": 13200,
  "ORCL.BA": 105900,
  "ORLY.BA": 615,
  "OXY.BA": 12275,
  "PAAS.BA": 14550,
  "PAC.BA": 20550,
  "PAGS.BA": 3865,
  "PANW.BA": 4915,
  "PATH.BA": 7500,
  "PBI.BA": 16100,
  "PBR.BA": 16375,
  "PCAR.BA": 45325,
  "PCRF.BA": 0,
  "PDD.BA": 7000,
  "PEP.BA": 11100,
  "PETR3.BA": 8240,
  "PFE.BA": 8610,
  "PG.BA": 14150,
  "PHG.BA": 7590,
  "PINS.BA": 6790,
  "PKS.BA": 24725,
  "PLTR.BA": 68000,
  "PM.BA": 12850,
  "PSO.BA": 0,
  "PSQ.BA": 5510,
  "PSX.BA": 29100,
  "PYPL.BA": 11650,
  "QCOM.BA": 19100,
  "QQQ.BA": 38350,
  "RACE.BA": 7610,
  "RBLX.BA": 84500,
  "RCTB4.BA": 0,
  "RGTI.BA": 9670,
  "RIO.BA": 10525,
  "RIOT.BA": 5560,
  "ROKU.BA": 9870,
  "ROST.BA": 48825,
  "RTX.BA": 41775,
  "SAN.BA": 52250,
  "SAP.BA": 61200,
  "SATL.BA": 4600,
  "SBS.BA": 58350,
  "SBSP3.BA": 26750,
  "SBUX.BA": 9720,
  "SCCO.BA": 65700,
  "SCHW.BA": 0,
  "SDA.BA": 1560,
  "SE.BA": 7800,
  "SH.BA": 6450,
  "SHEL.BA": 49250,
  "SHOP.BA": 1775,
  "SID.BA": 14475,
  "SIEGY.BA": 6695.81591797,
  "SLB.BA": 15900,
  "SLV.BA": 7870,
  "SMH.BA": 7880,
  "SMSN.BA": 13143.82421875,
  "SNA.BA": 73750,
  "SNAP.BA": 9600,
  "SNOW.BA": 8920,
  "SONY.BA": 4735,
  "SPCE.BA": 8950,
  "SPGI.BA": 16650,
  "SPOT.BA": 33975,
  "SPXL.BA": 10350,
  "SPY.BA": 43325,
  "STLA.BA": 2705,
  "STNE.BA": 6860,
  "SUZ.BA": 13150,
  "SUZB3.BA": 13075,
  "SWKS.BA": 4810,
  "SYY.BA": 13450,
  "T.BA": 12950,
  "TCOM.BA": 43200,
  "TEAM.BA": 4850,
  "TEFO.BA": 909,
  "TEM.BA": 8820,
  "TEN.BA": 48725,
  "TGT.BA": 5490,
  "TIIAY.BA": 0,
  "TIMB.BA": 27775,
  "TIMS3.BA": 5640,
  "TJX.BA": 8400,
  "TM.BA": 17950,
  "TMO.BA": 30575,
  "TMUS.BA": 10175,
  "TRIP.BA": 11750,
  "TRVV.BA": 61600,
  "TSLA.BA": 30350,
  "TSM.BA": 34800,
  "TTE.BA": 28525,
  "TTM.BA": 8651,
  "TV.BA": 1115,
  "TWLO.BA": 3940,
  "TXN.BA": 55200,
  "TXR.BA": 11025,
  "UAL.BA": 27375,
  "UBER.BA": 65100,
  "UGP.BA": 4460,
  "UL.BA": 28250,
  "UNH.BA": 12425,
  "UNP.BA": 15200,
  "UPST.BA": 18175,
  "URA.BA": 10550,
  "URBN.BA": 51200,
  "USB.BA": 12750,
  "USO.BA": 6650,
  "V.BA": 26100,
  "VALE.BA": 6820,
  "VALE3.BA": 13450,
  "VEA.BA": 7990,
  "VIG.BA": 7290,
  "VIST.BA": 17575,
  "VIV.BA": 16900,
  "VIVT3.BA": 8510,
  "VOD.BA": 15825,
  "VRSN.BA": 60800,
  "VRTX.BA": 5280,
  "VST.BA": 9720,
  "VZ.BA": 14875,
  "WBA.BA": 5410,
  "WBO.BA": 2575,
  "WEGE3.BA": 9090,
  "WFC.BA": 21300,
  "WMT.BA": 7250,
  "X.BA": 21550,
  "XLB.BA": 6850,
  "XLC.BA": 7840,
  "XLE.BA": 59100,
  "XLF.BA": 35950,
  "XLI.BA": 7310,
  "XLK.BA": 7640,
  "XLP.BA": 6870,
  "XLRE.BA": 6330,
  "XLU.BA": 7690,
  "XLV.BA": 6380,
  "XLY.BA": 7230,
  "XOM.BA": 14900,
  "XP.BA": 5590,
  "XPEV.BA": 7820,
  "XROX.BA": 5250,
  "XYZ.BA": 5300,
  "YELP.BA": 21575,
  "YZCA.BA": 0.007,
  "ZM.BA": 2390,
  "ALUA.BA": 688,
  "ALUAC.BA": 0.52200001,
  "ALUAD.BA": 0.508,
  "BBAR.BA": 5870,
  "BBARC.BA": 4.61999989,
  "BBARD.BA": 4.36,
  "BMA.BA": 8410,
  "BMA.C.BA": 7.09000015,
  "BMA.D.BA": 6.34,
  "BYMA.BA": 188.75,
  "BYMAC.BA": 0.149,
  "BYMAD.BA": 0.14,
  "CEPU.BA": 1405,
  "COME.BA": 50.4,
  "CRES.BA": 1415,
  "CRESC.BA": 0.32300001,
  "EDN.BA": 1525,
  "EDNC.BA": 1.42499995,
  "EDND.BA": 1.19000006,
  "GGAL.BA": 5800,
  "GGALC.BA": 4.63999987,
  "GGALD.BA": 4.35,
  "IRSAC.BA": 1.58000004,
  "IRSAD.BA": 1.54,
  "LOMA.BA": 2630,
  "LOMAD.BA": 2,
  "MIRG.BA": 20725,
  "PAMP.BA": 3615,
  "SUPV.BA": 2310,
  "SUPVD.BA": 1.82,
  "TECO2.BA": 2380,
  "TECOC.BA": 1.95500004,
  "TGN4C.BA": 2.70499992,
  "TGN4D.BA": 2.49,
  "TGNO4.BA": 3350,
  "TGSU2.BA": 7220,