{
  "AAL.BA": 11340,
  "AAP.BA": 5230,
  "AAPL.BA": 21010,
  "ABBV.BA": 33840,
  "ABEV.BA": 10920,
  "ABEV3.BA": 3705,
  "ABNB.BA": 12770,
  "ABT.BA": 46200,
  "ACN.BA": 5420,
  "ACWI.BA": 8265,
  "ADBE.BA": 11820,
  "ADGO.BA": 11820,
  "ADI.BA": 28100,
  "ADP.BA": 64900,
  "ADS.BA": 3942.14794922,
  "AEG.BA": 10770,
  "AEM.BA": 40720,
  "AHP.BA": 28.79999924,
  "AI.BA": 4877.5,
  "AIG.BA": 23120,
  "AKO.B.BA": 41480,
  "ALAB.BA": 5665,
  "AMAT.BA": 82350,
  "AMD.BA": 33400,
  "AMGN.BA": 15870,
  "AMX.BA": 31840,
  "AMZN.BA": 2421,
  "ANF.BA": 159625,
  "ARCO.BA": 21870,
  "ARKK.BA": 12490,
  "ARM.BA": 8230,
  "ASML.BA": 11490,
  "ASR.BA": 23190,
  "ASTS.BA": 7890,
  "AVGO.BA": 15810,
  "AVY.BA": 14600,
  "AXP.BA": 37800,
  "AZN.BA": 68350,
  "B.BA": 30940,
  "BA.BA": 12510,
  "BA.C.BA": 20380,
  "BABA.BA": 26700,
  "BAK.BA": 2233,
  "BAS.BA": 3197.76855469,
  "BAYN.BA": 3323.26293945,
  "BB.BA": 2184,
  "BBD.BA": 4995,
  "BBDC3.BA": 4362.5,
  "BBV.BA": 33440,
  "BCS.BA": 35660,
  "BHP.BA": 45180,
  "BIDU.BA": 17200,
  "BIIB.BA": 20440,
  "BIOX.BA": 2394,
  "BITF.BA": 22230,
  "BK.BA": 88575,
  "BKNG.BA": 11190,
  "BKR.BA": 10020,
  "BMY.BA": 25740,
  "BNG.BA": 27180,
  "BP.BA": 10720,
  "BPA11.BA": 17000,
  "BRFS.BA": 18200,
  "BRKB.BA": 33640,
  "BSBR.BA": 8745,
  "BSN.BA": 613.31298828,
  "C.BA": 55875,
  "CAAP.BA": 152725,
  "CAH.BA": 99700,
  "CAJ.BA": 4045.5,
  "CAR.BA": 7780,
  "CAT.BA": 45840,
  "CCL.BA": 13270,
  "CDE.BA": 23900,
  "CEG.BA": 12160,
  "CIBR.BA": 11430,
  "CL.BA": 39020,
  "CLS.BA": 26140,
  "COIN.BA": 15210,
  "COST.BA": 27400,
  "CRM.BA": 22030,
  "CRWV.BA": 4932.5,
  "CSCO.BA": 24210,
  "CSNA3.BA": 2702.5,
  "CVS.BA": 8410,
  "CVX.BA": 14200,
  "CX.BA": 16400,
  "DAL.BA": 12950,
  "DD.BA": 12330,
  "DE.BA": 17540,
  "DECK.BA": 6020,
  "DEO.BA": 21480,
  "DESP.BA": 22600,
  "DHR.BA": 6330,
  "DIA.BA": 36220,
  "DISN.BA": 13670,
  "DOCU.BA": 4655,
  "DOW.BA": 6060,
  "DTEA.BA": 0,
  "E.BA": 14050,
  "EA.BA": 21840,
  "EBAY.BA": 62325,
  "ECL.BA": 6890,
  "EEM.BA": 16570,
  "EFA.BA": 8015,
  "EFX.BA": 20090,
  "ELP.BA": 45900,
  "EMBJ.BA": 98750,
  "EOAN.BA": 236.04100037,
  "EQNR.BA": 5750,
  "ERIC.BA": 7220,
  "ETHA.BA": 7685,
  "ETSY.BA": 5170,
  "EWJ.BA": 8970,
  "EWZ.BA": 24530,
  "F.BA": 19910,
  "FCX.BA": 22980,
  "FDX.BA": 42560,
  "FMCC.BA": 0,
  "FMX.BA": 25660,
  "FNMA.BA": 17020,
  "FSLR.BA": 22170,
  "FXI.BA": 11790,
  "GDX.BA": 12400,
  "GE.BA": 53150,
  "GFI.BA": 64525,
  "GGB.BA": 21360,
  "GILD.BA": 45460,
  "GLD.BA": 11620,
  "GLOB.BA": 5730,
  "GLW.BA": 35500,
  "GM.BA": 20020,
  "GOOGL.BA": 8275,
  "GPRK.BA": 11020,
  "GRMN.BA": 104725,
  "GS.BA": 103100,
  "GSK.BA": 18110,
  "GT.BA": 6645,
  "HAL.BA": 21870,
  "HAPV3.BA": 3787.5,
  "HD.BA": 16390,
  "HDB.BA": 26480,
  "HHPD.BA": 0,
  "HL.BA": 25860,
  "HMC.BA": 45500,
  "HMY.BA": 29820,
  "HNPIY.BA": 6140,
  "HOG.BA": 11290,
  "HON.BA": 36040,
  "HOOD.BA": 7080,
  "HPQ.BA": 38240,
  "HSBC.BA": 55750,
  "HSY.BA": 12850,
  "HUT.BA": 345075,
  "HWM.BA": 291450,
  "IBB.BA": 9400,
  "IBIT.BA": 7910,
  "IBM.BA": 31480,
  "IBN.BA": 45420,
  "IEMG.BA": 8515,
  "IEUR.BA": 9570,
  "IFF.BA": 8050,
  "IJH.BA": 8455,
  "INFY.BA": 27280,
  "ING.BA": 13370,
  "INTC.BA": 12230,
  "IP.BA": 14300,
  "IREN.BA": 5665,
  "ISRG.BA": 9000,
  "ITA.BA": 6160,
  "ITUB.BA": 11370,
  "ITUB3.BA": 9875,
  "IVE.BA": 8000,
  "IVW.BA": 9390,
  "IWDA.BA": 0,
  "IWM.BA": 38260,
  "JBSS3.BA": 8320,
  "JCI.BA": 86225,
  "JD.BA": 11150,
  "JMIA.BA": 18730,
  "JNJ.BA": 20590,
  "JOYY.BA": 19100,
  "JPM.BA": 30940,
  "KB.BA": 64650,
  "KEP.BA": 25220,
  "KGC.BA": 40720,
  "KMB.BA": 25960,
  "KO.BA": 21020,
  "KOFM.BA": 68425,
  "LAC.BA": 7640,
  "LAR.BA": 7740,
  "LFC.BA": 1074.5,
  "LLY.BA": 26780,
  "LMT.BA": 35480,
  "LRCX.BA": 4517.5,
  "LREN3.BA": 3885,
  "LVS.BA": 49900,
  "LYG.BA": 3787.5,
  "MA.BA": 24600,
  "MBG.BA": 3807.20898438,
  "MBT.BA": 650,
  "MCD.BA": 19400,
  "MDLZ.BA": 5370,
  "MDT.BA": 37780,
  "MELI.BA": 24870,
  "META.BA": 40600,
  "MFG.BA": 10960,
  "MGLU3.BA": 2717.5,
  "MMC.BA": 16940,
  "MMM.BA": 24970,
  "MO.BA": 22060,
  "MOS.BA": 7100,
  "MRK.BA": 29240,
  "MRNA.BA": 2273,
  "MRVL.BA": 9835,
  "MSFT.BA": 23990,
  "MSI.BA": 28040,
  "MSTR.BA": 13870,
  "MU.BA": 78600,
  "MUFG.BA": 23800,
  "MUX.BA": 13910,
  "NATU3.BA": 2121,
  "NEC1.BA": 0,
  "NEM.BA": 47320,
  "NFLX.BA": 2930,
  "NG.BA": 56575,
  "NGG.BA": 56000,
  "NIO.BA": 1916,
  "NKE.BA": 8215,
  "NLM.BA": 0,
  "NMR.BA": 12170,
  "NOKA.BA": 9410,
  "NOW.BA": 7495,
  "NSAN.BA": 1545,
  "NTCO.BA": 6200,
  "NTES.BA": 14610,
  "NU.BA": 12610,
  "NUE.BA": 15140,
  "NVDA.BA": 11530,
  "NVS.BA": 49260,
  "NXE.BA": 14000,
  "OKLO.BA": 5465,
  "ORAN.BA": 13200,
  "ORCL.BA": 110425,
  "ORLY.BA": 614,
  "OXY.BA": 12500,
  "PAAS.BA": 24290,
  "PAC.BA": 22960,
  "PAGS.BA": 5100,
  "PANW.BA": 5810,
  "PATH.BA": 14130,
  "PBI.BA": 15110,
  "PBR.BA": 18340,
  "PCAR.BA": 56625,
  "PCRF.BA": 0,
  "PDD.BA": 6950,
  "PEP.BA": 12400,
  "PETR3.BA": 9385,
  "PFE.BA": 9660,
  "PG.BA": 14010,
  "PHG.BA": 8045,
  "PINS.BA": 5955,
  "PKS.BA": 26900,
  "PLTR.BA": 94950,
  "PM.BA": 12550,
  "PSO.BA": 0,
  "PSQ.BA": 5635,
  "PSX.BA": 35700,
  "PYPL.BA": 11500,
  "QCOM.BA": 24890,
  "QQQ.BA": 47140,
  "RACE.BA": 6580,
  "RBLX.BA": 72150,
  "RCTB4.BA": 0,
  "RGTI.BA": 20260,
  "RIO.BA": 14200,
  "RIOT.BA": 7745,
  "RKLB.BA": 7245,
  "ROKU.BA": 12060,
  "ROST.BA": 68000,
  "RTX.BA": 53275,
  "SAN.BA": 67675,
  "SAP.BA": 61575,
  "SATL.BA": 3020,
  "SBS.BA": 75500,
  "SBSP3.BA": 40000,
  "SBUX.BA": 10450,
  "SCCO.BA": 107150,
  "SCHW.BA": 0,
  "SDA.BA": 1394,
  "SE.BA": 5855,
  "SH.BA": 6780,
  "SHEL.BA": 54600,
  "SHOP.BA": 2327,
  "SI.BA": 22.45000076,
  "SID.BA": 21350,
  "SIEGY.BA": 6695.81591797,
  "SLB.BA": 19890,
  "SLV.BA": 13810,
  "SMH.BA": 11220,
  "SMSN.BA": 13143.82421875,
  "SNA.BA": 87525,
  "SNAP.BA": 11850,
  "SNOW.BA": 10960,
  "SONY.BA": 5080,
  "SPCE.BA": 11080,
  "SPGI.BA": 16410,
  "SPHQ.BA": 8120,
  "SPOT.BA": 32420,
  "SPXL.BA": 13590,
  "SPY.BA": 51700,
  "STLA.BA": 3587.5,
  "STNE.BA": 7455,
  "SUZ.BA": 14110,
  "SUZB3.BA": 13550,
  "SWKS.BA": 4995,
  "SYY.BA": 13700,
  "T.BA": 12210,
  "TCOM.BA": 54375,
  "TEAM.BA": 5200,
  "TEFO.BA": 795.5,
  "TEM.BA": 9580,
  "TEN.BA": 60925,
  "TGT.BA": 5880,
  "TIIAY.BA": 0,
  "TIMB.BA": 32400,
  "TIMS3.BA": 6755,
  "TJX.BA": 10480,
  "TM.BA": 20050,
  "TMO.BA": 38980,
  "TMUS.BA": 8980,
  "TQQQ.BA": 3392.5,
  "TRIP.BA": 11640,
  "TRVV.BA": 70250,
  "TSLA.BA": 45140,
  "TSM.BA": 52050,
  "TTE.BA": 32620,
  "TTM.BA": 8651,
  "TV.BA": 1502,
  "TWLO.BA": 5625,
  "TXN.BA": 54275,
  "TXR.BA": 14140,
  "UAL.BA": 31780,
  "UBER.BA": 62875,
  "UGP.BA": 5840,
  "UL.BA": 30100,
  "UNH.BA": 14860,
  "UNP.BA": 17640,
  "UPST.BA": 14460,
  "URA.BA": 14270,
  "URBN.BA": 59550,
  "USB.BA": 16070,
  "USO.BA": 7075,
  "V.BA": 27380,
  "VALE.BA": 9670,
  "VALE3.BA": 19170,
  "VEA.BA": 9355,
  "VIG.BA": 8585,
  "VIST.BA": 25840,
  "VIV.BA": 18600,
  "VIVT3.BA": 9980,
  "VOD.BA": 18770,
  "VRSN.BA": 60825,
  "VRTX.BA": 6555,
  "VST.BA": 9535,
  "VXX.BA": 9090,
  "VZ.BA": 14950,
  "WBA.BA": 5360,
  "WBO.BA": 2542.5,
  "WEGE3.BA": 12960,
  "WFC.BA": 27260,
  "WMT.BA": 9475,
  "X.BA": 21550,
  "XLB.BA": 3680,
  "XLC.BA": 9240,
  "XLE.BA": 34720,
  "XLF.BA": 40460,
  "XLI.BA": 8360,
  "XLK.BA": 4862.5,
  "XLP.BA": 7325,
  "XLRE.BA": 6840,
  "XLU.BA": 4292.5,
  "XLV.BA": 7885,
  "XLY.BA": 4192.5,
  "XOM.BA": 17920,
  "XP.BA": 6760,
  "XPEV.BA": 7415,
  "XROX.BA": 3905,
  "XYZ.BA": 4682.5,
  "YELP.BA": 22410,
  "YZCA.BA": 0.007,
  "ZM.BA": 2825,
  "ALUA.BA": 993,
  "ALUAC.BA": 0.69,
  "ALUAD.BA": 0.67699999,
  "BBAR.BA": 8410,
  "BBARC.BA": 5.5999999,
  "BBARD.BA": 5.69000006,
  "BMA.BA": 13460,
  "BMA.C.BA": 9.19999981,
  "BMA.D.BA": 9.14999962,
  "BYMA.BA": 304.25,
  "BYMAC.BA": 0.2,
  "BYMAD.BA": 0.206,
  "CEPU.BA": 2542.5,
  "COME.BA": 66.30000305,
  "CRES.BA": 1737,
  "CRESC.BA": 1.11500001,
  "EDN.BA": 2406,
  "EDNC.BA": 1.66999996,
  "EDND.BA": 1.67999995,
  "GGAL.BA": 7500,