{
  "AAL.BA": 11000,
  "AAP.BA": 5745,
  "AAPL.BA": 21830,
  "ABBV.BA": 34600,
  "ABEV.BA": 11810,
  "ABEV3.BA": 4020,
  "ABNB.BA": 12020,
  "ABT.BA": 48140,
  "ACN.BA": 5385,
  "ACWI.BA": 8260,
  "ADBE.BA": 11150,
  "ADGO.BA": 12510,
  "ADI.BA": 27800,
  "ADP.BA": 65225,
  "ADS.BA": 3942.14794922,
  "AEG.BA": 11940,
  "AEM.BA": 43220,
  "AHP.BA": 28.79999924,
  "AI.BA": 4437.5,
  "AIG.BA": 23380,
  "AKO.B.BA": 42220,
  "ALAB.BA": 5120,
  "AMAT.BA": 79900,
  "AMD.BA": 32800,
  "AMGN.BA": 17340,
  "AMX.BA": 34340,
  "AMZN.BA": 2443,
  "ANF.BA": 151325,
  "ARCO.BA": 23540,
  "ARKK.BA": 12050,
  "ARM.BA": 7600,
  "ASML.BA": 11600,
  "ASR.BA": 22870,
  "ASTS.BA": 5850,
  "AVGO.BA": 14630,
  "AVY.BA": 14590,
  "AXP.BA": 37080,
  "AZN.BA": 68975,
  "B.BA": 31420,
  "BA.BA": 12930,
  "BA.C.BA": 20310,
  "BABA.BA": 26680,
  "BAK.BA": 2320,
  "BAS.BA": 3197.76855469,
  "BAYN.BA": 3323.26293945,
  "BB.BA": 2050,
  "BBD.BA": 5430,
  "BBDC3.BA": 4945,
  "BBV.BA": 33440,
  "BCS.BA": 35160,
  "BHP.BA": 43580,
  "BIDU.BA": 16230,
  "BIIB.BA": 21380,
  "BIOX.BA": 2426,
  "BITF.BA": 23030,
  "BK.BA": 85475,
  "BKNG.BA": 11400,
  "BKR.BA": 10560,
  "BMY.BA": 25700,
  "BNG.BA": 29420,
  "BP.BA": 11230,
  "BPA11.BA": 15790,
  "BRFS.BA": 18200,
  "BRKB.BA": 35040,
  "BSBR.BA": 9895,
  "BSN.BA": 613.31298828,
  "C.BA": 52975,
  "CAAP.BA": 160000,
  "CAH.BA": 103575,
  "CAJ.BA": 4045.5,
  "CAR.BA": 7660,
  "CAT.BA": 43840,
  "CCL.BA": 13120,
  "CDE.BA": 25100,
  "CEG.BA": 12180,
  "CIBR.BA": 11070,
  "CL.BA": 39840,
  "CLS.BA": 23250,
  "COIN.BA": 15290,
  "COST.BA": 29020,
  "CRM.BA": 19780,
  "CRWV.BA": 4242.5,
  "CSCO.BA": 23400,
  "CSNA3.BA": 2460,
  "CVS.BA": 7785,
  "CVX.BA": 14410,
  "CX.BA": 16270,
  "DAL.BA": 12630,
  "DD.BA": 12110,
  "DE.BA": 17900,
  "DECK.BA": 5710,
  "DEO.BA": 23670,
  "DESP.BA": 22600,
  "DHR.BA": 6455,
  "DIA.BA": 36200,
  "DISN.BA": 13270,
  "DOCU.BA": 4782.5,
  "DOW.BA": 6120,
  "DTEA.BA": 0,
  "E.BA": 14380,
  "EA.BA": 22050,
  "EBAY.BA": 62950,
  "ECL.BA": 7350,
  "EEM.BA": 16500,
  "EFA.BA": 8035,
  "EFX.BA": 20000,
  "ELP.BA": 49640,
  "EMBJ.BA": 96475,
  "EOAN.BA": 236.04100037,
  "EQNR.BA": 5735,
  "ERIC.BA": 7305,
  "ETHA.BA": 7065,
  "ETSY.BA": 5040,
  "EWJ.BA": 8950,
  "EWZ.BA": 26020,
  "F.BA": 19820,
  "FCX.BA": 22480,
  "FDX.BA": 41300,
  "FMCC.BA": 0,
  "FMX.BA": 25400,
  "FNMA.BA": 16400,
  "FSLR.BA": 21540,
  "FXI.BA": 11900,
  "GDX.BA": 12480,
  "GE.BA": 54250,
  "GFI.BA": 63525,
  "GGB.BA": 22320,
  "GILD.BA": 47200,
  "GLD.BA": 11800,
  "GLOB.BA": 5715,
  "GLW.BA": 31760,
  "GM.BA": 18810,
  "GOOGL.BA": 8300,
  "GPRK.BA": 12630,
  "GRMN.BA": 100900,
  "GS.BA": 95675,
  "GSK.BA": 18620,
  "GT.BA": 6725,
  "HAL.BA": 20750,
  "HAPV3.BA": 4160,
  "HD.BA": 16980,
  "HDB.BA": 27400,
  "HHPD.BA": 0,
  "HL.BA": 26820,
  "HMC.BA": 44500,
  "HMY.BA": 29340,
  "HNPIY.BA": 6140,
  "HOG.BA": 12600,
  "HON.BA": 36780,
  "HOOD.BA": 6790,
  "HPQ.BA": 38620,
  "HSBC.BA": 54275,
  "HSY.BA": 13290,
  "HUT.BA": 286500,
  "HWM.BA": 299475,
  "IBB.BA": 9655,
  "IBIT.BA": 7970,
  "IBM.BA": 30640,
  "IBN.BA": 46940,
  "IEMG.BA": 8460,
  "IEUR.BA": 9650,
  "IFF.BA": 8750,
  "IJH.BA": 8325,
  "INFY.BA": 26800,
  "ING.BA": 13520,
  "INTC.BA": 13200,
  "IP.BA": 14390,
  "IREN.BA": 5315,
  "ISRG.BA": 9410,
  "ITA.BA": 6065,
  "ITUB.BA": 12080,
  "ITUB3.BA": 11000,
  "IVE.BA": 8070,
  "IVW.BA": 9335,
  "IWDA.BA": 0,
  "IWM.BA": 37620,
  "JBSS3.BA": 8320,
  "JCI.BA": 83425,
  "JD.BA": 11370,
  "JMIA.BA": 17090,
  "JNJ.BA": 20880,
  "JOYY.BA": 18950,
  "JPM.BA": 31320,
  "KB.BA": 68600,
  "KEP.BA": 26520,
  "KGC.BA": 41860,
  "KMB.BA": 26820,
  "KO.BA": 21540,
  "KOFM.BA": 67850,
  "LAC.BA": 7900,
  "LAR.BA": 7825,
  "LFC.BA": 1074.5,
  "LLY.BA": 28120,
  "LMT.BA": 33460,
  "LRCX.BA": 4262.5,
  "LREN3.BA": 4560,
  "LVS.BA": 51900,
  "LYG.BA": 3927.5,
  "MA.BA": 25300,
  "MBG.BA": 3807.20898438,
  "MBT.BA": 650,
  "MCD.BA": 19350,
  "MDLZ.BA": 5700,
  "MDT.BA": 38760,
  "MELI.BA": 26940,
  "META.BA": 40740,
  "MFG.BA": 10860,
  "MGLU3.BA": 2990,
  "MMC.BA": 17480,
  "MMM.BA": 26200,
  "MO.BA": 22330,
  "MOS.BA": 7415,
  "MRK.BA": 31180,
  "MRNA.BA": 1967,
  "MRVL.BA": 10730,
  "MSFT.BA": 24270,
  "MSI.BA": 28700,
  "MSTR.BA": 13770,
  "MU.BA": 71450,
  "MUFG.BA": 23810,
  "MUX.BA": 14120,
  "NATU3.BA": 2450,
  "NEC1.BA": 0,
  "NEM.BA": 45920,
  "NFLX.BA": 3257.5,
  "NG.BA": 60600,
  "NGG.BA": 57875,
  "NIO.BA": 1839,
  "NKE.BA": 8330,
  "NLM.BA": 0,
  "NMR.BA": 11620,
  "NOKA.BA": 9365,
  "NOW.BA": 7265,
  "NSAN.BA": 1545,
  "NTCO.BA": 6200,
  "NTES.BA": 15350,
  "NU.BA": 13330,
  "NUE.BA": 15440,
  "NVDA.BA": 11420,
  "NVS.BA": 50800,
  "NXE.BA": 14000,
  "OKLO.BA": 4990,
  "ORAN.BA": 13200,
  "ORCL.BA": 102250,
  "ORLY.BA": 666,
  "OXY.BA": 12870,
  "PAAS.BA": 22830,
  "PAC.BA": 22090,
  "PAGS.BA": 5500,
  "PANW.BA": 5800,
  "PATH.BA": 10960,
  "PBI.BA": 15120,
  "PBR.BA": 19510,
  "PCAR.BA": 53725,
  "PCRF.BA": 0,
  "PDD.BA": 7225,
  "PEP.BA": 12620,
  "PETR3.BA": 10000,
  "PFE.BA": 9770,
  "PG.BA": 14890,
  "PHG.BA": 8565,
  "PINS.BA": 5910,
  "PKS.BA": 26860,
  "PLTR.BA": 86950,
  "PM.BA": 12950,
  "PSO.BA": 0,
  "PSQ.BA": 5730,
  "PSX.BA": 35020,
  "PYPL.BA": 11740,
  "QCOM.BA": 23740,
  "QQQ.BA": 47140,
  "RACE.BA": 7190,
  "RBLX.BA": 70425,
  "RCTB4.BA": 0,
  "RGTI.BA": 18200,
  "RIO.BA": 13920,
  "RIOT.BA": 7600,
  "RKLB.BA": 5350,
  "ROKU.BA": 11390,
  "ROST.BA": 67675,
  "RTX.BA": 50950,
  "SAN.BA": 66775,
  "SAP.BA": 61175,
  "SATL.BA": 2395,
  "SBS.BA": 79400,
  "SBSP3.BA": 41260,
  "SBUX.BA": 10890,
  "SCCO.BA": 105425,
  "SCHW.BA": 0,
  "SDA.BA": 1542,
  "SE.BA": 6440,
  "SH.BA": 6915,
  "SHEL.BA": 56800,
  "SHOP.BA": 2211,
  "SI.BA": 22.45000076,
  "SID.BA": 20830,
  "SIEGY.BA": 6695.81591797,
  "SLB.BA": 18630,
  "SLV.BA": 13460,
  "SMH.BA": 10970,
  "SMSN.BA": 13143.82421875,
  "SNA.BA": 85500,
  "SNAP.BA": 11490,
  "SNOW.BA": 13220,
  "SONY.BA": 5345,
  "SPCE.BA": 12040,
  "SPGI.BA": 16820,
  "SPHQ.BA": 8110,
  "SPOT.BA": 30780,
  "SPXL.BA": 13430,
  "SPY.BA": 51825,
  "STLA.BA": 3450,
  "STNE.BA": 8545,
  "SUZ.BA": 13770,
  "SUZB3.BA": 13640,
  "SWKS.BA": 4890,
  "SYY.BA": 14310,
  "T.BA": 12960,
  "TCOM.BA": 52425,
  "TEAM.BA": 4960,
  "TEFO.BA": 800.5,
  "TEM.BA": 9450,
  "TEN.BA": 62375,
  "TGT.BA": 5800,
  "TIIAY.BA": 0,
  "TIMB.BA": 34280,
  "TIMS3.BA": 7020,
  "TJX.BA": 10500,
  "TM.BA": 19680,
  "TMO.BA": 39540,
  "TMUS.BA": 9645,
  "TQQQ.BA": 3337.5,
  "TRIP.BA": 11660,
  "TRVV.BA": 73125,
  "TSLA.BA": 44700,
  "TSM.BA": 49500,
  "TTE.BA": 33520,
  "TTM.BA": 8651,
  "TV.BA": 1384,
  "TWLO.BA": 5445,
  "TXN.BA": 54475,
  "TXR.BA": 14410,
  "UAL.BA": 32620,
  "UBER.BA": 67975,
  "UGP.BA": 6400,
  "UL.BA": 30340,
  "UNH.BA": 15310,
  "UNP.BA": 17830,
  "UPST.BA": 13300,
  "URA.BA": 13950,
  "URBN.BA": 59350,
  "USB.BA": 15250,
  "USO.BA": 7190,
  "V.BA": 27940,
  "VALE.BA": 10000,
  "VALE3.BA": 19600,
  "VEA.BA": 9345,
  "VIG.BA": 8620,
  "VIST.BA": 26020,
  "VIV.BA": 20110,
  "VIVT3.BA": 9915,
  "VOD.BA": 19160,
  "VRSN.BA": 63600,
  "VRTX.BA": 6845,
  "VST.BA": 10020,
  "VXX.BA": 9635,
  "VZ.BA": 15560,
  "WBA.BA": 5360,
  "WBO.BA": 2650,
  "WEGE3.BA": 13100,
  "WFC.BA": 26440,
  "WMT.BA": 9560,
  "X.BA": 21550,
  "XLB.BA": 7525,
  "XLC.BA": 9200,
  "XLE.BA": 69375,
  "XLF.BA": 40480,
  "XLI.BA": 8305,
  "XLK.BA": 9525,
  "XLP.BA": 7520,
  "XLRE.BA": 6930,
  "XLU.BA": 8940,
  "XLV.BA": 8145,
  "XLY.BA": 8425,
  "XOM.BA": 17740,
  "XP.BA": 7425,
  "XPEV.BA": 7240,
  "XROX.BA": 4177.5,
  "XYZ.BA": 4680,
  "YELP.BA": 22670,
  "YZCA.BA": 0.007,
  "ZM.BA": 2745,
  "ALUA.BA": 1080,
  "ALUAC.BA": 0.69,
  "ALUAD.BA": 0.741,
  "BBAR.BA": 8280,
  "BBARC.BA": 2.63070011,
  "BBARD.BA": 5.53,
  "BMA.BA": 12920,
  "BMA.C.BA": 7.80159998,
  "BMA.D.BA": 8.83,
  "BYMA.BA": 301.75,
  "BYMAC.BA": 0.20999999,
  "BYMAD.BA": 0.203,
  "CEPU.BA": 2582.5,
  "COME.BA": 74.2,
  "CRES.BA": 1735,
  "CRESC.BA": 1.11500001,
  "EDN.BA": 2595,
  "EDNC.BA": 1.66999996,
  "EDND.BA": 1.765,
  "GGAL.BA": 7950,
  "GGALC.BA": 5.34000015,
  "GGALD.BA": 5.4,