{
  "AAL.BA": 7120,
  "AAP.BA": 4365,
  "AAPL.BA": 12850,
  "ABBV.BA": 23475,
  "ABEV.BA": 9000,
  "ABEV3.BA": 3010,
  "ABNB.BA": 11150,
  "ABT.BA": 42125,
  "ACN.BA": 4990,
  "ADBE.BA": 11025,
  "ADGO.BA": 11350,
  "ADI.BA": 19900,
  "ADP.BA": 64050,
  "ADS.BA": 3942.14794922,
  "AEG.BA": 9000,
  "AEM.BA": 24325,
  "AHP.BA": 28.79999924,
  "AI.BA": 6070,
  "AIG.BA": 21200,
  "AKO.B.BA": 29800,
  "AMAT.BA": 45550,
  "AMD.BA": 16875,
  "AMGN.BA": 11925,
  "AMX.BA": 22200,
  "AMZN.BA": 1900,
  "ANF.BA": 109100,
  "ARCO.BA": 19600,
  "ARKK.BA": 8500,
  "ARM.BA": 7170,
  "ASML.BA": 6720,
  "ASR.BA": 19450,
  "AVGO.BA": 8390,
  "AVY.BA": 12500,
  "AXP.BA": 26550,
  "AZN.BA": 44225,
  "B.BA": 12825,
  "BA.BA": 10825,
  "BA.C.BA": 14900,
  "BABA.BA": 15675,
  "BAK.BA": 2030,
  "BAS.BA": 3197.76855469,
  "BAYN.BA": 3323.26293945,
  "BB.BA": 1780,
  "BBD.BA": 3850,
  "BBDC3.BA": 3205,
  "BBV.BA": 18825,
  "BCS.BA": 22700,
  "BHP.BA": 30000,
  "BIDU.BA": 9700,
  "BIIB.BA": 12400,
  "BIOX.BA": 5640,
  "BITF.BA": 5220,
  "BK.BA": 56150,
  "BKNG.BA": 10075,
  "BKR.BA": 6760,
  "BMY.BA": 19600,
  "BNG.BA": 19900,
  "BP.BA": 7500,
  "BPA11.BA": 9390,
  "BRFS.BA": 13275,
  "BRKB.BA": 27550,
  "BSBR.BA": 6780,
  "BSN.BA": 613.31298828,
  "C.BA": 35525,
  "CAAP.BA": 98950,
  "CAH.BA": 67800,
  "CAJ.BA": 4045.5,
  "CAR.BA": 8140,
  "CAT.BA": 24200,
  "CBRD.BA": 459,
  "CCL.BA": 11850,
  "CDE.BA": 11100,
  "CEG.BA": 8490,
  "CIBR.BA": 9220,
  "CL.BA": 37975,
  "CLS.BA": 9210,
  "COIN.BA": 15325,
  "COST.BA": 25400,
  "CRM.BA": 18700,
  "CSCO.BA": 17125,
  "CSNA3.BA": 1705,
  "CVS.BA": 5730,
  "CVX.BA": 11275,
  "CX.BA": 8780,
  "DAL.BA": 7520,
  "DD.BA": 17600,
  "DE.BA": 15725,
  "DECK.BA": 5210,
  "DEO.BA": 21425,
  "DESP.BA": 22600,
  "DHR.BA": 4615,
  "DIA.BA": 27525,
  "DISN.BA": 12700,
  "DOCU.BA": 4325,
  "DOW.BA": 5710,
  "DTEA.BA": 0,
  "E.BA": 9790,
  "EA.BA": 14000,
  "EBAY.BA": 47050,
  "EBR.BA": 36700,
  "EEM.BA": 11950,
  "EFX.BA": 20325,
  "ELP.BA": 33100,
  "EOAN.BA": 236.04100037,
  "EQNR.BA": 5180,
  "ERIC.BA": 5250,
  "ERJ.BA": 72850,
  "ETHA.BA": 4500,
  "ETSY.BA": 3975,
  "EWJ.BA": 6550,
  "EWZ.BA": 17825,
  "F.BA": 14000,
  "FCX.BA": 18150,
  "FDX.BA": 29050,
  "FMCC.BA": 0,
  "FMX.BA": 21400,
  "FMX.B.BA": 0,
  "FNMA.BA": 13000,
  "FSLR.BA": 11225,
  "FXI.BA": 9120,
  "GE.BA": 38450,
  "GFI.BA": 29200,
  "GGB.BA": 14475,
  "GILD.BA": 34575,
  "GLD.BA": 7620,
  "GLOB.BA": 6340,
  "GLW.BA": 16175,
  "GM.BA": 10725,
  "GOOGL.BA": 3740,
  "GPRK.BA": 8150,
  "GRMN.BA": 87150,
  "GS.BA": 67350,
  "GSK.BA": 12050,
  "GT.BA": 6600,
  "HAL.BA": 13025,
  "HAPV3.BA": 8260,
  "HD.BA": 14400,
  "HDB.BA": 47475,
  "HHPD.BA": 0,
  "HL.BA": 7400,
  "HMC.BA": 36150,
  "HMY.BA": 17225,
  "HNPIY.BA": 6140,
  "HOG.BA": 10275,
  "HON.BA": 36800,
  "HPQ.BA": 31600,
  "HSBC.BA": 37300,
  "HSY.BA": 10350,
  "HUT.BA": 113800,
  "HWM.BA": 218150,
  "IBB.BA": 5860,
  "IBIT.BA": 7410,
  "IBM.BA": 23975,
  "IBN.BA": 41550,
  "IEUR.BA": 7450,
  "IFF.BA": 7710,
  "IJH.BA": 6480,
  "INFY.BA": 23400,
  "ING.BA": 8930,
  "INTC.BA": 5670,
  "IP.BA": 15225,
  "ISRG.BA": 7340,
  "ITUB.BA": 8370,
  "ITUB3.BA": 7400,
  "IVE.BA": 6120,
  "IVW.BA": 6710,
  "IWM.BA": 26900,
  "JBSS3.BA": 8320,
  "JCI.BA": 62950,
  "JD.BA": 10175,
  "JMIA.BA": 5700,
  "JNJ.BA": 12850,
  "JOYY.BA": 12650,
  "JPM.BA": 23900,
  "KB.BA": 48475,
  "KEP.BA": 16875,
  "KGC.BA": 19225,
  "KMB.BA": 27175,
  "KO.BA": 17750,
  "KOFM.BA": 58950,
  "LAC.BA": 3275,
  "LAR.BA": 2585,
  "LFC.BA": 1074.5,
  "LLY.BA": 17200,
  "LMT.BA": 28675,
  "LMT.B.BA": 0,
  "LRCX.BA": 2120,
  "LVS.BA": 29375,
  "LYG.BA": 2595,
  "MA.BA": 21225,
  "MBG.BA": 3807.20898438,
  "MBT.BA": 650,
  "MCD.BA": 15350,
  "MDLZ.BA": 5680,
  "MDT.BA": 27425,
  "MELI.BA": 25700,
  "META.BA": 37000,
  "MFG.BA": 6830,
  "MGLU3.BA": 2170,
  "MMC.BA": 16550,
  "MMM.BA": 19025,
  "MO.BA": 18000,
  "MOS.BA": 9070,
  "MRK.BA": 20250,
  "MRNA.BA": 1870,
  "MRVL.BA": 6690,
  "MSFT.BA": 20250,
  "MSI.BA": 26350,
  "MSTR.BA": 23200,
  "MU.BA": 29925,
  "MUFG.BA": 16675,
  "MUX.BA": 6720,
  "NEC1.BA": 0,
  "NEM.BA": 24300,
  "NFLX.BA": 33325,
  "NG.BA": 20200,
  "NGG.BA": 45975,
  "NIO.BA": 1080,
  "NKE.BA": 7550,
  "NLM.BA": 0,
  "NMR.BA": 8080,
  "NOKA.BA": 6430,
  "NOW.BA": 7280,
  "NSAN.BA": 1545,
  "NTCO.BA": 6200,
  "NTCO3.BA": 2455,
  "NTES.BA": 11875,
  "NU.BA": 8430,
  "NUE.BA": 10375,
  "NVDA.BA": 7910,
  "NVS.BA": 38075,
  "NXE.BA": 8340,
  "ORAN.BA": 13200,
  "ORCL.BA": 90150,
  "ORLY.BA": 508,
  "OXY.BA": 10625,
  "PAAS.BA": 11650,
  "PAC.BA": 18050,
  "PAGS.BA": 3895,
  "PANW.BA": 4865,
  "PATH.BA": 7810,
  "PBI.BA": 13850,
  "PBR.BA": 15575,
  "PCAR.BA": 40550,
  "PCRF.BA": 0,
  "PDD.BA": 5190,
  "PEP.BA": 9310,
  "PETR3.BA": 7880,
  "PFE.BA": 7740,
  "PG.BA": 13300,
  "PHG.BA": 6000,
  "PINS.BA": 6320,
  "PKS.BA": 21325,
  "PLTR.BA": 53850,
  "PM.BA": 12175,
  "PSO.BA": 0,
  "PSQ.BA": 5250,
  "PSX.BA": 25350,
  "PYPL.BA": 11650,
  "QCOM.BA": 17925,
  "QQQ.BA": 33850,
  "RACE.BA": 7290,
  "RBLX.BA": 62050,
  "RCTB4.BA": 0,
  "RGTI.BA": 7020,
  "RIO.BA": 9020,
  "RIOT.BA": 4630,
  "ROKU.BA": 8210,
  "ROST.BA": 40200,
  "RTX.BA": 35700,
  "SAN.BA": 40925,
  "SAP.BA": 62050,
  "SATL.BA": 4290,
  "SBS.BA": 53700,
  "SBSP3.BA": 26800,
  "SBUX.BA": 9810,
  "SCCO.BA": 62950,
  "SCHW.BA": 0,
  "SDA.BA": 1590,
  "SE.BA": 5830,
  "SH.BA": 6120,
  "SHEL.BA": 44025,
  "SHOP.BA": 1305,
  "SID.BA": 13850,
  "SIEGY.BA": 6695.81591797,
  "SLB.BA": 14450,
  "SLV.BA": 6760,
  "SMH.BA": 6850,
  "SMSN.BA": 13143.82421875,
  "SNA.BA": 65650,
  "SNAP.BA": 11575,
  "SNOW.BA": 8880,
  "SONY.BA": 3920,
  "SPCE.BA": 6950,
  "SPGI.BA": 14500,
  "SPOT.BA": 31975,
  "SPXL.BA": 8600,
  "SPY.BA": 38200,
  "STLA.BA": 2525,
  "STNE.BA": 6560,
  "SUZ.BA": 11475,
  "SUZB3.BA": 11200,
  "SWKS.BA": 4355,
  "SYY.BA": 12000,
  "T.BA": 11925,
  "TCOM.BA": 36500,
  "TEAM.BA": 5470,
  "TEFO.BA": 807,
  "TEM.BA": 6120,
  "TEN.BA": 45750,
  "TGT.BA": 5350,
  "TIIAY.BA": 0,
  "TIMB.BA": 25075,
  "TIMS3.BA": 4875,
  "TJX.BA": 6900,
  "TM.BA": 14175,
  "TMO.BA": 23700,
  "TMUS.BA": 10125,
  "TRIP.BA": 8530,
  "TRVV.BA": 54900,
  "TSLA.BA": 24925,
  "TSM.BA": 30925,
  "TTE.BA": 25450,
  "TTM.BA": 8651,
  "TV.BA": 914,
  "TWLO.BA": 4015,
  "TXN.BA": 52050,
  "TXR.BA": 9400,
  "UAL.BA": 19775,
  "UBER.BA": 56950,
  "UGP.BA": 4105,
  "UL.BA": 25300,
  "UNH.BA": 12200,
  "UNP.BA": 14525,
  "UPST.BA": 16825,
  "URA.BA": 9280,
  "URBN.BA": 45650,
  "USB.BA": 11450,
  "V.BA": 24450,
  "VALE.BA": 6070,
  "VALE3.BA": 12000,
  "VEA.BA": 7060,
  "VIG.BA": 6550,
  "VIST.BA": 19450,
  "VIV.BA": 14125,
  "VIVT3.BA": 6910,
  "VOD.BA": 13425,
  "VRSN.BA": 59350,
  "VRTX.BA": 5540,
  "VST.BA": 8780,
  "VZ.BA": 13475,
  "WBA.BA": 4710,
  "WBO.BA": 1940,
  "WEGE3.BA": 9670,
  "WFC.BA": 20075,
  "WMT.BA": 6750,
  "X.BA": 21550,
  "XLB.BA": 6200,
  "XLC.BA": 7030,
  "XLE.BA": 52900,
  "XLF.BA": 32475,
  "XLI.BA": 6550,
  "XLK.BA": 6720,
  "XLP.BA": 6330,
  "XLRE.BA": 5720,
  "XLU.BA": 6770,
  "XLV.BA": 5840,
  "XLY.BA": 6270,
  "XOM.BA": 13525,
  "XP.BA": 6130,
  "XPEV.BA": 5660,
  "XROX.BA": 6990,
  "XYZ.BA": 4225,
  "YELP.BA": 20650,
  "YZCA.BA": 0.007,
  "ZM.BA": 2025,
  "ALUA.BA": 716,
  "ALUAC.BA": 0.57800001,
  "ALUAD.BA": 0.579,
  "BBAR.BA": 6630,
  "BBARC.BA": 5.4000001,
  "BBARD.BA": 5.42000008,
  "BMA.BA": 8520,
  "BMA.C.BA": 6.92999983,
  "BMA.D.BA": 6.92000008,
  "BYMA.BA": 194.25,
  "BYMAC.BA": 0.16599999,
  "BYMAD.BA": 0.15899999,
  "CEPU.BA": 1455,
  "COME.BA": 119.75,
  "CRES.BA": 1340,
  "CRESC.BA": 0.32300001,
  "EDN.BA": 1615,
  "EDNC.BA": 1.34500003,
  "GGAL.BA": 6190,
  "GGALC.BA": 5,
  "GGALD.BA": 5.05000019,
  "IRSAC.BA": 0,
  "IRSAD.BA": 1.45500004,
  "LOMA.BA": 2780,
  "LOMAD.BA": 2.25999999,
  "MIRG.BA": 20550,
  "PAMP.BA": 3395,
  "SUPV.BA": 2620,
  "SUPVD.BA": 2.13000011,
  "TECO2.BA": 2175,
  "TECOC.BA": 1.60000002,
  "TGNO4.BA": 2795,
  "TGSU2.BA": 6400,
  "TRAN.BA": 2000,
  "TXAR.BA": 612,
  "TXARD.BA": 0.498,
  "VALO.BA": 326.5,
  "VALOC.BA": 0.26499999,
  "VALOD.BA": 0.26300001,