{
  "AAL.BA": 7420,
  "AAP.BA": 5100,
  "AAPL.BA": 14125,
  "ABBV.BA": 26575,
  "ABEV.BA": 9000,
  "ABEV3.BA": 2980,
  "ABNB.BA": 11575,
  "ABT.BA": 43350,
  "ACN.BA": 4725,
  "ACWI.BA": 6730,
  "ADBE.BA": 10825,
  "ADGO.BA": 12375,
  "ADI.BA": 20325,
  "ADP.BA": 68550,
  "ADS.BA": 3942.14794922,
  "AEG.BA": 9310,
  "AEM.BA": 28675,
  "AHP.BA": 28.79999924,
  "AI.BA": 6080,
  "AIG.BA": 20725,
  "AKO.B.BA": 30275,
  "AMAT.BA": 47950,
  "AMD.BA": 22925,
  "AMGN.BA": 13300,
  "AMX.BA": 24375,
  "AMZN.BA": 2070,
  "ANF.BA": 123650,
  "ARCO.BA": 17800,
  "ARKK.BA": 9660,
  "ARM.BA": 6850,
  "ASML.BA": 6410,
  "ASR.BA": 20625,
  "AVGO.BA": 9970,
  "AVY.BA": 12700,
  "AXP.BA": 26400,
  "AZN.BA": 50350,
  "B.BA": 14550,
  "BA.BA": 12350,
  "BA.C.BA": 15450,
  "BABA.BA": 17600,
  "BAK.BA": 2170,
  "BAS.BA": 3197.76855469,
  "BAYN.BA": 3323.26293945,
  "BB.BA": 1605,
  "BBD.BA": 3805,
  "BBDC3.BA": 3245,
  "BBV.BA": 22275,
  "BCS.BA": 25700,
  "BHP.BA": 34500,
  "BIDU.BA": 10650,
  "BIIB.BA": 13375,
  "BIOX.BA": 4550,
  "BITF.BA": 7940,
  "BK.BA": 66650,
  "BKNG.BA": 10675,
  "BKR.BA": 8790,
  "BMY.BA": 20200,
  "BNG.BA": 21100,
  "BP.BA": 8640,
  "BPA11.BA": 8980,
  "BRFS.BA": 14900,
  "BRKB.BA": 29250,
  "BSBR.BA": 6500,
  "BSN.BA": 613.31298828,
  "C.BA": 40825,
  "CAAP.BA": 107500,
  "CAH.BA": 69750,
  "CAJ.BA": 4045.5,
  "CAR.BA": 8360,
  "CAT.BA": 28750,
  "CBRD.BA": 459,
  "CCL.BA": 12900,
  "CDE.BA": 11725,
  "CEG.BA": 9940,
  "CIBR.BA": 9650,
  "CL.BA": 38625,
  "CLS.BA": 13000,
  "COIN.BA": 16125,
  "COST.BA": 26875,
  "CRM.BA": 19025,
  "CSCO.BA": 18150,
  "CSNA3.BA": 1985,
  "CVS.BA": 5700,
  "CVX.BA": 13000,
  "CX.BA": 11575,
  "DAL.BA": 9040,
  "DD.BA": 19625,
  "DE.BA": 17525,
  "DECK.BA": 5560,
  "DEO.BA": 22075,
  "DESP.BA": 22600,
  "DHR.BA": 4920,
  "DIA.BA": 29625,
  "DISN.BA": 13175,
  "DOCU.BA": 4525,
  "DOW.BA": 5060,
  "DTEA.BA": 0,
  "E.BA": 11550,
  "EA.BA": 14825,
  "EBAY.BA": 61050,
  "EBR.BA": 37200,
  "EEM.BA": 13150,
  "EFA.BA": 6600,
  "EFX.BA": 20475,
  "ELP.BA": 34850,
  "EOAN.BA": 236.04100037,
  "EQNR.BA": 5710,
  "ERIC.BA": 4870,
  "ERJ.BA": 76950,
  "ETHA.BA": 7380,
  "ETSY.BA": 4900,
  "EWJ.BA": 7130,
  "EWZ.BA": 18300,
  "F.BA": 14725,
  "FCX.BA": 18000,
  "FDX.BA": 29700,
  "FMCC.BA": 0,
  "FMX.BA": 20400,
  "FMX.B.BA": 0,
  "FNMA.BA": 10700,
  "FSLR.BA": 13625,
  "FXI.BA": 10000,
  "GDX.BA": 7030,
  "GE.BA": 44900,
  "GFI.BA": 34000,
  "GGB.BA": 15950,
  "GILD.BA": 38425,
  "GLD.BA": 8420,
  "GLOB.BA": 6120,
  "GLW.BA": 20875,
  "GM.BA": 11850,
  "GOOGL.BA": 4435,
  "GPRK.BA": 8530,
  "GRMN.BA": 98500,
  "GS.BA": 73400,
  "GSK.BA": 12650,
  "GT.BA": 7020,
  "HAL.BA": 14525,
  "HAPV3.BA": 8100,
  "HD.BA": 15700,
  "HDB.BA": 52000,
  "HHPD.BA": 0,
  "HL.BA": 7770,
  "HMC.BA": 42625,
  "HMY.BA": 19350,
  "HNPIY.BA": 6140,
  "HOG.BA": 10675,
  "HON.BA": 37750,
  "HPQ.BA": 33075,
  "HSBC.BA": 41450,
  "HSY.BA": 12250,
  "HUT.BA": 132500,
  "HWM.BA": 240350,
  "IBB.BA": 6650,
  "IBIT.BA": 8880,
  "IBM.BA": 22725,
  "IBN.BA": 45250,
  "IEMG.BA": 6770,
  "IEUR.BA": 7930,
  "IFF.BA": 8100,
  "IJH.BA": 6980,
  "INFY.BA": 22475,
  "ING.BA": 10350,
  "INTC.BA": 5160,
  "IP.BA": 15675,
  "ISRG.BA": 7500,
  "ITUB.BA": 8650,
  "ITUB3.BA": 7700,
  "IVE.BA": 6640,
  "IVW.BA": 7620,
  "IWM.BA": 28975,
  "JBSS3.BA": 8320,
  "JCI.BA": 68150,
  "JD.BA": 10500,
  "JMIA.BA": 5990,
  "JNJ.BA": 15075,
  "JOYY.BA": 13375,
  "JPM.BA": 26025,
  "KB.BA": 53650,
  "KEP.BA": 17875,
  "KGC.BA": 21650,
  "KMB.BA": 30375,
  "KO.BA": 18700,
  "KOFM.BA": 56850,
  "LAC.BA": 3395,
  "LAR.BA": 3495,
  "LFC.BA": 1074.5,
  "LLY.BA": 18650,
  "LMT.BA": 28650,
  "LRCX.BA": 2255,
  "LVS.BA": 35275,
  "LYG.BA": 2790,
  "MA.BA": 23250,
  "MBG.BA": 3807.20898438,
  "MBT.BA": 650,
  "MCD.BA": 17175,
  "MDLZ.BA": 5960,
  "MDT.BA": 30625,
  "MELI.BA": 27075,
  "META.BA": 42900,
  "MFG.BA": 8100,
  "MGLU3.BA": 1770,
  "MMC.BA": 16675,
  "MMM.BA": 19825,
  "MO.BA": 21275,
  "MOS.BA": 9750,
  "MRK.BA": 21600,
  "MRNA.BA": 1955,
  "MRVL.BA": 7170,
  "MSFT.BA": 23975,
  "MSI.BA": 29625,
  "MSTR.BA": 25850,
  "MU.BA": 28225,
  "MUFG.BA": 18850,
  "MUX.BA": 6840,
  "NATU3.BA": 2240,
  "NEC1.BA": 0,
  "NEM.BA": 28475,
  "NFLX.BA": 33350,
  "NG.BA": 28200,
  "NGG.BA": 47775,
  "NIO.BA": 1665,
  "NKE.BA": 8250,
  "NLM.BA": 0,
  "NMR.BA": 9000,
  "NOKA.BA": 5460,
  "NOW.BA": 7300,
  "NSAN.BA": 1545,
  "NTCO.BA": 6200,
  "NTES.BA": 12300,
  "NU.BA": 8290,
  "NUE.BA": 12125,
  "NVDA.BA": 9820,
  "NVS.BA": 37925,
  "NXE.BA": 9030,
  "ORAN.BA": 13200,
  "ORCL.BA": 110650,
  "ORLY.BA": 590,
  "OXY.BA": 11650,
  "PAAS.BA": 12275,
  "PAC.BA": 19450,
  "PAGS.BA": 3540,
  "PANW.BA": 4620,
  "PATH.BA": 7700,
  "PBI.BA": 15050,
  "PBR.BA": 17300,
  "PCAR.BA": 44675,
  "PCRF.BA": 0,
  "PDD.BA": 5980,
  "PEP.BA": 10475,
  "PETR3.BA": 8690,
  "PFE.BA": 7990,
  "PG.BA": 13825,
  "PHG.BA": 7120,
  "PINS.BA": 7510,
  "PKS.BA": 23475,
  "PLTR.BA": 69400,
  "PM.BA": 12650,
  "PSO.BA": 0,
  "PSQ.BA": 5770,
  "PSX.BA": 27875,
  "PYPL.BA": 11475,
  "QCOM.BA": 18150,
  "QQQ.BA": 37750,
  "RACE.BA": 7110,
  "RBLX.BA": 87200,
  "RCTB4.BA": 0,
  "RGTI.BA": 9310,
  "RIO.BA": 10150,
  "RIOT.BA": 5070,
  "ROKU.BA": 8520,
  "ROST.BA": 45250,
  "RTX.BA": 41975,
  "SAN.BA": 45400,
  "SAP.BA": 63100,
  "SATL.BA": 4360,
  "SBS.BA": 53100,
  "SBSP3.BA": 26025,
  "SBUX.BA": 9790,
  "SCCO.BA": 63050,
  "SCHW.BA": 0,
  "SDA.BA": 1480,
  "SE.BA": 6450,
  "SH.BA": 6790,
  "SHEL.BA": 48800,
  "SHOP.BA": 1475,
  "SID.BA": 15175,
  "SIEGY.BA": 6695.81591797,
  "SLB.BA": 14800,
  "SLV.BA": 7640,
  "SMH.BA": 7580,
  "SMSN.BA": 13143.82421875,
  "SNA.BA": 73800,
  "SNAP.BA": 12850,
  "SNOW.BA": 9440,
  "SONY.BA": 4105,
  "SPCE.BA": 9790,
  "SPGI.BA": 16325,
  "SPOT.BA": 30775,
  "SPXL.BA": 9520,
  "SPY.BA": 42375,
  "STLA.BA": 2375,
  "STNE.BA": 5720,
  "SUZ.BA": 12575,
  "SUZB3.BA": 12500,
  "SWKS.BA": 4400,
  "SYY.BA": 13375,
  "T.BA": 12500,
  "TCOM.BA": 40675,
  "TEAM.BA": 5370,
  "TEFO.BA": 881,
  "TEM.BA": 6080,
  "TEN.BA": 47350,
  "TGT.BA": 5610,
  "TIIAY.BA": 0,
  "TIMB.BA": 25200,
  "TIMS3.BA": 4950,
  "TJX.BA": 7750,
  "TM.BA": 16225,
  "TMO.BA": 28300,
  "TMUS.BA": 9680,
  "TRIP.BA": 11175,
  "TRVV.BA": 59200,
  "TSLA.BA": 27325,
  "TSM.BA": 35275,
  "TTE.BA": 26950,
  "TTM.BA": 8651,
  "TV.BA": 1240,
  "TWLO.BA": 4615,
  "TXN.BA": 48475,
  "TXR.BA": 10950,
  "UAL.BA": 22700,
  "UBER.BA": 58500,
  "UGP.BA": 4230,
  "UL.BA": 27225,
  "UNH.BA": 10100,
  "UNP.BA": 14800,
  "UPST.BA": 20925,
  "URA.BA": 10200,
  "URBN.BA": 49400,
  "USB.BA": 11825,
  "USO.BA": 7140,
  "V.BA": 25950,
  "VALE.BA": 6600,
  "VALE3.BA": 13425,
  "VEA.BA": 7620,
  "VIG.BA": 7110,
  "VIST.BA": 19550,
  "VIV.BA": 15300,
  "VIVT3.BA": 7550,
  "VOD.BA": 14850,
  "VRSN.BA": 59350,
  "VRTX.BA": 6170,
  "VST.BA": 10450,
  "VZ.BA": 14525,
  "WBA.BA": 5250,
  "WBO.BA": 2110,
  "WEGE3.BA": 8870,
  "WFC.BA": 21175,
  "WMT.BA": 7430,
  "X.BA": 21550,
  "XLB.BA": 6490,
  "XLC.BA": 7620,
  "XLE.BA": 58250,
  "XLF.BA": 34900,
  "XLI.BA": 7200,
  "XLK.BA": 7590,
  "XLP.BA": 6860,
  "XLRE.BA": 6250,
  "XLU.BA": 7680,
  "XLV.BA": 6170,
  "XLY.BA": 6810,
  "XOM.BA": 14975,
  "XP.BA": 5570,
  "XPEV.BA": 6100,
  "XROX.BA": 5450,
  "XYZ.BA": 5010,
  "YELP.BA": 23350,
  "YZCA.BA": 0.007,
  "ZM.BA": 2060,
  "ALUA.BA": 773,
  "ALUAC.BA": 0.57999998,
  "ALUAD.BA": 0.574,
  "BBAR.BA": 7000,
  "BBARC.BA": 5.42000008,
  "BBARD.BA": 5.13,
  "BMA.BA": 9160,
  "BMA.C.BA": 6.98999977,
  "BMA.D.BA": 7.09,
  "BYMA.BA": 203,
  "BYMAC.BA": 0.16,
  "BYMAD.BA": 0.154,
  "CEPU.BA": 1625,
  "COME.BA": 127.25,
  "CRES.BA": 1485,
  "CRESC.BA": 0.32300001,
  "EDN.BA": 1880,
  "EDNC.BA": 1.255,
  "EDND.BA": 1.39,
  "GGAL.BA": 6750,
  "GGALC.BA": 5.19999981,
  "GGALD.BA": 4.97,
  "IRSAC.BA": 0,
  "IRSAD.BA": 1.47,
  "LOMA.BA": 3105,
  "LOMAD.BA": 2.335,
  "MIRG.BA": 23000,
  "PAMP.BA": 4010,
  "SUPV.BA": 2740,
  "SUPVD.BA": 2.01,
  "TECO2.BA": 2455,
  "TECOC.BA": 1.78999996,
  "TGN4C.BA": 2.60500002,
  "TGN4D.BA": 2.41,
  "TGNO4.BA": 3270,
  "TGSU2.BA": 7620,
  "TRAN.BA": 2550,