{
  "AAL.BA": 9510,
  "AAP.BA": 5915,
  "AAPL.BA": 20610,
  "ABBV.BA": 36320,
  "ABEV.BA": 10640,
  "ABEV3.BA": 3560,
  "ABNB.BA": 13310,
  "ABT.BA": 50700,
  "ACN.BA": 5070,
  "ACWI.BA": 8475,
  "ADBE.BA": 12240,
  "ADGO.BA": 11920,
  "ADI.BA": 25780,
  "ADP.BA": 74275,
  "ADS.BA": 3942.14794922,
  "AEG.BA": 11630,
  "AEM.BA": 46540,
  "AHP.BA": 28.79999924,
  "AI.BA": 5755,
  "AIG.BA": 24350,
  "AKO.B.BA": 36600,
  "AMAT.BA": 71775,
  "AMD.BA": 37860,
  "AMGN.BA": 15800,
  "AMX.BA": 34960,
  "AMZN.BA": 2361,
  "ANF.BA": 104900,
  "ARCO.BA": 21950,
  "ARKK.BA": 14150,
  "ARM.BA": 10270,
  "ASML.BA": 11200,
  "ASR.BA": 23900,
  "AVGO.BA": 14060,
  "AVY.BA": 14010,
  "AXP.BA": 36560,
  "AZN.BA": 65650,
  "B.BA": 27280,
  "BA.BA": 14120,
  "BA.C.BA": 20360,
  "BABA.BA": 30300,
  "BAK.BA": 1866,
  "BAS.BA": 3197.76855469,
  "BAYN.BA": 3323.26293945,
  "BB.BA": 2377,
  "BBD.BA": 5270,
  "BBDC3.BA": 4480,
  "BBV.BA": 31620,
  "BCS.BA": 30840,
  "BHP.BA": 44640,
  "BIDU.BA": 17420,
  "BIIB.BA": 17630,
  "BIOX.BA": 2577.5,
  "BITF.BA": 39140,
  "BK.BA": 84875,
  "BKNG.BA": 11600,
  "BKR.BA": 10100,
  "BMY.BA": 22850,
  "BNG.BA": 30440,
  "BP.BA": 10460,
  "BPA11.BA": 13570,
  "BRFS.BA": 18200,
  "BRKB.BA": 35220,
  "BSBR.BA": 8515,
  "BSN.BA": 613.31298828,
  "C.BA": 51750,
  "CAAP.BA": 112400,
  "CAH.BA": 82100,
  "CAJ.BA": 4045.5,
  "CAR.BA": 8960,
  "CAT.BA": 41620,
  "CCL.BA": 15200,
  "CDE.BA": 34660,
  "CEG.BA": 12940,
  "CIBR.BA": 12030,
  "CL.BA": 41120,
  "CLS.BA": 21410,
  "COIN.BA": 20030,
  "COST.BA": 30520,
  "CRM.BA": 22130,
  "CSCO.BA": 22110,
  "CSNA3.BA": 2436,
  "CVS.BA": 8390,
  "CVX.BA": 15190,
  "CX.BA": 14960,
  "DAL.BA": 12100,
  "DD.BA": 25420,
  "DE.BA": 18140,
  "DECK.BA": 6330,
  "DEO.BA": 25540,
  "DESP.BA": 22600,
  "DHR.BA": 6025,
  "DIA.BA": 36580,
  "DISN.BA": 14610,
  "DOCU.BA": 5040,
  "DOW.BA": 5645,
  "DTEA.BA": 0,
  "E.BA": 13670,
  "EA.BA": 22410,
  "EBAY.BA": 74975,
  "EBR.BA": 64125,
  "EEM.BA": 17200,
  "EFA.BA": 8325,
  "EFX.BA": 22690,
  "ELP.BA": 46460,
  "EOAN.BA": 236.04100037,
  "EQNR.BA": 5900,
  "ERIC.BA": 7420,
  "ERJ.BA": 95150,
  "ETHA.BA": 9465,
  "ETSY.BA": 7020,
  "EWJ.BA": 9370,
  "EWZ.BA": 23680,
  "F.BA": 18770,
  "FCX.BA": 22020,
  "FDX.BA": 37560,
  "FMCC.BA": 0,
  "FMX.BA": 25040,
  "FNMA.BA": 19600,
  "FSLR.BA": 19890,
  "FXI.BA": 12710,
  "GDX.BA": 12630,
  "GE.BA": 59475,
  "GFI.BA": 68750,
  "GGB.BA": 21310,
  "GILD.BA": 48360,
  "GLD.BA": 12630,
  "GLOB.BA": 5070,
  "GLW.BA": 33580,
  "GM.BA": 15130,
  "GOOGL.BA": 6910,
  "GPRK.BA": 9400,
  "GRMN.BA": 130175,
  "GS.BA": 92250,
  "GSK.BA": 17220,
  "GT.BA": 5315,
  "HAL.BA": 17740,
  "HAPV3.BA": 10120,
  "HD.BA": 19090,
  "HDB.BA": 28600,
  "HHPD.BA": 0,
  "HL.BA": 22670,
  "HMC.BA": 48840,
  "HMY.BA": 31660,
  "HNPIY.BA": 6140,
  "HOG.BA": 13950,
  "HON.BA": 40260,
  "HPQ.BA": 43220,
  "HSBC.BA": 51625,
  "HSY.BA": 13900,
  "HUT.BA": 391350,
  "HWM.BA": 301725,
  "IBB.BA": 9105,
  "IBIT.BA": 9870,
  "IBM.BA": 29620,
  "IBN.BA": 48600,
  "IEMG.BA": 8840,
  "IEUR.BA": 9860,
  "IFF.BA": 8480,
  "IJH.BA": 8555,
  "INFY.BA": 26640,
  "ING.BA": 12570,
  "INTC.BA": 11950,
  "IP.BA": 18840,
  "ISRG.BA": 7855,
  "ITA.BA": 6605,
  "ITUB.BA": 11210,
  "ITUB3.BA": 9895,
  "IVE.BA": 8180,
  "IVW.BA": 9485,
  "IWDA.BA": 0,
  "IWM.BA": 38880,
  "JBSS3.BA": 8320,
  "JCI.BA": 84025,
  "JD.BA": 13250,
  "JMIA.BA": 17240,
  "JNJ.BA": 20240,
  "JOYY.BA": 18610,
  "JPM.BA": 31700,
  "KB.BA": 65275,
  "KEP.BA": 23570,
  "KGC.BA": 40560,
  "KMB.BA": 31620,
  "KO.BA": 21490,
  "KOFM.BA": 66075,
  "LAC.BA": 10920,
  "LAR.BA": 6645,
  "LFC.BA": 1074.5,
  "LLY.BA": 22650,
  "LMT.BA": 39480,
  "LRCX.BA": 4060,
  "LREN3.BA": 4195,
  "LVS.BA": 39180,
  "LYG.BA": 3492.5,
  "MA.BA": 26920,
  "MBG.BA": 3807.20898438,
  "MBT.BA": 650,
  "MCD.BA": 20080,
  "MDLZ.BA": 6580,
  "MDT.BA": 37560,
  "MELI.BA": 27440,
  "META.BA": 47800,
  "MFG.BA": 10100,
  "MGLU3.BA": 2452,
  "MMC.BA": 18690,
  "MMM.BA": 24290,
  "MO.BA": 25200,
  "MOS.BA": 9235,
  "MRK.BA": 27160,
  "MRNA.BA": 2224,
  "MRVL.BA": 9620,
  "MSFT.BA": 27000,
  "MSI.BA": 35060,
  "MSTR.BA": 23310,
  "MU.BA": 65025,
  "MUFG.BA": 24300,
  "MUX.BA": 17700,
  "NATU3.BA": 2475,
  "NEC1.BA": 0,
  "NEM.BA": 49720,
  "NFLX.BA": 40420,
  "NG.BA": 63200,
  "NGG.BA": 60000,
  "NIO.BA": 2755,
  "NKE.BA": 8865,
  "NLM.BA": 0,
  "NMR.BA": 11010,
  "NOKA.BA": 8985,
  "NOW.BA": 8395,
  "NSAN.BA": 1545,
  "NTCO.BA": 6200,
  "NTES.BA": 17150,
  "NU.BA": 12090,
  "NUE.BA": 13370,
  "NVDA.BA": 11930,
  "NVS.BA": 51775,
  "NXE.BA": 13600,
  "ORAN.BA": 13200,
  "ORCL.BA": 144400,
  "ORLY.BA": 705,
  "OXY.BA": 12850,
  "PAAS.BA": 20530,
  "PAC.BA": 21420,
  "PAGS.BA": 4722.5,
  "PANW.BA": 6655,
  "PATH.BA": 12450,
  "PBI.BA": 18000,
  "PBR.BA": 18370,
  "PCAR.BA": 50975,
  "PCRF.BA": 0,
  "PDD.BA": 8285,
  "PEP.BA": 13330,
  "PETR3.BA": 9205,
  "PFE.BA": 9695,
  "PG.BA": 15910,
  "PHG.BA": 8940,
  "PINS.BA": 7310,
  "PKS.BA": 27520,
  "PLTR.BA": 94950,
  "PM.BA": 13720,
  "PSO.BA": 0,
  "PSQ.BA": 5955,
  "PSX.BA": 34000,
  "PYPL.BA": 13550,
  "QCOM.BA": 23850,
  "QQQ.BA": 47940,
  "RACE.BA": 7540,
  "RBLX.BA": 105600,
  "RCTB4.BA": 0,
  "RGTI.BA": 33740,
  "RIO.BA": 13540,
  "RIOT.BA": 11470,
  "ROKU.BA": 11340,
  "ROST.BA": 61600,
  "RTX.BA": 50575,
  "SAN.BA": 61575,
  "SAP.BA": 72700,
  "SATL.BA": 3972.5,
  "SBS.BA": 76225,
  "SBSP3.BA": 33300,
  "SBUX.BA": 11040,
  "SCCO.BA": 105700,
  "SCHW.BA": 0,
  "SDA.BA": 1624,
  "SE.BA": 8105,
  "SH.BA": 7175,
  "SHEL.BA": 57200,
  "SHOP.BA": 2399,
  "SI.BA": 22.45000076,
  "SID.BA": 20510,
  "SIEGY.BA": 6695.81591797,
  "SLB.BA": 17520,
  "SLV.BA": 12480,
  "SMH.BA": 10930,
  "SMSN.BA": 13143.82421875,
  "SNA.BA": 88725,
  "SNAP.BA": 12090,
  "SNOW.BA": 12770,
  "SONY.BA": 5715,
  "SPCE.BA": 12890,
  "SPGI.BA": 16600,
  "SPOT.BA": 37900,
  "SPXL.BA": 13510,
  "SPY.BA": 52650,
  "STLA.BA": 3332.5,
  "STNE.BA": 9710,
  "SUZ.BA": 13990,
  "SUZB3.BA": 13350,
  "SWKS.BA": 5500,
  "SYY.BA": 15690,
  "T.BA": 13590,
  "TCOM.BA": 56000,
  "TEAM.BA": 5275,
  "TEFO.BA": 1033,
  "TEM.BA": 12140,
  "TEN.BA": 54575,
  "TGT.BA": 5970,
  "TIIAY.BA": 0,
  "TIMB.BA": 34700,
  "TIMS3.BA": 6285,
  "TJX.BA": 10450,
  "TM.BA": 20870,
  "TMO.BA": 38920,
  "TMUS.BA": 10600,
  "TQQQ.BA": 6765,
  "TRIP.BA": 13000,
  "TRVV.BA": 69175,
  "TSLA.BA": 46800,
  "TSM.BA": 51975,
  "TTE.BA": 31860,
  "TTM.BA": 8651,
  "TV.BA": 1260,
  "TWLO.BA": 4757.5,
  "TXN.BA": 56525,
  "TXR.BA": 14170,
  "UAL.BA": 31880,
  "UBER.BA": 73500,
  "UGP.BA": 6090,
  "UL.BA": 32900,
  "UNH.BA": 17310,
  "UNP.BA": 17890,
  "UPST.BA": 15800,
  "URA.BA": 16740,
  "URBN.BA": 52425,
  "USB.BA": 14770,
  "USO.BA": 7095,
  "V.BA": 30060,
  "VALE.BA": 8930,
  "VALE3.BA": 17910,
  "VEA.BA": 9625,
  "VIG.BA": 8760,
  "VIST.BA": 18460,
  "VIV.BA": 19120,
  "VIVT3.BA": 9500,
  "VOD.BA": 18210,
  "VRSN.BA": 69500,
  "VRTX.BA": 6520,
  "VST.BA": 11780,
  "VXX.BA": 10690,
  "VZ.BA": 15960,
  "WBA.BA": 5360,
  "WBO.BA": 2930,
  "WEGE3.BA": 10280,
  "WFC.BA": 26860,
  "WMT.BA": 9305,
  "X.BA": 21550,
  "XLB.BA": 7775,
  "XLC.BA": 9620,
  "XLE.BA": 68250,
  "XLF.BA": 41320,
  "XLI.BA": 8630,
  "XLK.BA": 9845,
  "XLP.BA": 7840,
  "XLRE.BA": 7405,
  "XLU.BA": 9545,
  "XLV.BA": 7855,
  "XLY.BA": 8655,
  "XOM.BA": 17660,
  "XP.BA": 6805,
  "XPEV.BA": 8390,
  "XROX.BA": 4947.5,
  "XYZ.BA": 5980,
  "YELP.BA": 25660,
  "YZCA.BA": 0.007,
  "ZM.BA": 2715,
  "ALUA.BA": 852,
  "ALUAC.BA": 0.50999999,
  "ALUAD.BA": 0.54299998,
  "BBAR.BA": 4895,
  "BBARC.BA": 2.65499997,
  "BBARD.BA": 3.13000011,
  "BMA.BA": 8240,
  "BMA.C.BA": 5.21000004,
  "BMA.D.BA": 5.28999996,
  "BYMA.BA": 178.75,
  "BYMAC.BA": 0.12800001,
  "BYMAD.BA": 0.116,
  "CEPU.BA": 1467,
  "COME.BA": 32.00999832,
  "CRES.BA": 1491,
  "CRESC.BA": 0.875,
  "EDN.BA": 1398,
  "EDNC.BA": 0.78100002,
  "EDND.BA": 0.92000002,
  "GGAL.BA": 5010,
  "GGALC.BA": 3.29999995,
  "GGALD.BA": 3.27999997,
  "IRSAC.BA": 1.17999995,
  "IRSAD.BA": 1.14999998,
  "LOMA.BA": 2387,
  "LOMAD.BA": 1.55499995,
  "MIRG.BA": 15675,