{
  "AAL.BA": 9165,
  "AAP.BA": 5165,
  "AAPL.BA": 19900,
  "ABBV.BA": 35020,
  "ABEV.BA": 11390,
  "ABEV3.BA": 3790,
  "ABNB.BA": 11720,
  "ABT.BA": 48540,
  "ACN.BA": 4790,
  "ACWI.BA": 7885,
  "ADBE.BA": 10960,
  "ADGO.BA": 11400,
  "ADI.BA": 22820,
  "ADP.BA": 61625,
  "ADS.BA": 3942.14794922,
  "AEG.BA": 11370,
  "AEM.BA": 41520,
  "AHP.BA": 28.79999924,
  "AI.BA": 3972.5,
  "AIG.BA": 22900,
  "AKO.B.BA": 39200,
  "ALAB.BA": 4677.5,
  "AMAT.BA": 67050,
  "AMD.BA": 34140,
  "AMGN.BA": 16830,
  "AMX.BA": 34200,
  "AMZN.BA": 2342,
  "ANF.BA": 103850,
  "ARCO.BA": 21450,
  "ARKK.BA": 11190,
  "ARM.BA": 7500,
  "ASML.BA": 10320,
  "ASR.BA": 21800,
  "ASTS.BA": 5575,
  "AVGO.BA": 13010,
  "AVY.BA": 14490,
  "AXP.BA": 33580,
  "AZN.BA": 66250,
  "B.BA": 27940,
  "BA.BA": 11720,
  "BA.C.BA": 19170,
  "BABA.BA": 26240,
  "BAK.BA": 2208,
  "BAS.BA": 3197.76855469,
  "BAYN.BA": 3323.26293945,
  "BB.BA": 2053,
  "BBD.BA": 5360,
  "BBDC3.BA": 4402.5,
  "BBV.BA": 30200,
  "BCS.BA": 31540,
  "BHP.BA": 39980,
  "BIDU.BA": 15190,
  "BIIB.BA": 18700,
  "BIOX.BA": 2323,
  "BITF.BA": 19990,
  "BK.BA": 79575,
  "BKNG.BA": 10600,
  "BKR.BA": 9800,
  "BMY.BA": 23430,
  "BNG.BA": 27880,
  "BP.BA": 10670,
  "BPA11.BA": 14870,
  "BRFS.BA": 18200,
  "BRKB.BA": 34000,
  "BSBR.BA": 9400,
  "BSN.BA": 613.31298828,
  "C.BA": 48380,
  "CAAP.BA": 134900,
  "CAH.BA": 102975,
  "CAJ.BA": 4045.5,
  "CAR.BA": 7495,
  "CAT.BA": 40460,
  "CCL.BA": 12540,
  "CDE.BA": 21810,
  "CEG.BA": 11150,
  "CIBR.BA": 10950,
  "CL.BA": 39100,
  "CLS.BA": 22500,
  "COIN.BA": 14730,
  "COST.BA": 28360,
  "CRM.BA": 19380,
  "CRWV.BA": 4070,
  "CSCO.BA": 23150,
  "CSNA3.BA": 2337,
  "CVS.BA": 7670,
  "CVX.BA": 14140,
  "CX.BA": 14660,
  "DAL.BA": 10300,
  "DD.BA": 11430,
  "DE.BA": 17630,
  "DECK.BA": 4872.5,
  "DEO.BA": 22560,
  "DESP.BA": 22600,
  "DHR.BA": 5985,
  "DIA.BA": 34400,
  "DISN.BA": 13160,
  "DOCU.BA": 4335,
  "DOW.BA": 5385,
  "DTEA.BA": 0,
  "E.BA": 14030,
  "EA.BA": 21380,
  "EBAY.BA": 61000,
  "ECL.BA": 6680,
  "EEM.BA": 16050,
  "EFA.BA": 7675,
  "EFX.BA": 18980,
  "ELP.BA": 47860,
  "EMBJ.BA": 93475,
  "EOAN.BA": 236.04100037,
  "EQNR.BA": 5705,
  "ERIC.BA": 7175,
  "ETHA.BA": 6895,
  "ETSY.BA": 5030,
  "EWJ.BA": 8590,
  "EWZ.BA": 24260,
  "F.BA": 19160,
  "FCX.BA": 20280,
  "FDX.BA": 39060,
  "FMCC.BA": 0,
  "FMX.BA": 23260,
  "FNMA.BA": 16000,
  "FSLR.BA": 20270,
  "FXI.BA": 11700,
  "GDX.BA": 11320,
  "GE.BA": 55625,
  "GFI.BA": 59700,
  "GGB.BA": 20760,
  "GILD.BA": 46680,
  "GLD.BA": 11110,
  "GLOB.BA": 4917.5,
  "GLW.BA": 29860,
  "GM.BA": 16670,
  "GOOGL.BA": 7250,
  "GPRK.BA": 11410,
  "GRMN.BA": 93000,
  "GS.BA": 87925,
  "GSK.BA": 17490,
  "GT.BA": 5730,
  "HAL.BA": 19710,
  "HAPV3.BA": 4912.5,
  "HD.BA": 16050,
  "HDB.BA": 27420,
  "HHPD.BA": 0,
  "HL.BA": 21110,
  "HMC.BA": 42720,
  "HMY.BA": 24910,
  "HNPIY.BA": 6140,
  "HOG.BA": 11850,
  "HON.BA": 35860,
  "HOOD.BA": 5960,
  "HPQ.BA": 33700,
  "HSBC.BA": 51575,
  "HSY.BA": 12680,
  "HUT.BA": 280150,
  "HWM.BA": 296725,
  "IBB.BA": 9060,
  "IBIT.BA": 7720,
  "IBM.BA": 29100,
  "IBN.BA": 45760,
  "IEMG.BA": 8290,
  "IEUR.BA": 9120,
  "IFF.BA": 8100,
  "IJH.BA": 7785,
  "INFY.BA": 24840,
  "ING.BA": 12230,
  "INTC.BA": 10080,
  "IP.BA": 13690,
  "IREN.BA": 5930,
  "ISRG.BA": 8805,
  "ITA.BA": 5990,
  "ITUB.BA": 11160,
  "ITUB3.BA": 9895,
  "IVE.BA": 7705,
  "IVW.BA": 8825,
  "IWDA.BA": 0,
  "IWM.BA": 34580,
  "JBSS3.BA": 8320,
  "JCI.BA": 88000,
  "JD.BA": 10970,
  "JMIA.BA": 15180,
  "JNJ.BA": 19740,
  "JOYY.BA": 17450,
  "JPM.BA": 29660,
  "KB.BA": 66758.8359375,
  "KEP.BA": 24990,
  "KGC.BA": 37220,
  "KMB.BA": 25700,
  "KO.BA": 21100,
  "KOFM.BA": 65650,
  "LAC.BA": 6975,
  "LAR.BA": 6840,
  "LFC.BA": 1074.5,
  "LLY.BA": 27360,
  "LMT.BA": 35140,
  "LRCX.BA": 3877.5,
  "LREN3.BA": 4235,
  "LVS.BA": 47880,
  "LYG.BA": 3450,
  "MA.BA": 23970,
  "MBG.BA": 3807.20898438,
  "MBT.BA": 650,
  "MCD.BA": 19040,
  "MDLZ.BA": 5535,
  "MDT.BA": 37480,
  "MELI.BA": 25580,
  "META.BA": 36480,
  "MFG.BA": 9700,
  "MGLU3.BA": 2505,
  "MMC.BA": 16860,
  "MMM.BA": 24600,
  "MO.BA": 21830,
  "MOS.BA": 7260,
  "MRK.BA": 28140,
  "MRNA.BA": 1894,
  "MRVL.BA": 8660,
  "MSFT.BA": 24580,
  "MSI.BA": 28120,
  "MSTR.BA": 14850,
  "MU.BA": 69250,
  "MUFG.BA": 22870,
  "MUX.BA": 12880,
  "NATU3.BA": 2110,
  "NEC1.BA": 0,
  "NEM.BA": 43160,
  "NFLX.BA": 3450,
  "NG.BA": 50725,
  "NGG.BA": 57700,
  "NIO.BA": 2182,
  "NKE.BA": 7670,
  "NLM.BA": 0,
  "NMR.BA": 10400,
  "NOKA.BA": 9730,
  "NOW.BA": 7145,
  "NSAN.BA": 1545,
  "NTCO.BA": 6200,
  "NTES.BA": 14630,
  "NU.BA": 11550,
  "NUE.BA": 13570,
  "NVDA.BA": 11240,
  "NVS.BA": 49000,
  "NXE.BA": 11600,
  "OKLO.BA": 5170,
  "ORAN.BA": 13200,
  "ORCL.BA": 107200,
  "ORLY.BA": 659,
  "OXY.BA": 12280,
  "PAAS.BA": 18600,
  "PAC.BA": 20440,
  "PAGS.BA": 4627.5,
  "PANW.BA": 5970,
  "PATH.BA": 10010,
  "PBI.BA": 13260,
  "PBR.BA": 19370,
  "PCAR.BA": 47200,
  "PCRF.BA": 0,
  "PDD.BA": 7320,
  "PEP.BA": 12300,
  "PETR3.BA": 9810,
  "PFE.BA": 9380,
  "PG.BA": 14520,
  "PHG.BA": 8165,
  "PINS.BA": 5415,
  "PKS.BA": 26480,
  "PLTR.BA": 83250,
  "PM.BA": 12770,
  "PSO.BA": 0,
  "PSQ.BA": 5820,
  "PSX.BA": 33560,
  "PYPL.BA": 11410,
  "QCOM.BA": 22080,
  "QQQ.BA": 44380,
  "RACE.BA": 7125,
  "RBLX.BA": 75925,
  "RCTB4.BA": 0,
  "RGTI.BA": 18440,
  "RIO.BA": 12900,
  "RIOT.BA": 6835,
  "RKLB.BA": 5275,
  "ROKU.BA": 11000,
  "ROST.BA": 58525,
  "RTX.BA": 52000,
  "SAN.BA": 60300,
  "SAP.BA": 58900,
  "SATL.BA": 2039,
  "SBS.BA": 77200,
  "SBSP3.BA": 38720,
  "SBUX.BA": 10320,
  "SCCO.BA": 93825,
  "SCHW.BA": 0,
  "SDA.BA": 1330,
  "SE.BA": 6720,
  "SH.BA": 6950,
  "SHEL.BA": 55025,
  "SHOP.BA": 1895,
  "SI.BA": 22.45000076,
  "SID.BA": 18460,
  "SIEGY.BA": 6695.81591797,
  "SLB.BA": 17740,
  "SLV.BA": 11380,
  "SMH.BA": 9940,
  "SMSN.BA": 13143.82421875,
  "SNA.BA": 80650,
  "SNAP.BA": 12280,
  "SNOW.BA": 12450,
  "SONY.BA": 5295,
  "SPCE.BA": 10530,
  "SPGI.BA": 16170,
  "SPHQ.BA": 7735,
  "SPOT.BA": 33640,
  "SPXL.BA": 12070,
  "SPY.BA": 49140,
  "STLA.BA": 2852.5,
  "STNE.BA": 8045,
  "SUZ.BA": 13400,
  "SUZB3.BA": 13570,
  "SWKS.BA": 4600,
  "SYY.BA": 14020,
  "T.BA": 12620,
  "TCOM.BA": 52425,
  "TEAM.BA": 4565,
  "TEFO.BA": 787.5,
  "TEM.BA": 8100,
  "TEN.BA": 59000,
  "TGT.BA": 5515,
  "TIIAY.BA": 0,
  "TIMB.BA": 34500,
  "TIMS3.BA": 6970,
  "TJX.BA": 9845,
  "TM.BA": 19430,
  "TMO.BA": 37980,
  "TMUS.BA": 9900,
  "TQQQ.BA": 5875,
  "TRIP.BA": 10720,
  "TRVV.BA": 70750,
  "TSLA.BA": 39820,
  "TSM.BA": 45720,
  "TTE.BA": 31660,
  "TTM.BA": 8651,
  "TV.BA": 1376,
  "TWLO.BA": 4870,
  "TXN.BA": 46100,
  "TXR.BA": 13570,
  "UAL.BA": 26560,
  "UBER.BA": 67675,
  "UGP.BA": 6080,
  "UL.BA": 29300,
  "UNH.BA": 14060,
  "UNP.BA": 16410,
  "UPST.BA": 10630,
  "URA.BA": 12970,
  "URBN.BA": 44860,
  "USB.BA": 13450,
  "USO.BA": 7050,
  "V.BA": 26760,
  "VALE.BA": 8990,
  "VALE3.BA": 17890,
  "VEA.BA": 8875,
  "VIG.BA": 8195,
  "VIST.BA": 24210,
  "VIV.BA": 19040,
  "VIVT3.BA": 9660,
  "VOD.BA": 18110,
  "VRSN.BA": 61300,
  "VRTX.BA": 6400,
  "VST.BA": 10020,
  "VXX.BA": 11170,
  "VZ.BA": 15260,
  "WBA.BA": 5360,
  "WBO.BA": 2435,
  "WEGE3.BA": 12230,
  "WFC.BA": 24790,
  "WMT.BA": 8480,
  "X.BA": 21550,
  "XLB.BA": 7080,
  "XLC.BA": 8705,
  "XLE.BA": 67025,
  "XLF.BA": 38200,
  "XLI.BA": 7995,
  "XLK.BA": 9010,
  "XLP.BA": 7180,
  "XLRE.BA": 6695,
  "XLU.BA": 8905,
  "XLV.BA": 7810,
  "XLY.BA": 7785,
  "XOM.BA": 17490,
  "XP.BA": 6955,
  "XPEV.BA": 8210,
  "XROX.BA": 3797.5,
  "XYZ.BA": 4357.5,
  "YELP.BA": 21000,
  "YZCA.BA": 0.007,
  "ZM.BA": 2597.5,
  "ALUA.BA": 1046,
  "ALUAC.BA": 0.72,
  "ALUAD.BA": 0.754,
  "BBAR.BA": 7460,
  "BBARC.BA": 2.64280009,
  "BBARD.BA": 5.09000015,
  "BMA.BA": 11590,
  "BMA.C.BA": 8.80000019,
  "BMA.D.BA": 8.06,
  "BYMA.BA": 286,
  "BYMAC.BA": 0.197,
  "BYMAD.BA": 0.199,
  "CEPU.BA": 2215,
  "COME.BA": 78.3,
  "CRES.BA": 1747,
  "CRESC.BA": 1.11500001,
  "EDN.BA": 2278,
  "EDNC.BA": 1.66999996,
  "EDND.BA": 1.57,
  "GGAL.BA": 7515,
  "GGALC.BA": 5.17,
  "GGALD.BA": 5.19,