{
  "AAL.BA": 10430,
  "AAP.BA": 5750,
  "AAPL.BA": 21120,
  "ABBV.BA": 35420,
  "ABEV.BA": 11420,
  "ABEV3.BA": 3900,
  "ABNB.BA": 11900,
  "ABT.BA": 48700,
  "ACN.BA": 5090,
  "ACWI.BA": 8100,
  "ADBE.BA": 11070,
  "ADGO.BA": 12040,
  "ADI.BA": 25020,
  "ADP.BA": 64875,
  "ADS.BA": 3942.14794922,
  "AEG.BA": 11710,
  "AEM.BA": 42080,
  "AHP.BA": 28.79999924,
  "AI.BA": 4230,
  "AIG.BA": 22990,
  "AKO.B.BA": 40380,
  "ALAB.BA": 4847.5,
  "AMAT.BA": 71650,
  "AMD.BA": 30300,
  "AMGN.BA": 17200,
  "AMX.BA": 34180,
  "AMZN.BA": 2411,
  "ANF.BA": 130950,
  "ARCO.BA": 21970,
  "ARKK.BA": 11590,
  "ARM.BA": 7240,
  "ASML.BA": 10310,
  "ASR.BA": 23050,
  "ASTS.BA": 5500,
  "AVGO.BA": 14630,
  "AVY.BA": 14380,
  "AXP.BA": 36400,
  "AZN.BA": 70450,
  "B.BA": 29700,
  "BA.BA": 11450,
  "BA.C.BA": 19950,
  "BABA.BA": 26600,
  "BAK.BA": 2226,
  "BAS.BA": 3197.76855469,
  "BAYN.BA": 3323.26293945,
  "BB.BA": 2065,
  "BBD.BA": 5335,
  "BBDC3.BA": 4622.5,
  "BBV.BA": 32160,
  "BCS.BA": 32680,
  "BHP.BA": 40720,
  "BIDU.BA": 16330,
  "BIIB.BA": 21320,
  "BIOX.BA": 2357,
  "BITF.BA": 20590,
  "BK.BA": 81725,
  "BKNG.BA": 10880,
  "BKR.BA": 10700,
  "BMY.BA": 24800,
  "BNG.BA": 28820,
  "BP.BA": 10830,
  "BPA11.BA": 14370,
  "BRFS.BA": 18200,
  "BRKB.BA": 35240,
  "BSBR.BA": 9405,
  "BSN.BA": 613.31298828,
  "C.BA": 50875,
  "CAAP.BA": 137825,
  "CAH.BA": 108125,
  "CAJ.BA": 4045.5,
  "CAR.BA": 7855,
  "CAT.BA": 42440,
  "CCL.BA": 13180,
  "CDE.BA": 22440,
  "CEG.BA": 11700,
  "CIBR.BA": 11110,
  "CL.BA": 40500,
  "CLS.BA": 24680,
  "COIN.BA": 13780,
  "COST.BA": 28300,
  "CRM.BA": 19590,
  "CRWV.BA": 3980,
  "CSCO.BA": 23170,
  "CSNA3.BA": 2285,
  "CVS.BA": 8010,
  "CVX.BA": 14150,
  "CX.BA": 15870,
  "DAL.BA": 11950,
  "DD.BA": 11730,
  "DE.BA": 18920,
  "DECK.BA": 5210,
  "DEO.BA": 23180,
  "DESP.BA": 22600,
  "DHR.BA": 6530,
  "DIA.BA": 35580,
  "DISN.BA": 13120,
  "DOCU.BA": 4670,
  "DOW.BA": 5865,
  "DTEA.BA": 0,
  "E.BA": 13790,
  "EA.BA": 21880,
  "EBAY.BA": 63225,
  "ECL.BA": 7420,
  "EEM.BA": 16310,
  "EFA.BA": 7880,
  "EFX.BA": 20560,
  "ELP.BA": 46300,
  "EMBJ.BA": 93400,
  "EOAN.BA": 236.04100037,
  "EQNR.BA": 5620,
  "ERIC.BA": 7165,
  "ETHA.BA": 6720,
  "ETSY.BA": 5230,
  "EWJ.BA": 8840,
  "EWZ.BA": 24590,
  "F.BA": 20170,
  "FCX.BA": 20860,
  "FDX.BA": 41380,
  "FMCC.BA": 0,
  "FMX.BA": 23780,
  "FNMA.BA": 15700,
  "FSLR.BA": 21920,
  "FXI.BA": 12010,
  "GDX.BA": 11850,
  "GE.BA": 55400,
  "GFI.BA": 61150,
  "GGB.BA": 21180,
  "GILD.BA": 48100,
  "GLD.BA": 11570,
  "GLOB.BA": 5260,
  "GLW.BA": 30980,
  "GM.BA": 18450,
  "GOOGL.BA": 8365,
  "GPRK.BA": 11590,
  "GRMN.BA": 98000,
  "GS.BA": 92925,
  "GSK.BA": 18100,
  "GT.BA": 6350,
  "HAL.BA": 19370,
  "HAPV3.BA": 4917.5,
  "HD.BA": 16500,
  "HDB.BA": 27240,
  "HHPD.BA": 0,
  "HL.BA": 22520,
  "HMC.BA": 45420,
  "HMY.BA": 27920,
  "HNPIY.BA": 6140,
  "HOG.BA": 12290,
  "HON.BA": 36220,
  "HOOD.BA": 5925,
  "HPQ.BA": 37740,
  "HSBC.BA": 52950,
  "HSY.BA": 13470,
  "HUT.BA": 286675,
  "HWM.BA": 304975,
  "IBB.BA": 9650,
  "IBIT.BA": 7510,
  "IBM.BA": 30740,
  "IBN.BA": 46440,
  "IEMG.BA": 8355,
  "IEUR.BA": 9405,
  "IFF.BA": 8775,
  "IJH.BA": 8265,
  "INFY.BA": 25920,
  "ING.BA": 12950,
  "INTC.BA": 10870,
  "IP.BA": 14610,
  "IREN.BA": 5800,
  "ISRG.BA": 9450,
  "ITA.BA": 6135,
  "ITUB.BA": 11260,
  "ITUB3.BA": 10040,
  "IVE.BA": 7925,
  "IVW.BA": 9230,
  "IWDA.BA": 0,
  "IWM.BA": 37000,
  "JBSS3.BA": 8320,
  "JCI.BA": 85500,
  "JD.BA": 11130,
  "JMIA.BA": 16850,
  "JNJ.BA": 20980,
  "JOYY.BA": 19400,
  "JPM.BA": 30500,
  "KB.BA": 63775,
  "KEP.BA": 27180,
  "KGC.BA": 39880,
  "KMB.BA": 26800,
  "KO.BA": 21970,
  "KOFM.BA": 65075,
  "LAC.BA": 7585,
  "LAR.BA": 7565,
  "LFC.BA": 1074.5,
  "LLY.BA": 29760,
  "LMT.BA": 34340,
  "LRCX.BA": 4022.5,
  "LREN3.BA": 4320,
  "LVS.BA": 51450,
  "LYG.BA": 3647.5,
  "MA.BA": 25220,
  "MBG.BA": 3807.20898438,
  "MBT.BA": 650,
  "MCD.BA": 19690,
  "MDLZ.BA": 5685,
  "MDT.BA": 39820,
  "MELI.BA": 25660,
  "META.BA": 39780,
  "MFG.BA": 10330,
  "MGLU3.BA": 2790,
  "MMC.BA": 17300,
  "MMM.BA": 26020,
  "MO.BA": 22150,
  "MOS.BA": 7380,
  "MRK.BA": 31840,
  "MRNA.BA": 1948,
  "MRVL.BA": 8925,
  "MSFT.BA": 24030,
  "MSI.BA": 27940,
  "MSTR.BA": 13270,
  "MU.BA": 67375,
  "MUFG.BA": 23400,
  "MUX.BA": 13130,
  "NATU3.BA": 2134,
  "NEC1.BA": 0,
  "NEM.BA": 43780,
  "NFLX.BA": 3295,
  "NG.BA": 54225,
  "NGG.BA": 56025,
  "NIO.BA": 2144,
  "NKE.BA": 8070,
  "NLM.BA": 0,
  "NMR.BA": 11000,
  "NOKA.BA": 9270,
  "NOW.BA": 7250,
  "NSAN.BA": 1545,
  "NTCO.BA": 6200,
  "NTES.BA": 15170,
  "NU.BA": 12280,
  "NUE.BA": 14920,
  "NVDA.BA": 11060,
  "NVS.BA": 49160,
  "NXE.BA": 11950,
  "OKLO.BA": 4542.5,
  "ORAN.BA": 13200,
  "ORCL.BA": 99675,
  "ORLY.BA": 699.5,
  "OXY.BA": 12540,
  "PAAS.BA": 20030,
  "PAC.BA": 21950,
  "PAGS.BA": 4817.5,
  "PANW.BA": 5620,
  "PATH.BA": 10250,
  "PBI.BA": 15160,
  "PBR.BA": 19170,
  "PCAR.BA": 53300,
  "PCRF.BA": 0,
  "PDD.BA": 6970,
  "PEP.BA": 12310,
  "PETR3.BA": 9670,
  "PFE.BA": 9750,
  "PG.BA": 15090,
  "PHG.BA": 8430,
  "PINS.BA": 5495,
  "PKS.BA": 26180,
  "PLTR.BA": 81750,
  "PM.BA": 13300,
  "PSO.BA": 0,
  "PSQ.BA": 5880,
  "PSX.BA": 33860,
  "PYPL.BA": 11710,
  "QCOM.BA": 22560,
  "QQQ.BA": 45980,
  "RACE.BA": 7140,
  "RBLX.BA": 68475,
  "RCTB4.BA": 0,
  "RGTI.BA": 19250,
  "RIO.BA": 13510,
  "RIOT.BA": 6995,
  "RKLB.BA": 5230,
  "ROKU.BA": 11030,
  "ROST.BA": 66800,
  "RTX.BA": 52075,
  "SAN.BA": 63525,
  "SAP.BA": 59900,
  "SATL.BA": 2270,
  "SBS.BA": 78850,
  "SBSP3.BA": 38700,
  "SBUX.BA": 10780,
  "SCCO.BA": 98100,
  "SCHW.BA": 0,
  "SDA.BA": 1460,
  "SE.BA": 6380,
  "SH.BA": 7040,
  "SHEL.BA": 55600,
  "SHOP.BA": 2196,
  "SI.BA": 22.45000076,
  "SID.BA": 18450,
  "SIEGY.BA": 6695.81591797,
  "SLB.BA": 18020,
  "SLV.BA": 11720,
  "SMH.BA": 10140,
  "SMSN.BA": 13143.82421875,
  "SNA.BA": 85425,
  "SNAP.BA": 11610,
  "SNOW.BA": 12500,
  "SONY.BA": 5395,
  "SPCE.BA": 10360,
  "SPGI.BA": 16690,
  "SPHQ.BA": 8030,
  "SPOT.BA": 32120,
  "SPXL.BA": 12870,
  "SPY.BA": 51075,
  "STLA.BA": 3165,
  "STNE.BA": 7730,
  "SUZ.BA": 13460,
  "SUZB3.BA": 13380,
  "SWKS.BA": 4550,
  "SYY.BA": 14450,
  "T.BA": 13200,
  "TCOM.BA": 53500,
  "TEAM.BA": 4822.5,
  "TEFO.BA": 800.5,
  "TEM.BA": 9455,
  "TEN.BA": 59925,
  "TGT.BA": 5470,
  "TIIAY.BA": 0,
  "TIMB.BA": 34840,
  "TIMS3.BA": 6970,
  "TJX.BA": 10800,
  "TM.BA": 20270,
  "TMO.BA": 41280,
  "TMUS.BA": 9420,
  "TQQQ.BA": 3097.5,
  "TRIP.BA": 11580,
  "TRVV.BA": 74675,
  "TSLA.BA": 42000,
  "TSM.BA": 47280,
  "TTE.BA": 32900,
  "TTM.BA": 8651,
  "TV.BA": 1386,
  "TWLO.BA": 5380,
  "TXN.BA": 48980,
  "TXR.BA": 13520,
  "UAL.BA": 30200,
  "UBER.BA": 63525,
  "UGP.BA": 6145,
  "UL.BA": 30640,
  "UNH.BA": 14990,
  "UNP.BA": 17330,
  "UPST.BA": 12310,
  "URA.BA": 13080,
  "URBN.BA": 50500,
  "USB.BA": 14850,
  "USO.BA": 6985,
  "V.BA": 28060,
  "VALE.BA": 9270,
  "VALE3.BA": 18340,
  "VEA.BA": 9200,
  "VIG.BA": 8520,
  "VIST.BA": 23690,
  "VIV.BA": 19540,
  "VIVT3.BA": 9790,
  "VOD.BA": 18540,
  "VRSN.BA": 64475,
  "VRTX.BA": 6410,
  "VST.BA": 9855,
  "VXX.BA": 10460,
  "VZ.BA": 15460,
  "WBA.BA": 5360,
  "WBO.BA": 2530,
  "WEGE3.BA": 11950,
  "WFC.BA": 25600,
  "WMT.BA": 8970,
  "X.BA": 21550,
  "XLB.BA": 7420,
  "XLC.BA": 9100,
  "XLE.BA": 67350,
  "XLF.BA": 39800,
  "XLI.BA": 8200,
  "XLK.BA": 9180,
  "XLP.BA": 7425,
  "XLRE.BA": 7020,
  "XLU.BA": 9040,
  "XLV.BA": 8310,
  "XLY.BA": 8170,
  "XOM.BA": 17430,
  "XP.BA": 6800,
  "XPEV.BA": 7985,
  "XROX.BA": 4275,
  "XYZ.BA": 4752.5,
  "YELP.BA": 20980,
  "YZCA.BA": 0.007,
  "ZM.BA": 2870,
  "ALUA.BA": 995,
  "ALUAC.BA": 0.72000003,
  "ALUAD.BA": 0.678,
  "BBAR.BA": 6970,
  "BBARC.BA": 2.64280009,
  "BBARD.BA": 4.805,
  "BMA.BA": 11160,
  "BMA.C.BA": 7.84000015,
  "BMA.D.BA": 7.64,
  "BYMA.BA": 279,
  "BYMAC.BA": 0.197,
  "BYMAD.BA": 0.19,
  "CEPU.BA": 2104,
  "COME.BA": 65.4,
  "CRES.BA": 1673,
  "CRESC.BA": 1.11500001,
  "EDN.BA": 2235,
  "EDNC.BA": 1.66999996,
  "EDND.BA": 1.55,
  "GGAL.BA": 6985,
  "GGALC.BA": 4.6,
  "GGALD.BA": 4.74,