{
  "AAL.BA": 6640,
  "AAP.BA": 3975,
  "AAPL.BA": 12100,
  "ABBV.BA": 22325,
  "ABEV.BA": 8340,
  "ABEV3.BA": 2800,
  "ABNB.BA": 10350,
  "ABT.BA": 41225,
  "ACN.BA": 4710,
  "ADBE.BA": 10600,
  "ADGO.BA": 10775,
  "ADI.BA": 18750,
  "ADP.BA": 59800,
  "ADS.BA": 3942.14794922,
  "AEG.BA": 8290,
  "AEM.BA": 23950,
  "AHP.BA": 28.79999924,
  "AI.BA": 5660,
  "AIG.BA": 20175,
  "AKO.B.BA": 29500,
  "AMAT.BA": 43925,
  "AMD.BA": 17200,
  "AMGN.BA": 11225,
  "AMX.BA": 20850,
  "AMZN.BA": 1760,
  "ANF.BA": 95600,
  "ARCO.BA": 18350,
  "ARKK.BA": 8370,
  "ARM.BA": 6510,
  "ASML.BA": 6710,
  "ASR.BA": 18700,
  "AVGO.BA": 8110,
  "AVY.BA": 11800,
  "AXP.BA": 24675,
  "AZN.BA": 41900,
  "B.BA": 12550,
  "BA.BA": 9930,
  "BA.C.BA": 14050,
  "BABA.BA": 15300,
  "BAK.BA": 1930,
  "BAS.BA": 3197.76855469,
  "BAYN.BA": 3323.26293945,
  "BB.BA": 1930,
  "BBD.BA": 3565,
  "BBDC3.BA": 3000,
  "BBV.BA": 17650,
  "BCS.BA": 21450,
  "BHP.BA": 28125,
  "BIDU.BA": 9450,
  "BIIB.BA": 11775,
  "BIOX.BA": 5490,
  "BITF.BA": 4805,
  "BK.BA": 53950,
  "BKNG.BA": 9590,
  "BKR.BA": 6360,
  "BMY.BA": 18650,
  "BNG.BA": 19725,
  "BP.BA": 7300,
  "BPA11.BA": 8980,
  "BRFS.BA": 12800,
  "BRKB.BA": 26575,
  "BSBR.BA": 6270,
  "BSN.BA": 613.31298828,
  "C.BA": 33050,
  "CAAP.BA": 95800,
  "CAH.BA": 65600,
  "CAJ.BA": 4045.5,
  "CAR.BA": 8130,
  "CAT.BA": 22275,
  "CBRD.BA": 459,
  "CCL.BA": 10125,
  "CDE.BA": 10575,
  "CEG.BA": 8440,
  "CIBR.BA": 8960,
  "CL.BA": 35050,
  "CLS.BA": 8970,
  "COIN.BA": 15750,
  "COST.BA": 24650,
  "CRM.BA": 17875,
  "CSCO.BA": 16325,
  "CSNA3.BA": 1645,
  "CVS.BA": 5140,
  "CVX.BA": 10800,
  "CX.BA": 8130,
  "DAL.BA": 7240,
  "DD.BA": 16275,
  "DE.BA": 15250,
  "DECK.BA": 4835,
  "DEO.BA": 20025,
  "DESP.BA": 22600,
  "DHR.BA": 4475,
  "DIA.BA": 25750,
  "DISN.BA": 11950,
  "DOCU.BA": 4095,
  "DOW.BA": 5400,
  "DTEA.BA": 0,
  "E.BA": 9570,
  "EA.BA": 13475,
  "EBAY.BA": 44750,
  "EBR.BA": 34450,
  "EEM.BA": 11525,
  "EFX.BA": 19500,
  "ELP.BA": 32100,
  "EOAN.BA": 236.04100037,
  "EQNR.BA": 4965,
  "ERIC.BA": 4980,
  "ERJ.BA": 63450,
  "ETHA.BA": 4405,
  "ETSY.BA": 3975,
  "EWJ.BA": 6210,
  "EWZ.BA": 16550,
  "F.BA": 12600,
  "FCX.BA": 16625,
  "FDX.BA": 26675,
  "FMCC.BA": 0,
  "FMX.BA": 20075,
  "FMX.B.BA": 0,
  "FNMA.BA": 13000,
  "FSLR.BA": 10200,
  "FXI.BA": 8900,
  "GE.BA": 37450,
  "GFI.BA": 28800,
  "GGB.BA": 13600,
  "GILD.BA": 31700,
  "GLD.BA": 7370,
  "GLOB.BA": 5930,
  "GLW.BA": 15400,
  "GM.BA": 9620,
  "GOOGL.BA": 3530,
  "GPRK.BA": 8060,
  "GRMN.BA": 81450,
  "GS.BA": 61750,
  "GSK.BA": 11450,
  "GT.BA": 6240,
  "HAL.BA": 12225,
  "HAPV3.BA": 7690,
  "HD.BA": 13650,
  "HDB.BA": 45625,
  "HHPD.BA": 0,
  "HL.BA": 6980,
  "HMC.BA": 34375,
  "HMY.BA": 16800,
  "HNPIY.BA": 6140,
  "HOG.BA": 9340,
  "HON.BA": 33300,
  "HPQ.BA": 29425,
  "HSBC.BA": 36675,
  "HSY.BA": 9580,
  "HUT.BA": 104750,
  "HWM.BA": 211750,
  "IBB.BA": 5650,
  "IBIT.BA": 7350,
  "IBM.BA": 23300,
  "IBN.BA": 39575,
  "IEUR.BA": 7040,
  "IFF.BA": 7380,
  "IJH.BA": 6090,
  "INFY.BA": 22250,
  "ING.BA": 8460,
  "INTC.BA": 5320,
  "IP.BA": 13950,
  "ISRG.BA": 6840,
  "ITUB.BA": 7880,
  "ITUB3.BA": 7040,
  "IVE.BA": 5790,
  "IVW.BA": 6490,
  "IWM.BA": 25400,
  "JBSS3.BA": 8320,
  "JCI.BA": 58500,
  "JD.BA": 9880,
  "JMIA.BA": 3920,
  "JNJ.BA": 12200,
  "JOYY.BA": 12175,
  "JPM.BA": 22750,
  "KB.BA": 48475,
  "KEP.BA": 16500,
  "KGC.BA": 18350,
  "KMB.BA": 25675,
  "KO.BA": 16725,
  "KOFM.BA": 55200,
  "LAC.BA": 3125,
  "LAR.BA": 2335,
  "LFC.BA": 1074.5,
  "LLY.BA": 17025,
  "LMT.BA": 27575,
  "LMT.B.BA": 0,
  "LRCX.BA": 2045,
  "LVS.BA": 25700,
  "LYG.BA": 2480,
  "MA.BA": 19925,
  "MBG.BA": 3807.20898438,
  "MBT.BA": 650,
  "MCD.BA": 14325,
  "MDLZ.BA": 5360,
  "MDT.BA": 25900,
  "MELI.BA": 25375,
  "META.BA": 35400,
  "MFG.BA": 6500,
  "MGLU3.BA": 1925,
  "MMC.BA": 16275,
  "MMM.BA": 17700,
  "MO.BA": 17675,
  "MOS.BA": 8490,
  "MRK.BA": 19175,
  "MRNA.BA": 1690,
  "MRVL.BA": 6510,
  "MSFT.BA": 19650,
  "MSI.BA": 25200,
  "MSTR.BA": 23325,
  "MU.BA": 30550,
  "MUFG.BA": 16350,
  "MUX.BA": 5470,
  "NEC1.BA": 0,
  "NEM.BA": 23250,
  "NFLX.BA": 31825,
  "NG.BA": 17850,
  "NGG.BA": 44000,
  "NIO.BA": 1045,
  "NKE.BA": 6110,
  "NLM.BA": 0,
  "NMR.BA": 7370,
  "NOKA.BA": 6210,
  "NOW.BA": 7040,
  "NSAN.BA": 1545,
  "NTCO.BA": 6200,
  "NTCO3.BA": 2170,
  "NTES.BA": 11450,
  "NU.BA": 7910,
  "NUE.BA": 9600,
  "NVDA.BA": 7690,
  "NVS.BA": 35325,
  "NXE.BA": 7990,
  "ORAN.BA": 13200,
  "ORCL.BA": 84100,
  "ORLY.BA": 476,
  "OXY.BA": 10225,
  "PAAS.BA": 11475,
  "PAC.BA": 16300,
  "PAGS.BA": 3850,
  "PANW.BA": 4895,
  "PATH.BA": 7450,
  "PBI.BA": 12675,
  "PBR.BA": 14750,
  "PCAR.BA": 37725,
  "PCRF.BA": 0,
  "PDD.BA": 5130,
  "PEP.BA": 8550,
  "PETR3.BA": 7310,
  "PFE.BA": 7270,
  "PG.BA": 12700,
  "PHG.BA": 5760,
  "PINS.BA": 6060,
  "PKS.BA": 19925,
  "PLTR.BA": 57200,
  "PM.BA": 12025,
  "PSO.BA": 0,
  "PSQ.BA": 5150,
  "PSX.BA": 24025,
  "PYPL.BA": 10950,
  "QCOM.BA": 17050,
  "QQQ.BA": 32450,
  "RACE.BA": 6840,
  "RBLX.BA": 61800,
  "RCTB4.BA": 0,
  "RGTI.BA": 6690,
  "RIO.BA": 8500,
  "RIOT.BA": 3985,
  "ROKU.BA": 7760,
  "ROST.BA": 38250,
  "RTX.BA": 33850,
  "SAN.BA": 38725,
  "SAP.BA": 58750,
  "SATL.BA": 4130,
  "SBS.BA": 49250,
  "SBSP3.BA": 24425,
  "SBUX.BA": 9090,
  "SCCO.BA": 58150,
  "SCHW.BA": 0,
  "SDA.BA": 1580,
  "SE.BA": 5870,
  "SH.BA": 6080,
  "SHEL.BA": 41725,
  "SHOP.BA": 1285,
  "SID.BA": 12775,
  "SIEGY.BA": 6695.81591797,
  "SLB.BA": 13300,
  "SLV.BA": 6620,
  "SMH.BA": 6620,
  "SMSN.BA": 13143.82421875,
  "SNA.BA": 60850,
  "SNAP.BA": 9660,
  "SNOW.BA": 8890,
  "SONY.BA": 3715,
  "SPCE.BA": 7000,
  "SPGI.BA": 13925,
  "SPOT.BA": 31575,
  "SPXL.BA": 7920,
  "SPY.BA": 36425,
  "STLA.BA": 2355,
  "STNE.BA": 6120,
  "SUZ.BA": 11125,
  "SUZB3.BA": 11000,
  "SWKS.BA": 4170,
  "SYY.BA": 11250,
  "T.BA": 11200,
  "TCOM.BA": 35650,
  "TEAM.BA": 5040,
  "TEFO.BA": 761,
  "TEM.BA": 6570,
  "TEN.BA": 42725,
  "TGT.BA": 4850,
  "TIIAY.BA": 0,
  "TIMB.BA": 22400,
  "TIMS3.BA": 4505,
  "TJX.BA": 6900,
  "TM.BA": 13550,
  "TMO.BA": 22400,
  "TMUS.BA": 8300,
  "TRIP.BA": 7530,
  "TRVV.BA": 52050,
  "TSLA.BA": 26225,
  "TSM.BA": 29650,
  "TTE.BA": 24450,
  "TTM.BA": 8651,
  "TV.BA": 974,
  "TWLO.BA": 3975,
  "TXN.BA": 49375,
  "TXR.BA": 8960,
  "UAL.BA": 18400,
  "UBER.BA": 54400,
  "UGP.BA": 3735,
  "UL.BA": 24575,
  "UNH.BA": 11025,
  "UNP.BA": 13650,
  "UPST.BA": 15000,
  "URA.BA": 9110,
  "URBN.BA": 40200,
  "USB.BA": 10800,
  "V.BA": 23125,
  "VALE.BA": 5460,
  "VALE3.BA": 10925,
  "VEA.BA": 6720,
  "VIG.BA": 6250,
  "VIST.BA": 19375,
  "VIV.BA": 12900,
  "VIVT3.BA": 6660,
  "VOD.BA": 12375,
  "VRSN.BA": 56400,
  "VRTX.BA": 5310,
  "VST.BA": 8580,
  "VZ.BA": 12675,
  "WBA.BA": 4510,
  "WBO.BA": 1925,
  "WEGE3.BA": 9060,
  "WFC.BA": 19000,
  "WMT.BA": 6470,
  "X.BA": 21550,
  "XLB.BA": 5770,
  "XLC.BA": 6620,
  "XLE.BA": 50900,
  "XLF.BA": 30900,
  "XLI.BA": 6180,
  "XLK.BA": 6500,
  "XLP.BA": 6040,
  "XLRE.BA": 5520,
  "XLU.BA": 6460,
  "XLV.BA": 5550,
  "XLY.BA": 5950,
  "XOM.BA": 13075,
  "XP.BA": 5760,
  "XPEV.BA": 5770,
  "XROX.BA": 6520,
  "XYZ.BA": 3880,
  "YELP.BA": 20300,
  "YZCA.BA": 0.007,
  "ZM.BA": 1940,
  "ALUA.BA": 656,
  "ALUAC.BA": 0.54000002,
  "ALUAD.BA": 0.55000001,
  "BBAR.BA": 6780,
  "BBARC.BA": 5.74599981,
  "BBARD.BA": 5.69000006,
  "BMA.BA": 8560,
  "BMA.C.BA": 9.64999962,
  "BMA.D.BA": 7.3499999,
  "BYMA.BA": 200,
  "BYMAC.BA": 0.167,
  "BYMAD.BA": 0.16500001,
  "CEPU.BA": 1385,
  "COME.BA": 123.75,
  "CRES.BA": 1290,
  "CRESC.BA": 0.32300001,
  "EDN.BA": 1595,
  "EDNC.BA": 0,
  "GGAL.BA": 6220,
  "GGALC.BA": 5.17000008,
  "GGALD.BA": 5.25,
  "IRSAC.BA": 0,
  "IRSAD.BA": 1.42999995,
  "LOMA.BA": 2675,
  "LOMAD.BA": 2.3499999,
  "MIRG.BA": 21675,
  "PAMP.BA": 3350,
  "SUPV.BA": 2655,
  "SUPVD.BA": 2.27999997,
  "TECO2.BA": 2125,
  "TECOC.BA": 1.60000002,
  "TGNO4.BA": 2980,
  "TGSU2.BA": 6120,
  "TRAN.BA": 2195,
  "TXAR.BA": 615,
  "TXARD.BA": 0.50599998,
  "VALO.BA": 321.5,
  "VALOC.BA": 0.296,
  "VALOD.BA": 0.27900001,
  "YPFD.BA": 39775,