{
  "AAL.BA": 6490,
  "AAP.BA": 4410,
  "AAPL.BA": 12000,
  "ABBV.BA": 21800,
  "ABEV.BA": 8620,
  "ABEV3.BA": 2895,
  "ABNB.BA": 10300,
  "ABT.BA": 39500,
  "ACN.BA": 4690,
  "ADBE.BA": 10225,
  "ADGO.BA": 11000,
  "ADI.BA": 18250,
  "ADP.BA": 61550,
  "ADS.BA": 3942.14794922,
  "AEG.BA": 8040,
  "AEM.BA": 24200,
  "AHP.BA": 28.79999924,
  "AI.BA": 5560,
  "AIG.BA": 20375,
  "AKO.B.BA": 30000,
  "AMAT.BA": 40775,
  "AMD.BA": 15400,
  "AMGN.BA": 10775,
  "AMX.BA": 20150,
  "AMZN.BA": 1715,
  "ANF.BA": 91250,
  "ARCO.BA": 17975,
  "ARKK.BA": 8180,
  "ARM.BA": 6380,
  "ASML.BA": 6350,
  "ASR.BA": 17875,
  "AVGO.BA": 7700,
  "AVY.BA": 11900,
  "AXP.BA": 23750,
  "AZN.BA": 41875,
  "B.BA": 12625,
  "BA.BA": 9980,
  "BA.C.BA": 13750,
  "BABA.BA": 14875,
  "BAK.BA": 2065,
  "BAS.BA": 3197.76855469,
  "BAYN.BA": 3323.26293945,
  "BB.BA": 1715,
  "BBD.BA": 3560,
  "BBDC3.BA": 3015,
  "BBV.BA": 17650,
  "BCS.BA": 20925,
  "BHP.BA": 27775,
  "BIDU.BA": 9060,
  "BIIB.BA": 11350,
  "BIOX.BA": 5350,
  "BITF.BA": 4475,
  "BK.BA": 53100,
  "BKNG.BA": 8900,
  "BKR.BA": 6300,
  "BMY.BA": 18650,
  "BNG.BA": 19925,
  "BP.BA": 7240,
  "BPA11.BA": 8890,
  "BRFS.BA": 13775,
  "BRKB.BA": 26325,
  "BSBR.BA": 6240,
  "BSN.BA": 613.31298828,
  "C.BA": 31475,
  "CAAP.BA": 92850,
  "CAH.BA": 64050,
  "CAJ.BA": 4045.5,
  "CAR.BA": 6720,
  "CAT.BA": 21800,
  "CBRD.BA": 459,
  "CCL.BA": 9490,
  "CDE.BA": 10825,
  "CEG.BA": 8340,
  "CIBR.BA": 8700,
  "CL.BA": 35150,
  "CLS.BA": 8060,
  "COIN.BA": 13550,
  "COST.BA": 24900,
  "CRM.BA": 17300,
  "CSCO.BA": 16000,
  "CSNA3.BA": 1710,
  "CVS.BA": 4970,
  "CVX.BA": 10925,
  "CX.BA": 7900,
  "DAL.BA": 7190,
  "DD.BA": 15925,
  "DE.BA": 15225,
  "DECK.BA": 4790,
  "DEO.BA": 19900,
  "DESP.BA": 22600,
  "DHR.BA": 4320,
  "DIA.BA": 25250,
  "DISN.BA": 11625,
  "DOCU.BA": 3970,
  "DOW.BA": 5340,
  "DTEA.BA": 0,
  "E.BA": 9650,
  "EA.BA": 13075,
  "EBAY.BA": 45675,
  "EBR.BA": 34700,
  "EEM.BA": 11050,
  "EFX.BA": 18875,
  "ELP.BA": 32100,
  "EOAN.BA": 236.04100037,
  "EQNR.BA": 5250,
  "ERIC.BA": 4820,
  "ERJ.BA": 63050,
  "ETHA.BA": 4170,
  "ETSY.BA": 4020,
  "EWJ.BA": 6140,
  "EWZ.BA": 16450,
  "F.BA": 12700,
  "FCX.BA": 16250,
  "FDX.BA": 27225,
  "FMCC.BA": 0,
  "FMX.BA": 19875,
  "FMX.B.BA": 0,
  "FNMA.BA": 13000,
  "FSLR.BA": 9520,
  "FXI.BA": 8580,
  "GE.BA": 36875,
  "GFI.BA": 29400,
  "GGB.BA": 13650,
  "GILD.BA": 31450,
  "GLD.BA": 7410,
  "GLOB.BA": 5840,
  "GLW.BA": 15300,
  "GM.BA": 9570,
  "GOOGL.BA": 3370,
  "GPRK.BA": 8260,
  "GRMN.BA": 77450,
  "GS.BA": 59200,
  "GSK.BA": 11325,
  "GT.BA": 6030,
  "HAL.BA": 12325,
  "HAPV3.BA": 8380,
  "HD.BA": 13250,
  "HDB.BA": 44425,
  "HHPD.BA": 0,
  "HL.BA": 6930,
  "HMC.BA": 34075,
  "HMY.BA": 17275,
  "HNPIY.BA": 6140,
  "HOG.BA": 9290,
  "HON.BA": 33325,
  "HPQ.BA": 28450,
  "HSBC.BA": 35150,
  "HSY.BA": 9770,
  "HUT.BA": 94500,
  "HWM.BA": 208850,
  "IBB.BA": 5520,
  "IBIT.BA": 6980,
  "IBM.BA": 22950,
  "IBN.BA": 38950,
  "IEUR.BA": 6920,
  "IFF.BA": 7170,
  "IJH.BA": 6000,
  "INFY.BA": 21450,
  "ING.BA": 8240,
  "INTC.BA": 5020,
  "IP.BA": 13250,
  "ISRG.BA": 6560,
  "ITUB.BA": 7860,
  "ITUB3.BA": 6880,
  "IVE.BA": 5710,
  "IVW.BA": 6320,
  "IWM.BA": 25075,
  "JBSS3.BA": 8320,
  "JCI.BA": 60250,
  "JD.BA": 9370,
  "JMIA.BA": 3830,
  "JNJ.BA": 11950,
  "JOYY.BA": 11600,
  "JPM.BA": 22025,
  "KB.BA": 46225,
  "KEP.BA": 12275,
  "KGC.BA": 18625,
  "KMB.BA": 25800,
  "KO.BA": 16600,
  "KOFM.BA": 56650,
  "LAC.BA": 3035,
  "LAR.BA": 2320,
  "LFC.BA": 1074.5,
  "LLY.BA": 16275,
  "LMT.BA": 28100,
  "LMT.B.BA": 0,
  "LRCX.BA": 1925,
  "LVS.BA": 24900,
  "LYG.BA": 2415,
  "MA.BA": 19525,
  "MBG.BA": 3807.20898438,
  "MBT.BA": 650,
  "MCD.BA": 14300,
  "MDLZ.BA": 5430,
  "MDT.BA": 25475,
  "MELI.BA": 24275,
  "META.BA": 34575,
  "MFG.BA": 6420,
  "MGLU3.BA": 1895,
  "MMC.BA": 16300,
  "MMM.BA": 17500,
  "MO.BA": 17950,
  "MOS.BA": 8550,
  "MRK.BA": 19000,
  "MRNA.BA": 1610,
  "MRVL.BA": 6000,
  "MSFT.BA": 19250,
  "MSI.BA": 24375,
  "MSTR.BA": 21825,
  "MU.BA": 29000,
  "MUFG.BA": 15900,
  "MUX.BA": 5500,
  "NEC1.BA": 0,
  "NEM.BA": 23600,
  "NFLX.BA": 30950,
  "NG.BA": 19350,
  "NGG.BA": 43350,
  "NIO.BA": 1025,
  "NKE.BA": 6020,
  "NLM.BA": 0,
  "NMR.BA": 7190,
  "NOKA.BA": 6080,
  "NOW.BA": 6730,
  "NSAN.BA": 1545,
  "NTCO.BA": 6200,
  "NTCO3.BA": 2265,
  "NTES.BA": 11025,
  "NU.BA": 7330,
  "NUE.BA": 9330,
  "NVDA.BA": 7130,
  "NVS.BA": 34875,
  "NXE.BA": 7800,
  "ORAN.BA": 13200,
  "ORCL.BA": 81850,
  "ORLY.BA": 492.5,
  "OXY.BA": 10425,
  "PAAS.BA": 11475,
  "PAC.BA": 15850,
  "PAGS.BA": 3575,
  "PANW.BA": 4815,
  "PATH.BA": 7290,
  "PBI.BA": 12175,
  "PBR.BA": 15075,
  "PCAR.BA": 36425,
  "PCRF.BA": 0,
  "PDD.BA": 4825,
  "PEP.BA": 8530,
  "PETR3.BA": 7560,
  "PFE.BA": 7120,
  "PG.BA": 12775,
  "PHG.BA": 5370,
  "PINS.BA": 5770,
  "PKS.BA": 18450,
  "PLTR.BA": 55300,
  "PM.BA": 12175,
  "PSO.BA": 0,
  "PSQ.BA": 5250,
  "PSX.BA": 23900,
  "PYPL.BA": 10675,
  "QCOM.BA": 16525,
  "QQQ.BA": 31550,
  "RACE.BA": 6610,
  "RBLX.BA": 61250,
  "RCTB4.BA": 0,
  "RGTI.BA": 6400,
  "RIO.BA": 8490,
  "RIOT.BA": 3640,
  "ROKU.BA": 7370,
  "ROST.BA": 38050,
  "RTX.BA": 34675,
  "SAN.BA": 37975,
  "SAP.BA": 57650,
  "SATL.BA": 4155,
  "SBS.BA": 49250,
  "SBSP3.BA": 24425,
  "SBUX.BA": 9120,
  "SCCO.BA": 56350,
  "SCHW.BA": 0,
  "SDA.BA": 1560,
  "SE.BA": 5670,
  "SH.BA": 6100,
  "SHEL.BA": 42150,
  "SHOP.BA": 1220,
  "SID.BA": 13600,
  "SIEGY.BA": 6695.81591797,
  "SLB.BA": 13325,
  "SLV.BA": 6550,
  "SMH.BA": 6190,
  "SMSN.BA": 13143.82421875,
  "SNA.BA": 61100,
  "SNAP.BA": 9400,
  "SNOW.BA": 8440,
  "SONY.BA": 3630,
  "SPCE.BA": 7050,
  "SPGI.BA": 13625,
  "SPOT.BA": 30950,
  "SPXL.BA": 7600,
  "SPY.BA": 35650,
  "STLA.BA": 2220,
  "STNE.BA": 5910,
  "SUZ.BA": 11125,
  "SUZB3.BA": 11225,
  "SWKS.BA": 4005,
  "SYY.BA": 11325,
  "T.BA": 11150,
  "TCOM.BA": 34275,
  "TEAM.BA": 4850,
  "TEFO.BA": 762,
  "TEM.BA": 6470,
  "TEN.BA": 42400,
  "TGT.BA": 4785,
  "TIIAY.BA": 0,
  "TIMB.BA": 22875,
  "TIMS3.BA": 4540,
  "TJX.BA": 6900,
  "TM.BA": 13575,
  "TMO.BA": 21550,
  "TMUS.BA": 8500,
  "TRIP.BA": 7780,
  "TRVV.BA": 52900,
  "TSLA.BA": 27625,
  "TSM.BA": 27725,
  "TTE.BA": 24325,
  "TTM.BA": 8651,
  "TV.BA": 922,
  "TWLO.BA": 3870,
  "TXN.BA": 47725,
  "TXR.BA": 8770,
  "UAL.BA": 18250,
  "UBER.BA": 50600,
  "UGP.BA": 3660,
  "UL.BA": 24650,
  "UNH.BA": 10850,
  "UNP.BA": 13350,
  "UPST.BA": 14075,
  "URA.BA": 8950,
  "URBN.BA": 40225,
  "USB.BA": 10450,
  "V.BA": 22675,
  "VALE.BA": 5440,
  "VALE3.BA": 10825,
  "VEA.BA": 6560,
  "VIG.BA": 6150,
  "VIST.BA": 19825,
  "VIV.BA": 13050,
  "VIVT3.BA": 6630,
  "VOD.BA": 12050,
  "VRSN.BA": 55850,
  "VRTX.BA": 5240,
  "VST.BA": 8510,
  "VZ.BA": 12550,
  "WBA.BA": 4470,
  "WBO.BA": 1820,
  "WEGE3.BA": 8960,
  "WFC.BA": 18250,
  "WMT.BA": 6450,
  "X.BA": 21550,
  "XLB.BA": 5710,
  "XLC.BA": 6470,
  "XLE.BA": 51050,
  "XLF.BA": 30125,
  "XLI.BA": 6070,
  "XLK.BA": 6300,
  "XLP.BA": 6020,
  "XLRE.BA": 5580,
  "XLU.BA": 6450,
  "XLV.BA": 5390,
  "XLY.BA": 5910,
  "XOM.BA": 13300,
  "XP.BA": 5710,
  "XPEV.BA": 5700,
  "XROX.BA": 6280,
  "XYZ.BA": 3775,
  "YELP.BA": 20225,
  "YZCA.BA": 0.007,
  "ZM.BA": 1945,
  "ALUA.BA": 584,
  "ALUAC.BA": 0.53200001,
  "ALUAD.BA": 0.49399999,
  "BBAR.BA": 6470,
  "BBARC.BA": 5.76000023,
  "BBARD.BA": 5.42000008,
  "BMA.BA": 8210,
  "BMA.C.BA": 9.64999962,
  "BMA.D.BA": 6.92999983,
  "BYMA.BA": 195.75,
  "BYMAC.BA": 0.163,
  "BYMAD.BA": 0.16500001,
  "CEPU.BA": 1360,
  "COME.BA": 122,
  "CRES.BA": 1260,
  "CRESC.BA": 0.32300001,
  "EDN.BA": 1595,
  "EDNC.BA": 0,
  "GGAL.BA": 6010,
  "GGALC.BA": 5.07000017,
  "GGALD.BA": 5.05999994,
  "IRSAC.BA": 0,
  "IRSAD.BA": 1.38999999,
  "LOMA.BA": 2635,
  "LOMAD.BA": 2.2349999,
  "MIRG.BA": 20750,
  "PAMP.BA": 3360,
  "SUPV.BA": 2480,
  "SUPVD.BA": 2.0999999,
  "TECO2.BA": 2110,
  "TECOC.BA": 1.60000002,
  "TGNO4.BA": 2850,
  "TGSU2.BA": 6110,
  "TRAN.BA": 2240,
  "TXAR.BA": 565,
  "TXARD.BA": 0.47600001,
  "VALO.BA": 314.5,
  "VALOC.BA": 0.296,
  "VALOD.BA": 0.25299999,