{
  "AAL.BA": 9080,
  "AAP.BA": 5665,
  "AAPL.BA": 18230,
  "ABBV.BA": 32920,
  "ABEV.BA": 9495,
  "ABEV3.BA": 3237.5,
  "ABNB.BA": 12060,
  "ABT.BA": 46500,
  "ACN.BA": 4685,
  "ACWI.BA": 7785,
  "ADBE.BA": 10960,
  "ADGO.BA": 11180,
  "ADI.BA": 23100,
  "ADP.BA": 68575,
  "ADS.BA": 3942.14794922,
  "AEG.BA": 11230,
  "AEM.BA": 43200,
  "AHP.BA": 28.79999924,
  "AI.BA": 5585,
  "AIG.BA": 23470,
  "AKO.B.BA": 34900,
  "AMAT.BA": 65950,
  "AMD.BA": 34360,
  "AMGN.BA": 14350,
  "AMX.BA": 31020,
  "AMZN.BA": 2183,
  "ANF.BA": 104575,
  "ARCO.BA": 20520,
  "ARKK.BA": 12940,
  "ARM.BA": 9240,
  "ASML.BA": 10020,
  "ASR.BA": 22720,
  "AVGO.BA": 13210,
  "AVY.BA": 12880,
  "AXP.BA": 32380,
  "AZN.BA": 61400,
  "B.BA": 25080,
  "BA.BA": 13000,
  "BA.C.BA": 19010,
  "BABA.BA": 26980,
  "BAK.BA": 1822,
  "BAS.BA": 3197.76855469,
  "BAYN.BA": 3323.26293945,
  "BB.BA": 2191,
  "BBD.BA": 4665,
  "BBDC3.BA": 3857.5,
  "BBV.BA": 26580,
  "BCS.BA": 29600,
  "BHP.BA": 41400,
  "BIDU.BA": 16100,
  "BIIB.BA": 16040,
  "BIOX.BA": 2822.5,
  "BITF.BA": 46000,
  "BK.BA": 77925,
  "BKNG.BA": 10800,
  "BKR.BA": 9200,
  "BMY.BA": 21100,
  "BNG.BA": 26800,
  "BP.BA": 9735,
  "BPA11.BA": 12280,
  "BRFS.BA": 18200,
  "BRKB.BA": 32760,
  "BSBR.BA": 7470,
  "BSN.BA": 613.31298828,
  "C.BA": 48440,
  "CAAP.BA": 105500,
  "CAH.BA": 75775,
  "CAJ.BA": 4045.5,
  "CAR.BA": 8525,
  "CAT.BA": 39020,
  "CCL.BA": 13940,
  "CDE.BA": 32340,
  "CEG.BA": 13020,
  "CIBR.BA": 11090,
  "CL.BA": 37980,
  "CLS.BA": 19300,
  "COIN.BA": 18250,
  "COST.BA": 29060,
  "CRM.BA": 19300,
  "CSCO.BA": 20230,
  "CSNA3.BA": 2252,
  "CVS.BA": 7850,
  "CVX.BA": 13840,
  "CX.BA": 14220,
  "DAL.BA": 11250,
  "DD.BA": 23200,
  "DE.BA": 16410,
  "DECK.BA": 5700,
  "DEO.BA": 23200,
  "DESP.BA": 22600,
  "DHR.BA": 5500,
  "DIA.BA": 33880,
  "DISN.BA": 13600,
  "DOCU.BA": 4510,
  "DOW.BA": 5385,
  "DTEA.BA": 0,
  "E.BA": 12460,
  "EA.BA": 20950,
  "EBAY.BA": 66900,
  "EBR.BA": 56375,
  "EEM.BA": 15730,
  "EFA.BA": 7615,
  "EFX.BA": 21020,
  "ELP.BA": 40060,
  "EOAN.BA": 236.04100037,
  "EQNR.BA": 5800,
  "ERIC.BA": 6980,
  "ERJ.BA": 85875,
  "ETHA.BA": 8830,
  "ETSY.BA": 6510,
  "EWJ.BA": 8490,
  "EWZ.BA": 21530,
  "F.BA": 17160,
  "FCX.BA": 20310,
  "FDX.BA": 34040,
  "FMCC.BA": 0,
  "FMX.BA": 22420,
  "FNMA.BA": 20600,
  "FSLR.BA": 19570,
  "FXI.BA": 11660,
  "GDX.BA": 11850,
  "GE.BA": 54750,
  "GFI.BA": 64000,
  "GGB.BA": 19010,
  "GILD.BA": 42600,
  "GLD.BA": 11300,
  "GLOB.BA": 4682.5,
  "GLW.BA": 31380,
  "GM.BA": 13970,
  "GOOGL.BA": 6260,
  "GPRK.BA": 9215,
  "GRMN.BA": 123000,
  "GS.BA": 86500,
  "GSK.BA": 15900,
  "GT.BA": 4930,
  "HAL.BA": 16270,
  "HAPV3.BA": 8830,
  "HD.BA": 17780,
  "HDB.BA": 26060,
  "HHPD.BA": 0,
  "HL.BA": 20630,
  "HMC.BA": 44720,
  "HMY.BA": 30680,
  "HNPIY.BA": 6140,
  "HOG.BA": 12890,
  "HON.BA": 37120,
  "HPQ.BA": 41600,
  "HSBC.BA": 48480,
  "HSY.BA": 13220,
  "HUT.BA": 398700,
  "HWM.BA": 280150,
  "IBB.BA": 8305,
  "IBIT.BA": 9215,
  "IBM.BA": 27340,
  "IBN.BA": 46120,
  "IEMG.BA": 8075,
  "IEUR.BA": 9080,
  "IFF.BA": 7465,
  "IJH.BA": 7945,
  "INFY.BA": 24150,
  "ING.BA": 11790,
  "INTC.BA": 10740,
  "IP.BA": 16940,
  "ISRG.BA": 7000,
  "ITA.BA": 6080,
  "ITUB.BA": 10100,
  "ITUB3.BA": 8940,
  "IVE.BA": 7535,
  "IVW.BA": 8770,
  "IWDA.BA": 0,
  "IWM.BA": 36400,
  "JBSS3.BA": 8320,
  "JCI.BA": 82400,
  "JD.BA": 12150,
  "JMIA.BA": 18040,
  "JNJ.BA": 18540,
  "JOYY.BA": 16600,
  "JPM.BA": 29900,
  "KB.BA": 59650,
  "KEP.BA": 20350,
  "KGC.BA": 39120,
  "KMB.BA": 29380,
  "KO.BA": 19670,
  "KOFM.BA": 59250,
  "LAC.BA": 13460,
  "LAR.BA": 7025,
  "LFC.BA": 1074.5,
  "LLY.BA": 21570,
  "LMT.BA": 36280,
  "LRCX.BA": 3717.5,
  "LVS.BA": 36200,
  "LYG.BA": 3295,
  "MA.BA": 24970,
  "MBG.BA": 3807.20898438,
  "MBT.BA": 650,
  "MCD.BA": 18630,
  "MDLZ.BA": 6040,
  "MDT.BA": 34520,
  "MELI.BA": 26200,
  "META.BA": 43600,
  "MFG.BA": 9135,
  "MGLU3.BA": 2444,
  "MMC.BA": 18390,
  "MMM.BA": 22570,
  "MO.BA": 23780,
  "MOS.BA": 8720,
  "MRK.BA": 24640,
  "MRNA.BA": 2103,
  "MRVL.BA": 9175,
  "MSFT.BA": 24970,
  "MSI.BA": 32120,
  "MSTR.BA": 21830,
  "MU.BA": 55750,
  "MUFG.BA": 22120,
  "MUX.BA": 15700,
  "NATU3.BA": 2165,
  "NEC1.BA": 0,
  "NEM.BA": 45400,
  "NFLX.BA": 36800,
  "NG.BA": 61875,
  "NGG.BA": 54675,
  "NIO.BA": 2497,
  "NKE.BA": 8350,
  "NLM.BA": 0,
  "NMR.BA": 10160,
  "NOKA.BA": 8000,
  "NOW.BA": 7600,
  "NSAN.BA": 1545,
  "NTCO.BA": 6200,
  "NTES.BA": 15280,
  "NU.BA": 11100,
  "NUE.BA": 12440,
  "NVDA.BA": 10930,
  "NVS.BA": 47740,
  "NXE.BA": 13100,
  "ORAN.BA": 13200,
  "ORCL.BA": 147850,
  "ORLY.BA": 683,
  "OXY.BA": 12170,
  "PAAS.BA": 19910,
  "PAC.BA": 20580,
  "PAGS.BA": 4415,
  "PANW.BA": 6060,
  "PATH.BA": 12060,
  "PBI.BA": 16510,
  "PBR.BA": 17120,
  "PCAR.BA": 46560,
  "PCRF.BA": 0,
  "PDD.BA": 7470,
  "PEP.BA": 12170,
  "PETR3.BA": 8565,
  "PFE.BA": 8890,
  "PG.BA": 14460,
  "PHG.BA": 8100,
  "PINS.BA": 6910,
  "PKS.BA": 24030,
  "PLTR.BA": 86725,
  "PM.BA": 12770,
  "PSO.BA": 0,
  "PSQ.BA": 5660,
  "PSX.BA": 31540,
  "PYPL.BA": 12500,
  "QCOM.BA": 21570,
  "QQQ.BA": 43940,
  "RACE.BA": 6900,
  "RBLX.BA": 101550,
  "RCTB4.BA": 0,
  "RGTI.BA": 38740,
  "RIO.BA": 12640,
  "RIOT.BA": 10770,
  "ROKU.BA": 10970,
  "ROST.BA": 56550,
  "RTX.BA": 45560,
  "SAN.BA": 57600,
  "SAP.BA": 65800,
  "SATL.BA": 5900,
  "SBS.BA": 68000,
  "SBSP3.BA": 33300,
  "SBUX.BA": 10110,
  "SCCO.BA": 95875,
  "SCHW.BA": 0,
  "SDA.BA": 1480,
  "SE.BA": 8205,
  "SH.BA": 6800,
  "SHEL.BA": 52400,
  "SHOP.BA": 2131,
  "SI.BA": 22.45000076,
  "SID.BA": 18060,
  "SIEGY.BA": 6695.81591797,
  "SLB.BA": 15900,
  "SLV.BA": 11670,
  "SMH.BA": 9945,
  "SMSN.BA": 13143.82421875,
  "SNA.BA": 79900,
  "SNAP.BA": 11490,
  "SNOW.BA": 11780,
  "SONY.BA": 5275,
  "SPCE.BA": 14000,
  "SPGI.BA": 15750,
  "SPOT.BA": 35520,
  "SPXL.BA": 12130,
  "SPY.BA": 48520,
  "STLA.BA": 2955,
  "STNE.BA": 8685,
  "SUZ.BA": 12700,
  "SUZB3.BA": 12700,
  "SWKS.BA": 4770,
  "SYY.BA": 14700,
  "T.BA": 12720,
  "TCOM.BA": 51850,
  "TEAM.BA": 4687.5,
  "TEFO.BA": 925,
  "TEM.BA": 11210,
  "TEN.BA": 50175,
  "TGT.BA": 5515,
  "TIIAY.BA": 0,
  "TIMB.BA": 29660,
  "TIMS3.BA": 6215,
  "TJX.BA": 10000,
  "TM.BA": 18840,
  "TMO.BA": 34920,
  "TMUS.BA": 10200,
  "TQQQ.BA": 6000,
  "TRIP.BA": 11630,
  "TRVV.BA": 65875,
  "TSLA.BA": 42020,
  "TSM.BA": 49340,
  "TTE.BA": 29300,
  "TTM.BA": 8651,
  "TV.BA": 1166,
  "TWLO.BA": 4307.5,
  "TXN.BA": 51000,
  "TXR.BA": 13310,
  "UAL.BA": 30180,
  "UBER.BA": 68750,
  "UGP.BA": 5625,
  "UL.BA": 29500,
  "UNH.BA": 15990,
  "UNP.BA": 16550,
  "UPST.BA": 14690,
  "URA.BA": 16650,
  "URBN.BA": 49220,
  "USB.BA": 13520,
  "USO.BA": 6690,
  "V.BA": 28240,
  "VALE.BA": 8170,
  "VALE3.BA": 15970,
  "VEA.BA": 8810,
  "VIG.BA": 8125,
  "VIST.BA": 17800,
  "VIV.BA": 17440,
  "VIVT3.BA": 8590,
  "VOD.BA": 16510,
  "VRSN.BA": 63575,
  "VRTX.BA": 5940,
  "VST.BA": 11730,
  "VXX.BA": 10660,
  "VZ.BA": 14760,
  "WBA.BA": 5360,
  "WBO.BA": 2767.5,
  "WEGE3.BA": 9850,
  "WFC.BA": 25200,
  "WMT.BA": 8840,
  "X.BA": 21550,
  "XLB.BA": 7170,
  "XLC.BA": 8820,
  "XLE.BA": 63000,
  "XLF.BA": 38900,
  "XLI.BA": 7915,
  "XLK.BA": 9010,
  "XLP.BA": 7240,
  "XLRE.BA": 6815,
  "XLU.BA": 9025,
  "XLV.BA": 7170,
  "XLY.BA": 7960,
  "XOM.BA": 16300,
  "XP.BA": 6080,
  "XPEV.BA": 7915,
  "XROX.BA": 4812.5,
  "XYZ.BA": 5595,
  "YELP.BA": 24720,
  "YZCA.BA": 0.007,
  "ZM.BA": 2466,
  "ALUA.BA": 718,
  "ALUAC.BA": 0.49000001,
  "ALUAD.BA": 0.491,
  "BBAR.BA": 4815,
  "BBARC.BA": 2.65499997,
  "BBARD.BA": 3.195,
  "BMA.BA": 7800,
  "BMA.C.BA": 5.25,
  "BMA.D.BA": 5.35,
  "BYMA.BA": 189.25,
  "BYMAC.BA": 0.13,
  "BYMAD.BA": 0.13,
  "CEPU.BA": 1495,
  "COME.BA": 33,
  "CRES.BA": 1449,
  "CRESC.BA": 0.875,
  "EDN.BA": 1466,
  "EDNC.BA": 0.78100002,
  "EDND.BA": 1.01,
  "GGAL.BA": 4895,
  "GGALC.BA": 3.31,
  "GGALD.BA": 3.4,
  "IRSAC.BA": 1.17999995,
  "IRSAD.BA": 1.19,
  "LOMA.BA": 2369,
  "LOMAD.BA": 1.66,
  "MIRG.BA": 15850,
  "PAMP.BA": 3937.5,
  "SUPV.BA": 1892,
  "SUPVD.BA": 1.31,
  "TECO2.BA": 2270,