{
  "AAL.BA": 9140,
  "AAP.BA": 6010,
  "AAPL.BA": 16625,
  "ABBV.BA": 29425,
  "ABEV.BA": 9270,
  "ABEV3.BA": 3105,
  "ABNB.BA": 11500,
  "ABT.BA": 46350,
  "ACN.BA": 4705,
  "ACWI.BA": 7110,
  "ADBE.BA": 10975,
  "ADGO.BA": 11350,
  "ADI.BA": 22800,
  "ADP.BA": 69500,
  "ADS.BA": 3942.14794922,
  "AEG.BA": 10525,
  "AEM.BA": 34925,
  "AHP.BA": 28.79999924,
  "AI.BA": 4345,
  "AIG.BA": 22150,
  "AKO.B.BA": 33650,
  "AMAT.BA": 44325,
  "AMD.BA": 20950,
  "AMGN.BA": 13075,
  "AMX.BA": 27100,
  "AMZN.BA": 2245,
  "ANF.BA": 131750,
  "ARCO.BA": 19175,
  "ARKK.BA": 10275,
  "ARM.BA": 7040,
  "ASML.BA": 7340,
  "ASR.BA": 23225,
  "AVGO.BA": 11825,
  "AVY.BA": 12825,
  "AXP.BA": 30150,
  "AZN.BA": 56750,
  "B.BA": 19350,
  "BA.BA": 13075,
  "BA.C.BA": 17125,
  "BABA.BA": 20675,
  "BAK.BA": 2390,
  "BAS.BA": 3197.76855469,
  "BAYN.BA": 3323.26293945,
  "BB.BA": 1765,
  "BBD.BA": 4390,
  "BBDC3.BA": 3750,
  "BBV.BA": 25425,
  "BCS.BA": 27325,
  "BHP.BA": 37675,
  "BIDU.BA": 12675,
  "BIIB.BA": 15200,
  "BIOX.BA": 3880,
  "BITF.BA": 8640,
  "BK.BA": 71700,
  "BKNG.BA": 11025,
  "BKR.BA": 9000,
  "BMY.BA": 21675,
  "BNG.BA": 23000,
  "BP.BA": 9340,
  "BPA11.BA": 11225,
  "BRFS.BA": 15200,
  "BRKB.BA": 31425,
  "BSBR.BA": 7410,
  "BSN.BA": 613.31298828,
  "C.BA": 43775,
  "CAAP.BA": 115350,
  "CAH.BA": 68850,
  "CAJ.BA": 4045.5,
  "CAR.BA": 8310,
  "CAT.BA": 28950,
  "CCL.BA": 14625,
  "CDE.BA": 20025,
  "CEG.BA": 9080,
  "CIBR.BA": 10100,
  "CL.BA": 39550,
  "CLS.BA": 16300,
  "COIN.BA": 15200,
  "COST.BA": 27700,
  "CRM.BA": 19300,
  "CSCO.BA": 18450,
  "CSNA3.BA": 1985,
  "CVS.BA": 6850,
  "CVX.BA": 13450,
  "CX.BA": 13025,
  "DAL.BA": 10600,
  "DD.BA": 21400,
  "DE.BA": 16400,
  "DECK.BA": 6830,
  "DEO.BA": 25575,
  "DESP.BA": 22600,
  "DHR.BA": 5180,
  "DIA.BA": 31525,
  "DISN.BA": 13625,
  "DOCU.BA": 5090,
  "DOW.BA": 5570,
  "DTEA.BA": 0,
  "E.BA": 11800,
  "EA.BA": 16550,
  "EBAY.BA": 64250,
  "EBR.BA": 46575,
  "EEM.BA": 13925,
  "EFA.BA": 7070,
  "EFX.BA": 21600,
  "ELP.BA": 36925,
  "EOAN.BA": 236.04100037,
  "EQNR.BA": 5590,
  "ERIC.BA": 5520,
  "ERJ.BA": 82150,
  "ETHA.BA": 9010,
  "ETSY.BA": 4660,
  "EWJ.BA": 7840,
  "EWZ.BA": 20450,
  "F.BA": 16250,
  "FCX.BA": 21225,
  "FDX.BA": 31425,
  "FMCC.BA": 0,
  "FMX.BA": 19825,
  "FNMA.BA": 15000,
  "FSLR.BA": 15500,
  "FXI.BA": 10750,
  "GDX.BA": 9120,
  "GE.BA": 47700,
  "GFI.BA": 47625,
  "GGB.BA": 17425,
  "GILD.BA": 39625,
  "GLD.BA": 9170,
  "GLOB.BA": 4805,
  "GLW.BA": 24375,
  "GM.BA": 13425,
  "GOOGL.BA": 5550,
  "GPRK.BA": 8780,
  "GRMN.BA": 109650,
  "GS.BA": 77900,
  "GSK.BA": 13900,
  "GT.BA": 5910,
  "HAL.BA": 15275,
  "HAPV3.BA": 10650,
  "HD.BA": 18025,
  "HDB.BA": 48775,
  "HHPD.BA": 0,
  "HL.BA": 12400,
  "HMC.BA": 47525,
  "HMY.BA": 19575,
  "HNPIY.BA": 6140,
  "HOG.BA": 14000,
  "HON.BA": 37425,
  "HPQ.BA": 40475,
  "HSBC.BA": 45375,
  "HSY.BA": 12500,
  "HUT.BA": 170850,
  "HWM.BA": 242800,
  "IBB.BA": 7330,
  "IBIT.BA": 8730,
  "IBM.BA": 22800,
  "IBN.BA": 44000,
  "IEMG.BA": 7250,
  "IEUR.BA": 8430,
  "IFF.BA": 7670,
  "IJH.BA": 7620,
  "INFY.BA": 22800,
  "ING.BA": 11200,
  "INTC.BA": 6730,
  "IP.BA": 16650,
  "ISRG.BA": 7250,
  "ITUB.BA": 9790,
  "ITUB3.BA": 8840,
  "IVE.BA": 7020,
  "IVW.BA": 7980,
  "IWM.BA": 32825,
  "JBSS3.BA": 8320,
  "JCI.BA": 73200,
  "JD.BA": 10850,
  "JMIA.BA": 11575,
  "JNJ.BA": 16600,
  "JOYY.BA": 17475,
  "JPM.BA": 27400,
  "KB.BA": 53950,
  "KEP.BA": 18500,
  "KGC.BA": 30500,
  "KMB.BA": 29725,
  "KO.BA": 18975,
  "KOFM.BA": 57650,
  "LAC.BA": 3940,
  "LAR.BA": 4790,
  "LFC.BA": 1074.5,
  "LLY.BA": 18000,
  "LMT.BA": 31950,
  "LRCX.BA": 2500,
  "LVS.BA": 37550,
  "LYG.BA": 2995,
  "MA.BA": 24600,
  "MBG.BA": 3807.20898438,
  "MBT.BA": 650,
  "MCD.BA": 18325,
  "MDLZ.BA": 5740,
  "MDT.BA": 32375,
  "MELI.BA": 27025,
  "META.BA": 43225,
  "MFG.BA": 9060,
  "MGLU3.BA": 2240,
  "MMC.BA": 17700,
  "MMM.BA": 21400,
  "MO.BA": 23000,
  "MOS.BA": 8980,
  "MRK.BA": 23375,
  "MRNA.BA": 1830,
  "MRVL.BA": 6340,
  "MSFT.BA": 22975,
  "MSI.BA": 32850,
  "MSTR.BA": 22500,
  "MU.BA": 35275,
  "MUFG.BA": 21250,
  "MUX.BA": 9370,
  "NATU3.BA": 2240,
  "NEC1.BA": 0,
  "NEM.BA": 35400,
  "NFLX.BA": 35825,
  "NG.BA": 37525,
  "NGG.BA": 47550,
  "NIO.BA": 2065,
  "NKE.BA": 8600,
  "NLM.BA": 0,
  "NMR.BA": 9820,
  "NOKA.BA": 6290,
  "NOW.BA": 7320,
  "NSAN.BA": 1545,
  "NTCO.BA": 6200,
  "NTES.BA": 13250,
  "NU.BA": 10100,
  "NUE.BA": 12700,
  "NVDA.BA": 9560,
  "NVS.BA": 45150,
  "NXE.BA": 10200,
  "ORAN.BA": 13200,
  "ORCL.BA": 104800,
  "ORLY.BA": 656,
  "OXY.BA": 12575,
  "PAAS.BA": 15800,
  "PAC.BA": 21400,
  "PAGS.BA": 4355,
  "PANW.BA": 5360,
  "PATH.BA": 7870,
  "PBI.BA": 17050,
  "PBR.BA": 16700,
  "PCAR.BA": 45525,
  "PCRF.BA": 0,
  "PDD.BA": 6960,
  "PEP.BA": 11375,
  "PETR3.BA": 8300,
  "PFE.BA": 8570,
  "PG.BA": 14850,
  "PHG.BA": 7730,
  "PINS.BA": 7380,
  "PKS.BA": 23450,
  "PLTR.BA": 69150,
  "PM.BA": 12500,
  "PSO.BA": 0,
  "PSQ.BA": 5680,
  "PSX.BA": 30200,
  "PYPL.BA": 11900,
  "QCOM.BA": 20175,
  "QQQ.BA": 39750,
  "RACE.BA": 8170,
  "RBLX.BA": 86950,
  "RCTB4.BA": 0,
  "RGTI.BA": 10150,
  "RIO.BA": 10975,
  "RIOT.BA": 5950,
  "ROKU.BA": 10300,
  "ROST.BA": 51700,
  "RTX.BA": 43325,
  "SAN.BA": 52950,
  "SAP.BA": 62200,
  "SATL.BA": 4695,
  "SBS.BA": 63900,
  "SBSP3.BA": 30550,
  "SBUX.BA": 9970,
  "SCCO.BA": 70700,
  "SCHW.BA": 0,
  "SDA.BA": 1790,
  "SE.BA": 8110,
  "SH.BA": 6680,
  "SHEL.BA": 49450,
  "SHOP.BA": 1890,
  "SI.BA": 22.45000076,
  "SID.BA": 15825,
  "SIEGY.BA": 6695.81591797,
  "SLB.BA": 16500,
  "SLV.BA": 8590,
  "SMH.BA": 8060,
  "SMSN.BA": 13143.82421875,
  "SNA.BA": 76000,
  "SNAP.BA": 9830,
  "SNOW.BA": 10300,
  "SONY.BA": 4785,
  "SPCE.BA": 8550,
  "SPGI.BA": 16475,
  "SPOT.BA": 34475,
  "SPXL.BA": 10675,
  "SPY.BA": 44775,
  "STLA.BA": 2545,
  "STNE.BA": 7790,
  "SUZ.BA": 13325,
  "SUZB3.BA": 12875,
  "SWKS.BA": 4655,
  "SYY.BA": 14150,
  "T.BA": 13675,
  "TCOM.BA": 50750,
  "TEAM.BA": 5110,
  "TEFO.BA": 924,
  "TEM.BA": 8780,
  "TEN.BA": 48550,
  "TGT.BA": 5380,
  "TIIAY.BA": 0,
  "TIMB.BA": 29050,
  "TIMS3.BA": 5890,
  "TJX.BA": 8650,
  "TM.BA": 18450,
  "TMO.BA": 31175,
  "TMUS.BA": 10475,
  "TRIP.BA": 12225,
  "TRVV.BA": 64000,
  "TSLA.BA": 32150,
  "TSM.BA": 37050,
  "TTE.BA": 28250,
  "TTM.BA": 8651,
  "TV.BA": 1325,
  "TWLO.BA": 4125,
  "TXN.BA": 51650,
  "TXR.BA": 11875,
  "UAL.BA": 29375,
  "UBER.BA": 62750,
  "UGP.BA": 5330,
  "UL.BA": 29900,
  "UNH.BA": 13225,
  "UNP.BA": 15275,
  "UPST.BA": 18375,
  "URA.BA": 11100,
  "URBN.BA": 48725,
  "USB.BA": 13475,
  "USO.BA": 6720,
  "V.BA": 26525,
  "VALE.BA": 7220,
  "VALE3.BA": 14450,
  "VEA.BA": 8160,
  "VIG.BA": 7520,
  "VIST.BA": 17500,
  "VIV.BA": 17300,
  "VIVT3.BA": 8580,
  "VOD.BA": 16475,
  "VRSN.BA": 64500,
  "VRTX.BA": 5480,
  "VST.BA": 9550,
  "VZ.BA": 15275,
  "WBA.BA": 5360,
  "WBO.BA": 2680,
  "WEGE3.BA": 9620,
  "WFC.BA": 21900,
  "WMT.BA": 7700,
  "X.BA": 21550,
  "XLB.BA": 7030,
  "XLC.BA": 8310,
  "XLE.BA": 60350,
  "XLF.BA": 36750,
  "XLI.BA": 7430,
  "XLK.BA": 7860,
  "XLP.BA": 7040,
  "XLRE.BA": 6500,
  "XLU.BA": 7680,
  "XLV.BA": 6600,
  "XLY.BA": 7550,
  "XOM.BA": 15275,
  "XP.BA": 6360,
  "XPEV.BA": 6900,
  "XROX.BA": 5410,
  "XYZ.BA": 5120,
  "YELP.BA": 22050,
  "YZCA.BA": 0.007,
  "ZM.BA": 2465,
  "ALUA.BA": 670,
  "ALUAC.BA": 0.537,
  "ALUAD.BA": 0.483,
  "BBAR.BA": 5510,
  "BBARC.BA": 4.60739994,
  "BBARD.BA": 3.93,
  "BMA.BA": 7900,
  "BMA.C.BA": 5.75,
  "BMA.D.BA": 5.65,
  "BYMA.BA": 183.25,
  "BYMAC.BA": 0.13600001,
  "BYMAD.BA": 0.133,
  "CEPU.BA": 1395,
  "COME.BA": 38.65,
  "CRES.BA": 1305,
  "CRESC.BA": 0.32300001,
  "EDN.BA": 1465,
  "EDNC.BA": 1.055,
  "EDND.BA": 1.06,
  "GGAL.BA": 5440,
  "GGALC.BA": 4.03999996,
  "GGALD.BA": 3.94,
  "IRSAC.BA": 1.58000004,
  "IRSAD.BA": 1.39,
  "LOMA.BA": 2480,
  "LOMAD.BA": 1.79,
  "MIRG.BA": 17600,
  "PAMP.BA": 3700,
  "SUPV.BA": 2150,
  "SUPVD.BA": 1.51,
  "TECO2.BA": 2320,
  "TECOC.BA": 1.68499994,
  "TGN4C.BA": 2.70499992,
  "TGN4D.BA": 2.125,
  "TGNO4.BA": 2970,
  "TGSU2.BA": 7270,