{
  "AAL.BA": 9755,
  "AAP.BA": 5565,
  "AAPL.BA": 20410,
  "ABBV.BA": 35620,
  "ABEV.BA": 11130,
  "ABEV3.BA": 3725,
  "ABNB.BA": 11560,
  "ABT.BA": 48200,
  "ACN.BA": 5060,
  "ACWI.BA": 7955,
  "ADBE.BA": 11100,
  "ADGO.BA": 11480,
  "ADI.BA": 23250,
  "ADP.BA": 63725,
  "ADS.BA": 3942.14794922,
  "AEG.BA": 11180,
  "AEM.BA": 39960,
  "AHP.BA": 28.79999924,
  "AI.BA": 4090,
  "AIG.BA": 22930,
  "AKO.B.BA": 39740,
  "ALAB.BA": 4862.5,
  "AMAT.BA": 67900,
  "AMD.BA": 30940,
  "AMGN.BA": 17070,
  "AMX.BA": 34280,
  "AMZN.BA": 2308,
  "ANF.BA": 104600,
  "ARCO.BA": 21660,
  "ARKK.BA": 11070,
  "ARM.BA": 7650,
  "ASML.BA": 10010,
  "ASR.BA": 22450,
  "ASTS.BA": 5185,
  "AVGO.BA": 13240,
  "AVY.BA": 13890,
  "AXP.BA": 35620,
  "AZN.BA": 69025,
  "B.BA": 27460,
  "BA.BA": 11330,
  "BA.C.BA": 19450,
  "BABA.BA": 25740,
  "BAK.BA": 2239,
  "BAS.BA": 3197.76855469,
  "BAYN.BA": 3323.26293945,
  "BB.BA": 2115,
  "BBD.BA": 5205,
  "BBDC3.BA": 4407.5,
  "BBV.BA": 30900,
  "BCS.BA": 30720,
  "BHP.BA": 39820,
  "BIDU.BA": 15250,
  "BIIB.BA": 20190,
  "BIOX.BA": 2263,
  "BITF.BA": 18010,
  "BK.BA": 79600,
  "BKNG.BA": 9965,
  "BKR.BA": 10200,
  "BMY.BA": 23220,
  "BNG.BA": 28580,
  "BP.BA": 10790,
  "BPA11.BA": 14390,
  "BRFS.BA": 18200,
  "BRKB.BA": 34540,
  "BSBR.BA": 9220,
  "BSN.BA": 613.31298828,
  "C.BA": 49620,
  "CAAP.BA": 136400,
  "CAH.BA": 104925,
  "CAJ.BA": 4045.5,
  "CAR.BA": 7650,
  "CAT.BA": 41440,
  "CCL.BA": 13330,
  "CDE.BA": 21130,
  "CEG.BA": 11330,
  "CIBR.BA": 10830,
  "CL.BA": 40600,
  "CLS.BA": 20970,
  "COIN.BA": 13510,
  "COST.BA": 28400,
  "CRM.BA": 18990,
  "CRWV.BA": 4005,
  "CSCO.BA": 23070,
  "CSNA3.BA": 2240,
  "CVS.BA": 8315,
  "CVX.BA": 14120,
  "CX.BA": 15200,
  "DAL.BA": 11070,
  "DD.BA": 11580,
  "DE.BA": 18400,
  "DECK.BA": 5160,
  "DEO.BA": 23150,
  "DESP.BA": 22600,
  "DHR.BA": 6335,
  "DIA.BA": 34960,
  "DISN.BA": 13050,
  "DOCU.BA": 4467.5,
  "DOW.BA": 5570,
  "DTEA.BA": 0,
  "E.BA": 14040,
  "EA.BA": 21610,
  "EBAY.BA": 61075,
  "ECL.BA": 7195,
  "EEM.BA": 15970,
  "EFA.BA": 7735,
  "EFX.BA": 20070,
  "ELP.BA": 46300,
  "EMBJ.BA": 92525,
  "EOAN.BA": 236.04100037,
  "EQNR.BA": 5900,
  "ERIC.BA": 7125,
  "ETHA.BA": 6265,
  "ETSY.BA": 4967.5,
  "EWJ.BA": 8750,
  "EWZ.BA": 24100,
  "F.BA": 19310,
  "FCX.BA": 20100,
  "FDX.BA": 40560,
  "FMCC.BA": 0,
  "FMX.BA": 23360,
  "FNMA.BA": 15700,
  "FSLR.BA": 21010,
  "FXI.BA": 11680,
  "GDX.BA": 11110,
  "GE.BA": 54075,
  "GFI.BA": 58175,
  "GGB.BA": 20600,
  "GILD.BA": 47940,
  "GLD.BA": 11280,
  "GLOB.BA": 5205,
  "GLW.BA": 29080,
  "GM.BA": 17510,
  "GOOGL.BA": 7800,
  "GPRK.BA": 11680,
  "GRMN.BA": 96350,
  "GS.BA": 90150,
  "GSK.BA": 17760,
  "GT.BA": 6035,
  "HAL.BA": 19270,
  "HAPV3.BA": 4905,
  "HD.BA": 16150,
  "HDB.BA": 27620,
  "HHPD.BA": 0,
  "HL.BA": 19820,
  "HMC.BA": 44460,
  "HMY.BA": 25100,
  "HNPIY.BA": 6140,
  "HOG.BA": 11600,
  "HON.BA": 35960,
  "HOOD.BA": 5680,
  "HPQ.BA": 36320,
  "HSBC.BA": 51650,
  "HSY.BA": 13320,
  "HUT.BA": 259475,
  "HWM.BA": 298825,
  "IBB.BA": 9350,
  "IBIT.BA": 7200,
  "IBM.BA": 30000,
  "IBN.BA": 46280,
  "IEMG.BA": 8220,
  "IEUR.BA": 9245,
  "IFF.BA": 8460,
  "IJH.BA": 7800,
  "INFY.BA": 26560,
  "ING.BA": 12160,
  "INTC.BA": 10410,
  "IP.BA": 14140,
  "IREN.BA": 5310,
  "ISRG.BA": 8700,
  "ITA.BA": 5985,
  "ITUB.BA": 11060,
  "ITUB3.BA": 10240,
  "IVE.BA": 7790,
  "IVW.BA": 8920,
  "IWDA.BA": 0,
  "IWM.BA": 35580,
  "JBSS3.BA": 8320,
  "JCI.BA": 85500,
  "JD.BA": 10860,
  "JMIA.BA": 15000,
  "JNJ.BA": 20600,
  "JOYY.BA": 18600,
  "JPM.BA": 29960,
  "KB.BA": 62300,
  "KEP.BA": 25120,
  "KGC.BA": 36880,
  "KMB.BA": 26360,
  "KO.BA": 21920,
  "KOFM.BA": 66300,
  "LAC.BA": 7035,
  "LAR.BA": 7340,
  "LFC.BA": 1074.5,
  "LLY.BA": 28520,
  "LMT.BA": 34980,
  "LRCX.BA": 3852.5,
  "LREN3.BA": 4190,
  "LVS.BA": 48560,
  "LYG.BA": 3472.5,
  "MA.BA": 24690,
  "MBG.BA": 3807.20898438,
  "MBT.BA": 650,
  "MCD.BA": 19420,
  "MDLZ.BA": 5690,
  "MDT.BA": 38340,
  "MELI.BA": 24550,
  "META.BA": 37260,
  "MFG.BA": 9640,
  "MGLU3.BA": 2687.5,
  "MMC.BA": 17110,
  "MMM.BA": 25420,
  "MO.BA": 21880,
  "MOS.BA": 7290,
  "MRK.BA": 29700,
  "MRNA.BA": 1869,
  "MRVL.BA": 8380,
  "MSFT.BA": 23870,
  "MSI.BA": 27680,
  "MSTR.BA": 12970,
  "MU.BA": 62925,
  "MUFG.BA": 22930,
  "MUX.BA": 12280,
  "NATU3.BA": 2150,
  "NEC1.BA": 0,
  "NEM.BA": 41800,
  "NFLX.BA": 3280,
  "NG.BA": 50575,
  "NGG.BA": 56700,
  "NIO.BA": 2095,
  "NKE.BA": 7890,
  "NLM.BA": 0,
  "NMR.BA": 10490,
  "NOKA.BA": 8910,
  "NOW.BA": 7115,
  "NSAN.BA": 1545,
  "NTCO.BA": 6200,
  "NTES.BA": 14490,
  "NU.BA": 11970,
  "NUE.BA": 14280,
  "NVDA.BA": 11380,
  "NVS.BA": 48040,
  "NXE.BA": 11200,
  "OKLO.BA": 4700,
  "ORAN.BA": 13200,
  "ORCL.BA": 99550,
  "ORLY.BA": 692.5,
  "OXY.BA": 12450,
  "PAAS.BA": 18500,
  "PAC.BA": 21260,
  "PAGS.BA": 4805,
  "PANW.BA": 5530,
  "PATH.BA": 9775,
  "PBI.BA": 14670,
  "PBR.BA": 19170,
  "PCAR.BA": 51750,
  "PCRF.BA": 0,
  "PDD.BA": 6845,
  "PEP.BA": 12290,
  "PETR3.BA": 9755,
  "PFE.BA": 9460,
  "PG.BA": 15150,
  "PHG.BA": 8240,
  "PINS.BA": 5370,
  "PKS.BA": 26940,
  "PLTR.BA": 78450,
  "PM.BA": 13000,
  "PSO.BA": 0,
  "PSQ.BA": 5900,
  "PSX.BA": 33560,
  "PYPL.BA": 11430,
  "QCOM.BA": 22480,
  "QQQ.BA": 44660,
  "RACE.BA": 7020,
  "RBLX.BA": 67800,
  "RCTB4.BA": 0,
  "RGTI.BA": 17670,
  "RIO.BA": 13110,
  "RIOT.BA": 6325,
  "RKLB.BA": 5125,
  "ROKU.BA": 10860,
  "ROST.BA": 65550,
  "RTX.BA": 51125,
  "SAN.BA": 60300,
  "SAP.BA": 59675,
  "SATL.BA": 2047,
  "SBS.BA": 76625,
  "SBSP3.BA": 38700,
  "SBUX.BA": 10740,
  "SCCO.BA": 93375,
  "SCHW.BA": 0,
  "SDA.BA": 1402,
  "SE.BA": 6240,
  "SH.BA": 7025,
  "SHEL.BA": 55025,
  "SHOP.BA": 2102,
  "SI.BA": 22.45000076,
  "SID.BA": 18110,
  "SIEGY.BA": 6695.81591797,
  "SLB.BA": 18110,
  "SLV.BA": 11460,
  "SMH.BA": 9890,
  "SMSN.BA": 13143.82421875,
  "SNA.BA": 84175,
  "SNAP.BA": 11620,
  "SNOW.BA": 11870,
  "SONY.BA": 5410,
  "SPCE.BA": 10180,
  "SPGI.BA": 16610,
  "SPHQ.BA": 7865,
  "SPOT.BA": 31440,
  "SPXL.BA": 12200,
  "SPY.BA": 49780,
  "STLA.BA": 2955,
  "STNE.BA": 7475,
  "SUZ.BA": 13460,
  "SUZB3.BA": 13240,
  "SWKS.BA": 4482.5,
  "SYY.BA": 14410,
  "T.BA": 12970,
  "TCOM.BA": 52400,
  "TEAM.BA": 4630,
  "TEFO.BA": 792.5,
  "TEM.BA": 8815,
  "TEN.BA": 59850,
  "TGT.BA": 5525,
  "TIIAY.BA": 0,
  "TIMB.BA": 34160,
  "TIMS3.BA": 6970,
  "TJX.BA": 10040,
  "TM.BA": 19890,
  "TMO.BA": 40100,
  "TMUS.BA": 9400,
  "TQQQ.BA": 2910,
  "TRIP.BA": 11070,
  "TRVV.BA": 71275,
  "TSLA.BA": 39800,
  "TSM.BA": 46100,
  "TTE.BA": 32380,
  "TTM.BA": 8651,
  "TV.BA": 1389,
  "TWLO.BA": 5025,
  "TXN.BA": 48180,
  "TXR.BA": 13450,
  "UAL.BA": 28060,
  "UBER.BA": 62650,
  "UGP.BA": 6000,
  "UL.BA": 30320,
  "UNH.BA": 14590,
  "UNP.BA": 17060,
  "UPST.BA": 11130,
  "URA.BA": 12500,
  "URBN.BA": 48460,
  "USB.BA": 14450,
  "USO.BA": 6940,
  "V.BA": 27560,
  "VALE.BA": 9020,
  "VALE3.BA": 18100,
  "VEA.BA": 8975,
  "VIG.BA": 8345,
  "VIST.BA": 24310,
  "VIV.BA": 18890,
  "VIVT3.BA": 9450,
  "VOD.BA": 17780,
  "VRSN.BA": 63525,
  "VRTX.BA": 6480,
  "VST.BA": 9765,
  "VXX.BA": 11290,
  "VZ.BA": 15610,
  "WBA.BA": 5360,
  "WBO.BA": 2424,
  "WEGE3.BA": 11820,
  "WFC.BA": 24890,
  "WMT.BA": 8850,
  "X.BA": 21550,
  "XLB.BA": 7245,
  "XLC.BA": 8855,
  "XLE.BA": 67450,
  "XLF.BA": 39020,
  "XLI.BA": 8065,
  "XLK.BA": 8955,
  "XLP.BA": 7345,
  "XLRE.BA": 6820,
  "XLU.BA": 8860,
  "XLV.BA": 8020,
  "XLY.BA": 7950,
  "XOM.BA": 17590,
  "XP.BA": 6500,
  "XPEV.BA": 7650,
  "XROX.BA": 3942.5,
  "XYZ.BA": 4642.5,
  "YELP.BA": 21300,
  "YZCA.BA": 0.007,
  "ZM.BA": 2537.5,
  "ALUA.BA": 1010,
  "ALUAC.BA": 0.72000003,
  "ALUAD.BA": 0.676,
  "BBAR.BA": 7030,
  "BBARC.BA": 2.64280009,
  "BBARD.BA": 4.82499981,
  "BMA.BA": 11160,
  "BMA.C.BA": 7.84000015,
  "BMA.D.BA": 7.65999985,
  "BYMA.BA": 276.25,
  "BYMAC.BA": 0.197,
  "BYMAD.BA": 0.185,
  "CEPU.BA": 2105,
  "COME.BA": 65.5,
  "CRES.BA": 1674,
  "CRESC.BA": 1.11500001,
  "EDN.BA": 2255,
  "EDNC.BA": 1.66999996,
  "EDND.BA": 1.53999996,
  "GGAL.BA": 6985,
  "GGALC.BA": 4.88000011,