{
  "AAL.BA": 6120,
  "AAP.BA": 4120,
  "AAPL.BA": 11550,
  "ABBV.BA": 21150,
  "ABEV.BA": 8420,
  "ABEV3.BA": 3065,
  "ABNB.BA": 10125,
  "ABT.BA": 38700,
  "ACN.BA": 4775,
  "ADBE.BA": 9980,
  "ADGO.BA": 10800,
  "ADI.BA": 17250,
  "ADP.BA": 64550,
  "ADS.BA": 3942.14794922,
  "AEG.BA": 7800,
  "AEM.BA": 23925,
  "AHP.BA": 28.79999924,
  "AI.BA": 5460,
  "AIG.BA": 19575,
  "AKO.B.BA": 31200,
  "AMAT.BA": 39050,
  "AMD.BA": 14625,
  "AMGN.BA": 11000,
  "AMX.BA": 20000,
  "AMZN.BA": 1705,
  "ANF.BA": 91850,
  "ARCO.BA": 17575,
  "ARKK.BA": 7510,
  "ARM.BA": 6340,
  "ASML.BA": 6260,
  "ASR.BA": 17800,
  "AVGO.BA": 7680,
  "AVY.BA": 11375,
  "AXP.BA": 23275,
  "AZN.BA": 39575,
  "B.BA": 12425,
  "BA.BA": 9340,
  "BA.C.BA": 13225,
  "BABA.BA": 14525,
  "BAK.BA": 2190,
  "BAS.BA": 3197.76855469,
  "BAYN.BA": 3323.26293945,
  "BB.BA": 1635,
  "BBD.BA": 3590,
  "BBDC3.BA": 3135,
  "BBV.BA": 17925,
  "BCS.BA": 20700,
  "BHP.BA": 26825,
  "BIDU.BA": 8890,
  "BIIB.BA": 11375,
  "BIOX.BA": 5500,
  "BITF.BA": 4640,
  "BK.BA": 53650,
  "BKNG.BA": 8990,
  "BKR.BA": 6800,
  "BMY.BA": 18275,
  "BNG.BA": 19525,
  "BP.BA": 7420,
  "BPA11.BA": 8870,
  "BRFS.BA": 13025,
  "BRKB.BA": 26325,
  "BSBR.BA": 6390,
  "BSN.BA": 613.31298828,
  "C.BA": 30000,
  "CAAP.BA": 94300,
  "CAH.BA": 64650,
  "CAJ.BA": 4045.5,
  "CAR.BA": 5790,
  "CAT.BA": 20550,
  "CBRD.BA": 459,
  "CCL.BA": 9170,
  "CDE.BA": 9950,
  "CEG.BA": 8400,
  "CIBR.BA": 8560,
  "CL.BA": 34450,
  "CLS.BA": 8000,
  "COIN.BA": 12275,
  "COST.BA": 23500,
  "CRM.BA": 16975,
  "CSCO.BA": 15400,
  "CSNA3.BA": 1795,
  "CVS.BA": 5200,
  "CVX.BA": 11050,
  "CX.BA": 8010,
  "DAL.BA": 6950,
  "DD.BA": 15650,
  "DE.BA": 15150,
  "DECK.BA": 4880,
  "DEO.BA": 20075,
  "DESP.BA": 22600,
  "DHR.BA": 4190,
  "DIA.BA": 24500,
  "DISN.BA": 11325,
  "DOCU.BA": 3975,
  "DOW.BA": 6080,
  "DTEA.BA": 0,
  "E.BA": 9580,
  "EA.BA": 12575,
  "EBAY.BA": 47025,
  "EBR.BA": 34600,
  "EEM.BA": 10850,
  "EFX.BA": 18150,
  "ELP.BA": 31950,
  "EOAN.BA": 236.04100037,
  "EQNR.BA": 5280,
  "ERIC.BA": 4855,
  "ERJ.BA": 60550,
  "ETHA.BA": 4550,
  "ETSY.BA": 4165,
  "EWJ.BA": 6000,
  "EWZ.BA": 16625,
  "F.BA": 12125,
  "FCX.BA": 15625,
  "FDX.BA": 26800,
  "FMCC.BA": 0,
  "FMX.BA": 19775,
  "FMX.B.BA": 0,
  "FNMA.BA": 13000,
  "FSLR.BA": 9450,
  "FXI.BA": 8560,
  "GE.BA": 33975,
  "GFI.BA": 28000,
  "GGB.BA": 13900,
  "GILD.BA": 32050,
  "GLD.BA": 7550,
  "GLOB.BA": 5770,
  "GLW.BA": 14525,
  "GM.BA": 9350,
  "GOOGL.BA": 3495,
  "GPRK.BA": 8710,
  "GRMN.BA": 77450,
  "GS.BA": 57050,
  "GSK.BA": 11325,
  "GT.BA": 6150,
  "HAL.BA": 13400,
  "HAPV3.BA": 8420,
  "HD.BA": 13000,
  "HDB.BA": 43650,
  "HHPD.BA": 0,
  "HL.BA": 6950,
  "HMC.BA": 35000,
  "HMY.BA": 16825,
  "HNPIY.BA": 6140,
  "HOG.BA": 9600,
  "HON.BA": 32450,
  "HPQ.BA": 29425,
  "HSBC.BA": 34675,
  "HSY.BA": 9320,
  "HUT.BA": 99800,
  "HWM.BA": 199550,
  "IBB.BA": 5250,
  "IBIT.BA": 7000,
  "IBM.BA": 21600,
  "IBN.BA": 38300,
  "IEUR.BA": 7090,
  "IFF.BA": 7220.91601563,
  "IJH.BA": 6000,
  "INFY.BA": 22300,
  "ING.BA": 8130,
  "INTC.BA": 5100,
  "IP.BA": 13500,
  "ISRG.BA": 6560,
  "ITUB.BA": 7890,
  "ITUB3.BA": 7120,
  "IVE.BA": 5750,
  "IVW.BA": 6550,
  "IWM.BA": 24225,
  "JBSS3.BA": 8320,
  "JCI.BA": 59050,
  "JD.BA": 9350,
  "JMIA.BA": 3635,
  "JNJ.BA": 11900,
  "JOYY.BA": 11600,
  "JPM.BA": 21225,
  "KB.BA": 45975,
  "KEP.BA": 12100,
  "KGC.BA": 18200,
  "KMB.BA": 24400,
  "KO.BA": 16075,
  "KOFM.BA": 54950,
  "LAC.BA": 3130,
  "LAR.BA": 2320,
  "LFC.BA": 1074.5,
  "LLY.BA": 16100,
  "LMT.BA": 28600,
  "LMT.B.BA": 0,
  "LRCX.BA": 1930,
  "LVS.BA": 24850,
  "LYG.BA": 2410,
  "MA.BA": 19400,
  "MBG.BA": 3807.20898438,
  "MBT.BA": 650,
  "MCD.BA": 14450,
  "MDLZ.BA": 5070,
  "MDT.BA": 25125,
  "MELI.BA": 23250,
  "META.BA": 33250,
  "MFG.BA": 6400,
  "MGLU3.BA": 1915,
  "MMC.BA": 15700,
  "MMM.BA": 17000,
  "MO.BA": 17075,
  "MOS.BA": 8470,
  "MRK.BA": 19100,
  "MRNA.BA": 1550,
  "MRVL.BA": 6360,
  "MSFT.BA": 18425,
  "MSI.BA": 24050,
  "MSTR.BA": 21375,
  "MU.BA": 27875,
  "MUFG.BA": 15850,
  "MUX.BA": 5540,
  "NEC1.BA": 0,
  "NEM.BA": 22200,
  "NFLX.BA": 29200,
  "NG.BA": 20300,
  "NGG.BA": 41500,
  "NIO.BA": 1000,
  "NKE.BA": 5830,
  "NLM.BA": 0,
  "NMR.BA": 7350,
  "NOKA.BA": 6190,
  "NOW.BA": 6680,
  "NSAN.BA": 1545,
  "NTCO.BA": 6200,
  "NTCO3.BA": 2300,
  "NTES.BA": 10050,
  "NU.BA": 7140,
  "NUE.BA": 8930,
  "NVDA.BA": 6930,
  "NVS.BA": 35500,
  "NXE.BA": 7940,
  "ORAN.BA": 13200,
  "ORCL.BA": 79300,
  "ORLY.BA": 475,
  "OXY.BA": 11000,
  "PAAS.BA": 11175,
  "PAC.BA": 16450,
  "PAGS.BA": 3615,
  "PANW.BA": 4530,
  "PATH.BA": 7190,
  "PBI.BA": 12425,
  "PBR.BA": 15075,
  "PCAR.BA": 34650,
  "PCRF.BA": 0,
  "PDD.BA": 4780,
  "PEP.BA": 8450,
  "PETR3.BA": 8060,
  "PFE.BA": 7010,
  "PG.BA": 12700,
  "PHG.BA": 5140,
  "PINS.BA": 5850,
  "PKS.BA": 18600,
  "PLTR.BA": 55100,
  "PM.BA": 11925,
  "PSO.BA": 0,
  "PSQ.BA": 5250,
  "PSX.BA": 24475,
  "PYPL.BA": 9910,
  "QCOM.BA": 16125,
  "QQQ.BA": 30575,
  "RACE.BA": 6710,
  "RBLX.BA": 65000,
  "RCTB4.BA": 0,
  "RGTI.BA": 6430,
  "RIO.BA": 8540,
  "RIOT.BA": 3790,
  "ROKU.BA": 7120,
  "ROST.BA": 35900,
  "RTX.BA": 34100,
  "SAN.BA": 37400,
  "SAP.BA": 56550,
  "SATL.BA": 4150,
  "SBS.BA": 49250,
  "SBSP3.BA": 24875,
  "SBUX.BA": 8790,
  "SCCO.BA": 55800,
  "SCHW.BA": 0,
  "SDA.BA": 1570,
  "SE.BA": 5660,
  "SH.BA": 6200,
  "SHEL.BA": 41975,
  "SHOP.BA": 1140,
  "SID.BA": 14325,
  "SIEGY.BA": 6695.81591797,
  "SLB.BA": 13700,
  "SLV.BA": 6580,
  "SMH.BA": 6480,
  "SMSN.BA": 13143.82421875,
  "SNA.BA": 59950,
  "SNAP.BA": 9360,
  "SNOW.BA": 8170,
  "SONY.BA": 3690,
  "SPCE.BA": 6980,
  "SPGI.BA": 13425,
  "SPOT.BA": 30000,
  "SPXL.BA": 7390,
  "SPY.BA": 35000,
  "STLA.BA": 2230,
  "STNE.BA": 6040,
  "SUZ.BA": 11350,
  "SUZB3.BA": 11600,
  "SWKS.BA": 3995,
  "SYY.BA": 10850,
  "T.BA": 10775,
  "TCOM.BA": 33075,
  "TEAM.BA": 4885,
  "TEFO.BA": 750,
  "TEM.BA": 6900,
  "TEN.BA": 43375,
  "TGT.BA": 4655,
  "TIIAY.BA": 0,
  "TIMB.BA": 22450,
  "TIMS3.BA": 4615,
  "TJX.BA": 7000,
  "TM.BA": 14175,
  "TMO.BA": 21550,
  "TMUS.BA": 8170,
  "TRIP.BA": 7410,
  "TRVV.BA": 52900,
  "TSLA.BA": 24850,
  "TSM.BA": 27175,
  "TTE.BA": 25000,
  "TTM.BA": 8651,
  "TV.BA": 946,
  "TWLO.BA": 3765,
  "TXN.BA": 46000,
  "TXR.BA": 8760,
  "UAL.BA": 17400,
  "UBER.BA": 50000,
  "UGP.BA": 3750,
  "UL.BA": 24250,
  "UNH.BA": 10875,
  "UNP.BA": 13400,
  "UPST.BA": 13900,
  "URA.BA": 9240,
  "URBN.BA": 40225,
  "USB.BA": 10150,
  "V.BA": 22350,
  "VALE.BA": 5520,
  "VALE3.BA": 11100,
  "VEA.BA": 6690,
  "VIG.BA": 6080,
  "VIST.BA": 20075,
  "VIV.BA": 12575,
  "VIVT3.BA": 6500,
  "VOD.BA": 11700,
  "VRSN.BA": 53200,
  "VRTX.BA": 5210,
  "VST.BA": 8750,
  "VZ.BA": 12250,
  "WBA.BA": 4410,
  "WBO.BA": 1775,
  "WEGE3.BA": 8990,
  "WFC.BA": 17700,
  "WMT.BA": 6170,
  "X.BA": 21550,
  "XLB.BA": 5700,
  "XLC.BA": 6600,
  "XLE.BA": 53700,
  "XLF.BA": 28975,
  "XLI.BA": 5560,
  "XLK.BA": 6010,
  "XLP.BA": 6050,
  "XLRE.BA": 5550,
  "XLU.BA": 6280,
  "XLV.BA": 5580,
  "XLY.BA": 5470,
  "XOM.BA": 13475,
  "XP.BA": 5790,
  "XPEV.BA": 5700,
  "XROX.BA": 6290,
  "XYZ.BA": 3625,
  "YELP.BA": 21025,
  "YZCA.BA": 0.007,
  "ZM.BA": 1905,
  "ALUA.BA": 622,
  "ALUAC.BA": 0.54299998,
  "ALUAD.BA": 0.53100002,
  "BBAR.BA": 6720,
  "BBARC.BA": 5.76000023,
  "BBARD.BA": 5.73999977,
  "BMA.BA": 8660,
  "BMA.C.BA": 9.64999962,
  "BMA.D.BA": 7.36999989,
  "BYMA.BA": 200.5,
  "BYMAC.BA": 0.171,
  "BYMAD.BA": 0.17299999,
  "CEPU.BA": 1440,
  "COME.BA": 130,
  "CRES.BA": 1295,
  "CRESC.BA": 0.32300001,
  "EDN.BA": 1695,
  "EDNC.BA": 0,
  "GGAL.BA": 6370,
  "GGALC.BA": 5.42999983,
  "GGALD.BA": 5.44999981,
  "IRSAC.BA": 0,
  "IRSAD.BA": 1.38499999,
  "LOMA.BA": 2770,
  "LOMAD.BA": 2.32999992,
  "MIRG.BA": 21200,
  "PAMP.BA": 3430,
  "SUPV.BA": 2560,
  "SUPVD.BA": 2.19000006,
  "TECO2.BA": 2150,
  "TECOC.BA": 1.60000002,
  "TGNO4.BA": 3010,
  "TGSU2.BA": 6620,
  "TRAN.BA": 2415,
  "TXAR.BA": 591,
  "TXARD.BA": 0.50199997,
  "VALO.BA": 335,
  "VALOC.BA": 0.296,
  "VALOD.BA": 0.28299999,