{
  "AAL.BA": 6210,
  "AAP.BA": 4075,
  "AAPL.BA": 11575,
  "ABBV.BA": 21900,
  "ABEV.BA": 8510,
  "ABEV3.BA": 2850,
  "ABNB.BA": 10450,
  "ABT.BA": 39100,
  "ACN.BA": 4935,
  "ADBE.BA": 10275,
  "ADGO.BA": 11175,
  "ADI.BA": 17875,
  "ADP.BA": 60600,
  "ADS.BA": 3942.14794922,
  "AEG.BA": 7900,
  "AEM.BA": 24400,
  "AHP.BA": 28.79999924,
  "AI.BA": 5690,
  "AIG.BA": 19850,
  "AKO.B.BA": 29150,
  "AMAT.BA": 41200,
  "AMD.BA": 15025,
  "AMGN.BA": 11400,
  "AMX.BA": 20400,
  "AMZN.BA": 1755,
  "ANF.BA": 88650,
  "ARCO.BA": 18050,
  "ARKK.BA": 7580,
  "ARM.BA": 6380,
  "ASML.BA": 6130,
  "ASR.BA": 18175,
  "AVGO.BA": 7560,
  "AVY.BA": 11450,
  "AXP.BA": 23050,
  "AZN.BA": 41975,
  "B.BA": 12600,
  "BA.BA": 9840,
  "BA.C.BA": 13025,
  "BABA.BA": 15125,
  "BAK.BA": 2175,
  "BAS.BA": 3197.76855469,
  "BAYN.BA": 3323.26293945,
  "BB.BA": 1670,
  "BBD.BA": 3660,
  "BBDC3.BA": 3130,
  "BBV.BA": 17475,
  "BCS.BA": 20625,
  "BHP.BA": 28250,
  "BIDU.BA": 9210,
  "BIIB.BA": 11525,
  "BIOX.BA": 5480,
  "BITF.BA": 4755,
  "BK.BA": 52800,
  "BKNG.BA": 9000,
  "BKR.BA": 6780,
  "BMY.BA": 18575,
  "BNG.BA": 20175,
  "BP.BA": 7470,
  "BPA11.BA": 8870,
  "BRFS.BA": 12950,
  "BRKB.BA": 25975,
  "BSBR.BA": 6430,
  "BSN.BA": 613.31298828,
  "C.BA": 30475,
  "CAAP.BA": 91150,
  "CAH.BA": 65000,
  "CAJ.BA": 4045.5,
  "CAR.BA": 5800,
  "CAT.BA": 21075,
  "CBRD.BA": 459,
  "CCL.BA": 9130,
  "CDE.BA": 10900,
  "CEG.BA": 8040,
  "CIBR.BA": 8680,
  "CL.BA": 34900,
  "CLS.BA": 7790,
  "COIN.BA": 11100,
  "COST.BA": 24100,
  "CRM.BA": 17250,
  "CSCO.BA": 15475,
  "CSNA3.BA": 1795,
  "CVS.BA": 5530,
  "CVX.BA": 11025,
  "CX.BA": 8030,
  "DAL.BA": 6960,
  "DD.BA": 15800,
  "DE.BA": 15375,
  "DECK.BA": 4820,
  "DEO.BA": 20175,
  "DESP.BA": 22600,
  "DHR.BA": 4260,
  "DIA.BA": 25025,
  "DISN.BA": 11575,
  "DOCU.BA": 4020,
  "DOW.BA": 5810,
  "DTEA.BA": 0,
  "E.BA": 9590,
  "EA.BA": 12625,
  "EBAY.BA": 45775,
  "EBR.BA": 35800,
  "EEM.BA": 10975,
  "EFX.BA": 18775,
  "ELP.BA": 32600,
  "EOAN.BA": 236.04100037,
  "EQNR.BA": 5540,
  "ERIC.BA": 4865,
  "ERJ.BA": 60300,
  "ETHA.BA": 4545,
  "ETSY.BA": 4025,
  "EWJ.BA": 6110,
  "EWZ.BA": 16600,
  "F.BA": 12325,
  "FCX.BA": 16350,
  "FDX.BA": 26325,
  "FMCC.BA": 0,
  "FMX.BA": 20150,
  "FMX.B.BA": 0,
  "FNMA.BA": 13000,
  "FSLR.BA": 9420,
  "FXI.BA": 8560,
  "GE.BA": 34725,
  "GFI.BA": 28625,
  "GGB.BA": 14100,
  "GILD.BA": 31900,
  "GLD.BA": 7370,
  "GLOB.BA": 6060,
  "GLW.BA": 14850,
  "GM.BA": 9530,
  "GOOGL.BA": 3575,
  "GPRK.BA": 9090,
  "GRMN.BA": 82093.125,
  "GS.BA": 56650,
  "GSK.BA": 11700,
  "GT.BA": 6140,
  "HAL.BA": 13600,
  "HAPV3.BA": 8500,
  "HD.BA": 12900,
  "HDB.BA": 43875,
  "HHPD.BA": 0,
  "HL.BA": 7190,
  "HMC.BA": 34700,
  "HMY.BA": 16975,
  "HNPIY.BA": 6140,
  "HOG.BA": 9260,
  "HON.BA": 32700,
  "HPQ.BA": 28750,
  "HSBC.BA": 34625,
  "HSY.BA": 9470,
  "HUT.BA": 100500,
  "HWM.BA": 203450,
  "IBB.BA": 5460,
  "IBIT.BA": 7050,
  "IBM.BA": 22250,
  "IBN.BA": 38750,
  "IEUR.BA": 6870,
  "IFF.BA": 7360,
  "IJH.BA": 5940,
  "INFY.BA": 22125,
  "ING.BA": 8050,
  "INTC.BA": 4915,
  "IP.BA": 13550,
  "ISRG.BA": 6800,
  "ITUB.BA": 7930,
  "ITUB3.BA": 7110,
  "IVE.BA": 5620,
  "IVW.BA": 6210,
  "IWM.BA": 24575,
  "JBSS3.BA": 8320,
  "JCI.BA": 59050,
  "JD.BA": 9810,
  "JMIA.BA": 3650,
  "JNJ.BA": 11975,
  "JOYY.BA": 11950,
  "JPM.BA": 21175,
  "KB.BA": 46200,
  "KEP.BA": 12475,
  "KGC.BA": 18375,
  "KMB.BA": 25350,
  "KO.BA": 16425,
  "KOFM.BA": 56150,
  "LAC.BA": 3085,
  "LAR.BA": 2435,
  "LFC.BA": 1074.5,
  "LLY.BA": 16675,
  "LMT.BA": 28350,
  "LMT.B.BA": 0,
  "LRCX.BA": 1950,
  "LVS.BA": 24850,
  "LYG.BA": 2420,
  "MA.BA": 20400,
  "MBG.BA": 3807.20898438,
  "MBT.BA": 650,
  "MCD.BA": 14400,
  "MDLZ.BA": 5230,
  "MDT.BA": 25400,
  "MELI.BA": 23525,
  "META.BA": 34300,
  "MFG.BA": 6390,
  "MGLU3.BA": 1970,
  "MMC.BA": 15875,
  "MMM.BA": 16750,
  "MO.BA": 17400,
  "MOS.BA": 8510,
  "MRK.BA": 18525,
  "MRNA.BA": 1585,
  "MRVL.BA": 5920,
  "MSFT.BA": 18800,
  "MSI.BA": 23950,
  "MSTR.BA": 22175,
  "MU.BA": 28450,
  "MUFG.BA": 15850,
  "MUX.BA": 5600,
  "NEC1.BA": 0,
  "NEM.BA": 23000,
  "NFLX.BA": 30100,
  "NG.BA": 20725,
  "NGG.BA": 43275,
  "NIO.BA": 1025,
  "NKE.BA": 5900,
  "NLM.BA": 0,
  "NMR.BA": 7350,
  "NOKA.BA": 6100,
  "NOW.BA": 6860,
  "NSAN.BA": 1545,
  "NTCO.BA": 6200,
  "NTCO3.BA": 2650,
  "NTES.BA": 10900,
  "NU.BA": 7150,
  "NUE.BA": 8990,
  "NVDA.BA": 7090,
  "NVS.BA": 34400,
  "NXE.BA": 8150,
  "ORAN.BA": 13200,
  "ORCL.BA": 81950,
  "ORLY.BA": 478.5,
  "OXY.BA": 10875,
  "PAAS.BA": 11550,
  "PAC.BA": 16450,
  "PAGS.BA": 3635,
  "PANW.BA": 4790,
  "PATH.BA": 7360,
  "PBI.BA": 12425,
  "PBR.BA": 15425,
  "PCAR.BA": 35875,
  "PCRF.BA": 0,
  "PDD.BA": 4855,
  "PEP.BA": 8490,
  "PETR3.BA": 7780,
  "PFE.BA": 7100,
  "PG.BA": 12450,
  "PHG.BA": 5200,
  "PINS.BA": 5820,
  "PKS.BA": 18275,
  "PLTR.BA": 54550,
  "PM.BA": 12075,
  "PSO.BA": 0,
  "PSQ.BA": 5230,
  "PSX.BA": 24525,
  "PYPL.BA": 10425,
  "QCOM.BA": 16600,
  "QQQ.BA": 31250,
  "RACE.BA": 6550,
  "RBLX.BA": 59600,
  "RCTB4.BA": 0,
  "RGTI.BA": 6790,
  "RIO.BA": 8430,
  "RIOT.BA": 3785,
  "ROKU.BA": 7290,
  "ROST.BA": 38125,
  "RTX.BA": 35125,
  "SAN.BA": 37275,
  "SAP.BA": 57700,
  "SATL.BA": 3960,
  "SBS.BA": 49600,
  "SBSP3.BA": 24875,
  "SBUX.BA": 8990,
  "SCCO.BA": 56550,
  "SCHW.BA": 0,
  "SDA.BA": 1550,
  "SE.BA": 5790,
  "SH.BA": 6100,
  "SHEL.BA": 42800,
  "SHOP.BA": 1165,
  "SID.BA": 14200,
  "SIEGY.BA": 6695.81591797,
  "SLB.BA": 14200,
  "SLV.BA": 6660,
  "SMH.BA": 6200,
  "SMSN.BA": 13143.82421875,
  "SNA.BA": 60500,
  "SNAP.BA": 9680,
  "SNOW.BA": 8210,
  "SONY.BA": 3775,
  "SPCE.BA": 7040,
  "SPGI.BA": 13200,
  "SPOT.BA": 30500,
  "SPXL.BA": 7400,
  "SPY.BA": 35275,
  "STLA.BA": 2245,
  "STNE.BA": 5870,
  "SUZ.BA": 11350,
  "SUZB3.BA": 11600,
  "SWKS.BA": 4000,
  "SYY.BA": 10900,
  "T.BA": 10900,
  "TCOM.BA": 36075,
  "TEAM.BA": 4995,
  "TEFO.BA": 779,
  "TEM.BA": 6920,
  "TEN.BA": 43425,
  "TGT.BA": 4675,
  "TIIAY.BA": 0,
  "TIMB.BA": 22500,
  "TIMS3.BA": 4590,
  "TJX.BA": 7000,
  "TM.BA": 13650,
  "TMO.BA": 21000,
  "TMUS.BA": 8020,
  "TRIP.BA": 7780,
  "TRVV.BA": 52900,
  "TSLA.BA": 25025,
  "TSM.BA": 28075,
  "TTE.BA": 25150,
  "TTM.BA": 8651,
  "TV.BA": 875,
  "TWLO.BA": 3790,
  "TXN.BA": 46750,
  "TXR.BA": 8810,
  "UAL.BA": 17400,
  "UBER.BA": 50000,
  "UGP.BA": 3715,
  "UL.BA": 24475,
  "UNH.BA": 11050,
  "UNP.BA": 13050,
  "UPST.BA": 12625,
  "URA.BA": 8850,
  "URBN.BA": 41200,
  "USB.BA": 10125,
  "V.BA": 23500,
  "VALE.BA": 5530,
  "VALE3.BA": 11325,
  "VEA.BA": 6590,
  "VIG.BA": 6050,
  "VIST.BA": 20500,
  "VIV.BA": 12825,
  "VIVT3.BA": 6460,
  "VOD.BA": 11800,
  "VRSN.BA": 56000,
  "VRTX.BA": 5190,
  "VST.BA": 8040,
  "VZ.BA": 12350,
  "WBA.BA": 4455,
  "WBO.BA": 1880,
  "WEGE3.BA": 8990,
  "WFC.BA": 17175,
  "WMT.BA": 6160,
  "X.BA": 21550,
  "XLB.BA": 5700,
  "XLC.BA": 6440,
  "XLE.BA": 52500,
  "XLF.BA": 29650,
  "XLI.BA": 5990,
  "XLK.BA": 6170,
  "XLP.BA": 5940,
  "XLRE.BA": 5500,
  "XLU.BA": 6330,
  "XLV.BA": 5450,
  "XLY.BA": 5760,
  "XOM.BA": 13500,
  "XP.BA": 5890,
  "XPEV.BA": 5500,
  "XROX.BA": 6520,
  "XYZ.BA": 3735,
  "YELP.BA": 21025,
  "YZCA.BA": 0.007,
  "ZM.BA": 1935,
  "ALUA.BA": 632,
  "ALUAC.BA": 0.59500003,
  "ALUAD.BA": 0.54000002,
  "BBAR.BA": 6750,
  "BBARC.BA": 6.9000001,
  "BBARD.BA": 5.76000023,
  "BMA.BA": 8680,
  "BMA.C.BA": 9.64999962,
  "BMA.D.BA": 7.34000015,
  "BYMA.BA": 203,
  "BYMAC.BA": 0.18000001,
  "BYMAD.BA": 0.171,
  "CEPU.BA": 1410,
  "COME.BA": 132.5,
  "CRES.BA": 1295,
  "CRESC.BA": 0.32300001,
  "EDN.BA": 1680,
  "EDNC.BA": 0,
  "GGAL.BA": 6420,
  "GGALC.BA": 5.5999999,
  "GGALD.BA": 5.42999983,
  "IRSAC.BA": 0,
  "IRSAD.BA": 1.37,
  "LOMA.BA": 2665,
  "LOMAD.BA": 2.25,
  "MIRG.BA": 21425,
  "PAMP.BA": 3475,
  "SUPV.BA": 2605,
  "SUPVD.BA": 2.24000001,
  "TECO2.BA": 2205,
  "TECOC.BA": 1.60000002,
  "TGNO4.BA": 3010,
  "TGSU2.BA": 6340,
  "TRAN.BA": 2540,
  "TXAR.BA": 595,
  "TXARD.BA": 0.49900001,
  "VALO.BA": 345.5,
  "VALOC.BA": 0.34999999,
  "VALOD.BA": 0.29899999,
  "YPFD.BA": 41925,