{
  "AAL.BA": 7090,
  "AAP.BA": 4465,
  "AAPL.BA": 12100,
  "ABBV.BA": 22700,
  "ABEV.BA": 8960,
  "ABEV3.BA": 3030,
  "ABNB.BA": 11100,
  "ABT.BA": 40050,
  "ACN.BA": 5070,
  "ADBE.BA": 11300,
  "ADGO.BA": 11000,
  "ADI.BA": 18175,
  "ADP.BA": 63650,
  "ADS.BA": 3942.14794922,
  "AEG.BA": 8720,
  "AEM.BA": 23625,
  "AHP.BA": 28.79999924,
  "AI.BA": 6220,
  "AIG.BA": 20500,
  "AKO.B.BA": 30000,
  "AMAT.BA": 40725,
  "AMD.BA": 14600,
  "AMGN.BA": 11600,
  "AMX.BA": 20075,
  "AMZN.BA": 1805,
  "ANF.BA": 98000,
  "ARCO.BA": 17850,
  "ARKK.BA": 7490,
  "ARM.BA": 6260,
  "ASML.BA": 6350,
  "ASR.BA": 19025,
  "AVGO.BA": 7490,
  "AVY.BA": 12000,
  "AXP.BA": 24075,
  "AZN.BA": 43800,
  "B.BA": 12150,
  "BA.BA": 10875,
  "BA.C.BA": 13450,
  "BABA.BA": 16200,
  "BAK.BA": 2175,
  "BAS.BA": 3197.76855469,
  "BAYN.BA": 3323.26293945,
  "BB.BA": 1660,
  "BBD.BA": 3430,
  "BBDC3.BA": 2910,
  "BBV.BA": 18150,
  "BCS.BA": 21725,
  "BHP.BA": 30100,
  "BIDU.BA": 9660,
  "BIIB.BA": 12425,
  "BIOX.BA": 5900,
  "BITF.BA": 5520,
  "BK.BA": 54050,
  "BKNG.BA": 9380,
  "BKR.BA": 6600,
  "BMY.BA": 19625,
  "BNG.BA": 17875,
  "BP.BA": 7070,
  "BPA11.BA": 8650,
  "BRFS.BA": 13325,
  "BRKB.BA": 26925,
  "BSBR.BA": 6130,
  "BSN.BA": 613.31298828,
  "C.BA": 31325,
  "CAAP.BA": 96950,
  "CAH.BA": 61300,
  "CAJ.BA": 4045.5,
  "CAR.BA": 5800,
  "CAT.BA": 21450,
  "CBRD.BA": 459,
  "CCL.BA": 9670,
  "CDE.BA": 11200,
  "CEG.BA": 8010,
  "CIBR.BA": 8750,
  "CL.BA": 36375,
  "CLS.BA": 7360,
  "COIN.BA": 11400,
  "COST.BA": 25100,
  "CRM.BA": 18200,
  "CSCO.BA": 15825,
  "CSNA3.BA": 1800,
  "CVS.BA": 5020,
  "CVX.BA": 10575,
  "CX.BA": 8090,
  "DAL.BA": 7650,
  "DD.BA": 16550,
  "DE.BA": 15600,
  "DECK.BA": 5310,
  "DEO.BA": 21475,
  "DESP.BA": 22600,
  "DHR.BA": 4445,
  "DIA.BA": 25650,
  "DISN.BA": 11550,
  "DOCU.BA": 4270,
  "DOW.BA": 5890,
  "DTEA.BA": 0,
  "E.BA": 9180,
  "EA.BA": 12550,
  "EBAY.BA": 47600,
  "EBR.BA": 35425,
  "EEM.BA": 11300,
  "EFX.BA": 20100,
  "ELP.BA": 31975,
  "EOAN.BA": 236.04100037,
  "EQNR.BA": 4860,
  "ERIC.BA": 5120,
  "ERJ.BA": 58050,
  "ETHA.BA": 4695,
  "ETSY.BA": 4775,
  "EWJ.BA": 6350,
  "EWZ.BA": 16575,
  "F.BA": 12350,
  "FCX.BA": 16875,
  "FDX.BA": 26625,
  "FMCC.BA": 0,
  "FMX.BA": 20975,
  "FMX.B.BA": 0,
  "FNMA.BA": 13000,
  "FSLR.BA": 10725,
  "FXI.BA": 8880,
  "GE.BA": 37750,
  "GFI.BA": 29475,
  "GGB.BA": 15200,
  "GILD.BA": 33825,
  "GLD.BA": 7360,
  "GLOB.BA": 6630,
  "GLW.BA": 15225,
  "GM.BA": 9550,
  "GOOGL.BA": 3640,
  "GPRK.BA": 8330,
  "GRMN.BA": 83200,
  "GS.BA": 56650,
  "GSK.BA": 12275,
  "GT.BA": 7080,
  "HAL.BA": 12625,
  "HAPV3.BA": 8000,
  "HD.BA": 13650,
  "HDB.BA": 45725,
  "HHPD.BA": 0,
  "HL.BA": 7430,
  "HMC.BA": 35050,
  "HMY.BA": 17875,
  "HNPIY.BA": 6140,
  "HOG.BA": 10000,
  "HON.BA": 34125,
  "HPQ.BA": 30050,
  "HSBC.BA": 36075,
  "HSY.BA": 9550,
  "HUT.BA": 111000,
  "HWM.BA": 207300,
  "IBB.BA": 5680,
  "IBIT.BA": 7420,
  "IBM.BA": 21750,
  "IBN.BA": 40350,
  "IEUR.BA": 7280,
  "IFF.BA": 7840,
  "IJH.BA": 6140,
  "INFY.BA": 21950,
  "ING.BA": 8470,
  "INTC.BA": 4905,
  "IP.BA": 14375,
  "ISRG.BA": 7010,
  "ITUB.BA": 7890,
  "ITUB3.BA": 6850,
  "IVE.BA": 5770,
  "IVW.BA": 6350,
  "IWM.BA": 25625,
  "JBSS3.BA": 8320,
  "JCI.BA": 60950,
  "JD.BA": 10200,
  "JMIA.BA": 4105,
  "JNJ.BA": 12400,
  "JOYY.BA": 11650,
  "JPM.BA": 21325,
  "KB.BA": 46800,
  "KEP.BA": 13675,
  "KGC.BA": 18000,
  "KMB.BA": 26550,
  "KO.BA": 17225,
  "KOFM.BA": 58650,
  "LAC.BA": 3320,
  "LAR.BA": 2375,
  "LFC.BA": 1074.5,
  "LLY.BA": 16575,
  "LMT.BA": 28900,
  "LMT.B.BA": 0,
  "LRCX.BA": 1875,
  "LVS.BA": 25150,
  "LYG.BA": 2490,
  "MA.BA": 21225,
  "MBG.BA": 3807.20898438,
  "MBT.BA": 650,
  "MCD.BA": 15200,
  "MDLZ.BA": 5320,
  "MDT.BA": 26175,
  "MELI.BA": 24550,
  "META.BA": 34725,
  "MFG.BA": 6740,
  "MGLU3.BA": 2085,
  "MMC.BA": 16650,
  "MMM.BA": 17325,
  "MO.BA": 17700,
  "MOS.BA": 8320,
  "MRK.BA": 19050,
  "MRNA.BA": 1775,
  "MRVL.BA": 5910,
  "MSFT.BA": 18875,
  "MSI.BA": 24700,
  "MSTR.BA": 23500,
  "MU.BA": 26575,
  "MUFG.BA": 16575,
  "MUX.BA": 5690,
  "NEC1.BA": 0,
  "NEM.BA": 21225,
  "NFLX.BA": 30625,
  "NG.BA": 20950,
  "NGG.BA": 42650,
  "NIO.BA": 1080,
  "NKE.BA": 6210,
  "NLM.BA": 0,
  "NMR.BA": 7490,
  "NOKA.BA": 6470,
  "NOW.BA": 7190,
  "NSAN.BA": 1545,
  "NTCO.BA": 6200,
  "NTCO3.BA": 2350,
  "NTES.BA": 11175,
  "NU.BA": 7160,
  "NUE.BA": 9160,
  "NVDA.BA": 7100,
  "NVS.BA": 35275,
  "NXE.BA": 7820,
  "ORAN.BA": 13200,
  "ORCL.BA": 70950,
  "ORLY.BA": 7320,
  "OXY.BA": 10375,
  "PAAS.BA": 11700,
  "PAC.BA": 18000,
  "PAGS.BA": 3405,
  "PANW.BA": 4685,
  "PATH.BA": 7880,
  "PBI.BA": 12675,
  "PBR.BA": 13475,
  "PCAR.BA": 37800,
  "PCRF.BA": 0,
  "PDD.BA": 4890,
  "PEP.BA": 8670,
  "PETR3.BA": 6750,
  "PFE.BA": 7180,
  "PG.BA": 13000,
  "PHG.BA": 5620,
  "PINS.BA": 5890,
  "PKS.BA": 19300,
  "PLTR.BA": 52700,
  "PM.BA": 11925,
  "PSO.BA": 0,
  "PSQ.BA": 5290,
  "PSX.BA": 23175,
  "PYPL.BA": 11050,
  "QCOM.BA": 16975,
  "QQQ.BA": 31875,
  "RACE.BA": 6900,
  "RBLX.BA": 55700,
  "RCTB4.BA": 0,
  "RGTI.BA": 6800,
  "RIO.BA": 8870,
  "RIOT.BA": 4010,
  "ROKU.BA": 7230,
  "ROST.BA": 43050,
  "RTX.BA": 33700,
  "SAN.BA": 38450,
  "SAP.BA": 61100,
  "SATL.BA": 4220,
  "SBS.BA": 49275,
  "SBSP3.BA": 23925,
  "SBUX.BA": 9050,
  "SCCO.BA": 58350,
  "SCHW.BA": 0,
  "SDA.BA": 1625,
  "SE.BA": 6150,
  "SH.BA": 6170,
  "SHEL.BA": 41000,
  "SHOP.BA": 1205,
  "SID.BA": 14425,
  "SIEGY.BA": 6695.81591797,
  "SLB.BA": 13675,
  "SLV.BA": 6670,
  "SMH.BA": 6180,
  "SMSN.BA": 13143.82421875,
  "SNA.BA": 64000,
  "SNAP.BA": 10200,
  "SNOW.BA": 8420,
  "SONY.BA": 3965,
  "SPCE.BA": 8460,
  "SPGI.BA": 13675,
  "SPOT.BA": 29875,
  "SPXL.BA": 7650,
  "SPY.BA": 35975,
  "STLA.BA": 2385,
  "STNE.BA": 5280,
  "SUZ.BA": 11575,
  "SUZB3.BA": 11400,
  "SWKS.BA": 4150,
  "SYY.BA": 11325,
  "T.BA": 11100,
  "TCOM.BA": 37250,
  "TEAM.BA": 5500,
  "TEFO.BA": 781,
  "TEM.BA": 6740,
  "TEN.BA": 42450,
  "TGT.BA": 4875,
  "TIIAY.BA": 0,
  "TIMB.BA": 21300,
  "TIMS3.BA": 4350,
  "TJX.BA": 7200,
  "TM.BA": 14650,
  "TMO.BA": 22300,
  "TMUS.BA": 8500,
  "TRIP.BA": 8600,
  "TRVV.BA": 53400,
  "TSLA.BA": 24625,
  "TSM.BA": 27525,
  "TTE.BA": 23825,
  "TTM.BA": 8651,
  "TV.BA": 785,
  "TWLO.BA": 4035,
  "TXN.BA": 47750,
  "TXR.BA": 8750,
  "UAL.BA": 20000,
  "UBER.BA": 52300,
  "UGP.BA": 3590,
  "UL.BA": 25000,
  "UNH.BA": 11025,
  "UNP.BA": 13400,
  "UPST.BA": 13775,
  "URA.BA": 8460,
  "URBN.BA": 41825,
  "USB.BA": 10800,
  "V.BA": 24425,
  "VALE.BA": 5740,
  "VALE3.BA": 11325,
  "VEA.BA": 6770,
  "VIG.BA": 6170,
  "VIST.BA": 19725,
  "VIV.BA": 12425,
  "VIVT3.BA": 6280,
  "VOD.BA": 11825,
  "VRSN.BA": 56000,
  "VRTX.BA": 5310,
  "VST.BA": 7850,
  "VZ.BA": 13125,
  "WBA.BA": 4500,
  "WBO.BA": 1935,
  "WEGE3.BA": 9240,
  "WFC.BA": 18350,
  "WMT.BA": 6460,
  "X.BA": 21150,
  "XLB.BA": 5890,
  "XLC.BA": 6510,
  "XLE.BA": 50050,
  "XLF.BA": 30625,
  "XLI.BA": 6180,
  "XLK.BA": 6260,
  "XLP.BA": 6120,
  "XLRE.BA": 5590,
  "XLU.BA": 6470,
  "XLV.BA": 5550,
  "XLY.BA": 5970,
  "XOM.BA": 12600,
  "XP.BA": 5860,
  "XPEV.BA": 6050,
  "XROX.BA": 6420,
  "XYZ.BA": 3930,
  "YELP.BA": 22175,
  "YZCA.BA": 0.007,
  "ZM.BA": 2030,
  "ALUA.BA": 678,
  "ALUAC.BA": 0.26300001,
  "ALUAD.BA": 0.56999999,
  "BBAR.BA": 7030,
  "BBARC.BA": 6.9000001,
  "BBARD.BA": 5.92000008,
  "BMA.BA": 9060,
  "BMA.C.BA": 9.64999962,
  "BMA.D.BA": 7.5999999,
  "BYMA.BA": 202.75,
  "BYMAC.BA": 0.177,
  "BYMAD.BA": 0.17,
  "CEPU.BA": 1455,
  "COME.BA": 143.5,
  "CRES.BA": 1320,
  "CRESC.BA": 0.32300001,
  "EDN.BA": 1830,
  "EDNC.BA": 0,
  "GGAL.BA": 6490,
  "GGALC.BA": 5.55000019,
  "GGALD.BA": 5.46000004,
  "LOMA.BA": 2845,
  "LOMAD.BA": 2.40499997,
  "MIRG.BA": 20625,
  "PAMP.BA": 3500,
  "SUPV.BA": 2850,
  "SUPVD.BA": 2.4000001,
  "TECO2.BA": 2265,
  "TECOC.BA": 1.60000002,
  "TGNO4.BA": 3160,
  "TGSU2.BA": 6250,
  "TRAN.BA": 2325,
  "TXAR.BA": 623,
  "TXARD.BA": 0.52399999,
  "VALO.BA": 364.5,
  "VALOC.BA": 0.34999999,
  "VALOD.BA": 0.30599999,
  "YPFD.BA": 40550,
  "YPFDC.BA": 34.34999847,