{
  "AAL.BA": 9995,
  "AAP.BA": 6435,
  "AAPL.BA": 20580,
  "ABBV.BA": 36420,
  "ABEV.BA": 10570,
  "ABEV3.BA": 3542.5,
  "ABNB.BA": 13530,
  "ABT.BA": 51350,
  "ACN.BA": 5210,
  "ACWI.BA": 8510,
  "ADBE.BA": 12680,
  "ADGO.BA": 12140,
  "ADI.BA": 25480,
  "ADP.BA": 76000,
  "ADS.BA": 3942.14794922,
  "AEG.BA": 11960,
  "AEM.BA": 43640,
  "AHP.BA": 28.79999924,
  "AI.BA": 5660,
  "AIG.BA": 25380,
  "AKO.B.BA": 39160,
  "AMAT.BA": 71400,
  "AMD.BA": 36820,
  "AMGN.BA": 15900,
  "AMX.BA": 36140,
  "AMZN.BA": 2430,
  "ANF.BA": 110300,
  "ARCO.BA": 22520,
  "ARKK.BA": 13690,
  "ARM.BA": 9855,
  "ASML.BA": 11080,
  "ASR.BA": 24770,
  "AVGO.BA": 14060,
  "AVY.BA": 16300,
  "AXP.BA": 37280,
  "AZN.BA": 66825,
  "B.BA": 25660,
  "BA.BA": 14440,
  "BA.C.BA": 20410,
  "BABA.BA": 29940,
  "BAK.BA": 1991,
  "BAS.BA": 3197.76855469,
  "BAYN.BA": 3323.26293945,
  "BB.BA": 2410,
  "BBD.BA": 5285,
  "BBDC3.BA": 4580,
  "BBV.BA": 31700,
  "BCS.BA": 33200,
  "BHP.BA": 44460,
  "BIDU.BA": 17390,
  "BIIB.BA": 18410,
  "BIOX.BA": 3272.5,
  "BITF.BA": 32160,
  "BK.BA": 85925,
  "BKNG.BA": 11540,
  "BKR.BA": 10600,
  "BMY.BA": 23860,
  "BNG.BA": 30680,
  "BP.BA": 11140,
  "BPA11.BA": 14190,
  "BRFS.BA": 18200,
  "BRKB.BA": 35520,
  "BSBR.BA": 8510,
  "BSN.BA": 613.31298828,
  "C.BA": 51450,
  "CAAP.BA": 113825,
  "CAH.BA": 85625,
  "CAJ.BA": 4045.5,
  "CAR.BA": 9370,
  "CAT.BA": 41380,
  "CCL.BA": 15960,
  "CDE.BA": 30840,
  "CEG.BA": 12580,
  "CIBR.BA": 12270,
  "CL.BA": 41880,
  "CLS.BA": 22030,
  "COIN.BA": 18830,
  "COST.BA": 31220,
  "CRM.BA": 22640,
  "CSCO.BA": 22420,
  "CSNA3.BA": 2510,
  "CVS.BA": 8595,
  "CVX.BA": 15610,
  "CX.BA": 14720,
  "DAL.BA": 12100,
  "DD.BA": 25900,
  "DE.BA": 18530,
  "DECK.BA": 6465,
  "DEO.BA": 25660,
  "DESP.BA": 22600,
  "DHR.BA": 6480,
  "DIA.BA": 37100,
  "DISN.BA": 15050,
  "DOCU.BA": 5115,
  "DOW.BA": 6385,
  "DTEA.BA": 0,
  "E.BA": 14310,
  "EA.BA": 22800,
  "EBAY.BA": 75025,
  "EBR.BA": 64250,
  "EEM.BA": 17400,
  "EFA.BA": 8400,
  "EFX.BA": 23220,
  "ELP.BA": 47780,
  "EOAN.BA": 236.04100037,
  "EQNR.BA": 6530,
  "ERIC.BA": 7600,
  "ERJ.BA": 102100,
  "ETHA.BA": 9260,
  "ETSY.BA": 7135,
  "EWJ.BA": 9300,
  "EWZ.BA": 24110,
  "F.BA": 19810,
  "FCX.BA": 22260,
  "FDX.BA": 38680,
  "FMCC.BA": 0,
  "FMX.BA": 25640,
  "FNMA.BA": 20700,
  "FSLR.BA": 19860,
  "FXI.BA": 12830,
  "GDX.BA": 11780,
  "GE.BA": 59725,
  "GFI.BA": 65225,
  "GGB.BA": 21310,
  "GILD.BA": 48060,
  "GLD.BA": 12110,
  "GLOB.BA": 5195,
  "GLW.BA": 33960,
  "GM.BA": 18060,
  "GOOGL.BA": 6975,
  "GPRK.BA": 10920,
  "GRMN.BA": 134325,
  "GS.BA": 91725,
  "GSK.BA": 17520,
  "GT.BA": 5630,
  "HAL.BA": 21460,
  "HAPV3.BA": 9700,
  "HD.BA": 19230,
  "HDB.BA": 29540,
  "HHPD.BA": 0,
  "HL.BA": 21000,
  "HMC.BA": 51450,
  "HMY.BA": 28680,
  "HNPIY.BA": 6140,
  "HOG.BA": 14450,
  "HON.BA": 43400,
  "HPQ.BA": 44460,
  "HSBC.BA": 52950,
  "HSY.BA": 14080,
  "HUT.BA": 316050,
  "HWM.BA": 306500,
  "IBB.BA": 9125,
  "IBIT.BA": 9890,
  "IBM.BA": 28920,
  "IBN.BA": 49860,
  "IEMG.BA": 8945,
  "IEUR.BA": 10000,
  "IFF.BA": 8700,
  "IJH.BA": 8695,
  "INFY.BA": 27680,
  "ING.BA": 12830,
  "INTC.BA": 11700,
  "IP.BA": 19330,
  "ISRG.BA": 9100,
  "ITA.BA": 6790,
  "ITUB.BA": 11300,
  "ITUB3.BA": 10070,
  "IVE.BA": 8265,
  "IVW.BA": 9615,
  "IWDA.BA": 0,
  "IWM.BA": 39000,
  "JBSS3.BA": 8320,
  "JCI.BA": 84050,
  "JD.BA": 13180,
  "JMIA.BA": 16750,
  "JNJ.BA": 20420,
  "JOYY.BA": 18970,
  "JPM.BA": 31260,
  "KB.BA": 65300,
  "KEP.BA": 23350,
  "KGC.BA": 37940,
  "KMB.BA": 31940,
  "KO.BA": 22440,
  "KOFM.BA": 68375,
  "LAC.BA": 10530,
  "LAR.BA": 6540,
  "LFC.BA": 1074.5,
  "LLY.BA": 23300,
  "LMT.BA": 38900,
  "LRCX.BA": 4100,
  "LREN3.BA": 4280,
  "LVS.BA": 44120,
  "LYG.BA": 3707.5,
  "MA.BA": 27600,
  "MBG.BA": 3807.20898438,
  "MBT.BA": 650,
  "MCD.BA": 20580,
  "MDLZ.BA": 6550,
  "MDT.BA": 37960,
  "MELI.BA": 28160,
  "META.BA": 48980,
  "MFG.BA": 10280,
  "MGLU3.BA": 2520,
  "MMC.BA": 19010,
  "MMM.BA": 27080,
  "MO.BA": 25600,
  "MOS.BA": 9570,
  "MRK.BA": 27880,
  "MRNA.BA": 2200,
  "MRVL.BA": 9275,
  "MSFT.BA": 27660,
  "MSI.BA": 35900,
  "MSTR.BA": 22560,
  "MU.BA": 64750,
  "MUFG.BA": 23700,
  "MUX.BA": 16280,
  "NATU3.BA": 2500,
  "NEC1.BA": 0,
  "NEM.BA": 46840,
  "NFLX.BA": 37120,
  "NG.BA": 55025,
  "NGG.BA": 61075,
  "NIO.BA": 2750,
  "NKE.BA": 9215,
  "NLM.BA": 0,
  "NMR.BA": 11290,
  "NOKA.BA": 9580,
  "NOW.BA": 8780,
  "NSAN.BA": 1545,
  "NTCO.BA": 6200,
  "NTES.BA": 16660,
  "NU.BA": 12250,
  "NUE.BA": 13830,
  "NVDA.BA": 12000,
  "NVS.BA": 52375,
  "NXE.BA": 13860,
  "ORAN.BA": 13200,
  "ORCL.BA": 146000,
  "ORLY.BA": 721.5,
  "OXY.BA": 13670,
  "PAAS.BA": 19380,
  "PAC.BA": 21730,
  "PAGS.BA": 4880,
  "PANW.BA": 6835,
  "PATH.BA": 12220,
  "PBI.BA": 18700,
  "PBR.BA": 19040,
  "PCAR.BA": 53800,
  "PCRF.BA": 0,
  "PDD.BA": 8410,
  "PEP.BA": 13450,
  "PETR3.BA": 9445,
  "PFE.BA": 9800,
  "PG.BA": 16090,
  "PHG.BA": 9225,
  "PINS.BA": 8000,
  "PKS.BA": 28300,
  "PLTR.BA": 93550,
  "PM.BA": 13790,
  "PSO.BA": 0,
  "PSQ.BA": 6150,
  "PSX.BA": 35700,
  "PYPL.BA": 13650,
  "QCOM.BA": 24490,
  "QQQ.BA": 48280,
  "RACE.BA": 7650,
  "RBLX.BA": 101900,
  "RCTB4.BA": 0,
  "RGTI.BA": 30740,
  "RIO.BA": 14040,
  "RIOT.BA": 10430,
  "ROKU.BA": 11800,
  "ROST.BA": 62950,
  "RTX.BA": 56775,
  "SAN.BA": 62850,
  "SAP.BA": 73175,
  "SATL.BA": 3525,
  "SBS.BA": 77950,
  "SBSP3.BA": 39140,
  "SBUX.BA": 11330,
  "SCCO.BA": 103450,
  "SCHW.BA": 0,
  "SDA.BA": 1573,
  "SE.BA": 7705,
  "SH.BA": 7305,
  "SHEL.BA": 60225,
  "SHOP.BA": 2471,
  "SI.BA": 22.45000076,
  "SID.BA": 21090,
  "SIEGY.BA": 6695.81591797,
  "SLB.BA": 18760,
  "SLV.BA": 11850,
  "SMH.BA": 10870,
  "SMSN.BA": 13143.82421875,
  "SNA.BA": 91800,
  "SNAP.BA": 12420,
  "SNOW.BA": 13120,
  "SONY.BA": 5705,
  "SPCE.BA": 12120,
  "SPGI.BA": 17140,
  "SPOT.BA": 38500,
  "SPXL.BA": 13590,
  "SPY.BA": 53325,
  "STLA.BA": 3415,
  "STNE.BA": 9860,
  "SUZ.BA": 14460,
  "SUZB3.BA": 14530,
  "SWKS.BA": 5845,
  "SYY.BA": 15770,
  "T.BA": 13250,
  "TCOM.BA": 56850,
  "TEAM.BA": 5600,
  "TEFO.BA": 1041,
  "TEM.BA": 11400,
  "TEN.BA": 57525,
  "TGT.BA": 6240,
  "TIIAY.BA": 0,
  "TIMB.BA": 35200,
  "TIMS3.BA": 7200,
  "TJX.BA": 10890,
  "TM.BA": 21490,
  "TMO.BA": 41000,
  "TMUS.BA": 11100,
  "TQQQ.BA": 6700,
  "TRIP.BA": 12920,
  "TRVV.BA": 72150,
  "TSLA.BA": 44500,
  "TSM.BA": 51750,
  "TTE.BA": 33240,
  "TTM.BA": 8651,
  "TV.BA": 1285,
  "TWLO.BA": 4930,
  "TXN.BA": 55125,
  "TXR.BA": 14300,
  "UAL.BA": 30300,
  "UBER.BA": 74350,
  "UGP.BA": 6065,
  "UL.BA": 33700,
  "UNH.BA": 17160,
  "UNP.BA": 17600,
  "UPST.BA": 16420,
  "URA.BA": 15630,
  "URBN.BA": 54900,
  "USB.BA": 15190,
  "USO.BA": 7775,
  "V.BA": 30580,
  "VALE.BA": 9235,
  "VALE3.BA": 18150,
  "VEA.BA": 9700,
  "VIG.BA": 8820,
  "VIST.BA": 19850,
  "VIV.BA": 19830,
  "VIVT3.BA": 9850,
  "VOD.BA": 18860,
  "VRSN.BA": 65150,
  "VRTX.BA": 6780,
  "VST.BA": 11590,
  "VXX.BA": 10820,
  "VZ.BA": 15620,
  "WBA.BA": 5360,
  "WBO.BA": 3032.5,
  "WEGE3.BA": 12290,
  "WFC.BA": 26900,
  "WMT.BA": 9445,
  "X.BA": 21550,
  "XLB.BA": 7885,
  "XLC.BA": 9680,
  "XLE.BA": 70700,
  "XLF.BA": 41700,
  "XLI.BA": 8775,
  "XLK.BA": 9920,
  "XLP.BA": 7875,
  "XLRE.BA": 7525,
  "XLU.BA": 9595,
  "XLV.BA": 8025,
  "XLY.BA": 8725,
  "XOM.BA": 18440,
  "XP.BA": 6720,
  "XPEV.BA": 8435,
  "XROX.BA": 5320,
  "XYZ.BA": 6040,
  "YELP.BA": 26700,
  "YZCA.BA": 0.007,
  "ZM.BA": 2805,
  "ALUA.BA": 853,
  "ALUAC.BA": 0.50999999,
  "ALUAD.BA": 0.542,
  "BBAR.BA": 5210,
  "BBARC.BA": 2.65499997,
  "BBARD.BA": 3.24,
  "BMA.BA": 9150,
  "BMA.C.BA": 5.21000004,
  "BMA.D.BA": 5.8,
  "BYMA.BA": 184.75,
  "BYMAC.BA": 0.117,
  "BYMAD.BA": 0.115,
  "CEPU.BA": 1460,
  "COME.BA": 32.5,
  "CRES.BA": 1474,
  "CRESC.BA": 0.875,
  "EDN.BA": 1436,
  "EDNC.BA": 0.78100002,
  "EDND.BA": 0.916,
  "GGAL.BA": 5480,
  "GGALC.BA": 3.31999993,
  "GGALD.BA": 3.46,
  "IRSAC.BA": 1.17999995,
  "IRSAD.BA": 1.125,
  "LOMA.BA": 2500,
  "LOMAD.BA": 1.59,
  "MIRG.BA": 15800,
  "PAMP.BA": 3915,
  "SUPV.BA": 1998,
  "SUPVD.BA": 1.255,