{
  "AAL.BA": 9090,
  "AAP.BA": 5245,
  "AAPL.BA": 19720,
  "ABBV.BA": 34480,
  "ABEV.BA": 11180,
  "ABEV3.BA": 3875,
  "ABNB.BA": 11420,
  "ABT.BA": 47800,
  "ACN.BA": 4725,
  "ACWI.BA": 7825,
  "ADBE.BA": 10890,
  "ADGO.BA": 11470,
  "ADI.BA": 22690,
  "ADP.BA": 61075,
  "ADS.BA": 3942.14794922,
  "AEG.BA": 11080,
  "AEM.BA": 41100,
  "AHP.BA": 28.79999924,
  "AI.BA": 4095,
  "AIG.BA": 22690,
  "AKO.B.BA": 39200,
  "ALAB.BA": 4730,
  "AMAT.BA": 66250,
  "AMD.BA": 34180,
  "AMGN.BA": 16810,
  "AMX.BA": 34680,
  "AMZN.BA": 2306,
  "ANF.BA": 102550,
  "ARCO.BA": 21700,
  "ARKK.BA": 11140,
  "ARM.BA": 7480,
  "ASML.BA": 10130,
  "ASR.BA": 21970,
  "ASTS.BA": 5775,
  "AVGO.BA": 12990,
  "AVY.BA": 13910,
  "AXP.BA": 33680,
  "AZN.BA": 65875,
  "B.BA": 28060,
  "BA.BA": 11620,
  "BA.C.BA": 19120,
  "BABA.BA": 26120,
  "BAK.BA": 2250,
  "BAS.BA": 3197.76855469,
  "BAYN.BA": 3323.26293945,
  "BB.BA": 2125,
  "BBD.BA": 5325,
  "BBDC3.BA": 4587.5,
  "BBV.BA": 30000,
  "BCS.BA": 31240,
  "BHP.BA": 39800,
  "BIDU.BA": 15660,
  "BIIB.BA": 19020,
  "BIOX.BA": 2441,
  "BITF.BA": 20480,
  "BK.BA": 79225,
  "BKNG.BA": 10110,
  "BKR.BA": 10270,
  "BMY.BA": 23150,
  "BNG.BA": 28200,
  "BP.BA": 10760,
  "BPA11.BA": 14470,
  "BRFS.BA": 18200,
  "BRKB.BA": 33840,
  "BSBR.BA": 9305,
  "BSN.BA": 613.31298828,
  "C.BA": 48540,
  "CAAP.BA": 132175,
  "CAH.BA": 101225,
  "CAJ.BA": 4045.5,
  "CAR.BA": 7325,
  "CAT.BA": 40380,
  "CCL.BA": 12740,
  "CDE.BA": 21350,
  "CEG.BA": 11240,
  "CIBR.BA": 10770,
  "CL.BA": 38840,
  "CLS.BA": 22120,
  "COIN.BA": 14540,
  "COST.BA": 27640,
  "CRM.BA": 19040,
  "CRWV.BA": 4195,
  "CSCO.BA": 22780,
  "CSNA3.BA": 2327,
  "CVS.BA": 7395,
  "CVX.BA": 14170,
  "CX.BA": 15190,
  "DAL.BA": 10580,
  "DD.BA": 11430,
  "DE.BA": 17460,
  "DECK.BA": 4942.5,
  "DEO.BA": 22360,
  "DESP.BA": 22600,
  "DHR.BA": 6125,
  "DIA.BA": 34020,
  "DISN.BA": 13010,
  "DOCU.BA": 4405,
  "DOW.BA": 5385,
  "DTEA.BA": 0,
  "E.BA": 13950,
  "EA.BA": 21180,
  "EBAY.BA": 60275,
  "ECL.BA": 6745,
  "EEM.BA": 15930,
  "EFA.BA": 7625,
  "EFX.BA": 19080,
  "ELP.BA": 47240,
  "EMBJ.BA": 93900,
  "EOAN.BA": 236.04100037,
  "EQNR.BA": 6060,
  "ERIC.BA": 6995,
  "ETHA.BA": 6995,
  "ETSY.BA": 5020,
  "EWJ.BA": 8535,
  "EWZ.BA": 24130,
  "F.BA": 19150,
  "FCX.BA": 20050,
  "FDX.BA": 38620,
  "FMCC.BA": 0,
  "FMX.BA": 23350,
  "FNMA.BA": 15530,
  "FSLR.BA": 21000,
  "FXI.BA": 11650,
  "GDX.BA": 11230,
  "GE.BA": 54900,
  "GFI.BA": 59500,
  "GGB.BA": 20600,
  "GILD.BA": 46320,
  "GLD.BA": 11050,
  "GLOB.BA": 4885,
  "GLW.BA": 29660,
  "GM.BA": 16640,
  "GOOGL.BA": 7285,
  "GPRK.BA": 11320,
  "GRMN.BA": 94050,
  "GS.BA": 88250,
  "GSK.BA": 17360,
  "GT.BA": 5850,
  "HAL.BA": 19790,
  "HAPV3.BA": 4770,
  "HD.BA": 15750,
  "HDB.BA": 27420,
  "HHPD.BA": 0,
  "HL.BA": 20980,
  "HMC.BA": 42580,
  "HMY.BA": 24900,
  "HNPIY.BA": 6140,
  "HOG.BA": 11690,
  "HON.BA": 35280,
  "HOOD.BA": 5875,
  "HPQ.BA": 33560,
  "HSBC.BA": 51350,
  "HSY.BA": 12890,
  "HUT.BA": 288300,
  "HWM.BA": 298125,
  "IBB.BA": 9105,
  "IBIT.BA": 7785,
  "IBM.BA": 28580,
  "IBN.BA": 45840,
  "IEMG.BA": 8220,
  "IEUR.BA": 9075,
  "IFF.BA": 8100,
  "IJH.BA": 7790,
  "INFY.BA": 24820,
  "ING.BA": 12190,
  "INTC.BA": 10140,
  "IP.BA": 13670,
  "IREN.BA": 6160,
  "ISRG.BA": 8770,
  "ITA.BA": 6010,
  "ITUB.BA": 11180,
  "ITUB3.BA": 9790,
  "IVE.BA": 7635,
  "IVW.BA": 8820,
  "IWDA.BA": 0,
  "IWM.BA": 34400,
  "JBSS3.BA": 8320,
  "JCI.BA": 88000,
  "JD.BA": 10860,
  "JMIA.BA": 15150,
  "JNJ.BA": 19560,
  "JOYY.BA": 17450,
  "JPM.BA": 29460,
  "KB.BA": 62300,
  "KEP.BA": 25200,
  "KGC.BA": 37980,
  "KMB.BA": 25460,
  "KO.BA": 20960,
  "KOFM.BA": 64700,
  "LAC.BA": 7405,
  "LAR.BA": 7145,
  "LFC.BA": 1074.5,
  "LLY.BA": 27140,
  "LMT.BA": 34900,
  "LRCX.BA": 3807.5,
  "LREN3.BA": 4190,
  "LVS.BA": 47740,
  "LYG.BA": 3460,
  "MA.BA": 23630,
  "MBG.BA": 3807.20898438,
  "MBT.BA": 650,
  "MCD.BA": 18700,
  "MDLZ.BA": 5465,
  "MDT.BA": 37380,
  "MELI.BA": 25500,
  "META.BA": 36860,
  "MFG.BA": 9655,
  "MGLU3.BA": 2622.5,
  "MMC.BA": 16580,
  "MMM.BA": 24400,
  "MO.BA": 21750,
  "MOS.BA": 7275,
  "MRK.BA": 28420,
  "MRNA.BA": 1927,
  "MRVL.BA": 8315,
  "MSFT.BA": 24260,
  "MSI.BA": 27520,
  "MSTR.BA": 15480,
  "MU.BA": 68325,
  "MUFG.BA": 22450,
  "MUX.BA": 13010,
  "NATU3.BA": 2112,
  "NEC1.BA": 0,
  "NEM.BA": 42700,
  "NFLX.BA": 3520,
  "NG.BA": 51925,
  "NGG.BA": 57350,
  "NIO.BA": 2183,
  "NKE.BA": 7660,
  "NLM.BA": 0,
  "NMR.BA": 10260,
  "NOKA.BA": 9765,
  "NOW.BA": 6965,
  "NSAN.BA": 1545,
  "NTCO.BA": 6200,
  "NTES.BA": 14640,
  "NU.BA": 11350,
  "NUE.BA": 13670,
  "NVDA.BA": 11290,
  "NVS.BA": 47160,
  "NXE.BA": 12090,
  "OKLO.BA": 5145,
  "ORAN.BA": 13200,
  "ORCL.BA": 109125,
  "ORLY.BA": 663.5,
  "OXY.BA": 12510,
  "PAAS.BA": 18700,
  "PAC.BA": 20150,
  "PAGS.BA": 4715,
  "PANW.BA": 5930,
  "PATH.BA": 10100,
  "PBI.BA": 13450,
  "PBR.BA": 19330,
  "PCAR.BA": 48080,
  "PCRF.BA": 0,
  "PDD.BA": 7080,
  "PEP.BA": 12130,
  "PETR3.BA": 9750,
  "PFE.BA": 9355,
  "PG.BA": 14410,
  "PHG.BA": 8130,
  "PINS.BA": 5440,
  "PKS.BA": 26740,
  "PLTR.BA": 82975,
  "PM.BA": 12690,
  "PSO.BA": 0,
  "PSQ.BA": 5725,
  "PSX.BA": 33980,
  "PYPL.BA": 11220,
  "QCOM.BA": 22210,
  "QQQ.BA": 44140,
  "RACE.BA": 7010,
  "RBLX.BA": 75475,
  "RCTB4.BA": 0,
  "RGTI.BA": 18900,
  "RIO.BA": 12830,
  "RIOT.BA": 6775,
  "RKLB.BA": 5330,
  "ROKU.BA": 10880,
  "ROST.BA": 58525,
  "RTX.BA": 51400,
  "SAN.BA": 59750,
  "SAP.BA": 58500,
  "SATL.BA": 2024,
  "SBS.BA": 75550,
  "SBSP3.BA": 38720,
  "SBUX.BA": 10220,
  "SCCO.BA": 91575,
  "SCHW.BA": 0,
  "SDA.BA": 1350,
  "SE.BA": 6795,
  "SH.BA": 6855,
  "SHEL.BA": 55375,
  "SHOP.BA": 1935,
  "SI.BA": 22.45000076,
  "SID.BA": 18090,
  "SIEGY.BA": 6695.81591797,
  "SLB.BA": 17660,
  "SLV.BA": 11380,
  "SMH.BA": 9850,
  "SMSN.BA": 13143.82421875,
  "SNA.BA": 81200,
  "SNAP.BA": 12170,
  "SNOW.BA": 12510,
  "SONY.BA": 5310,
  "SPCE.BA": 10450,
  "SPGI.BA": 16080,
  "SPHQ.BA": 7640,
  "SPOT.BA": 33500,
  "SPXL.BA": 12060,
  "SPY.BA": 48880,
  "STLA.BA": 2880,
  "STNE.BA": 7945,
  "SUZ.BA": 13330,
  "SUZB3.BA": 13240,
  "SWKS.BA": 4400,
  "SYY.BA": 13950,
  "T.BA": 12590,
  "TCOM.BA": 53750,
  "TEAM.BA": 4607.5,
  "TEFO.BA": 767.5,
  "TEM.BA": 8255,
  "TEN.BA": 59025,
  "TGT.BA": 5440,
  "TIIAY.BA": 0,
  "TIMB.BA": 34400,
  "TIMS3.BA": 6970,
  "TJX.BA": 9800,
  "TM.BA": 19200,
  "TMO.BA": 38260,
  "TMUS.BA": 9400,
  "TQQQ.BA": 5915,
  "TRIP.BA": 10630,
  "TRVV.BA": 70625,
  "TSLA.BA": 39680,
  "TSM.BA": 45560,
  "TTE.BA": 31740,
  "TTM.BA": 8651,
  "TV.BA": 1383,
  "TWLO.BA": 4975,
  "TXN.BA": 46380,
  "TXR.BA": 13370,
  "UAL.BA": 27040,
  "UBER.BA": 67000,
  "UGP.BA": 6220,
  "UL.BA": 29020,
  "UNH.BA": 13990,
  "UNP.BA": 16320,
  "UPST.BA": 11230,
  "URA.BA": 13000,
  "URBN.BA": 44860,
  "USB.BA": 13520,
  "USO.BA": 7100,
  "V.BA": 26260,
  "VALE.BA": 8970,
  "VALE3.BA": 18100,
  "VEA.BA": 8845,
  "VIG.BA": 8110,
  "VIST.BA": 24660,
  "VIV.BA": 19170,
  "VIVT3.BA": 9580,
  "VOD.BA": 18100,
  "VRSN.BA": 61175,
  "VRTX.BA": 6330,
  "VST.BA": 9950,
  "VXX.BA": 10750,
  "VZ.BA": 15260,
  "WBA.BA": 5360,
  "WBO.BA": 2419,
  "WEGE3.BA": 12240,
  "WFC.BA": 24870,
  "WMT.BA": 8390,
  "X.BA": 21550,
  "XLB.BA": 7000,
  "XLC.BA": 8665,
  "XLE.BA": 67050,
  "XLF.BA": 37980,
  "XLI.BA": 7930,
  "XLK.BA": 8975,
  "XLP.BA": 7120,
  "XLRE.BA": 6665,
  "XLU.BA": 8800,
  "XLV.BA": 7740,
  "XLY.BA": 7715,
  "XOM.BA": 17560,
  "XP.BA": 6845,
  "XPEV.BA": 8390,
  "XROX.BA": 3812.5,
  "XYZ.BA": 4290,
  "YELP.BA": 20620,
  "YZCA.BA": 0.007,
  "ZM.BA": 2560,
  "ALUA.BA": 1064,
  "ALUAC.BA": 0.72000003,
  "ALUAD.BA": 0.74800003,
  "BBAR.BA": 7645,
  "BBARC.BA": 2.64280009,
  "BBARD.BA": 5.30000019,
  "BMA.BA": 11680,
  "BMA.C.BA": 8.80000019,
  "BMA.D.BA": 8.11999989,
  "BYMA.BA": 293.25,
  "BYMAC.BA": 0.197,
  "BYMAD.BA": 0.205,
  "CEPU.BA": 2204,
  "COME.BA": 79.09999847,
  "CRES.BA": 1775,
  "CRESC.BA": 1.11500001,
  "EDN.BA": 2375,
  "EDNC.BA": 1.66999996,
  "EDND.BA": 1.69500005,
  "GGAL.BA": 7560,
  "GGALC.BA": 5.11999989,