{
  "AAL.BA": 7390,
  "AAP.BA": 4965,
  "AAPL.BA": 13425,
  "ABBV.BA": 24000,
  "ABEV.BA": 9160,
  "ABEV3.BA": 3070,
  "ABNB.BA": 11675,
  "ABT.BA": 42675,
  "ACN.BA": 5130,
  "ADBE.BA": 10950,
  "ADGO.BA": 11850,
  "ADI.BA": 20550,
  "ADP.BA": 65550,
  "ADS.BA": 3942.14794922,
  "AEG.BA": 9020,
  "AEM.BA": 26025,
  "AHP.BA": 28.79999924,
  "AI.BA": 6570,
  "AIG.BA": 21100,
  "AKO.B.BA": 32300,
  "AMAT.BA": 48725,
  "AMD.BA": 17225,
  "AMGN.BA": 12500,
  "AMX.BA": 23050,
  "AMZN.BA": 1980,
  "ANF.BA": 112950,
  "ARCO.BA": 19750,
  "ARKK.BA": 9000,
  "ARM.BA": 6960,
  "ASML.BA": 6860,
  "ASR.BA": 20125,
  "AVGO.BA": 9020,
  "AVY.BA": 12775,
  "AXP.BA": 27450,
  "AZN.BA": 44350,
  "B.BA": 13825,
  "BA.BA": 11650,
  "BA.C.BA": 15550,
  "BABA.BA": 15100,
  "BAK.BA": 2180,
  "BAS.BA": 3197.76855469,
  "BAYN.BA": 3323.26293945,
  "BB.BA": 1815,
  "BBD.BA": 3890,
  "BBDC3.BA": 3335,
  "BBV.BA": 19600,
  "BCS.BA": 23325,
  "BHP.BA": 31525,
  "BIDU.BA": 10425,
  "BIIB.BA": 12825,
  "BIOX.BA": 5560,
  "BITF.BA": 6590,
  "BK.BA": 59650,
  "BKNG.BA": 10425,
  "BKR.BA": 7190,
  "BMY.BA": 19800,
  "BNG.BA": 19125,
  "BP.BA": 7710,
  "BPA11.BA": 9840,
  "BRFS.BA": 14550,
  "BRKB.BA": 27800,
  "BSBR.BA": 6800,
  "BSN.BA": 613.31298828,
  "C.BA": 37250,
  "CAAP.BA": 105000,
  "CAH.BA": 71450,
  "CAJ.BA": 4045.5,
  "CAR.BA": 8960,
  "CAT.BA": 24975,
  "CBRD.BA": 459,
  "CCL.BA": 12375,
  "CDE.BA": 12125,
  "CEG.BA": 9000,
  "CIBR.BA": 9690,
  "CL.BA": 39750,
  "CLS.BA": 9810,
  "COIN.BA": 16825,
  "COST.BA": 26400,
  "CRM.BA": 19100,
  "CSCO.BA": 17550,
  "CSNA3.BA": 1915,
  "CVS.BA": 5520,
  "CVX.BA": 11775,
  "CX.BA": 9130,
  "DAL.BA": 7940,
  "DD.BA": 18600,
  "DE.BA": 16250,
  "DECK.BA": 5380,
  "DEO.BA": 21925,
  "DESP.BA": 22600,
  "DHR.BA": 4695,
  "DIA.BA": 28375,
  "DISN.BA": 13075,
  "DOCU.BA": 4490,
  "DOW.BA": 5860,
  "DTEA.BA": 0,
  "E.BA": 10350,
  "EA.BA": 13975,
  "EBAY.BA": 48525,
  "EBR.BA": 37550,
  "EEM.BA": 12325,
  "EFX.BA": 21125,
  "ELP.BA": 34225,
  "EOAN.BA": 236.04100037,
  "EQNR.BA": 5400,
  "ERIC.BA": 5430,
  "ERJ.BA": 76600,
  "ETHA.BA": 4910,
  "ETSY.BA": 4290,
  "EWJ.BA": 6670,
  "EWZ.BA": 18300,
  "F.BA": 14800,
  "FCX.BA": 19150,
  "FDX.BA": 30000,
  "FMCC.BA": 0,
  "FMX.BA": 22450,
  "FMX.B.BA": 0,
  "FNMA.BA": 13000,
  "FSLR.BA": 12550,
  "FXI.BA": 9300,
  "GE.BA": 39625,
  "GFI.BA": 31725,
  "GGB.BA": 15750,
  "GILD.BA": 35575,
  "GLD.BA": 7870,
  "GLOB.BA": 6420,
  "GLW.BA": 16725,
  "GM.BA": 10975,
  "GOOGL.BA": 3890,
  "GPRK.BA": 8840,
  "GRMN.BA": 91600,
  "GS.BA": 69950,
  "GSK.BA": 12150,
  "GT.BA": 6920,
  "HAL.BA": 13325,
  "HAPV3.BA": 8170,
  "HD.BA": 14625,
  "HDB.BA": 48350,
  "HHPD.BA": 0,
  "HL.BA": 7830,
  "HMC.BA": 37100,
  "HMY.BA": 18800,
  "HNPIY.BA": 6140,
  "HOG.BA": 10325,
  "HON.BA": 38125,
  "HPQ.BA": 32350,
  "HSBC.BA": 39000,
  "HSY.BA": 10625,
  "HUT.BA": 135250,
  "HWM.BA": 230850,
  "IBB.BA": 6090,
  "IBIT.BA": 7870,
  "IBM.BA": 24925,
  "IBN.BA": 42650,
  "IEUR.BA": 7680,
  "IFF.BA": 7950,
  "IJH.BA": 6740,
  "INFY.BA": 24050,
  "ING.BA": 9550,
  "INTC.BA": 5610,
  "IP.BA": 15875,
  "ISRG.BA": 7550,
  "ITUB.BA": 8710,
  "ITUB3.BA": 7840,
  "IVE.BA": 6280,
  "IVW.BA": 7050,
  "IWM.BA": 28125,
  "JBSS3.BA": 8320,
  "JCI.BA": 61900,
  "JD.BA": 10225,
  "JMIA.BA": 5440,
  "JNJ.BA": 13225,
  "JOYY.BA": 12975,
  "JPM.BA": 24875,
  "KB.BA": 52900,
  "KEP.BA": 17175,
  "KGC.BA": 20575,
  "KMB.BA": 28100,
  "KO.BA": 18175,
  "KOFM.BA": 62900,
  "LAC.BA": 3320,
  "LAR.BA": 2860,
  "LFC.BA": 1074.5,
  "LLY.BA": 17625,
  "LMT.BA": 29950,
  "LMT.B.BA": 0,
  "LRCX.BA": 2225,
  "LVS.BA": 30850,
  "LYG.BA": 2600,
  "MA.BA": 21875,
  "MBG.BA": 3807.20898438,
  "MBT.BA": 650,
  "MCD.BA": 15650,
  "MDLZ.BA": 5870,
  "MDT.BA": 27975,
  "MELI.BA": 26525,
  "META.BA": 38275,
  "MFG.BA": 6960,
  "MGLU3.BA": 2145,
  "MMC.BA": 17050,
  "MMM.BA": 19425,
  "MO.BA": 19225,
  "MOS.BA": 9610,
  "MRK.BA": 20675,
  "MRNA.BA": 2025,
  "MRVL.BA": 6520,
  "MSFT.BA": 21175,
  "MSI.BA": 27150,
  "MSTR.BA": 25375,
  "MU.BA": 30625,
  "MUFG.BA": 17200,
  "MUX.BA": 7250,
  "NEC1.BA": 0,
  "NEM.BA": 25675,
  "NFLX.BA": 34350,
  "NG.BA": 23350,
  "NGG.BA": 45175,
  "NIO.BA": 1085,
  "NKE.BA": 8150,
  "NLM.BA": 0,
  "NMR.BA": 8060,
  "NOKA.BA": 6520,
  "NOW.BA": 7660,
  "NSAN.BA": 1545,
  "NTCO.BA": 6200,
  "NTCO3.BA": 2495,
  "NTES.BA": 12075,
  "NU.BA": 8490,
  "NUE.BA": 11000,
  "NVDA.BA": 8420,
  "NVS.BA": 38925,
  "NXE.BA": 8750,
  "ORAN.BA": 13200,
  "ORCL.BA": 99200,
  "ORLY.BA": 537,
  "OXY.BA": 11025,
  "PAAS.BA": 12500,
  "PAC.BA": 18300,
  "PAGS.BA": 3905,
  "PANW.BA": 5150,
  "PATH.BA": 8390,
  "PBI.BA": 14225,
  "PBR.BA": 16350,
  "PCAR.BA": 41275,
  "PCRF.BA": 0,
  "PDD.BA": 5360,
  "PEP.BA": 9560,
  "PETR3.BA": 8230,
  "PFE.BA": 8040,
  "PG.BA": 13700,
  "PHG.BA": 6110,
  "PINS.BA": 6540,
  "PKS.BA": 23825,
  "PLTR.BA": 59250,
  "PM.BA": 12850,
  "PSO.BA": 0,
  "PSQ.BA": 5380,
  "PSX.BA": 26850,
  "PYPL.BA": 12150,
  "QCOM.BA": 18400,
  "QQQ.BA": 35300,
  "RACE.BA": 7470,
  "RBLX.BA": 68900,
  "RCTB4.BA": 0,
  "RGTI.BA": 8830,
  "RIO.BA": 9260,
  "RIOT.BA": 4915,
  "ROKU.BA": 8640,
  "ROST.BA": 41650,
  "RTX.BA": 37275,
  "SAN.BA": 43675,
  "SAP.BA": 64950,
  "SATL.BA": 4300,
  "SBS.BA": 54000,
  "SBSP3.BA": 26650,
  "SBUX.BA": 9950,
  "SCCO.BA": 66700,
  "SCHW.BA": 0,
  "SDA.BA": 1610,
  "SE.BA": 6010,
  "SH.BA": 6310,
  "SHEL.BA": 44525,
  "SHOP.BA": 1380,
  "SID.BA": 15500,
  "SIEGY.BA": 6695.81591797,
  "SLB.BA": 14825,
  "SLV.BA": 7140,
  "SMH.BA": 7150,
  "SMSN.BA": 13143.82421875,
  "SNA.BA": 67650,
  "SNAP.BA": 11775,
  "SNOW.BA": 9580,
  "SONY.BA": 4015,
  "SPCE.BA": 6980,
  "SPGI.BA": 15000,
  "SPOT.BA": 33650,
  "SPXL.BA": 8950,
  "SPY.BA": 39625,
  "STLA.BA": 2510,
  "STNE.BA": 6820,
  "SUZ.BA": 11950,
  "SUZB3.BA": 12000,
  "SWKS.BA": 4510,
  "SYY.BA": 12275,
  "T.BA": 12125,
  "TCOM.BA": 39350,
  "TEAM.BA": 5840,
  "TEFO.BA": 824,
  "TEM.BA": 6210,
  "TEN.BA": 48525,
  "TGT.BA": 5420,
  "TIIAY.BA": 0,
  "TIMB.BA": 25975,
  "TIMS3.BA": 5110,
  "TJX.BA": 7100,
  "TM.BA": 14325,
  "TMO.BA": 24325,
  "TMUS.BA": 9300,
  "TRIP.BA": 10825,
  "TRVV.BA": 54900,
  "TSLA.BA": 25100,
  "TSM.BA": 32525,
  "TTE.BA": 25700,
  "TTM.BA": 8651,
  "TV.BA": 956,
  "TWLO.BA": 4300,
  "TXN.BA": 54450,
  "TXR.BA": 10125,
  "UAL.BA": 20675,
  "UBER.BA": 61750,
  "UGP.BA": 4180,
  "UL.BA": 26100,
  "UNH.BA": 11725,
  "UNP.BA": 15000,
  "UPST.BA": 19450,
  "URA.BA": 9730,
  "URBN.BA": 45675,
  "USB.BA": 12175,
  "V.BA": 25275,
  "VALE.BA": 6350,
  "VALE3.BA": 12675,
  "VEA.BA": 7240,
  "VIG.BA": 6770,
  "VIST.BA": 19975,
  "VIV.BA": 14950,
  "VIVT3.BA": 7470,
  "VOD.BA": 13900,
  "VRSN.BA": 61350,
  "VRTX.BA": 5830,
  "VST.BA": 9500,
  "VZ.BA": 13700,
  "WBA.BA": 4890,
  "WBO.BA": 2035,
  "WEGE3.BA": 10050,
  "WFC.BA": 20975,
  "WMT.BA": 7020,
  "X.BA": 21550,
  "XLB.BA": 6440,
  "XLC.BA": 7190,
  "XLE.BA": 55100,
  "XLF.BA": 33650,
  "XLI.BA": 6760,
  "XLK.BA": 7090,
  "XLP.BA": 6570,
  "XLRE.BA": 5900,
  "XLU.BA": 7010,
  "XLV.BA": 5930,
  "XLY.BA": 6470,
  "XOM.BA": 14200,
  "XP.BA": 6200,
  "XPEV.BA": 5750,
  "XROX.BA": 6750,
  "XYZ.BA": 4400,
  "YELP.BA": 22125,
  "YZCA.BA": 0.007,
  "ZM.BA": 2080,
  "ALUA.BA": 713,
  "ALUAC.BA": 0.56400001,
  "ALUAD.BA": 0.56099999,
  "BBAR.BA": 6530,
  "BBARC.BA": 5.3499999,
  "BBARD.BA": 5.13000011,
  "BMA.BA": 8420,
  "BMA.C.BA": 6.57999992,
  "BMA.D.BA": 6.61999989,
  "BYMA.BA": 191,
  "BYMAC.BA": 0.155,
  "BYMAD.BA": 0.15099999,
  "CEPU.BA": 1440,
  "COME.BA": 114.5,
  "CRES.BA": 1375,
  "CRESC.BA": 0.32300001,
  "EDN.BA": 1600,
  "EDNC.BA": 1.25999999,
  "GGAL.BA": 6170,
  "GGALC.BA": 4.79500008,
  "GGALD.BA": 4.84499979,
  "IRSAC.BA": 0,
  "IRSAD.BA": 1.45500004,
  "LOMA.BA": 2750,
  "LOMAD.BA": 2.20499992,
  "MIRG.BA": 21150,
  "PAMP.BA": 3545,
  "SUPV.BA": 2590,
  "SUPVD.BA": 2.02999997,
  "TECO2.BA": 2190,
  "TECOC.BA": 1.60000002,
  "TGNO4.BA": 2845,
  "TGSU2.BA": 6750,
  "TRAN.BA": 2110,
  "TXAR.BA": 638,
  "TXARD.BA": 0.50199997,
  "VALO.BA": 335.5,
  "VALOC.BA": 0.27900001,