{
  "AAL.BA": 8820,
  "AAP.BA": 5730,
  "AAPL.BA": 18410,
  "ABBV.BA": 33740,
  "ABEV.BA": 9920,
  "ABEV3.BA": 3395,
  "ABNB.BA": 12240,
  "ABT.BA": 47340,
  "ACN.BA": 4657.5,
  "ACWI.BA": 7945,
  "ADBE.BA": 11140,
  "ADGO.BA": 11320,
  "ADI.BA": 24040,
  "ADP.BA": 69450,
  "ADS.BA": 3942.14794922,
  "AEG.BA": 11240,
  "AEM.BA": 46080,
  "AHP.BA": 28.79999924,
  "AI.BA": 5375,
  "AIG.BA": 22970,
  "AKO.B.BA": 34000,
  "AMAT.BA": 67750,
  "AMD.BA": 34980,
  "AMGN.BA": 14720,
  "AMX.BA": 33660,
  "AMZN.BA": 2226,
  "ANF.BA": 103375,
  "ARCO.BA": 21050,
  "ARKK.BA": 12920,
  "ARM.BA": 9115,
  "ASML.BA": 10440,
  "ASR.BA": 22570,
  "AVGO.BA": 13510,
  "AVY.BA": 13160,
  "AXP.BA": 32080,
  "AZN.BA": 62350,
  "B.BA": 26520,
  "BA.BA": 13140,
  "BA.C.BA": 18750,
  "BABA.BA": 27400,
  "BAK.BA": 1790,
  "BAS.BA": 3197.76855469,
  "BAYN.BA": 3323.26293945,
  "BB.BA": 2260,
  "BBD.BA": 4862.5,
  "BBDC3.BA": 4070,
  "BBV.BA": 29080,
  "BCS.BA": 29860,
  "BHP.BA": 41880,
  "BIDU.BA": 16390,
  "BIIB.BA": 16360,
  "BIOX.BA": 2745,
  "BITF.BA": 39280,
  "BK.BA": 79650,
  "BKNG.BA": 10900,
  "BKR.BA": 9650,
  "BMY.BA": 21590,
  "BNG.BA": 28380,
  "BP.BA": 9775,
  "BPA11.BA": 12820,
  "BRFS.BA": 18200,
  "BRKB.BA": 33140,
  "BSBR.BA": 7775,
  "BSN.BA": 613.31298828,
  "C.BA": 47860,
  "CAAP.BA": 105900,
  "CAH.BA": 76275,
  "CAJ.BA": 4045.5,
  "CAR.BA": 8645,
  "CAT.BA": 40280,
  "CCL.BA": 13980,
  "CDE.BA": 34420,
  "CEG.BA": 13120,
  "CIBR.BA": 11190,
  "CL.BA": 38960,
  "CLS.BA": 21020,
  "COIN.BA": 18290,
  "COST.BA": 28720,
  "CRM.BA": 20360,
  "CSCO.BA": 20550,
  "CSNA3.BA": 2291,
  "CVS.BA": 7810,
  "CVX.BA": 14160,
  "CX.BA": 14470,
  "DAL.BA": 11190,
  "DD.BA": 23230,
  "DE.BA": 17090,
  "DECK.BA": 5880,
  "DEO.BA": 24540,
  "DESP.BA": 22600,
  "DHR.BA": 5850,
  "DIA.BA": 34260,
  "DISN.BA": 13670,
  "DOCU.BA": 4522.5,
  "DOW.BA": 5415,
  "DTEA.BA": 0,
  "E.BA": 12810,
  "EA.BA": 21400,
  "EBAY.BA": 68050,
  "EBR.BA": 58375,
  "EEM.BA": 16200,
  "EFA.BA": 7835,
  "EFX.BA": 21060,
  "ELP.BA": 42020,
  "EOAN.BA": 236.04100037,
  "EQNR.BA": 5815,
  "ERIC.BA": 7055,
  "ERJ.BA": 88625,
  "ETHA.BA": 8750,
  "ETSY.BA": 6635,
  "EWJ.BA": 8665,
  "EWZ.BA": 21860,
  "F.BA": 17440,
  "FCX.BA": 20660,
  "FDX.BA": 35400,
  "FMCC.BA": 0,
  "FMX.BA": 23840,
  "FNMA.BA": 20600,
  "FSLR.BA": 19760,
  "FXI.BA": 11940,
  "GDX.BA": 12620,
  "GE.BA": 55950,
  "GFI.BA": 69400,
  "GGB.BA": 19260,
  "GILD.BA": 43840,
  "GLD.BA": 11810,
  "GLOB.BA": 4690,
  "GLW.BA": 32540,
  "GM.BA": 14220,
  "GOOGL.BA": 6470,
  "GPRK.BA": 9225,
  "GRMN.BA": 122675,
  "GS.BA": 86875,
  "GSK.BA": 16380,
  "GT.BA": 5130,
  "HAL.BA": 16190,
  "HAPV3.BA": 8990,
  "HD.BA": 18120,
  "HDB.BA": 26440,
  "HHPD.BA": 0,
  "HL.BA": 22610,
  "HMC.BA": 45680,
  "HMY.BA": 32520,
  "HNPIY.BA": 6140,
  "HOG.BA": 13270,
  "HON.BA": 37800,
  "HPQ.BA": 40580,
  "HSBC.BA": 49260,
  "HSY.BA": 13200,
  "HUT.BA": 366175,
  "HWM.BA": 282550,
  "IBB.BA": 8490,
  "IBIT.BA": 9180,
  "IBM.BA": 27500,
  "IBN.BA": 47800,
  "IEMG.BA": 8350,
  "IEUR.BA": 9365,
  "IFF.BA": 7770,
  "IJH.BA": 8020,
  "INFY.BA": 23800,
  "ING.BA": 12110,
  "INTC.BA": 10950,
  "IP.BA": 17010,
  "ISRG.BA": 7120,
  "ITA.BA": 6165,
  "ITUB.BA": 10210,
  "ITUB3.BA": 8900,
  "IVE.BA": 7620,
  "IVW.BA": 8955,
  "IWDA.BA": 0,
  "IWM.BA": 36560,
  "JBSS3.BA": 8320,
  "JCI.BA": 80000,
  "JD.BA": 12230,
  "JMIA.BA": 17670,
  "JNJ.BA": 19020,
  "JOYY.BA": 17030,
  "JPM.BA": 29680,
  "KB.BA": 59725,
  "KEP.BA": 21470,
  "KGC.BA": 41080,
  "KMB.BA": 29740,
  "KO.BA": 20170,
  "KOFM.BA": 63575,
  "LAC.BA": 10990,
  "LAR.BA": 6180,
  "LFC.BA": 1074.5,
  "LLY.BA": 21760,
  "LMT.BA": 36680,
  "LRCX.BA": 3802.5,
  "LVS.BA": 36700,
  "LYG.BA": 3377.5,
  "MA.BA": 24840,
  "MBG.BA": 3807.20898438,
  "MBT.BA": 650,
  "MCD.BA": 18940,
  "MDLZ.BA": 6135,
  "MDT.BA": 35360,
  "MELI.BA": 25460,
  "META.BA": 44180,
  "MFG.BA": 9350,
  "MGLU3.BA": 2240,
  "MMC.BA": 17430,
  "MMM.BA": 22620,
  "MO.BA": 23920,
  "MOS.BA": 8795,
  "MRK.BA": 24960,
  "MRNA.BA": 2114,
  "MRVL.BA": 9370,
  "MSFT.BA": 25440,
  "MSI.BA": 32500,
  "MSTR.BA": 21150,
  "MU.BA": 60400,
  "MUFG.BA": 22570,
  "MUX.BA": 16880,
  "NATU3.BA": 2245,
  "NEC1.BA": 0,
  "NEM.BA": 48700,
  "NFLX.BA": 36760,
  "NG.BA": 62200,
  "NGG.BA": 56700,
  "NIO.BA": 2537.5,
  "NKE.BA": 8300,
  "NLM.BA": 0,
  "NMR.BA": 10440,
  "NOKA.BA": 8415,
  "NOW.BA": 7740,
  "NSAN.BA": 1545,
  "NTCO.BA": 6200,
  "NTES.BA": 15800,
  "NU.BA": 10970,
  "NUE.BA": 12320,
  "NVDA.BA": 11290,
  "NVS.BA": 48620,
  "NXE.BA": 13500,
  "ORAN.BA": 13200,
  "ORCL.BA": 155950,
  "ORLY.BA": 688,
  "OXY.BA": 12210,
  "PAAS.BA": 20830,
  "PAC.BA": 20830,
  "PAGS.BA": 4382.5,
  "PANW.BA": 6150,
  "PATH.BA": 11870,
  "PBI.BA": 16530,
  "PBR.BA": 17250,
  "PCAR.BA": 47180,
  "PCRF.BA": 0,
  "PDD.BA": 7560,
  "PEP.BA": 12620,
  "PETR3.BA": 8565,
  "PFE.BA": 9045,
  "PG.BA": 14870,
  "PHG.BA": 8475,
  "PINS.BA": 6920,
  "PKS.BA": 25360,
  "PLTR.BA": 88475,
  "PM.BA": 12900,
  "PSO.BA": 0,
  "PSQ.BA": 5795,
  "PSX.BA": 31900,
  "PYPL.BA": 12300,
  "QCOM.BA": 22250,
  "QQQ.BA": 44700,
  "RACE.BA": 7055,
  "RBLX.BA": 100200,
  "RCTB4.BA": 0,
  "RGTI.BA": 35820,
  "RIO.BA": 12850,
  "RIOT.BA": 9695,
  "ROKU.BA": 10940,
  "ROST.BA": 56850,
  "RTX.BA": 46880,
  "SAN.BA": 59075,
  "SAP.BA": 66875,
  "SATL.BA": 4452.5,
  "SBS.BA": 70625,
  "SBSP3.BA": 33300,
  "SBUX.BA": 10510,
  "SCCO.BA": 99450,
  "SCHW.BA": 0,
  "SDA.BA": 1450,
  "SE.BA": 7580,
  "SH.BA": 6985,
  "SHEL.BA": 53425,
  "SHOP.BA": 2183,
  "SI.BA": 22.45000076,
  "SID.BA": 18160,
  "SIEGY.BA": 6695.81591797,
  "SLB.BA": 16380,
  "SLV.BA": 12180,
  "SMH.BA": 10220,
  "SMSN.BA": 13143.82421875,
  "SNA.BA": 85000,
  "SNAP.BA": 11520,
  "SNOW.BA": 11990,
  "SONY.BA": 5305,
  "SPCE.BA": 13160,
  "SPGI.BA": 15580,
  "SPOT.BA": 35220,
  "SPXL.BA": 12250,
  "SPY.BA": 49280,
  "STLA.BA": 3035,
  "STNE.BA": 8800,
  "SUZ.BA": 13120,
  "SUZB3.BA": 12820,
  "SWKS.BA": 5310,
  "SYY.BA": 14730,
  "T.BA": 12990,
  "TCOM.BA": 52150,
  "TEAM.BA": 4727.5,
  "TEFO.BA": 954,
  "TEM.BA": 11270,
  "TEN.BA": 51400,
  "TGT.BA": 5575,
  "TIIAY.BA": 0,
  "TIMB.BA": 32000,
  "TIMS3.BA": 6250,
  "TJX.BA": 10000,
  "TM.BA": 19420,
  "TMO.BA": 36340,
  "TMUS.BA": 10010,
  "TQQQ.BA": 6100,
  "TRIP.BA": 11520,
  "TRVV.BA": 65325,
  "TSLA.BA": 42640,
  "TSM.BA": 49720,
  "TTE.BA": 30020,
  "TTM.BA": 8651,
  "TV.BA": 1198,
  "TWLO.BA": 4407.5,
  "TXN.BA": 52350,
  "TXR.BA": 13180,
  "UAL.BA": 29460,
  "UBER.BA": 68950,
  "UGP.BA": 5685,
  "UL.BA": 30920,
  "UNH.BA": 16070,
  "UNP.BA": 16670,
  "UPST.BA": 14250,
  "URA.BA": 16620,
  "URBN.BA": 49960,
  "USB.BA": 13580,
  "USO.BA": 6720,
  "V.BA": 27820,
  "VALE.BA": 8275,
  "VALE3.BA": 16500,
  "VEA.BA": 9075,
  "VIG.BA": 8240,
  "VIST.BA": 17600,
  "VIV.BA": 17700,
  "VIVT3.BA": 8700,
  "VOD.BA": 17080,
  "VRSN.BA": 64475,
  "VRTX.BA": 6050,
  "VST.BA": 12120,
  "VXX.BA": 11850,
  "VZ.BA": 15030,
  "WBA.BA": 5360,
  "WBO.BA": 2752.5,
  "WEGE3.BA": 10280,
  "WFC.BA": 24980,
  "WMT.BA": 8780,
  "X.BA": 21550,
  "XLB.BA": 7315,
  "XLC.BA": 8985,
  "XLE.BA": 63675,
  "XLF.BA": 38540,
  "XLI.BA": 8095,
  "XLK.BA": 9210,
  "XLP.BA": 7345,
  "XLRE.BA": 6945,
  "XLU.BA": 9140,
  "XLV.BA": 7310,
  "XLY.BA": 8040,
  "XOM.BA": 16570,
  "XP.BA": 6135,
  "XPEV.BA": 7955,
  "XROX.BA": 4672.5,
  "XYZ.BA": 5580,
  "YELP.BA": 24350,
  "YZCA.BA": 0.007,
  "ZM.BA": 2515,
  "ALUA.BA": 738,
  "ALUAC.BA": 0.51300001,
  "ALUAD.BA": 0.505,
  "BBAR.BA": 4712.5,
  "BBARC.BA": 2.65499997,
  "BBARD.BA": 3.16000009,
  "BMA.BA": 7775,
  "BMA.C.BA": 5.25,
  "BMA.D.BA": 5.19000006,
  "BYMA.BA": 179.75,
  "BYMAC.BA": 0.12800001,
  "BYMAD.BA": 0.121,
  "CEPU.BA": 1450,
  "COME.BA": 31.61000061,
  "CRES.BA": 1420,
  "CRESC.BA": 0.875,
  "EDN.BA": 1391,
  "EDNC.BA": 0.78100002,
  "EDND.BA": 0.935,
  "GGAL.BA": 4825,
  "GGALC.BA": 3.29999995,
  "GGALD.BA": 3.2750001,
  "IRSAC.BA": 1.17999995,
  "IRSAD.BA": 1.15999997,
  "LOMA.BA": 2332,
  "LOMAD.BA": 1.57500005,
  "MIRG.BA": 15525,
  "PAMP.BA": 3847.5,
  "SUPV.BA": 1843,