{
  "AAL.BA": 7370,
  "AAP.BA": 5230,
  "AAPL.BA": 13650,
  "ABBV.BA": 24750,
  "ABEV.BA": 9040,
  "ABEV3.BA": 3020,
  "ABNB.BA": 11800,
  "ABT.BA": 41325,
  "ACN.BA": 4820,
  "ADBE.BA": 10925,
  "ADGO.BA": 11950,
  "ADI.BA": 19950,
  "ADP.BA": 66750,
  "ADS.BA": 3942.14794922,
  "AEG.BA": 9320,
  "AEM.BA": 27150,
  "AHP.BA": 28.79999924,
  "AI.BA": 6360,
  "AIG.BA": 20375,
  "AKO.B.BA": 28750,
  "AMAT.BA": 48825,
  "AMD.BA": 22925,
  "AMGN.BA": 13025,
  "AMX.BA": 23550,
  "AMZN.BA": 2075,
  "ANF.BA": 126750,
  "ARCO.BA": 18150,
  "ARKK.BA": 9630,
  "ARM.BA": 7540,
  "ASML.BA": 6390,
  "ASR.BA": 19750,
  "AVGO.BA": 9890,
  "AVY.BA": 12350,
  "AXP.BA": 26575,
  "AZN.BA": 47950,
  "B.BA": 13925,
  "BA.BA": 12200,
  "BA.C.BA": 15500,
  "BABA.BA": 17150,
  "BAK.BA": 2125,
  "BAS.BA": 3197.76855469,
  "BAYN.BA": 3323.26293945,
  "BB.BA": 1610,
  "BBD.BA": 3570,
  "BBDC3.BA": 3130,
  "BBV.BA": 20275,
  "BCS.BA": 25950,
  "BHP.BA": 34075,
  "BIDU.BA": 10200,
  "BIIB.BA": 12725,
  "BIOX.BA": 4690,
  "BITF.BA": 8010,
  "BK.BA": 66050,
  "BKNG.BA": 10550,
  "BKR.BA": 8300,
  "BMY.BA": 20250,
  "BNG.BA": 19775,
  "BP.BA": 8490,
  "BPA11.BA": 8980,
  "BRFS.BA": 14425,
  "BRKB.BA": 28125,
  "BSBR.BA": 6220,
  "BSN.BA": 613.31298828,
  "C.BA": 40800,
  "CAAP.BA": 105300,
  "CAH.BA": 67900,
  "CAJ.BA": 4045.5,
  "CAR.BA": 10150,
  "CAT.BA": 27750,
  "CBRD.BA": 459,
  "CCL.BA": 12750,
  "CDE.BA": 11925,
  "CEG.BA": 9530,
  "CIBR.BA": 9660,
  "CL.BA": 37550,
  "CLS.BA": 12975,
  "COIN.BA": 17800,
  "COST.BA": 25200,
  "CRM.BA": 19225,
  "CSCO.BA": 17525,
  "CSNA3.BA": 1840,
  "CVS.BA": 5240,
  "CVX.BA": 12675,
  "CX.BA": 11100,
  "DAL.BA": 8810,
  "DD.BA": 19175,
  "DE.BA": 16550,
  "DECK.BA": 5770,
  "DEO.BA": 22525,
  "DESP.BA": 22600,
  "DHR.BA": 4915,
  "DIA.BA": 28900,
  "DISN.BA": 12900,
  "DOCU.BA": 4715,
  "DOW.BA": 5430,
  "DTEA.BA": 0,
  "E.BA": 11200,
  "EA.BA": 13725,
  "EBAY.BA": 50650,
  "EBR.BA": 35325,
  "EEM.BA": 12725,
  "EFX.BA": 19925,
  "ELP.BA": 31950,
  "EOAN.BA": 236.04100037,
  "EQNR.BA": 5750,
  "ERIC.BA": 4730,
  "ERJ.BA": 64200,
  "ETHA.BA": 7390,
  "ETSY.BA": 4860,
  "EWJ.BA": 6840,
  "EWZ.BA": 17300,
  "F.BA": 14300,
  "FCX.BA": 18700,
  "FDX.BA": 30300,
  "FMCC.BA": 0,
  "FMX.BA": 19925,
  "FMX.B.BA": 0,
  "FNMA.BA": 10900,
  "FSLR.BA": 13050,
  "FXI.BA": 9890,
  "GE.BA": 43575,
  "GFI.BA": 32650,
  "GGB.BA": 15400,
  "GILD.BA": 36925,
  "GLD.BA": 7920,
  "GLOB.BA": 6550,
  "GLW.BA": 20100,
  "GM.BA": 11250,
  "GOOGL.BA": 4350,
  "GPRK.BA": 8770,
  "GRMN.BA": 103050,
  "GS.BA": 73050,
  "GSK.BA": 12225,
  "GT.BA": 6730,
  "HAL.BA": 14900,
  "HAPV3.BA": 7520,
  "HD.BA": 15200,
  "HDB.BA": 50200,
  "HHPD.BA": 0,
  "HL.BA": 7830,
  "HMC.BA": 42350,
  "HMY.BA": 18125,
  "HNPIY.BA": 6140,
  "HOG.BA": 9930,
  "HON.BA": 35775,
  "HPQ.BA": 33225,
  "HSBC.BA": 42150,
  "HSY.BA": 11425,
  "HUT.BA": 127450,
  "HWM.BA": 244700,
  "IBB.BA": 6400,
  "IBIT.BA": 8640,
  "IBM.BA": 22575,
  "IBN.BA": 43750,
  "IEUR.BA": 7730,
  "IFF.BA": 8110,
  "IJH.BA": 6950,
  "INFY.BA": 22325,
  "ING.BA": 10200,
  "INTC.BA": 5280,
  "IP.BA": 17975,
  "ISRG.BA": 7060,
  "ITUB.BA": 8070,
  "ITUB3.BA": 7250,
  "IVE.BA": 6470,
  "IVW.BA": 7370,
  "IWM.BA": 28850,
  "JBSS3.BA": 8320,
  "JCI.BA": 68150,
  "JD.BA": 10375,
  "JMIA.BA": 5920,
  "JNJ.BA": 14450,
  "JOYY.BA": 13050,
  "JPM.BA": 25600,
  "KB.BA": 51500,
  "KEP.BA": 18575,
  "KGC.BA": 20675,
  "KMB.BA": 27650,
  "KO.BA": 17950,
  "KOFM.BA": 53800,
  "LAC.BA": 3440,
  "LAR.BA": 3650,
  "LFC.BA": 1074.5,
  "LLY.BA": 17675,
  "LMT.BA": 27175,
  "LRCX.BA": 2265,
  "LVS.BA": 33775,
  "LYG.BA": 2750,
  "MA.BA": 22150,
  "MBG.BA": 3807.20898438,
  "MBT.BA": 650,
  "MCD.BA": 16350,
  "MDLZ.BA": 6000,
  "MDT.BA": 29925,
  "MELI.BA": 25725,
  "META.BA": 37925,
  "MFG.BA": 7660,
  "MGLU3.BA": 1655,
  "MMC.BA": 16425,
  "MMM.BA": 19600,
  "MO.BA": 19275,
  "MOS.BA": 9530,
  "MRK.BA": 21475,
  "MRNA.BA": 2195,
  "MRVL.BA": 7120,
  "MSFT.BA": 22100,
  "MSI.BA": 28150,
  "MSTR.BA": 25500,
  "MU.BA": 29000,
  "MUFG.BA": 18275,
  "MUX.BA": 6890,
  "NATU3.BA": 2090,
  "NEC1.BA": 0,
  "NEM.BA": 27475,
  "NFLX.BA": 31475,
  "NG.BA": 27025,
  "NGG.BA": 45550,
  "NIO.BA": 1520,
  "NKE.BA": 8440,
  "NLM.BA": 0,
  "NMR.BA": 9080,
  "NOKA.BA": 5450,
  "NOW.BA": 7490,
  "NSAN.BA": 1545,
  "NTCO.BA": 6200,
  "NTES.BA": 12200,
  "NU.BA": 8150,
  "NUE.BA": 11325,
  "NVDA.BA": 9460,
  "NVS.BA": 37925,
  "NXE.BA": 9110,
  "ORAN.BA": 13200,
  "ORCL.BA": 107950,
  "ORLY.BA": 581,
  "OXY.BA": 11750,
  "PAAS.BA": 12250,
  "PAC.BA": 18425,
  "PAGS.BA": 3405,
  "PANW.BA": 4995,
  "PATH.BA": 7840,
  "PBI.BA": 15025,
  "PBR.BA": 16625,
  "PCAR.BA": 42825,
  "PCRF.BA": 0,
  "PDD.BA": 5950,
  "PEP.BA": 10325,
  "PETR3.BA": 8340,
  "PFE.BA": 7880,
  "PG.BA": 13500,
  "PHG.BA": 7220,
  "PINS.BA": 7080,
  "PKS.BA": 24400,
  "PLTR.BA": 67400,
  "PM.BA": 11725,
  "PSO.BA": 0,
  "PSQ.BA": 5340,
  "PSX.BA": 27650,
  "PYPL.BA": 11600,
  "QCOM.BA": 19150,
  "QQQ.BA": 36725,
  "RACE.BA": 7920,
  "RBLX.BA": 76300,
  "RCTB4.BA": 0,
  "RGTI.BA": 9340,
  "RIO.BA": 10125,
  "RIOT.BA": 5850,
  "ROKU.BA": 8950,
  "ROST.BA": 45075,
  "RTX.BA": 40650,
  "SAN.BA": 46125,
  "SAP.BA": 61800,
  "SATL.BA": 4410,
  "SBS.BA": 50550,
  "SBSP3.BA": 24725,
  "SBUX.BA": 10025,
  "SCCO.BA": 62350,
  "SCHW.BA": 0,
  "SDA.BA": 1460,
  "SE.BA": 6460,
  "SH.BA": 6280,
  "SHEL.BA": 47300,
  "SHOP.BA": 1520,
  "SID.BA": 15100,
  "SIEGY.BA": 6695.81591797,
  "SLB.BA": 15325,
  "SLV.BA": 7490,
  "SMH.BA": 7610,
  "SMSN.BA": 13143.82421875,
  "SNA.BA": 70000,
  "SNAP.BA": 12050,
  "SNOW.BA": 9460,
  "SONY.BA": 3885,
  "SPCE.BA": 9720,
  "SPGI.BA": 15325,
  "SPOT.BA": 28775,
  "SPXL.BA": 9660,
  "SPY.BA": 41125,
  "STLA.BA": 2490,
  "STNE.BA": 5640,
  "SUZ.BA": 12100,
  "SUZB3.BA": 12175,
  "SWKS.BA": 4400,
  "SYY.BA": 12700,
  "T.BA": 11775,
  "TCOM.BA": 40850,
  "TEAM.BA": 5480,
  "TEFO.BA": 851,
  "TEM.BA": 6260,
  "TEN.BA": 49400,
  "TGT.BA": 5620,
  "TIIAY.BA": 0,
  "TIMB.BA": 23250,
  "TIMS3.BA": 4660,
  "TJX.BA": 7500,
  "TM.BA": 15825,
  "TMO.BA": 28325,
  "TMUS.BA": 9310,
  "TRIP.BA": 11450,
  "TRVV.BA": 55700,
  "TSLA.BA": 27700,
  "TSM.BA": 34700,
  "TTE.BA": 26575,
  "TTM.BA": 8651,
  "TV.BA": 1070,
  "TWLO.BA": 4660,
  "TXN.BA": 49600,
  "TXR.BA": 10175,
  "UAL.BA": 23425,
  "UBER.BA": 56350,
  "UGP.BA": 4030,
  "UL.BA": 25650,
  "UNH.BA": 10300,
  "UNP.BA": 14475,
  "UPST.BA": 20900,
  "URA.BA": 10475,
  "URBN.BA": 49525,
  "USB.BA": 11900,
  "V.BA": 25350,
  "VALE.BA": 6380,
  "VALE3.BA": 12800,
  "VEA.BA": 7420,
  "VIG.BA": 6930,
  "VIST.BA": 19875,
  "VIV.BA": 14225,
  "VIVT3.BA": 7090,
  "VOD.BA": 14300,
  "VRSN.BA": 59800,
  "VRTX.BA": 5980,
  "VST.BA": 9880,
  "VZ.BA": 13775,
  "WBA.BA": 4990,
  "WBO.BA": 2180,
  "WEGE3.BA": 8630,
  "WFC.BA": 21300,
  "WMT.BA": 7100,
  "X.BA": 21550,
  "XLB.BA": 6520,
  "XLC.BA": 7250,
  "XLE.BA": 57600,
  "XLF.BA": 34075,
  "XLI.BA": 7070,
  "XLK.BA": 7450,
  "XLP.BA": 6540,
  "XLRE.BA": 6150,
  "XLU.BA": 7310,
  "XLV.BA": 6000,
  "XLY.BA": 6780,
  "XOM.BA": 14625,
  "XP.BA": 5320,
  "XPEV.BA": 5940,
  "XROX.BA": 7100,
  "XYZ.BA": 5030,
  "YELP.BA": 22550,
  "YZCA.BA": 0.007,
  "ZM.BA": 2045,
  "ALUA.BA": 722,
  "ALUAC.BA": 0.55599999,
  "ALUAD.BA": 0.55699998,
  "BBAR.BA": 7130,
  "BBARC.BA": 5.42000008,
  "BBARD.BA": 5.57000017,
  "BMA.BA": 9480,
  "BMA.C.BA": 7.1500001,
  "BMA.D.BA": 7.30999994,
  "BYMA.BA": 200.75,
  "BYMAC.BA": 0.155,
  "BYMAD.BA": 0.15700001,
  "CEPU.BA": 1650,
  "COME.BA": 137.75,
  "CRES.BA": 1550,
  "CRESC.BA": 0.32300001,
  "EDN.BA": 1930,
  "EDNC.BA": 1.255,
  "GGAL.BA": 6830,
  "GGALC.BA": 5.11999989,
  "GGALD.BA": 5.30000019,
  "IRSAC.BA": 0,
  "IRSAD.BA": 1.63,
  "LOMA.BA": 3145,
  "LOMAD.BA": 2.43000007,
  "MIRG.BA": 23300,
  "PAMP.BA": 4070,
  "SUPV.BA": 2860,
  "SUPVD.BA": 2.21499991,
  "TECO2.BA": 2520,
  "TECOC.BA": 1.78999996,
  "TGN4C.BA": 2.27999997,
  "TGN4D.BA": 2.70000005,
  "TGNO4.BA": 3455,
  "TGSU2.BA": 7750,
  "TRAN.BA": 2700,
  "TXAR.BA": 665,
  "TXARD.BA": 0.50999999,
  "VALO.BA": 360.5,