{
  "AAL.BA": 6870,
  "AAP.BA": 4395,
  "AAPL.BA": 12175,
  "ABBV.BA": 22525,
  "ABEV.BA": 8880,
  "ABEV3.BA": 2980,
  "ABNB.BA": 10700,
  "ABT.BA": 39850,
  "ACN.BA": 5070,
  "ADBE.BA": 11275,
  "ADGO.BA": 11000,
  "ADI.BA": 17425,
  "ADP.BA": 65150,
  "ADS.BA": 3942.14794922,
  "AEG.BA": 8530,
  "AEM.BA": 24650,
  "AHP.BA": 28.79999924,
  "AI.BA": 6300,
  "AIG.BA": 20350,
  "AKO.B.BA": 32100,
  "AMAT.BA": 38825,
  "AMD.BA": 14225,
  "AMGN.BA": 11450,
  "AMX.BA": 20275,
  "AMZN.BA": 1720,
  "ANF.BA": 91800,
  "ARCO.BA": 17550,
  "ARKK.BA": 6950,
  "ARM.BA": 5690,
  "ASML.BA": 6110,
  "ASR.BA": 19325,
  "AVGO.BA": 8040,
  "AVY.BA": 11975,
  "AXP.BA": 23650,
  "AZN.BA": 43775,
  "B.BA": 12050,
  "BA.BA": 10550,
  "BA.C.BA": 13275,
  "BABA.BA": 15975,
  "BAK.BA": 2225,
  "BAS.BA": 3197.76855469,
  "BAYN.BA": 3323.26293945,
  "BB.BA": 1580,
  "BBD.BA": 3500,
  "BBDC3.BA": 2860,
  "BBV.BA": 17900,
  "BCS.BA": 21300,
  "BHP.BA": 29550,
  "BIDU.BA": 9270,
  "BIIB.BA": 12150,
  "BIOX.BA": 5950,
  "BITF.BA": 5590,
  "BK.BA": 52950,
  "BKNG.BA": 9350,
  "BKR.BA": 6340,
  "BMY.BA": 19275,
  "BNG.BA": 17900,
  "BP.BA": 6930,
  "BPA11.BA": 8310,
  "BRFS.BA": 12775,
  "BRKB.BA": 26825,
  "BSBR.BA": 6150,
  "BSN.BA": 613.31298828,
  "C.BA": 30525,
  "CAAP.BA": 97200,
  "CAH.BA": 61600,
  "CAJ.BA": 4045.5,
  "CAR.BA": 5170,
  "CAT.BA": 20950,
  "CBRD.BA": 459,
  "CCL.BA": 9480,
  "CDE.BA": 10700,
  "CEG.BA": 8020,
  "CIBR.BA": 8780,
  "CL.BA": 36200,
  "CLS.BA": 7170,
  "COIN.BA": 11350,
  "COST.BA": 26250,
  "CRM.BA": 17500,
  "CSCO.BA": 15425,
  "CSNA3.BA": 1785,
  "CVS.BA": 5070,
  "CVX.BA": 10325,
  "CX.BA": 8110,
  "DAL.BA": 7370,
  "DD.BA": 16325,
  "DE.BA": 15275,
  "DECK.BA": 5100,
  "DEO.BA": 22175,
  "DESP.BA": 22600,
  "DHR.BA": 4305,
  "DIA.BA": 25475,
  "DISN.BA": 11325,
  "DOCU.BA": 5120,
  "DOW.BA": 5640,
  "DTEA.BA": 0,
  "E.BA": 9040,
  "EA.BA": 12750,
  "EBAY.BA": 46175,
  "EBR.BA": 35150,
  "EEM.BA": 11200,
  "EFX.BA": 20000,
  "ELP.BA": 31750,
  "EOAN.BA": 236.04100037,
  "EQNR.BA": 4700,
  "ERIC.BA": 5090,
  "ERJ.BA": 57500,
  "ETHA.BA": 4775,
  "ETSY.BA": 4600,
  "EWJ.BA": 6370,
  "EWZ.BA": 16475,
  "F.BA": 12300,
  "FCX.BA": 16375,
  "FDX.BA": 26325,
  "FMCC.BA": 0,
  "FMX.BA": 21100,
  "FMX.B.BA": 0,
  "FNMA.BA": 13000,
  "FSLR.BA": 10675,
  "FXI.BA": 8710,
  "GE.BA": 37575,
  "GFI.BA": 30075,
  "GGB.BA": 13600,
  "GILD.BA": 32725,
  "GLD.BA": 7460,
  "GLOB.BA": 6520,
  "GLW.BA": 15350,
  "GM.BA": 9510,
  "GOOGL.BA": 3480,
  "GPRK.BA": 8270,
  "GRMN.BA": 82250,
  "GS.BA": 55250,
  "GSK.BA": 12200,
  "GT.BA": 6610,
  "HAL.BA": 12050,
  "HAPV3.BA": 601,
  "HD.BA": 14000,
  "HDB.BA": 45050,
  "HHPD.BA": 0,
  "HL.BA": 7310,
  "HMC.BA": 35225,
  "HMY.BA": 17900,
  "HNPIY.BA": 6140,
  "HOG.BA": 9810,
  "HON.BA": 34050,
  "HPQ.BA": 30225,
  "HSBC.BA": 35525,
  "HSY.BA": 9200,
  "HUT.BA": 102000,
  "HWM.BA": 209250,
  "IBB.BA": 5580,
  "IBIT.BA": 7170,
  "IBM.BA": 21175,
  "IBN.BA": 40050,
  "IEUR.BA": 7250,
  "IFF.BA": 7780,
  "IJH.BA": 6030,
  "INFY.BA": 21375,
  "ING.BA": 8410,
  "INTC.BA": 4875,
  "IP.BA": 14425,
  "ISRG.BA": 7380,
  "ITUB.BA": 7800,
  "ITUB3.BA": 6840,
  "IVE.BA": 5680,
  "IVW.BA": 6330,
  "IWM.BA": 24950,
  "JBSS3.BA": 8320,
  "JCI.BA": 60950,
  "JD.BA": 9990,
  "JMIA.BA": 3940,
  "JNJ.BA": 12225,
  "JOYY.BA": 11350,
  "JPM.BA": 21125,
  "KB.BA": 48225,
  "KEP.BA": 12925,
  "KGC.BA": 18600,
  "KMB.BA": 27725,
  "KO.BA": 17075,
  "KOFM.BA": 57750,
  "LAC.BA": 3260,
  "LAR.BA": 2265,
  "LFC.BA": 1074.5,
  "LLY.BA": 16425,
  "LMT.BA": 29000,
  "LMT.B.BA": 0,
  "LRCX.BA": 1800,
  "LVS.BA": 24850,
  "LYG.BA": 2485,
  "MA.BA": 21275,
  "MBG.BA": 3807.20898438,
  "MBT.BA": 650,
  "MCD.BA": 15550,
  "MDLZ.BA": 5330,
  "MDT.BA": 25650,
  "MELI.BA": 25775,
  "META.BA": 34300,
  "MFG.BA": 6620,
  "MGLU3.BA": 2100,
  "MMC.BA": 17375,
  "MMM.BA": 17600,
  "MO.BA": 17725,
  "MOS.BA": 8810,
  "MRK.BA": 18825,
  "MRNA.BA": 1730,
  "MRVL.BA": 5690,
  "MSFT.BA": 18500,
  "MSI.BA": 25100,
  "MSTR.BA": 22850,
  "MU.BA": 24725,
  "MUFG.BA": 16600,
  "MUX.BA": 5360,
  "NEC1.BA": 0,
  "NEM.BA": 22100,
  "NFLX.BA": 31025,
  "NG.BA": 22650,
  "NGG.BA": 42700,
  "NIO.BA": 1125,
  "NKE.BA": 6260,
  "NLM.BA": 0,
  "NMR.BA": 7270,
  "NOKA.BA": 6540,
  "NOW.BA": 7010,
  "NSAN.BA": 1545,
  "NTCO.BA": 6200,
  "NTCO3.BA": 2255,
  "NTES.BA": 10925,
  "NU.BA": 7180,
  "NUE.BA": 9130,
  "NVDA.BA": 7060,
  "NVS.BA": 35125,
  "NXE.BA": 7590,
  "ORAN.BA": 13200,
  "ORCL.BA": 67000,
  "ORLY.BA": 7570,
  "OXY.BA": 10075,
  "PAAS.BA": 10625,
  "PAC.BA": 17250,
  "PAGS.BA": 3580,
  "PANW.BA": 4635,
  "PATH.BA": 7840,
  "PBI.BA": 12175,
  "PBR.BA": 13375,
  "PCAR.BA": 36975,
  "PCRF.BA": 0,
  "PDD.BA": 4800,
  "PEP.BA": 8800,
  "PETR3.BA": 7100,
  "PFE.BA": 7030,
  "PG.BA": 13250,
  "PHG.BA": 5530,
  "PINS.BA": 5820,
  "PKS.BA": 18200,
  "PLTR.BA": 51950,
  "PM.BA": 12225,
  "PSO.BA": 0,
  "PSQ.BA": 5310,
  "PSX.BA": 22450,
  "PYPL.BA": 10900,
  "QCOM.BA": 16300,
  "QQQ.BA": 31700,
  "RACE.BA": 6960,
  "RBLX.BA": 54750,
  "RCTB4.BA": 0,
  "RGTI.BA": 7100,
  "RIO.BA": 8810,
  "RIOT.BA": 3820,
  "ROKU.BA": 6790,
  "ROST.BA": 43100,
  "RTX.BA": 33225,
  "SAN.BA": 37850,
  "SAP.BA": 62000,
  "SATL.BA": 4295,
  "SBS.BA": 48350,
  "SBSP3.BA": 23925,
  "SBUX.BA": 8800,
  "SCCO.BA": 56250,
  "SCHW.BA": 0,
  "SDA.BA": 1625,
  "SE.BA": 6300,
  "SH.BA": 6240,
  "SHEL.BA": 40375,
  "SHOP.BA": 1155,
  "SID.BA": 14300,
  "SIEGY.BA": 6695.81591797,
  "SLB.BA": 13300,
  "SLV.BA": 6280,
  "SMH.BA": 6050,
  "SMSN.BA": 13143.82421875,
  "SNA.BA": 64000,
  "SNAP.BA": 10200,
  "SNOW.BA": 8350,
  "SONY.BA": 3995,
  "SPCE.BA": 7920,
  "SPGI.BA": 13675,
  "SPOT.BA": 30100,
  "SPXL.BA": 7530,
  "SPY.BA": 35800,
  "STLA.BA": 2380,
  "STNE.BA": 5530,
  "SUZ.BA": 10650,
  "SUZB3.BA": 10775,
  "SWKS.BA": 3965,
  "SYY.BA": 11000,
  "T.BA": 10925,
  "TCOM.BA": 37675,
  "TEAM.BA": 5390,
  "TEFO.BA": 790,
  "TEM.BA": 6180,
  "TEN.BA": 41400,
  "TGT.BA": 4715,
  "TIIAY.BA": 0,
  "TIMB.BA": 21750,
  "TIMS3.BA": 4285,
  "TJX.BA": 7200,
  "TM.BA": 15025,
  "TMO.BA": 22050,
  "TMUS.BA": 8920,
  "TRIP.BA": 8670,
  "TRVV.BA": 54500,
  "TSLA.BA": 26625,
  "TSM.BA": 26950,
  "TTE.BA": 23550,
  "TTM.BA": 8651,
  "TV.BA": 781,
  "TWLO.BA": 3970,
  "TXN.BA": 45825,
  "TXR.BA": 8540,
  "UAL.BA": 19550,
  "UBER.BA": 50050,
  "UGP.BA": 3465,
  "UL.BA": 25125,
  "UNH.BA": 10925,
  "UNP.BA": 13250,
  "UPST.BA": 12150,
  "URA.BA": 7960,
  "URBN.BA": 43350,
  "USB.BA": 10550,
  "V.BA": 24475,
  "VALE.BA": 5590,
  "VALE3.BA": 11250,
  "VEA.BA": 6750,
  "VIG.BA": 6170,
  "VIST.BA": 19150,
  "VIV.BA": 12500,
  "VIVT3.BA": 6300,
  "VOD.BA": 12250,
  "VRSN.BA": 54950,
  "VRTX.BA": 5280,
  "VST.BA": 7950,
  "VZ.BA": 13000,
  "WBA.BA": 4485,
  "WBO.BA": 1885,
  "WEGE3.BA": 9210,
  "WFC.BA": 18100,
  "WMT.BA": 6610,
  "X.BA": 21525,
  "XLB.BA": 5880,
  "XLC.BA": 6470,
  "XLE.BA": 49150,
  "XLF.BA": 30450,
  "XLI.BA": 6140,
  "XLK.BA": 6160,
  "XLP.BA": 6150,
  "XLRE.BA": 5560,
  "XLU.BA": 6500,
  "XLV.BA": 5530,
  "XLY.BA": 5970,
  "XOM.BA": 12275,
  "XP.BA": 5850,
  "XPEV.BA": 6090,
  "XROX.BA": 6120,
  "XYZ.BA": 3815,
  "YELP.BA": 22500,
  "YZCA.BA": 0.007,
  "ZM.BA": 2045,
  "ALUA.BA": 705,
  "ALUAC.BA": 0.26300001,
  "ALUAD.BA": 0.59299999,
  "BBAR.BA": 7050,
  "BBARC.BA": 6.9000001,
  "BBARD.BA": 5.92999983,
  "BMA.BA": 9130,
  "BMA.C.BA": 9.64999962,
  "BMA.D.BA": 7.71000004,
  "BYMA.BA": 204.5,
  "BYMAC.BA": 0.183,
  "BYMAD.BA": 0.17,
  "CEPU.BA": 1435,
  "COME.BA": 149.75,
  "CRES.BA": 1430,
  "CRESC.BA": 0.32300001,
  "EDN.BA": 1825,
  "EDNC.BA": 0,
  "GGAL.BA": 6480,
  "GGALC.BA": 5.63999987,
  "GGALD.BA": 5.48000002,
  "LOMA.BA": 2990,
  "LOMAD.BA": 2.5,
  "MIRG.BA": 21175,
  "PAMP.BA": 3455,
  "SUPV.BA": 2830,
  "SUPVD.BA": 2.39499998,
  "TECO2.BA": 2300,
  "TECOC.BA": 1.60000002,
  "TGNO4.BA": 3395,
  "TGSU2.BA": 6500,
  "TRAN.BA": 2535,
  "TXAR.BA": 636,
  "TXARD.BA": 0.53600001,
  "VALO.BA": 359.5,
  "VALOC.BA": 0.34999999,
  "VALOD.BA": 0.30500001,
  "YPFD.BA": 40525,
  "YPFDC.BA": 33.54999924,