{
  "AAL.BA": 7900,
  "AAP.BA": 5490,
  "AAPL.BA": 13375,
  "ABBV.BA": 24400,
  "ABEV.BA": 8990,
  "ABEV3.BA": 3000,
  "ABNB.BA": 11500,
  "ABT.BA": 41650,
  "ACN.BA": 4775,
  "ADBE.BA": 10600,
  "ADGO.BA": 12025,
  "ADI.BA": 20725,
  "ADP.BA": 64400,
  "ADS.BA": 3942.14794922,
  "AEG.BA": 8840,
  "AEM.BA": 25300,
  "AHP.BA": 28.79999924,
  "AI.BA": 6770,
  "AIG.BA": 20775,
  "AKO.B.BA": 29325,
  "AMAT.BA": 50350,
  "AMD.BA": 18450,
  "AMGN.BA": 12525,
  "AMX.BA": 22100,
  "AMZN.BA": 1985,
  "ANF.BA": 111450,
  "ARCO.BA": 19025,
  "ARKK.BA": 9240,
  "ARM.BA": 7070,
  "ASML.BA": 6930,
  "ASR.BA": 19400,
  "AVGO.BA": 8960,
  "AVY.BA": 12975,
  "AXP.BA": 27300,
  "AZN.BA": 44875,
  "B.BA": 13450,
  "BA.BA": 12075,
  "BA.C.BA": 14725,
  "BABA.BA": 15075,
  "BAK.BA": 2245,
  "BAS.BA": 3197.76855469,
  "BAYN.BA": 3323.26293945,
  "BB.BA": 1715,
  "BBD.BA": 3660,
  "BBDC3.BA": 3080,
  "BBV.BA": 19200,
  "BCS.BA": 23425,
  "BHP.BA": 32875,
  "BIDU.BA": 10100,
  "BIIB.BA": 13050,
  "BIOX.BA": 5380,
  "BITF.BA": 6990,
  "BK.BA": 59300,
  "BKNG.BA": 10225,
  "BKR.BA": 7500,
  "BMY.BA": 19850,
  "BNG.BA": 19250,
  "BP.BA": 8240,
  "BPA11.BA": 9840,
  "BRFS.BA": 15050,
  "BRKB.BA": 27400,
  "BSBR.BA": 6380,
  "BSN.BA": 613.31298828,
  "C.BA": 36525,
  "CAAP.BA": 98750,
  "CAH.BA": 68650,
  "CAJ.BA": 4045.5,
  "CAR.BA": 9400,
  "CAT.BA": 25750,
  "CBRD.BA": 459,
  "CCL.BA": 12150,
  "CDE.BA": 12150,
  "CEG.BA": 9080,
  "CIBR.BA": 9310,
  "CL.BA": 38025,
  "CLS.BA": 10200,
  "COIN.BA": 18000,
  "COST.BA": 25650,
  "CRM.BA": 18350,
  "CSCO.BA": 17300,
  "CSNA3.BA": 1905,
  "CVS.BA": 5470,
  "CVX.BA": 12325,
  "CX.BA": 9210,
  "DAL.BA": 8790,
  "DD.BA": 19075,
  "DE.BA": 16325,
  "DECK.BA": 5160,
  "DEO.BA": 21800,
  "DESP.BA": 22600,
  "DHR.BA": 4800,
  "DIA.BA": 28175,
  "DISN.BA": 12675,
  "DOCU.BA": 4290,
  "DOW.BA": 6210,
  "DTEA.BA": 0,
  "E.BA": 10650,
  "EA.BA": 13525,
  "EBAY.BA": 48675,
  "EBR.BA": 35775,
  "EEM.BA": 12300,
  "EFX.BA": 20650,
  "ELP.BA": 32400,
  "EOAN.BA": 236.04100037,
  "EQNR.BA": 5700,
  "ERIC.BA": 5100,
  "ERJ.BA": 67300,
  "ETHA.BA": 5750,
  "ETSY.BA": 4565,
  "EWJ.BA": 6560,
  "EWZ.BA": 17400,
  "F.BA": 14925,
  "FCX.BA": 19600,
  "FDX.BA": 29875,
  "FMCC.BA": 0,
  "FMX.BA": 21500,
  "FMX.B.BA": 0,
  "FNMA.BA": 13000,
  "FSLR.BA": 11450,
  "FXI.BA": 9270,
  "GE.BA": 40675,
  "GFI.BA": 30675,
  "GGB.BA": 14950,
  "GILD.BA": 35000,
  "GLD.BA": 7900,
  "GLOB.BA": 6120,
  "GLW.BA": 16525,
  "GM.BA": 11250,
  "GOOGL.BA": 3930,
  "GPRK.BA": 9240,
  "GRMN.BA": 91600,
  "GS.BA": 69200,
  "GSK.BA": 12150,
  "GT.BA": 7100,
  "HAL.BA": 14525,
  "HAPV3.BA": 7350,
  "HD.BA": 14575,
  "HDB.BA": 48475,
  "HHPD.BA": 0,
  "HL.BA": 7980,
  "HMC.BA": 38875,
  "HMY.BA": 18500,
  "HNPIY.BA": 6140,
  "HOG.BA": 10475,
  "HON.BA": 37575,
  "HPQ.BA": 32350,
  "HSBC.BA": 39225,
  "HSY.BA": 9900,
  "HUT.BA": 141500,
  "HWM.BA": 228150,
  "IBB.BA": 6210,
  "IBIT.BA": 8500,
  "IBM.BA": 24250,
  "IBN.BA": 42025,
  "IEUR.BA": 7670,
  "IFF.BA": 7950,
  "IJH.BA": 6700,
  "INFY.BA": 23250,
  "ING.BA": 9630,
  "INTC.BA": 5930,
  "IP.BA": 16700,
  "ISRG.BA": 7390,
  "ITUB.BA": 7970,
  "ITUB3.BA": 7110,
  "IVE.BA": 6290,
  "IVW.BA": 7050,
  "IWM.BA": 28250,
  "JBSS3.BA": 8320,
  "JCI.BA": 61900,
  "JD.BA": 9940,
  "JMIA.BA": 5640,
  "JNJ.BA": 13200,
  "JOYY.BA": 13625,
  "JPM.BA": 24225,
  "KB.BA": 54400,
  "KEP.BA": 17200,
  "KGC.BA": 19800,
  "KMB.BA": 27675,
  "KO.BA": 17775,
  "KOFM.BA": 57300,
  "LAC.BA": 3665,
  "LAR.BA": 3145,
  "LFC.BA": 1074.5,
  "LLY.BA": 17725,
  "LMT.BA": 29500,
  "LMT.B.BA": 0,
  "LRCX.BA": 2295,
  "LVS.BA": 31625,
  "LYG.BA": 2630,
  "MA.BA": 21300,
  "MBG.BA": 3807.20898438,
  "MBT.BA": 650,
  "MCD.BA": 15800,
  "MDLZ.BA": 5610,
  "MDT.BA": 28450,
  "MELI.BA": 25350,
  "META.BA": 37950,
  "MFG.BA": 6970,
  "MGLU3.BA": 1855,
  "MMC.BA": 16925,
  "MMM.BA": 19825,
  "MO.BA": 18400,
  "MOS.BA": 9080,
  "MRK.BA": 21000,
  "MRNA.BA": 2225,
  "MRVL.BA": 6590,
  "MSFT.BA": 21300,
  "MSI.BA": 26550,
  "MSTR.BA": 27525,
  "MU.BA": 31450,
  "MUFG.BA": 17325,
  "MUX.BA": 6930,
  "NEC1.BA": 0,
  "NEM.BA": 25500,
  "NFLX.BA": 32850,
  "NG.BA": 24350,
  "NGG.BA": 44525,
  "NIO.BA": 1240,
  "NKE.BA": 7680,
  "NLM.BA": 0,
  "NMR.BA": 8040,
  "NOKA.BA": 6310,
  "NOW.BA": 7060,
  "NSAN.BA": 1545,
  "NTCO.BA": 6200,
  "NTCO3.BA": 2495,
  "NTES.BA": 11675,
  "NU.BA": 8280,
  "NUE.BA": 11250,
  "NVDA.BA": 8820,
  "NVS.BA": 38325,
  "NXE.BA": 8360,
  "ORAN.BA": 13200,
  "ORCL.BA": 98500,
  "ORLY.BA": 515,
  "OXY.BA": 11700,
  "PAAS.BA": 12850,
  "PAC.BA": 18050,
  "PAGS.BA": 3775,
  "PANW.BA": 4835,
  "PATH.BA": 8000,
  "PBI.BA": 13975,
  "PBR.BA": 16275,
  "PCAR.BA": 41350,
  "PCRF.BA": 0,
  "PDD.BA": 5390,
  "PEP.BA": 9470,
  "PETR3.BA": 8120,
  "PFE.BA": 8120,
  "PG.BA": 13300,
  "PHG.BA": 6120,
  "PINS.BA": 6420,
  "PKS.BA": 24350,
  "PLTR.BA": 60400,
  "PM.BA": 12675,
  "PSO.BA": 0,
  "PSQ.BA": 5320,
  "PSX.BA": 28350,
  "PYPL.BA": 11800,
  "QCOM.BA": 18225,
  "QQQ.BA": 35250,
  "RACE.BA": 7560,
  "RBLX.BA": 68000,
  "RCTB4.BA": 0,
  "RGTI.BA": 7900,
  "RIO.BA": 9580,
  "RIOT.BA": 5380,
  "ROKU.BA": 8730,
  "ROST.BA": 41250,
  "RTX.BA": 37200,
  "SAN.BA": 42925,
  "SAP.BA": 64050,
  "SATL.BA": 4195,
  "SBS.BA": 50700,
  "SBSP3.BA": 26650,
  "SBUX.BA": 9970,
  "SCCO.BA": 64000,
  "SCHW.BA": 0,
  "SDA.BA": 1550,
  "SE.BA": 5860,
  "SH.BA": 6280,
  "SHEL.BA": 46050,
  "SHOP.BA": 1350,
  "SID.BA": 15175,
  "SIEGY.BA": 6695.81591797,
  "SLB.BA": 15800,
  "SLV.BA": 7360,
  "SMH.BA": 7330,
  "SMSN.BA": 13143.82421875,
  "SNA.BA": 67300,
  "SNAP.BA": 11925,
  "SNOW.BA": 9000,
  "SONY.BA": 3875,
  "SPCE.BA": 7710,
  "SPGI.BA": 14975,
  "SPOT.BA": 32025,
  "SPXL.BA": 9010,
  "SPY.BA": 39575,
  "STLA.BA": 2565,
  "STNE.BA": 6680,
  "SUZ.BA": 11375,
  "SUZB3.BA": 11675,
  "SWKS.BA": 4500,
  "SYY.BA": 12225,
  "T.BA": 11325,
  "TCOM.BA": 39525,
  "TEAM.BA": 5250,
  "TEFO.BA": 813,
  "TEM.BA": 6200,
  "TEN.BA": 48975,
  "TGT.BA": 5540,
  "TIIAY.BA": 0,
  "TIMB.BA": 24350,
  "TIMS3.BA": 5110,
  "TJX.BA": 7100,
  "TM.BA": 14400,
  "TMO.BA": 25125,
  "TMUS.BA": 8610,
  "TRIP.BA": 11475,
  "TRVV.BA": 54250,
  "TSLA.BA": 26025,
  "TSM.BA": 32550,
  "TTE.BA": 26750,
  "TTM.BA": 8651,
  "TV.BA": 921,
  "TWLO.BA": 4000,
  "TXN.BA": 55800,
  "TXR.BA": 10150,
  "UAL.BA": 22500,
  "UBER.BA": 61200,
  "UGP.BA": 3990,
  "UL.BA": 25725,
  "UNH.BA": 11575,
  "UNP.BA": 14950,
  "UPST.BA": 20125,
  "URA.BA": 9450,
  "URBN.BA": 46050,
  "USB.BA": 11925,
  "V.BA": 24575,
  "VALE.BA": 6370,
  "VALE3.BA": 12625,
  "VEA.BA": 7240,
  "VIG.BA": 6720,
  "VIST.BA": 20125,
  "VIV.BA": 14575,
  "VIVT3.BA": 7230,
  "VOD.BA": 13850,
  "VRSN.BA": 60250,
  "VRTX.BA": 6000,
  "VST.BA": 9600,
  "VZ.BA": 13200,
  "WBA.BA": 4880,
  "WBO.BA": 2070,
  "WEGE3.BA": 9200,
  "WFC.BA": 20875,
  "WMT.BA": 6710,
  "X.BA": 21550,
  "XLB.BA": 6450,
  "XLC.BA": 7070,
  "XLE.BA": 56650,
  "XLF.BA": 33200,
  "XLI.BA": 6830,
  "XLK.BA": 7090,
  "XLP.BA": 6410,
  "XLRE.BA": 5860,
  "XLU.BA": 6960,
  "XLV.BA": 5910,
  "XLY.BA": 6520,
  "XOM.BA": 14675,
  "XP.BA": 5800,
  "XPEV.BA": 5590,
  "XROX.BA": 6400,
  "XYZ.BA": 4330,
  "YELP.BA": 22100,
  "YZCA.BA": 0.007,
  "ZM.BA": 1995,
  "ALUA.BA": 679,
  "ALUAC.BA": 0.528,
  "ALUAD.BA": 0.533,
  "BBAR.BA": 6360,
  "BBARC.BA": 5.3499999,
  "BBARD.BA": 5.03,
  "BMA.BA": 8420,
  "BMA.C.BA": 6.57999992,
  "BMA.D.BA": 6.64,
  "BYMA.BA": 194.5,
  "BYMAC.BA": 0.15800001,
  "BYMAD.BA": 0.155,
  "CEPU.BA": 1430,
  "COME.BA": 115.75,
  "CRES.BA": 1350,
  "CRESC.BA": 0.32300001,
  "EDN.BA": 1610,
  "EDNC.BA": 1.27,
  "GGAL.BA": 6070,
  "GGALC.BA": 5.05,
  "GGALD.BA": 4.795,
  "IRSAC.BA": 0,
  "IRSAD.BA": 1.355,
  "LOMA.BA": 2675,
  "LOMAD.BA": 2.12,
  "MIRG.BA": 21075,
  "PAMP.BA": 3540,
  "SUPV.BA": 2580,
  "SUPVD.BA": 2.04,
  "TECO2.BA": 2170,
  "TECOC.BA": 1.60000002,
  "TGNO4.BA": 2775,
  "TGSU2.BA": 6530,
  "TRAN.BA": 2120,
  "TXAR.BA": 623,
  "TXARD.BA": 0.49,
  "VALO.BA": 334.5,
  "VALOC.BA": 0.27900001,
  "VALOD.BA": 0.26699999,
  "YPFD.BA": 40000,
  "YPFDC.BA": 31.5,