{
  "AAL.BA": 7300,
  "AAP.BA": 5000,
  "AAPL.BA": 13250,
  "ABBV.BA": 23900,
  "ABEV.BA": 9160,
  "ABEV3.BA": 3125,
  "ABNB.BA": 11525,
  "ABT.BA": 42125,
  "ACN.BA": 5110,
  "ADBE.BA": 10975,
  "ADGO.BA": 11700,
  "ADI.BA": 20675,
  "ADP.BA": 64600,
  "ADS.BA": 3942.14794922,
  "AEG.BA": 8920,
  "AEM.BA": 24500,
  "AHP.BA": 28.79999924,
  "AI.BA": 6690,
  "AIG.BA": 21025,
  "AKO.B.BA": 32850,
  "AMAT.BA": 49175,
  "AMD.BA": 17375,
  "AMGN.BA": 12525,
  "AMX.BA": 22450,
  "AMZN.BA": 1920,
  "ANF.BA": 109350,
  "ARCO.BA": 19400,
  "ARKK.BA": 8950,
  "ARM.BA": 6900,
  "ASML.BA": 6860,
  "ASR.BA": 19400,
  "AVGO.BA": 8820,
  "AVY.BA": 12825,
  "AXP.BA": 26675,
  "AZN.BA": 44250,
  "B.BA": 13100,
  "BA.BA": 11525,
  "BA.C.BA": 14900,
  "BABA.BA": 15175,
  "BAK.BA": 2150,
  "BAS.BA": 3197.76855469,
  "BAYN.BA": 3323.26293945,
  "BB.BA": 1775,
  "BBD.BA": 3860,
  "BBDC3.BA": 3345,
  "BBV.BA": 19900,
  "BCS.BA": 23100,
  "BHP.BA": 31175,
  "BIDU.BA": 10350,
  "BIIB.BA": 13050,
  "BIOX.BA": 5600,
  "BITF.BA": 6430,
  "BK.BA": 58400,
  "BKNG.BA": 10175,
  "BKR.BA": 7920,
  "BMY.BA": 19825,
  "BNG.BA": 19125,
  "BP.BA": 7910,
  "BPA11.BA": 9840,
  "BRFS.BA": 15000,
  "BRKB.BA": 27425,
  "BSBR.BA": 6780,
  "BSN.BA": 613.31298828,
  "C.BA": 35975,
  "CAAP.BA": 104050,
  "CAH.BA": 68950,
  "CAJ.BA": 4045.5,
  "CAR.BA": 8630,
  "CAT.BA": 24825,
  "CBRD.BA": 459,
  "CCL.BA": 12125,
  "CDE.BA": 11225,
  "CEG.BA": 8760,
  "CIBR.BA": 9560,
  "CL.BA": 38875,
  "CLS.BA": 9770,
  "COIN.BA": 16575,
  "COST.BA": 25975,
  "CRM.BA": 19250,
  "CSCO.BA": 17250,
  "CSNA3.BA": 1915,
  "CVS.BA": 5410,
  "CVX.BA": 12025,
  "CX.BA": 9040,
  "DAL.BA": 8000,
  "DD.BA": 18825,
  "DE.BA": 16025,
  "DECK.BA": 5290,
  "DEO.BA": 22175,
  "DESP.BA": 22600,
  "DHR.BA": 4710,
  "DIA.BA": 27900,
  "DISN.BA": 12775,
  "DOCU.BA": 4455,
  "DOW.BA": 6070,
  "DTEA.BA": 0,
  "E.BA": 10500,
  "EA.BA": 13800,
  "EBAY.BA": 47400,
  "EBR.BA": 36975,
  "EEM.BA": 12200,
  "EFX.BA": 20750,
  "ELP.BA": 33775,
  "EOAN.BA": 236.04100037,
  "EQNR.BA": 5600,
  "ERIC.BA": 5400,
  "ERJ.BA": 75100,
  "ETHA.BA": 4990,
  "ETSY.BA": 4225,
  "EWJ.BA": 6620,
  "EWZ.BA": 18150,
  "F.BA": 14700,
  "FCX.BA": 19575,
  "FDX.BA": 30200,
  "FMCC.BA": 0,
  "FMX.BA": 21900,
  "FMX.B.BA": 0,
  "FNMA.BA": 13000,
  "FSLR.BA": 11650,
  "FXI.BA": 9240,
  "GE.BA": 39050,
  "GFI.BA": 29475,
  "GGB.BA": 15575,
  "GILD.BA": 34950,
  "GLD.BA": 7700,
  "GLOB.BA": 6500,
  "GLW.BA": 16675,
  "GM.BA": 10975,
  "GOOGL.BA": 3790,
  "GPRK.BA": 9100,
  "GRMN.BA": 89750,
  "GS.BA": 67450,
  "GSK.BA": 12100,
  "GT.BA": 7250,
  "HAL.BA": 14025,
  "HAPV3.BA": 8220,
  "HD.BA": 14500,
  "HDB.BA": 48125,
  "HHPD.BA": 0,
  "HL.BA": 7070,
  "HMC.BA": 37600,
  "HMY.BA": 17750,
  "HNPIY.BA": 6140,
  "HOG.BA": 10400,
  "HON.BA": 37825,
  "HPQ.BA": 32500,
  "HSBC.BA": 38875,
  "HSY.BA": 10225,
  "HUT.BA": 132300,
  "HWM.BA": 226600,
  "IBB.BA": 6010,
  "IBIT.BA": 7820,
  "IBM.BA": 24525,
  "IBN.BA": 42475,
  "IEUR.BA": 7650,
  "IFF.BA": 8000,
  "IJH.BA": 6690,
  "INFY.BA": 23775,
  "ING.BA": 9490,
  "INTC.BA": 5950,
  "IP.BA": 16050,
  "ISRG.BA": 7410,
  "ITUB.BA": 8590,
  "ITUB3.BA": 7830,
  "IVE.BA": 6230,
  "IVW.BA": 6960,
  "IWM.BA": 27950,
  "JBSS3.BA": 8320,
  "JCI.BA": 61900,
  "JD.BA": 10350,
  "JMIA.BA": 5290,
  "JNJ.BA": 13125,
  "JOYY.BA": 13600,
  "JPM.BA": 23750,
  "KB.BA": 52900,
  "KEP.BA": 17650,
  "KGC.BA": 19175,
  "KMB.BA": 27675,
  "KO.BA": 17750,
  "KOFM.BA": 59750,
  "LAC.BA": 3420,
  "LAR.BA": 2960,
  "LFC.BA": 1074.5,
  "LLY.BA": 17575,
  "LMT.BA": 29325,
  "LMT.B.BA": 0,
  "LRCX.BA": 2230,
  "LVS.BA": 31025,
  "LYG.BA": 2585,
  "MA.BA": 21400,
  "MBG.BA": 3807.20898438,
  "MBT.BA": 650,
  "MCD.BA": 15350,
  "MDLZ.BA": 5750,
  "MDT.BA": 27950,
  "MELI.BA": 25975,
  "META.BA": 37875,
  "MFG.BA": 6950,
  "MGLU3.BA": 2105,
  "MMC.BA": 16850,
  "MMM.BA": 19350,
  "MO.BA": 18700,
  "MOS.BA": 9390,
  "MRK.BA": 20550,
  "MRNA.BA": 2165,
  "MRVL.BA": 6510,
  "MSFT.BA": 20875,
  "MSI.BA": 26375,
  "MSTR.BA": 25000,
  "MU.BA": 31325,
  "MUFG.BA": 17050,
  "MUX.BA": 6800,
  "NEC1.BA": 0,
  "NEM.BA": 24375,
  "NFLX.BA": 33475,
  "NG.BA": 22400,
  "NGG.BA": 45175,
  "NIO.BA": 1100,
  "NKE.BA": 7750,
  "NLM.BA": 0,
  "NMR.BA": 8040,
  "NOKA.BA": 6440,
  "NOW.BA": 7520,
  "NSAN.BA": 1545,
  "NTCO.BA": 6200,
  "NTCO3.BA": 2495,
  "NTES.BA": 12050,
  "NU.BA": 8580,
  "NUE.BA": 11025,
  "NVDA.BA": 8410,
  "NVS.BA": 38500,
  "NXE.BA": 8570,
  "ORAN.BA": 13200,
  "ORCL.BA": 98850,
  "ORLY.BA": 525,
  "OXY.BA": 11525,
  "PAAS.BA": 12025,
  "PAC.BA": 18000,
  "PAGS.BA": 3875,
  "PANW.BA": 5170,
  "PATH.BA": 8340,
  "PBI.BA": 14100,
  "PBR.BA": 16475,
  "PCAR.BA": 41575,
  "PCRF.BA": 0,
  "PDD.BA": 5340,
  "PEP.BA": 9490,
  "PETR3.BA": 8350,
  "PFE.BA": 8100,
  "PG.BA": 13300,
  "PHG.BA": 6070,
  "PINS.BA": 6460,
  "PKS.BA": 23775,
  "PLTR.BA": 58850,
  "PM.BA": 12500,
  "PSO.BA": 0,
  "PSQ.BA": 5320,
  "PSX.BA": 27275,
  "PYPL.BA": 11800,
  "QCOM.BA": 18325,
  "QQQ.BA": 34850,
  "RACE.BA": 7450,
  "RBLX.BA": 66050,
  "RCTB4.BA": 0,
  "RGTI.BA": 8460,
  "RIO.BA": 9270,
  "RIOT.BA": 4865,
  "ROKU.BA": 8580,
  "ROST.BA": 41475,
  "RTX.BA": 36550,
  "SAN.BA": 43975,
  "SAP.BA": 65050,
  "SATL.BA": 4220,
  "SBS.BA": 54000,
  "SBSP3.BA": 26650,
  "SBUX.BA": 9970,
  "SCCO.BA": 65300,
  "SCHW.BA": 0,
  "SDA.BA": 1530,
  "SE.BA": 5850,
  "SH.BA": 6230,
  "SHEL.BA": 44975,
  "SHOP.BA": 1325,
  "SID.BA": 15350,
  "SIEGY.BA": 6695.81591797,
  "SLB.BA": 15325,
  "SLV.BA": 7020,
  "SMH.BA": 7170,
  "SMSN.BA": 13143.82421875,
  "SNA.BA": 66950,
  "SNAP.BA": 11700,
  "SNOW.BA": 9390,
  "SONY.BA": 3965,
  "SPCE.BA": 7050,
  "SPGI.BA": 14700,
  "SPOT.BA": 32525,
  "SPXL.BA": 8810,
  "SPY.BA": 39175,
  "STLA.BA": 2560,
  "STNE.BA": 6840,
  "SUZ.BA": 11775,
  "SUZB3.BA": 12000,
  "SWKS.BA": 4625,
  "SYY.BA": 12100,
  "T.BA": 11925,
  "TCOM.BA": 38250,
  "TEAM.BA": 5860,
  "TEFO.BA": 805,
  "TEM.BA": 6130,
  "TEN.BA": 49000,
  "TGT.BA": 5400,
  "TIIAY.BA": 0,
  "TIMB.BA": 25000,
  "TIMS3.BA": 5110,
  "TJX.BA": 7100,
  "TM.BA": 14350,
  "TMO.BA": 24500,
  "TMUS.BA": 8900,
  "TRIP.BA": 11000,
  "TRVV.BA": 54000,
  "TSLA.BA": 25000,
  "TSM.BA": 32025,
  "TTE.BA": 26000,
  "TTM.BA": 8651,
  "TV.BA": 918,
  "TWLO.BA": 4250,
  "TXN.BA": 54550,
  "TXR.BA": 10225,
  "UAL.BA": 20525,
  "UBER.BA": 61400,
  "UGP.BA": 4150,
  "UL.BA": 25675,
  "UNH.BA": 11800,
  "UNP.BA": 14875,
  "UPST.BA": 19225,
  "URA.BA": 9350,
  "URBN.BA": 44300,
  "USB.BA": 11975,
  "V.BA": 24825,
  "VALE.BA": 6330,
  "VALE3.BA": 12675,
  "VEA.BA": 7200,
  "VIG.BA": 6680,
  "VIST.BA": 20300,
  "VIV.BA": 14500,
  "VIVT3.BA": 7450,
  "VOD.BA": 13650,
  "VRSN.BA": 60350,
  "VRTX.BA": 5850,
  "VST.BA": 9260,
  "VZ.BA": 13625,
  "WBA.BA": 4825,
  "WBO.BA": 2065,
  "WEGE3.BA": 9600,
  "WFC.BA": 20550,
  "WMT.BA": 6810,
  "X.BA": 21550,
  "XLB.BA": 6370,
  "XLC.BA": 7070,
  "XLE.BA": 55850,
  "XLF.BA": 32850,
  "XLI.BA": 6730,
  "XLK.BA": 7050,
  "XLP.BA": 6440,
  "XLRE.BA": 5830,
  "XLU.BA": 6850,
  "XLV.BA": 5890,
  "XLY.BA": 6410,
  "XOM.BA": 14350,
  "XP.BA": 6080,
  "XPEV.BA": 5660,
  "XROX.BA": 6900,
  "XYZ.BA": 4260,
  "YELP.BA": 21750,
  "YZCA.BA": 0.007,
  "ZM.BA": 2055,
  "ALUA.BA": 698,
  "ALUAC.BA": 0.55500001,
  "ALUAD.BA": 0.55800003,
  "BBAR.BA": 6770,
  "BBARC.BA": 5.3499999,
  "BBARD.BA": 5.36000013,
  "BMA.BA": 8850,
  "BMA.C.BA": 6.57999992,
  "BMA.D.BA": 7.05000019,
  "BYMA.BA": 197,
  "BYMAC.BA": 0.154,
  "BYMAD.BA": 0.156,
  "CEPU.BA": 1490,
  "COME.BA": 115.5,
  "CRES.BA": 1380,
  "CRESC.BA": 0.32300001,
  "EDN.BA": 1740,
  "EDNC.BA": 1.25999999,
  "GGAL.BA": 6370,
  "GGALC.BA": 4.94000006,
  "GGALD.BA": 5.03999996,
  "IRSAC.BA": 0,
  "IRSAD.BA": 1.47000003,
  "LOMA.BA": 2880,
  "LOMAD.BA": 2.32500005,
  "MIRG.BA": 21550,
  "PAMP.BA": 3780,
  "SUPV.BA": 2755,
  "SUPVD.BA": 2.17000008,
  "TECO2.BA": 2260,
  "TECOC.BA": 1.60000002,
  "TGNO4.BA": 2980,
  "TGSU2.BA": 7030,
  "TRAN.BA": 2190,
  "TXAR.BA": 625,
  "TXARD.BA": 0.49700001,
  "VALO.BA": 339,
  "VALOC.BA": 0.27900001,