{
  "AAL.BA": 9535,
  "AAP.BA": 5240,
  "AAPL.BA": 20480,
  "ABBV.BA": 32740,
  "ABEV.BA": 10890,
  "ABEV3.BA": 3622.5,
  "ABNB.BA": 12410,
  "ABT.BA": 47600,
  "ACN.BA": 4895,
  "ACWI.BA": 8135,
  "ADBE.BA": 11530,
  "ADGO.BA": 11640,
  "ADI.BA": 23130,
  "ADP.BA": 65650,
  "ADS.BA": 3942.14794922,
  "AEG.BA": 11220,
  "AEM.BA": 39460,
  "AHP.BA": 28.79999924,
  "AI.BA": 4817.5,
  "AIG.BA": 24520,
  "AKO.B.BA": 39000,
  "AMAT.BA": 70100,
  "AMD.BA": 38140,
  "AMGN.BA": 14970,
  "AMX.BA": 34500,
  "AMZN.BA": 2615,
  "ANF.BA": 103300,
  "ARCO.BA": 21030,
  "ARKK.BA": 12730,
  "ARM.BA": 8975,
  "ASML.BA": 10780,
  "ASR.BA": 22820,
  "AVGO.BA": 13730,
  "AVY.BA": 14580,
  "AXP.BA": 36360,
  "AZN.BA": 61700,
  "B.BA": 24060,
  "BA.BA": 12540,
  "BA.C.BA": 20200,
  "BABA.BA": 27620,
  "BAK.BA": 1823,
  "BAS.BA": 3197.76855469,
  "BAYN.BA": 3323.26293945,
  "BB.BA": 2343,
  "BBD.BA": 5130,
  "BBDC3.BA": 4340,
  "BBV.BA": 30280,
  "BCS.BA": 31940,
  "BHP.BA": 41100,
  "BIDU.BA": 17300,
  "BIIB.BA": 17860,
  "BIOX.BA": 2800,
  "BITF.BA": 29120,
  "BK.BA": 81875,
  "BKNG.BA": 11000,
  "BKR.BA": 10000,
  "BMY.BA": 23040,
  "BNG.BA": 28440,
  "BP.BA": 10710,
  "BPA11.BA": 13680,
  "BRFS.BA": 18200,
  "BRKB.BA": 33660,
  "BSBR.BA": 8865,
  "BSN.BA": 613.31298828,
  "C.BA": 50800,
  "CAAP.BA": 131975,
  "CAH.BA": 98400,
  "CAJ.BA": 4045.5,
  "CAR.BA": 8180,
  "CAT.BA": 41340,
  "CCL.BA": 13210,
  "CDE.BA": 20930,
  "CEG.BA": 12180,
  "CIBR.BA": 11440,
  "CL.BA": 38180,
  "CLS.BA": 25400,
  "COIN.BA": 17290,
  "COST.BA": 29680,
  "CRM.BA": 21390,
  "CSCO.BA": 22000,
  "CSNA3.BA": 2505,
  "CVS.BA": 7880,
  "CVX.BA": 14560,
  "CX.BA": 15270,
  "DAL.BA": 10550,
  "DD.BA": 11230,
  "DE.BA": 17680,
  "DECK.BA": 4842.5,
  "DEO.BA": 23450,
  "DESP.BA": 22600,
  "DHR.BA": 5995,
  "DIA.BA": 35560,
  "DISN.BA": 14050,
  "DOCU.BA": 4860,
  "DOW.BA": 5740,
  "DTEA.BA": 0,
  "E.BA": 13830,
  "EA.BA": 21710,
  "EBAY.BA": 61750,
  "EBR.BA": 63100,
  "EEM.BA": 16600,
  "EFA.BA": 7845,
  "EFX.BA": 19660,
  "ELP.BA": 45520,
  "EOAN.BA": 236.04100037,
  "EQNR.BA": 6140,
  "ERIC.BA": 7430,
  "ERJ.BA": 97100,
  "ETHA.BA": 7450,
  "ETSY.BA": 5565,
  "EWJ.BA": 8925,
  "EWZ.BA": 23660,
  "F.BA": 19440,
  "FCX.BA": 19890,
  "FDX.BA": 38080,
  "FMCC.BA": 0,
  "FMX.BA": 23130,
  "FNMA.BA": 16160,
  "FSLR.BA": 22090,
  "FXI.BA": 11900,
  "GDX.BA": 10410,
  "GE.BA": 57625,
  "GFI.BA": 53575,
  "GGB.BA": 20720,
  "GILD.BA": 46520,
  "GLD.BA": 10960,
  "GLOB.BA": 4967.5,
  "GLW.BA": 32220,
  "GM.BA": 16930,
  "GOOGL.BA": 7235,
  "GPRK.BA": 11960,
  "GRMN.BA": 103800,
  "GS.BA": 91925,
  "GSK.BA": 17680,
  "GT.BA": 5560,
  "HAL.BA": 20330,
  "HAPV3.BA": 8495,
  "HD.BA": 18120,
  "HDB.BA": 27180,
  "HHPD.BA": 0,
  "HL.BA": 18200,
  "HMC.BA": 46580,
  "HMY.BA": 23070,
  "HNPIY.BA": 6140,
  "HOG.BA": 12880,
  "HON.BA": 36980,
  "HPQ.BA": 39600,
  "HSBC.BA": 52625,
  "HSY.BA": 12010,
  "HUT.BA": 370575,
  "HWM.BA": 309725,
  "IBB.BA": 8800,
  "IBIT.BA": 8670,
  "IBM.BA": 30300,
  "IBN.BA": 46160,
  "IEMG.BA": 8560,
  "IEUR.BA": 9340,
  "IFF.BA": 7760,
  "IJH.BA": 8095,
  "INFY.BA": 24810,
  "ING.BA": 12750,
  "INTC.BA": 11320,
  "IP.BA": 13840,
  "ISRG.BA": 8860,
  "ITA.BA": 6425,
  "ITUB.BA": 11190,
  "ITUB3.BA": 9885,
  "IVE.BA": 7855,
  "IVW.BA": 9315,
  "IWDA.BA": 0,
  "IWM.BA": 36600,
  "JBSS3.BA": 8320,
  "JCI.BA": 80000,
  "JD.BA": 12130,
  "JMIA.BA": 16240,
  "JNJ.BA": 18880,
  "JOYY.BA": 17750,
  "JPM.BA": 31180,
  "KB.BA": 63500,
  "KEP.BA": 23600,
  "KGC.BA": 34300,
  "KMB.BA": 25500,
  "KO.BA": 20780,
  "KOFM.BA": 65200,
  "LAC.BA": 7010,
  "LAR.BA": 5600,
  "LFC.BA": 1074.5,
  "LLY.BA": 24400,
  "LMT.BA": 36560,
  "LRCX.BA": 4230,
  "LREN3.BA": 4170,
  "LVS.BA": 46520,
  "LYG.BA": 3520,
  "MA.BA": 25420,
  "MBG.BA": 3807.20898438,
  "MBT.BA": 650,
  "MCD.BA": 18820,
  "MDLZ.BA": 5665,
  "MDT.BA": 34180,
  "MELI.BA": 29460,
  "META.BA": 39700,
  "MFG.BA": 10150,
  "MGLU3.BA": 2350,
  "MMC.BA": 17010,
  "MMM.BA": 24400,
  "MO.BA": 21610,
  "MOS.BA": 7985,
  "MRK.BA": 25360,
  "MRNA.BA": 1908,
  "MRVL.BA": 9585,
  "MSFT.BA": 25940,
  "MSI.BA": 29920,
  "MSTR.BA": 18780,
  "MU.BA": 66875,
  "MUFG.BA": 22820,
  "MUX.BA": 12840,
  "NATU3.BA": 2550,
  "NEC1.BA": 0,
  "NEM.BA": 39860,
  "NFLX.BA": 34360,
  "NG.BA": 46980,
  "NGG.BA": 56750,
  "NIO.BA": 2727.5,
  "NKE.BA": 7750,
  "NLM.BA": 0,
  "NMR.BA": 10490,
  "NOKA.BA": 10300,
  "NOW.BA": 7730,
  "NSAN.BA": 1545,
  "NTCO.BA": 6200,
  "NTES.BA": 14940,
  "NU.BA": 11980,
  "NUE.BA": 13720,
  "NVDA.BA": 12560,
  "NVS.BA": 47060,
  "NXE.BA": 13570,
  "ORAN.BA": 13200,
  "ORCL.BA": 124675,
  "ORLY.BA": 643.5,
  "OXY.BA": 12140,
  "PAAS.BA": 16800,
  "PAC.BA": 20260,
  "PAGS.BA": 4685,
  "PANW.BA": 6470,
  "PATH.BA": 10820,
  "PBI.BA": 14650,
  "PBR.BA": 17930,
  "PCAR.BA": 48940,
  "PCRF.BA": 0,
  "PDD.BA": 8090,
  "PEP.BA": 11980,
  "PETR3.BA": 9020,
  "PFE.BA": 9215,
  "PG.BA": 14850,
  "PHG.BA": 8515,
  "PINS.BA": 7205,
  "PKS.BA": 27300,
  "PLTR.BA": 95025,
  "PM.BA": 12440,
  "PSO.BA": 0,
  "PSQ.BA": 5730,
  "PSX.BA": 34200,
  "PYPL.BA": 12570,
  "QCOM.BA": 24130,
  "QQQ.BA": 46900,
  "RACE.BA": 7310,
  "RBLX.BA": 78675,
  "RCTB4.BA": 0,
  "RGTI.BA": 27300,
  "RIO.BA": 12830,
  "RIOT.BA": 9830,
  "ROKU.BA": 12200,
  "ROST.BA": 61650,
  "RTX.BA": 53400,
  "SAN.BA": 60375,
  "SAP.BA": 65650,
  "SATL.BA": 2625,
  "SBS.BA": 75300,
  "SBSP3.BA": 37400,
  "SBUX.BA": 9920,
  "SCCO.BA": 99125,
  "SCHW.BA": 0,
  "SDA.BA": 1409,
  "SE.BA": 7355,
  "SH.BA": 6960,
  "SHEL.BA": 55750,
  "SHOP.BA": 2335,
  "SI.BA": 22.45000076,
  "SID.BA": 19840,
  "SIEGY.BA": 6695.81591797,
  "SLB.BA": 18190,
  "SLV.BA": 10820,
  "SMH.BA": 10770,
  "SMSN.BA": 13143.82421875,
  "SNA.BA": 85075,
  "SNAP.BA": 11430,
  "SNOW.BA": 13270,
  "SONY.BA": 5295,
  "SPCE.BA": 10650,
  "SPGI.BA": 16830,
  "SPHQ.BA": 7905,
  "SPOT.BA": 33760,
  "SPXL.BA": 13200,
  "SPY.BA": 51175,
  "STLA.BA": 2960,
  "STNE.BA": 9540,
  "SUZ.BA": 13850,
  "SUZB3.BA": 13570,
  "SWKS.BA": 5500,
  "SYY.BA": 13830,
  "T.BA": 12270,
  "TCOM.BA": 52625,
  "TEAM.BA": 5330,
  "TEFO.BA": 811,
  "TEM.BA": 10900,
  "TEN.BA": 59850,
  "TGT.BA": 5685,
  "TIIAY.BA": 0,
  "TIMB.BA": 34660,
  "TIMS3.BA": 6735,
  "TJX.BA": 9885,
  "TM.BA": 20640,
  "TMO.BA": 38900,
  "TMUS.BA": 9550,
  "TQQQ.BA": 6755,
  "TRIP.BA": 11190,
  "TRVV.BA": 69200,
  "TSLA.BA": 45100,
  "TSM.BA": 49920,
  "TTE.BA": 30920,
  "TTM.BA": 8651,
  "TV.BA": 1362,
  "TWLO.BA": 5450,
  "TXN.BA": 48280,
  "TXR.BA": 13380,
  "UAL.BA": 27740,
  "UBER.BA": 71100,
  "UGP.BA": 5975,
  "UL.BA": 30720,
  "UNH.BA": 15200,
  "UNP.BA": 16570,
  "UPST.BA": 14220,
  "URA.BA": 15120,
  "URBN.BA": 46700,
  "USB.BA": 14080,
  "USO.BA": 7260,
  "V.BA": 28500,
  "VALE.BA": 9000,
  "VALE3.BA": 18000,
  "VEA.BA": 9145,
  "VIG.BA": 8375,
  "VIST.BA": 24610,
  "VIV.BA": 18350,
  "VIVT3.BA": 9035,
  "VOD.BA": 16870,
  "VRSN.BA": 60225,
  "VRTX.BA": 6385,
  "VST.BA": 10820,
  "VXX.BA": 10640,
  "VZ.BA": 14880,
  "WBA.BA": 5360,
  "WBO.BA": 2667.5,
  "WEGE3.BA": 11970,
  "WFC.BA": 26360,
  "WMT.BA": 8595,
  "X.BA": 21550,
  "XLB.BA": 7125,
  "XLC.BA": 8985,
  "XLE.BA": 65975,
  "XLF.BA": 39540,
  "XLI.BA": 8235,
  "XLK.BA": 9680,
  "XLP.BA": 7205,
  "XLRE.BA": 6890,
  "XLU.BA": 8985,
  "XLV.BA": 7590,
  "XLY.BA": 8405,
  "XOM.BA": 17290,
  "XP.BA": 6810,
  "XPEV.BA": 8520,
  "XROX.BA": 4592.5,
  "XYZ.BA": 5520,
  "YELP.BA": 23930,
  "YZCA.BA": 0.007,
  "ZM.BA": 2692.5,
  "ALUA.BA": 970.5,
  "ALUAC.BA": 0.64999998,
  "ALUAD.BA": 0.65700001,
  "BBAR.BA": 8585,
  "BBARC.BA": 2.64280009,
  "BBARD.BA": 5.78999996,
  "BMA.BA": 13510,
  "BMA.C.BA": 9.10000038,
  "BMA.D.BA": 9.06999969,
  "BYMA.BA": 317.75,
  "BYMAC.BA": 0.125,
  "BYMAD.BA": 0.215,
  "CEPU.BA": 2428,
  "COME.BA": 60,
  "CRES.BA": 1839,
  "CRESC.BA": 0.76752502,
  "EDN.BA": 2645,
  "EDNC.BA": 0.78100002,
  "EDND.BA": 1.78999996,
  "GGAL.BA": 9065,
  "GGALC.BA": 6,
  "GGALD.BA": 6.09000015,
  "IRSAC.BA": 1.03009999,
  "IRSAD.BA": 1.375,
  "LOMA.BA": 3255,
  "LOMAD.BA": 2.17000008,
  "MIRG.BA": 22025,