{
  "AAL.BA": 10210,
  "AAP.BA": 6020,
  "AAPL.BA": 23510,
  "ABBV.BA": 33600,
  "ABEV.BA": 14200,
  "ABEV3.BA": 4650,
  "ABNB.BA": 13780,
  "ABT.BA": 34400,
  "ACN.BA": 3640,
  "ACWI.BA": 9175,
  "ADBE.BA": 9045,
  "ADGO.BA": 18380,
  "ADI.BA": 42600,
  "ADP.BA": 59275,
  "ADS.BA": 3942.14794922,
  "AEG.BA": 12630,
  "AEM.BA": 44740,
  "AHP.BA": 28.79999924,
  "AI.BA": 3210,
  "AIG.BA": 21980,
  "AKO.B.BA": 43640,
  "ALAB.BA": 11920,
  "AMAT.BA": 147425,
  "AMD.BA": 77000,
  "AMGN.BA": 17500,
  "AMX.BA": 38620,
  "AMZN.BA": 2660,
  "ANET.BA": 8320,
  "ANF.BA": 117400,
  "ARCO.BA": 25000,
  "ARKK.BA": 12060,
  "ARM.BA": 21060,
  "ASML.BA": 17580,
  "ASR.BA": 22440,
  "ASTS.BA": 10700,
  "AVGO.BA": 15760,
  "AVY.BA": 13170,
  "AXIA.BA": 60300,
  "AXP.BA": 31500,
  "AZN.BA": 68650,
  "B.BA": 32620,
  "BA.BA": 13580,
  "BA.C.BA": 20150,
  "BABA.BA": 21230,
  "BAK.BA": 2822.5,
  "BAS.BA": 1770.88269043,
  "BAYN.BA": 3323.26293945,
  "BB.BA": 5250,
  "BBD.BA": 5155,
  "BBDC3.BA": 4455,
  "BBV.BA": 34680,
  "BCS.BA": 37420,
  "BHP.BA": 67675,
  "BIDU.BA": 18280,
  "BIIB.BA": 22940,
  "BIOX.BA": 714.5,
  "BKNG.BA": 373.75,
  "BKR.BA": 13600,
  "BMNR.BA": 3270,
  "BMY.BA": 28540,
  "BNG.BA": 39560,
  "BNY.BA": 108050,
  "BP.BA": 13090,
  "BPA11.BA": 15250,
  "BRFS.BA": 18200,
  "BRKB.BA": 32880,
  "BSBR.BA": 8185,
  "BSN.BA": 613.31298828,
  "BX.BA": 5785,
  "C.BA": 66875,
  "CAAP.BA": 158325,
  "CAH.BA": 99025,
  "CAJ.BA": 4045.5,
  "CAR.BA": 10180,
  "CAT.BA": 69625,
  "CBRD.BA": 459,
  "CCJ.BA": 7475,
  "CCL.BA": 13660,
  "CDE.BA": 27980,
  "CEG.BA": 8830,
  "CIBR.BA": 13450,
  "CL.BA": 43160,
  "CLS.BA": 30860,
  "COIN.BA": 9275,
  "COP.BA": 7150,
  "COPX.BA": 9755,
  "COST.BA": 31120,
  "CRM.BA": 16140,
  "CRWD.BA": 12960,
  "CRWV.BA": 5925,
  "CSCO.BA": 38040,
  "CSNA3.BA": 1987,
  "CVS.BA": 9505,
  "CVX.BA": 17800,
  "CX.BA": 19560,
  "DAL.BA": 15150,
  "DD.BA": 14610,
  "DE.BA": 22700,
  "DECK.BA": 6570,
  "DEO.BA": 19950,
  "DESP.BA": 22600,
  "DHR.BA": 5160,
  "DIA.BA": 38920,
  "DISN.BA": 12700,
  "DOCU.BA": 3680,
  "DOW.BA": 8770,
  "DTEA.BA": 0,
  "E.BA": 20550,
  "EA.BA": 21870,
  "EBAY.BA": 82300,
  "ECL.BA": 6990,
  "EEM.BA": 20650,
  "EFA.BA": 8820,
  "EFX.BA": 16100,
  "ELPC.BA": 50400,
  "EMBJ.BA": 84550,
  "EOAN.BA": 236.04100037,
  "EQNR.BA": 9690,
  "ERIC.BA": 9905,
  "ESGU.BA": 8320,
  "ETHA.BA": 4067.5,
  "ETSY.BA": 6335,
  "EWJ.BA": 10070,
  "EWY.BA": 5980,
  "EWZ.BA": 26200,
  "F.BA": 23400,
  "FCX.BA": 35560,
  "FDX.BA": 50075,
  "FISV.BA": 7770,
  "FMCC.BA": 11900,
  "FMX.BA": 30480,
  "FNMA.BA": 10200,
  "FSLR.BA": 25800,
  "FXI.BA": 10720,
  "GDX.BA": 13170,
  "GE.BA": 60575,
  "GFI.BA": 58475,
  "GGB.BA": 28460,
  "GILD.BA": 49000,
  "GLD.BA": 12430,
  "GLNG.BA": 7825,
  "GLOB.BA": 3402.5,
  "GLW.BA": 71125,
  "GM.BA": 20920,
  "GOOGL.BA": 9595,
  "GPRK.BA": 16390,
  "GRMN.BA": 120225,
  "GS.BA": 124125,
  "GSK.BA": 19190,
  "GT.BA": 4395,
  "HAL.BA": 30920,
  "HAPV3.BA": 3357.5,
  "HD.BA": 14800,
  "HDB.BA": 18200,
  "HHPD.BA": 0,
  "HIMS.BA": 11070,
  "HL.BA": 25580,
  "HMC.BA": 42380,
  "HMY.BA": 26300,
  "HNPIY.BA": 6140,
  "HOG.BA": 12430,
  "HON.BA": 41800,
  "HOOD.BA": 4425,
  "HPQ.BA": 39820,
  "HSBC.BA": 68850,
  "HSY.BA": 13260,
  "HUT.BA": 37180,
  "HWM.BA": 377725,
  "IBB.BA": 9615,
  "IBIT.BA": 5490,
  "IBM.BA": 30560,
  "IBN.BA": 39440,
  "ICLN.BA": 6900,
  "IEMG.BA": 10480,
  "IEUR.BA": 10400,
  "IFF.BA": 9320,
  "IJH.BA": 9470,
  "ILF.BA": 8570,
  "INFY.BA": 19200,
  "ING.BA": 15320,
  "INTC.BA": 32980,
  "IP.BA": 13010,
  "IREN.BA": 7640,
  "ISRG.BA": 7100,
  "ITA.BA": 6920,
  "ITUB.BA": 11530,
  "ITUB3.BA": 11990,
  "IVE.BA": 8660,
  "IVV.BA": 1659,
  "IVW.BA": 10480,
  "IWDA.BA": 0,
  "IWM.BA": 43740,
  "JBSS3.BA": 8320,
  "JCI.BA": 114850,
  "JD.BA": 11120,
  "JMIA.BA": 10630,
  "JNJ.BA": 23030,
  "JOYY.BA": 20570,
  "JPM.BA": 31120,
  "KB.BA": 78800,
  "KEEL.BA": 45600,
  "KEP.BA": 19370,
  "KGC.BA": 43740,
  "KMB.BA": 24020,
  "KO.BA": 23870,
  "KOFM.BA": 80650,
  "LAC.BA": 7770,
  "LAR.BA": 14930,
  "LFC.BA": 1074.5,
  "LLY.BA": 30280,
  "LMT.BA": 39140,
  "LND.BA": 5595,
  "LRCX.BA": 8945,
  "LREN3.BA": 4432.5,
  "LVS.BA": 38660,
  "LYG.BA": 4107.5,
  "MA.BA": 22280,
  "MBG.BA": 3807.20898438,
  "MBT.BA": 650,
  "MCD.BA": 17440,
  "MDLZ.BA": 6195,
  "MDT.BA": 31020,
  "MELI.BA": 20950,
  "META.BA": 40100,
  "MFG.BA": 14780,
  "MGLU3.BA": 1576,
  "MMM.BA": 23180,
  "MO.BA": 26760,
  "MOS.BA": 6945,
  "MP.BA": 10060,
  "MRK.BA": 36200,
  "MRNA.BA": 4067.5,
  "MRSH.BA": 15300,
  "MRVL.BA": 30980,
  "MSFT.BA": 21670,
  "MSI.BA": 31240,
  "MSTR.BA": 9860,
  "MU.BA": 300950,
  "MUFG.BA": 29420,
  "MUX.BA": 16180,
  "NATU3.BA": 2747.5,
  "NBIS.BA": 13600,
  "NEC1.BA": 0,
  "NEE.BA": 6760,
  "NEM.BA": 55150,
  "NFLX.BA": 2610,
  "NG.BA": 50300,
  "NGG.BA": 61650,
  "NIO.BA": 2170,
  "NKE.BA": 5485,
  "NLM.BA": 0,
  "NMR.BA": 12660,
  "NOKA.BA": 23920,
  "NOW.BA": 1067,
  "NSAN.BA": 1545,
  "NTCO.BA": 6200,
  "NTES.BA": 13400,
  "NU.BA": 9115,
  "NUE.BA": 24690,
  "NVDA.BA": 13420,
  "NVO.BA": 9470,
  "NVS.BA": 54500,
  "NXE.BA": 17600,
  "O.BA": 7015,
  "OKLO.BA": 3460,
  "ONDS.BA": 8935,
  "ORAN.BA": 13200,
  "ORCL.BA": 117625,
  "ORLY.BA": 607.5,
  "OXY.BA": 17680,
  "PAAS.BA": 27240,
  "PAC.BA": 22870,
  "PAGS.BA": 4475,
  "PANW.BA": 8195,
  "PATH.BA": 8890,
  "PBI.BA": 24650,
  "PBR.BA": 27140,
  "PCAR.BA": 57975,
  "PCRF.BA": 0,
  "PDD.BA": 5240,
  "PEP.BA": 12060,
  "PETR3.BA": 13970,
  "PFE.BA": 9765,
  "PG.BA": 14280,
  "PHG.BA": 7640,
  "PINS.BA": 4700,
  "PKS.BA": 33240,
  "PLTR.BA": 71700,
  "PM.BA": 15040,
  "PSO.BA": 0,
  "PSQ.BA": 4785,
  "PSX.BA": 45640,
  "PYPL.BA": 8145,
  "QCOM.BA": 32820,
  "QQQ.BA": 55600,
  "RACE.BA": 6350,
  "RBLX.BA": 33280,
  "RCTB4.BA": 0,
  "RGTI.BA": 17790,
  "RIO.BA": 20020,
  "RIOT.BA": 13460,
  "RKLB.BA": 14830,
  "ROKU.BA": 14500,
  "ROST.BA": 88325,
  "RTX.BA": 54200,
  "SAN.BA": 75375,
  "SAP.BA": 48040,
  "SATL.BA": 12480,
  "SBS.BA": 16370,
  "SBSP3.BA": 8155,
  "SBUX.BA": 12170,
  "SCCO.BA": 146700,
  "SCHW.BA": 0,
  "SDA.BA": 1025,
  "SE.BA": 4365,
  "SH.BA": 6210,
  "SHEL.BA": 64875,
  "SHOP.BA": 1633,
  "SI.BA": 22.45000076,
  "SID.BA": 15850,
  "SIEGY.BA": 6695.81591797,
  "SLB.BA": 28740,
  "SLV.BA": 16850,
  "SMH.BA": 18560,
  "SMSN.BA": 13143.82421875,
  "SNA.BA": 95500,
  "SNAP.BA": 9225,
  "SNDK.BA": 15930,
  "SNOW.BA": 12400,
  "SONY.BA": 4170,
  "SPCE.BA": 15000,
  "SPGI.BA": 14240,
  "SPHQ.BA": 9340,
  "SPOT.BA": 27000,
  "SPXL.BA": 17010,
  "SPY.BA": 19000,
  "STLA.BA": 2249,
  "STNE.BA": 5405,
  "SUZ.BA": 12220,
  "SUZB3.BA": 12250,
  "SWKS.BA": 5500,
  "SYY.BA": 14300,
  "T.BA": 11960,
  "TCOM.BA": 37040,
  "TEAM.BA": 3355,
  "TEFO.BA": 727.5,
  "TEM.BA": 6280,
  "TEN.BA": 95500,
  "TGT.BA": 7910,
  "TIIAY.BA": 0,
  "TIMB.BA": 33160,
  "TIMS3.BA": 6585,
  "TJX.BA": 11500,
  "TM.BA": 18010,
  "TMO.BA": 33240,
  "TMUS.BA": 8540,
  "TQQQ.BA": 5055,
  "TRIP.BA": 9070,
  "TRVV.BA": 73400,
  "TSLA.BA": 42520,
  "TSM.BA": 72900,
  "TTE.BA": 45060,
  "TTM.BA": 8651,
  "TV.BA": 1337,
  "TWLO.BA": 9750,
  "TXN.BA": 92250,
  "TXR.BA": 18880,
  "UAL.BA": 32020,
  "UBER.BA": 55175,
  "UGP.BA": 7390,
  "UL.BA": 27940,
  "UNH.BA": 18220,
  "UNP.BA": 19920,
  "UPST.BA": 9640,
  "URA.BA": 15060,
  "URBN.BA": 55500,
  "USB.BA": 16100,
  "USO.BA": 13600,
  "V.BA": 27160,
  "VALE.BA": 12000,
  "VALE3.BA": 26000,
  "VEA.BA": 10820,
  "VIG.BA": 9150,
  "VIST.BA": 38000,
  "VIV.BA": 19910,
  "VIVT3.BA": 10110,
  "VOD.BA": 23030,
  "VRSN.BA": 75675,
  "VRTX.BA": 6655,
  "VST.BA": 8830,
  "VXX.BA": 7245,
  "VZ.BA": 17730,
  "WBA.BA": 5360,
  "WBO.BA": 2012,
  "WEGE3.BA": 12550,
  "WFC.BA": 24530,
  "WMT.BA": 10040,
  "X.BA": 21550,
  "XLB.BA": 4340,
  "XLC.BA": 9105,
  "XLE.BA": 44020,
  "XLF.BA": 39380,
  "XLI.BA": 9405,
  "XLK.BA": 6240,
  "XLP.BA": 7860,
  "XLRE.BA": 7375,
  "XLU.BA": 4415,
  "XLV.BA": 7910,
  "XLY.BA": 4130,
  "XME.BA": 6525,
  "XOM.BA": 22840,
  "XP.BA": 5920,
  "XPEV.BA": 6390,
  "XROX.BA": 5090,
  "XYZ.BA": 5450,
  "YELP.BA": 16500,