{
  "AAL.BA": 7530,
  "AAP.BA": 5160,
  "AAPL.BA": 13850,
  "ABBV.BA": 26725,
  "ABEV.BA": 8920,
  "ABEV3.BA": 3065,
  "ABNB.BA": 11600,
  "ABT.BA": 43500,
  "ACN.BA": 4640,
  "ACWI.BA": 6770,
  "ADBE.BA": 10825,
  "ADGO.BA": 12125,
  "ADI.BA": 20250,
  "ADP.BA": 68450,
  "ADS.BA": 3942.14794922,
  "AEG.BA": 9520,
  "AEM.BA": 28550,
  "AHP.BA": 28.79999924,
  "AI.BA": 6130,
  "AIG.BA": 21025,
  "AKO.B.BA": 31000,
  "AMAT.BA": 49200,
  "AMD.BA": 23475,
  "AMGN.BA": 13475,
  "AMX.BA": 24475,
  "AMZN.BA": 2045,
  "ANF.BA": 123250,
  "ARCO.BA": 17900,
  "ARKK.BA": 9750,
  "ARM.BA": 7220,
  "ASML.BA": 6460,
  "ASR.BA": 20750,
  "AVGO.BA": 10150,
  "AVY.BA": 12650,
  "AXP.BA": 26875,
  "AZN.BA": 50600,
  "B.BA": 14575,
  "BA.BA": 12600,
  "BA.C.BA": 15550,
  "BABA.BA": 17800,
  "BAK.BA": 2090,
  "BAS.BA": 3197.76855469,
  "BAYN.BA": 3323.26293945,
  "BB.BA": 1650,
  "BBD.BA": 3830,
  "BBDC3.BA": 3350,
  "BBV.BA": 22850,
  "BCS.BA": 26025,
  "BHP.BA": 34750,
  "BIDU.BA": 10725,
  "BIIB.BA": 13900,
  "BIOX.BA": 4710,
  "BITF.BA": 8000,
  "BK.BA": 68100,
  "BKNG.BA": 10350,
  "BKR.BA": 8360,
  "BMY.BA": 20175,
  "BNG.BA": 21275,
  "BP.BA": 8660,
  "BPA11.BA": 9590,
  "BRFS.BA": 14775,
  "BRKB.BA": 29400,
  "BSBR.BA": 6430,
  "BSN.BA": 613.31298828,
  "C.BA": 41900,
  "CAAP.BA": 106650,
  "CAH.BA": 71050,
  "CAJ.BA": 4045.5,
  "CAR.BA": 8580,
  "CAT.BA": 29275,
  "CBRD.BA": 459,
  "CCL.BA": 13150,
  "CDE.BA": 11925,
  "CEG.BA": 10400,
  "CIBR.BA": 9790,
  "CL.BA": 38100,
  "CLS.BA": 13375,
  "COIN.BA": 16025,
  "COST.BA": 27200,
  "CRM.BA": 19050,
  "CSCO.BA": 18325,
  "CSNA3.BA": 1905,
  "CVS.BA": 6020,
  "CVX.BA": 12900,
  "CX.BA": 11400,
  "DAL.BA": 8700,
  "DD.BA": 19150,
  "DE.BA": 17075,
  "DECK.BA": 5620,
  "DEO.BA": 22250,
  "DESP.BA": 22600,
  "DHR.BA": 4960,
  "DIA.BA": 29750,
  "DISN.BA": 13250,
  "DOCU.BA": 4565,
  "DOW.BA": 4975,
  "DTEA.BA": 0,
  "E.BA": 11675,
  "EA.BA": 15300,
  "EBAY.BA": 62950,
  "EBR.BA": 37200,
  "EEM.BA": 13200,
  "EFA.BA": 6660,
  "EFX.BA": 20500,
  "ELP.BA": 35700,
  "EOAN.BA": 236.04100037,
  "EQNR.BA": 5330,
  "ERIC.BA": 4940,
  "ERJ.BA": 77800,
  "ETHA.BA": 7270,
  "ETSY.BA": 5020,
  "EWJ.BA": 7220,
  "EWZ.BA": 18250,
  "F.BA": 14775,
  "FCX.BA": 18275,
  "FDX.BA": 29725,
  "FMCC.BA": 0,
  "FMX.BA": 20200,
  "FMX.B.BA": 0,
  "FNMA.BA": 10700,
  "FSLR.BA": 13975,
  "FXI.BA": 10100,
  "GDX.BA": 7190,
  "GE.BA": 45975,
  "GFI.BA": 35150,
  "GGB.BA": 15625,
  "GILD.BA": 38675,
  "GLD.BA": 8470,
  "GLOB.BA": 6060,
  "GLW.BA": 21175,
  "GM.BA": 11925,
  "GOOGL.BA": 4445,
  "GPRK.BA": 8720,
  "GRMN.BA": 99700,
  "GS.BA": 74550,
  "GSK.BA": 12875,
  "GT.BA": 6910,
  "HAL.BA": 14750,
  "HAPV3.BA": 8010,
  "HD.BA": 15975,
  "HDB.BA": 52750,
  "HHPD.BA": 0,
  "HL.BA": 7750,
  "HMC.BA": 42800,
  "HMY.BA": 19400,
  "HNPIY.BA": 6140,
  "HOG.BA": 11000,
  "HON.BA": 37175,
  "HPQ.BA": 33400,
  "HSBC.BA": 42050,
  "HSY.BA": 12250,
  "HUT.BA": 135250,
  "HWM.BA": 251500,
  "IBB.BA": 6750,
  "IBIT.BA": 8800,
  "IBM.BA": 22700,
  "IBN.BA": 45975,
  "IEMG.BA": 6840,
  "IEUR.BA": 7960,
  "IFF.BA": 7920,
  "IJH.BA": 7050,
  "INFY.BA": 22400,
  "ING.BA": 10300,
  "INTC.BA": 5290,
  "IP.BA": 15875,
  "ISRG.BA": 7710,
  "ITUB.BA": 8640,
  "ITUB3.BA": 7620,
  "IVE.BA": 6670,
  "IVW.BA": 7630,
  "IWM.BA": 29375,
  "JBSS3.BA": 8320,
  "JCI.BA": 68150,
  "JD.BA": 10550,
  "JMIA.BA": 6070,
  "JNJ.BA": 15275,
  "JOYY.BA": 13375,
  "JPM.BA": 26325,
  "KB.BA": 53650,
  "KEP.BA": 17925,
  "KGC.BA": 22200,
  "KMB.BA": 29750,
  "KO.BA": 18850,
  "KOFM.BA": 57200,
  "LAC.BA": 3505,
  "LAR.BA": 3575,
  "LFC.BA": 1074.5,
  "LLY.BA": 18650,
  "LMT.BA": 28850,
  "LRCX.BA": 2345,
  "LVS.BA": 35700,
  "LYG.BA": 3000,
  "MA.BA": 23175,
  "MBG.BA": 3807.20898438,
  "MBT.BA": 650,
  "MCD.BA": 17275,
  "MDLZ.BA": 5850,
  "MDT.BA": 30475,
  "MELI.BA": 27100,
  "META.BA": 42725,
  "MFG.BA": 8100,
  "MGLU3.BA": 1800,
  "MMC.BA": 16850,
  "MMM.BA": 19750,
  "MO.BA": 21125,
  "MOS.BA": 9670,
  "MRK.BA": 21750,
  "MRNA.BA": 1985,
  "MRVL.BA": 7290,
  "MSFT.BA": 23900,
  "MSI.BA": 29825,
  "MSTR.BA": 25350,
  "MU.BA": 28650,
  "MUFG.BA": 18950,
  "MUX.BA": 6900,
  "NATU3.BA": 2165,
  "NEC1.BA": 0,
  "NEM.BA": 28575,
  "NFLX.BA": 32950,
  "NG.BA": 28775,
  "NGG.BA": 49175,
  "NIO.BA": 1700,
  "NKE.BA": 8480,
  "NLM.BA": 0,
  "NMR.BA": 9080,
  "NOKA.BA": 5490,
  "NOW.BA": 7230,
  "NSAN.BA": 1545,
  "NTCO.BA": 6200,
  "NTES.BA": 12475,
  "NU.BA": 8230,
  "NUE.BA": 11825,
  "NVDA.BA": 9890,
  "NVS.BA": 39500,
  "NXE.BA": 8530,
  "ORAN.BA": 13200,
  "ORCL.BA": 111550,
  "ORLY.BA": 614,
  "OXY.BA": 11825,
  "PAAS.BA": 12300,
  "PAC.BA": 19450,
  "PAGS.BA": 3515,
  "PANW.BA": 4745,
  "PATH.BA": 7600,
  "PBI.BA": 15375,
  "PBR.BA": 17325,
  "PCAR.BA": 44000,
  "PCRF.BA": 0,
  "PDD.BA": 6020,
  "PEP.BA": 10600,
  "PETR3.BA": 8640,
  "PFE.BA": 8020,
  "PG.BA": 13775,
  "PHG.BA": 7200,
  "PINS.BA": 7370,
  "PKS.BA": 23625,
  "PLTR.BA": 70450,
  "PM.BA": 12450,
  "PSO.BA": 0,
  "PSQ.BA": 5770,
  "PSX.BA": 27300,
  "PYPL.BA": 11450,
  "QCOM.BA": 18450,
  "QQQ.BA": 37850,
  "RACE.BA": 7180,
  "RBLX.BA": 85900,
  "RCTB4.BA": 0,
  "RGTI.BA": 9660,
  "RIO.BA": 10200,
  "RIOT.BA": 5060,
  "ROKU.BA": 8450,
  "ROST.BA": 46850,
  "RTX.BA": 43000,
  "SAN.BA": 45825,
  "SAP.BA": 64450,
  "SATL.BA": 4480,
  "SBS.BA": 53550,
  "SBSP3.BA": 26025,
  "SBUX.BA": 9910,
  "SCCO.BA": 62650,
  "SCHW.BA": 0,
  "SDA.BA": 1470,
  "SE.BA": 6570,
  "SH.BA": 6800,
  "SHEL.BA": 49200,
  "SHOP.BA": 1505,
  "SID.BA": 15250,
  "SIEGY.BA": 6695.81591797,
  "SLB.BA": 15075,
  "SLV.BA": 7650,
  "SMH.BA": 7790,
  "SMSN.BA": 13143.82421875,
  "SNA.BA": 72450,
  "SNAP.BA": 12300,
  "SNOW.BA": 9300,
  "SONY.BA": 4180,
  "SPCE.BA": 10100,
  "SPGI.BA": 16600,
  "SPOT.BA": 30600,
  "SPXL.BA": 9570,
  "SPY.BA": 42575,
  "STLA.BA": 2415,
  "STNE.BA": 5700,
  "SUZ.BA": 12700,
  "SUZB3.BA": 12500,
  "SWKS.BA": 4350,
  "SYY.BA": 13675,
  "T.BA": 12650,
  "TCOM.BA": 41375,
  "TEAM.BA": 5330,
  "TEFO.BA": 878,
  "TEM.BA": 6220,
  "TEN.BA": 47425,
  "TGT.BA": 5650,
  "TIIAY.BA": 0,
  "TIMB.BA": 25700,
  "TIMS3.BA": 5100,
  "TJX.BA": 7610,
  "TM.BA": 16400,
  "TMO.BA": 28700,
  "TMUS.BA": 9740,
  "TRIP.BA": 11075,
  "TRVV.BA": 58800,
  "TSLA.BA": 27600,
  "TSM.BA": 35775,
  "TTE.BA": 26875,
  "TTM.BA": 8651,
  "TV.BA": 1240,
  "TWLO.BA": 4580,
  "TXN.BA": 49475,
  "TXR.BA": 10975,
  "UAL.BA": 23075,
  "UBER.BA": 59500,
  "UGP.BA": 4175,
  "UL.BA": 27600,
  "UNH.BA": 9790,
  "UNP.BA": 14950,
  "UPST.BA": 21700,
  "URA.BA": 10500,
  "URBN.BA": 52150,
  "USB.BA": 11950,
  "USO.BA": 7080,
  "V.BA": 25700,
  "VALE.BA": 6620,
  "VALE3.BA": 13275,
  "VEA.BA": 7680,
  "VIG.BA": 7170,
  "VIST.BA": 19800,
  "VIV.BA": 15525,
  "VIVT3.BA": 7700,
  "VOD.BA": 14925,
  "VRSN.BA": 60450,
  "VRTX.BA": 6290,
  "VST.BA": 11000,
  "VZ.BA": 14675,
  "WBA.BA": 5290,
  "WBO.BA": 2145,
  "WEGE3.BA": 9080,
  "WFC.BA": 21200,
  "WMT.BA": 7490,
  "X.BA": 21550,
  "XLB.BA": 6560,
  "XLC.BA": 7650,
  "XLE.BA": 58600,
  "XLF.BA": 35200,
  "XLI.BA": 7330,
  "XLK.BA": 7640,
  "XLP.BA": 6850,
  "XLRE.BA": 6280,
  "XLU.BA": 7850,
  "XLV.BA": 6200,
  "XLY.BA": 6890,
  "XOM.BA": 14950,
  "XP.BA": 5590,
  "XPEV.BA": 6140,
  "XROX.BA": 5430,
  "XYZ.BA": 5030,
  "YELP.BA": 22850,
  "YZCA.BA": 0.007,
  "ZM.BA": 2050,
  "ALUA.BA": 774,
  "ALUAC.BA": 0.56699997,
  "ALUAD.BA": 0.56,
  "BBAR.BA": 6950,
  "BBARC.BA": 5.0999999,
  "BBARD.BA": 5.11999989,
  "BMA.BA": 9160,
  "BMA.C.BA": 6.73999977,
  "BMA.D.BA": 6.71000004,
  "BYMA.BA": 203.5,
  "BYMAC.BA": 0.156,
  "BYMAD.BA": 0.148,
  "CEPU.BA": 1650,
  "COME.BA": 125.25,
  "CRES.BA": 1485,
  "CRESC.BA": 0.32300001,
  "EDN.BA": 1930,
  "EDNC.BA": 1.255,
  "EDND.BA": 1.40999997,
  "GGAL.BA": 6690,
  "GGALC.BA": 4.90999985,
  "GGALD.BA": 4.9000001,
  "IRSAC.BA": 0,
  "IRSAD.BA": 1.50999999,
  "LOMA.BA": 3185,
  "LOMAD.BA": 2.33999991,
  "MIRG.BA": 23350,
  "PAMP.BA": 4065,
  "SUPV.BA": 2725,
  "SUPVD.BA": 2,
  "TECO2.BA": 2480,
  "TECOC.BA": 1.78999996,
  "TGN4C.BA": 2.60500002,
  "TGN4D.BA": 2.3900001,
  "TGNO4.BA": 3275,