{
  "AAL.BA": 7620,
  "AAP.BA": 5200,
  "AAPL.BA": 13750,
  "ABBV.BA": 26700,
  "ABEV.BA": 8980,
  "ABEV3.BA": 3090,
  "ABNB.BA": 11875,
  "ABT.BA": 44075,
  "ACN.BA": 4570,
  "ACWI.BA": 6810,
  "ADBE.BA": 10525,
  "ADGO.BA": 12000,
  "ADI.BA": 20050,
  "ADP.BA": 68300,
  "ADS.BA": 3942.14794922,
  "AEG.BA": 9590,
  "AEM.BA": 29725,
  "AHP.BA": 28.79999924,
  "AI.BA": 6300,
  "AIG.BA": 21200,
  "AKO.B.BA": 32500,
  "AMAT.BA": 49700,
  "AMD.BA": 24000,
  "AMGN.BA": 13625,
  "AMX.BA": 24350,
  "AMZN.BA": 2015,
  "ANF.BA": 134500,
  "ARCO.BA": 18050,
  "ARKK.BA": 9960,
  "ARM.BA": 7070,
  "ASML.BA": 6470,
  "ASR.BA": 20425,
  "AVGO.BA": 10400,
  "AVY.BA": 12650,
  "AXP.BA": 27025,
  "AZN.BA": 50500,
  "B.BA": 14950,
  "BA.BA": 12550,
  "BA.C.BA": 15500,
  "BABA.BA": 17800,
  "BAK.BA": 2090,
  "BAS.BA": 3197.76855469,
  "BAYN.BA": 3323.26293945,
  "BB.BA": 1685,
  "BBD.BA": 3905,
  "BBDC3.BA": 3290,
  "BBV.BA": 23225,
  "BCS.BA": 26275,
  "BHP.BA": 35225,
  "BIDU.BA": 10750,
  "BIIB.BA": 13800,
  "BIOX.BA": 4880,
  "BITF.BA": 8110,
  "BK.BA": 68750,
  "BKNG.BA": 10900,
  "BKR.BA": 8390,
  "BMY.BA": 20550,
  "BNG.BA": 21825,
  "BP.BA": 8830,
  "BPA11.BA": 9800,
  "BRFS.BA": 14300,
  "BRKB.BA": 28450,
  "BSBR.BA": 6490,
  "BSN.BA": 613.31298828,
  "C.BA": 41575,
  "CAAP.BA": 108750,
  "CAH.BA": 71850,
  "CAJ.BA": 4045.5,
  "CAR.BA": 8270,
  "CAT.BA": 29375,
  "CBRD.BA": 459,
  "CCL.BA": 13525,
  "CDE.BA": 12400,
  "CEG.BA": 10725,
  "CIBR.BA": 9900,
  "CL.BA": 37800,
  "CLS.BA": 13675,
  "COIN.BA": 15225,
  "COST.BA": 27075,
  "CRM.BA": 19025,
  "CSCO.BA": 18550,
  "CSNA3.BA": 1885,
  "CVS.BA": 5580,
  "CVX.BA": 12725,
  "CX.BA": 11050,
  "DAL.BA": 8880,
  "DD.BA": 19250,
  "DE.BA": 17350,
  "DECK.BA": 5690,
  "DEO.BA": 22325,
  "DESP.BA": 22600,
  "DHR.BA": 4975,
  "DIA.BA": 30025,
  "DISN.BA": 13525,
  "DOCU.BA": 4625,
  "DOW.BA": 4900,
  "DTEA.BA": 0,
  "E.BA": 11550,
  "EA.BA": 15550,
  "EBAY.BA": 63150,
  "EBR.BA": 37325,
  "EEM.BA": 13200,
  "EFA.BA": 6680,
  "EFX.BA": 20675,
  "ELP.BA": 35225,
  "EOAN.BA": 236.04100037,
  "EQNR.BA": 5760,
  "ERIC.BA": 4990,
  "ERJ.BA": 80950,
  "ETHA.BA": 7470,
  "ETSY.BA": 4840,
  "EWJ.BA": 7300,
  "EWZ.BA": 18300,
  "F.BA": 14900,
  "FCX.BA": 18250,
  "FDX.BA": 29625,
  "FMCC.BA": 0,
  "FMX.BA": 19975,
  "FMX.B.BA": 0,
  "FNMA.BA": 11400,
  "FSLR.BA": 13925,
  "FXI.BA": 10200,
  "GDX.BA": 7460,
  "GE.BA": 46950,
  "GFI.BA": 38475,
  "GGB.BA": 15950,
  "GILD.BA": 38800,
  "GLD.BA": 8420,
  "GLOB.BA": 6170,
  "GLW.BA": 21475,
  "GM.BA": 12000,
  "GOOGL.BA": 4580,
  "GPRK.BA": 8650,
  "GRMN.BA": 102250,
  "GS.BA": 75700,
  "GSK.BA": 12800,
  "GT.BA": 6910,
  "HAL.BA": 14775,
  "HAPV3.BA": 8110,
  "HD.BA": 16225,
  "HDB.BA": 52000,
  "HHPD.BA": 0,
  "HL.BA": 8080,
  "HMC.BA": 42975,
  "HMY.BA": 20700,
  "HNPIY.BA": 6140,
  "HOG.BA": 10925,
  "HON.BA": 37425,
  "HPQ.BA": 33850,
  "HSBC.BA": 41925,
  "HSY.BA": 12275,
  "HUT.BA": 142750,
  "HWM.BA": 247100,
  "IBB.BA": 6820,
  "IBIT.BA": 8810,
  "IBM.BA": 22900,
  "IBN.BA": 45050,
  "IEMG.BA": 6850,
  "IEUR.BA": 8060,
  "IFF.BA": 7960,
  "IJH.BA": 7120,
  "INFY.BA": 22375,
  "ING.BA": 10425,
  "INTC.BA": 5320,
  "IP.BA": 15700,
  "ISRG.BA": 7400,
  "ITUB.BA": 8750,
  "ITUB3.BA": 7620,
  "IVE.BA": 6690,
  "IVW.BA": 7750,
  "IWM.BA": 29750,
  "JBSS3.BA": 8320,
  "JCI.BA": 68150,
  "JD.BA": 10725,
  "JMIA.BA": 6540,
  "JNJ.BA": 15475,
  "JOYY.BA": 13550,
  "JPM.BA": 26775,
  "KB.BA": 53600,
  "KEP.BA": 18300,
  "KGC.BA": 23475,
  "KMB.BA": 30100,
  "KO.BA": 18750,
  "KOFM.BA": 57000,
  "LAC.BA": 3610,
  "LAR.BA": 3460,
  "LFC.BA": 1074.5,
  "LLY.BA": 18350,
  "LMT.BA": 28825,
  "LRCX.BA": 2400,
  "LVS.BA": 35650,
  "LYG.BA": 2985,
  "MA.BA": 23400,
  "MBG.BA": 3807.20898438,
  "MBT.BA": 650,
  "MCD.BA": 17225,
  "MDLZ.BA": 5740,
  "MDT.BA": 30475,
  "MELI.BA": 26300,
  "META.BA": 43625,
  "MFG.BA": 8040,
  "MGLU3.BA": 1740,
  "MMC.BA": 16925,
  "MMM.BA": 20150,
  "MO.BA": 21025,
  "MOS.BA": 9670,
  "MRK.BA": 21675,
  "MRNA.BA": 1980,
  "MRVL.BA": 7440,
  "MSFT.BA": 24250,
  "MSI.BA": 29925,
  "MSTR.BA": 25750,
  "MU.BA": 29250,
  "MUFG.BA": 18675,
  "MUX.BA": 7040,
  "NATU3.BA": 2185,
  "NEC1.BA": 0,
  "NEM.BA": 29600,
  "NFLX.BA": 33150,
  "NG.BA": 29575,
  "NGG.BA": 49300,
  "NIO.BA": 1590,
  "NKE.BA": 8470,
  "NLM.BA": 0,
  "NMR.BA": 9080,
  "NOKA.BA": 5570,
  "NOW.BA": 7310,
  "NSAN.BA": 1545,
  "NTCO.BA": 6200,
  "NTES.BA": 12700,
  "NU.BA": 8150,
  "NUE.BA": 11600,
  "NVDA.BA": 10150,
  "NVS.BA": 40050,
  "NXE.BA": 9100,
  "ORAN.BA": 13200,
  "ORCL.BA": 114550,
  "ORLY.BA": 627,
  "OXY.BA": 11700,
  "PAAS.BA": 12725,
  "PAC.BA": 19325,
  "PAGS.BA": 3625,
  "PANW.BA": 4630,
  "PATH.BA": 7710,
  "PBI.BA": 15675,
  "PBR.BA": 17375,
  "PCAR.BA": 43575,
  "PCRF.BA": 0,
  "PDD.BA": 6080,
  "PEP.BA": 10575,
  "PETR3.BA": 8690,
  "PFE.BA": 8280,
  "PG.BA": 13700,
  "PHG.BA": 7220,
  "PINS.BA": 7550,
  "PKS.BA": 23675,
  "PLTR.BA": 77300,
  "PM.BA": 12325,
  "PSO.BA": 0,
  "PSQ.BA": 5600,
  "PSX.BA": 27575,
  "PYPL.BA": 11575,
  "QCOM.BA": 18250,
  "QQQ.BA": 38250,
  "RACE.BA": 7400,
  "RBLX.BA": 88500,
  "RCTB4.BA": 0,
  "RGTI.BA": 10675,
  "RIO.BA": 10175,
  "RIOT.BA": 5060,
  "ROKU.BA": 8960,
  "ROST.BA": 48125,
  "RTX.BA": 42850,
  "SAN.BA": 47175,
  "SAP.BA": 64350,
  "SATL.BA": 4580,
  "SBS.BA": 53350,
  "SBSP3.BA": 26025,
  "SBUX.BA": 10125,
  "SCCO.BA": 63300,
  "SCHW.BA": 0,
  "SDA.BA": 1480,
  "SE.BA": 6620,
  "SH.BA": 6580,
  "SHEL.BA": 48675,
  "SHOP.BA": 1585,
  "SID.BA": 15000,
  "SIEGY.BA": 6695.81591797,
  "SLB.BA": 14900,
  "SLV.BA": 7660,
  "SMH.BA": 7890,
  "SMSN.BA": 13143.82421875,
  "SNA.BA": 72300,
  "SNAP.BA": 12825,
  "SNOW.BA": 9410,
  "SONY.BA": 4185,
  "SPCE.BA": 10500,
  "SPGI.BA": 17000,
  "SPOT.BA": 31850,
  "SPXL.BA": 9880,
  "SPY.BA": 42800,
  "STLA.BA": 2395,
  "STNE.BA": 5790,
  "SUZ.BA": 12425,
  "SUZB3.BA": 12225,
  "SWKS.BA": 4360,
  "SYY.BA": 13450,
  "T.BA": 12500,
  "TCOM.BA": 42050,
  "TEAM.BA": 5350,
  "TEFO.BA": 882,
  "TEM.BA": 6520,
  "TEN.BA": 47100,
  "TGT.BA": 5630,
  "TIIAY.BA": 0,
  "TIMB.BA": 26225,
  "TIMS3.BA": 5200,
  "TJX.BA": 7620,
  "TM.BA": 16550,
  "TMO.BA": 28850,
  "TMUS.BA": 9880,
  "TRIP.BA": 11150,
  "TRVV.BA": 59600,
  "TSLA.BA": 27700,
  "TSM.BA": 35775,
  "TTE.BA": 26900,
  "TTM.BA": 8651,
  "TV.BA": 1160,
  "TWLO.BA": 4705,
  "TXN.BA": 49675,
  "TXR.BA": 10450,
  "UAL.BA": 23600,
  "UBER.BA": 60100,
  "UGP.BA": 4090,
  "UL.BA": 27275,
  "UNH.BA": 9890,
  "UNP.BA": 15025,
  "UPST.BA": 22475,
  "URA.BA": 10750,
  "URBN.BA": 53600,
  "USB.BA": 12100,
  "USO.BA": 6900,
  "V.BA": 25875,
  "VALE.BA": 6680,
  "VALE3.BA": 13375,
  "VEA.BA": 7710,
  "VIG.BA": 7210,
  "VIST.BA": 19900,
  "VIV.BA": 15750,
  "VIVT3.BA": 7620,
  "VOD.BA": 14950,
  "VRSN.BA": 60850,
  "VRTX.BA": 6360,
  "VST.BA": 11150,
  "VZ.BA": 14550,
  "WBA.BA": 5250,
  "WBO.BA": 2155,
  "WEGE3.BA": 9080,
  "WFC.BA": 21125,
  "WMT.BA": 7540,
  "X.BA": 21550,
  "XLB.BA": 6600,
  "XLC.BA": 7700,
  "XLE.BA": 58000,
  "XLF.BA": 35150,
  "XLI.BA": 7360,
  "XLK.BA": 7740,
  "XLP.BA": 6820,
  "XLRE.BA": 6300,
  "XLU.BA": 7920,
  "XLV.BA": 6230,
  "XLY.BA": 6880,
  "XOM.BA": 14550,
  "XP.BA": 5680,
  "XPEV.BA": 6370,
  "XROX.BA": 5620,
  "XYZ.BA": 5150,
  "YELP.BA": 22850,
  "YZCA.BA": 0.007,
  "ZM.BA": 2075,
  "ALUA.BA": 750,
  "ALUAC.BA": 0.56699997,
  "ALUAD.BA": 0.551,
  "BBAR.BA": 7020,
  "BBARC.BA": 5.0999999,
  "BBARD.BA": 5.32000017,
  "BMA.BA": 9370,
  "BMA.C.BA": 6.92000008,
  "BMA.D.BA": 6.88999987,
  "BYMA.BA": 202,
  "BYMAC.BA": 0.156,
  "BYMAD.BA": 0.15,
  "CEPU.BA": 1625,
  "COME.BA": 126.25,
  "CRES.BA": 1515,
  "CRESC.BA": 0.32300001,
  "EDN.BA": 2000,
  "EDNC.BA": 1.255,
  "EDND.BA": 1.47,
  "GGAL.BA": 6760,
  "GGALC.BA": 4.96000004,
  "GGALD.BA": 4.84,
  "IRSAC.BA": 0,
  "IRSAD.BA": 1.53999996,
  "LOMA.BA": 3225,
  "LOMAD.BA": 2.3900001,
  "MIRG.BA": 24275,
  "PAMP.BA": 4070,
  "SUPV.BA": 2835,
  "SUPVD.BA": 2.07999992,
  "TECO2.BA": 2500,
  "TECOC.BA": 1.78999996,
  "TGN4C.BA": 2.60500002,
  "TGN4D.BA": 2.41000009,
  "TGNO4.BA": 3355,