{
  "AAL.BA": 9680,
  "AAP.BA": 5350,
  "AAPL.BA": 20200,
  "ABBV.BA": 34760,
  "ABEV.BA": 11220,
  "ABEV3.BA": 3772.5,
  "ABNB.BA": 12020,
  "ABT.BA": 47720,
  "ACN.BA": 4872.5,
  "ACWI.BA": 8000,
  "ADBE.BA": 11200,
  "ADGO.BA": 11270,
  "ADI.BA": 23440,
  "ADP.BA": 62975,
  "ADS.BA": 3942.14794922,
  "AEG.BA": 11650,
  "AEM.BA": 41740,
  "AHP.BA": 28.79999924,
  "AI.BA": 4090,
  "AIG.BA": 23370,
  "AKO.B.BA": 41500,
  "ALAB.BA": 4795,
  "AMAT.BA": 65475,
  "AMD.BA": 36700,
  "AMGN.BA": 16590,
  "AMX.BA": 34500,
  "AMZN.BA": 2444,
  "ANF.BA": 105925,
  "ARCO.BA": 21770,
  "ARKK.BA": 11400,
  "ARM.BA": 7570,
  "ASML.BA": 10290,
  "ASR.BA": 22550,
  "ASTS.BA": 6090,
  "AVGO.BA": 12800,
  "AVY.BA": 14610,
  "AXP.BA": 36240,
  "AZN.BA": 66000,
  "B.BA": 26940,
  "BA.BA": 12030,
  "BA.C.BA": 19700,
  "BABA.BA": 26200,
  "BAK.BA": 2086,
  "BAS.BA": 3197.76855469,
  "BAYN.BA": 3323.26293945,
  "BB.BA": 2106,
  "BBD.BA": 5415,
  "BBDC3.BA": 4642.5,
  "BBV.BA": 32140,
  "BCS.BA": 33080,
  "BHP.BA": 41520,
  "BIDU.BA": 16150,
  "BIIB.BA": 18880,
  "BIOX.BA": 2607.5,
  "BITF.BA": 19560,
  "BK.BA": 82350,
  "BKNG.BA": 10920,
  "BKR.BA": 9690,
  "BMY.BA": 24240,
  "BNG.BA": 28780,
  "BP.BA": 10770,
  "BPA11.BA": 15200,
  "BRFS.BA": 18200,
  "BRKB.BA": 34540,
  "BSBR.BA": 9390,
  "BSN.BA": 613.31298828,
  "C.BA": 49760,
  "CAAP.BA": 136250,
  "CAH.BA": 101725,
  "CAJ.BA": 4045.5,
  "CAR.BA": 7880,
  "CAT.BA": 40780,
  "CCL.BA": 12960,
  "CDE.BA": 22330,
  "CEG.BA": 11070,
  "CIBR.BA": 11110,
  "CL.BA": 39080,
  "CLS.BA": 21570,
  "COIN.BA": 15530,
  "COST.BA": 28600,
  "CRM.BA": 19870,
  "CRWV.BA": 4270,
  "CSCO.BA": 22850,
  "CSNA3.BA": 2364,
  "CVS.BA": 7860,
  "CVX.BA": 14380,
  "CX.BA": 15080,
  "DAL.BA": 11190,
  "DD.BA": 12030,
  "DE.BA": 17640,
  "DECK.BA": 4965,
  "DEO.BA": 23700,
  "DESP.BA": 22600,
  "DHR.BA": 6125,
  "DIA.BA": 35200,
  "DISN.BA": 13200,
  "DOCU.BA": 4542.5,
  "DOW.BA": 5695,
  "DTEA.BA": 0,
  "E.BA": 14140,
  "EA.BA": 21400,
  "EBAY.BA": 63275,
  "ECL.BA": 6985,
  "EEM.BA": 16310,
  "EFA.BA": 7885,
  "EFX.BA": 19350,
  "ELP.BA": 48560,
  "EMBJ.BA": 93575,
  "EOAN.BA": 236.04100037,
  "EQNR.BA": 6100,
  "ERIC.BA": 7310,
  "ETHA.BA": 7160,
  "ETSY.BA": 5395,
  "EWJ.BA": 8800,
  "EWZ.BA": 24480,
  "F.BA": 19780,
  "FCX.BA": 20010,
  "FDX.BA": 39640,
  "FMCC.BA": 0,
  "FMX.BA": 23340,
  "FNMA.BA": 16000,
  "FSLR.BA": 21280,
  "FXI.BA": 12020,
  "GDX.BA": 11470,
  "GE.BA": 56550,
  "GFI.BA": 61425,
  "GGB.BA": 21110,
  "GILD.BA": 46460,
  "GLD.BA": 11360,
  "GLOB.BA": 5255,
  "GLW.BA": 30180,
  "GM.BA": 17670,
  "GOOGL.BA": 7120,
  "GPRK.BA": 11560,
  "GRMN.BA": 97250,
  "GS.BA": 92600,
  "GSK.BA": 17850,
  "GT.BA": 5700,
  "HAL.BA": 19960,
  "HAPV3.BA": 5475,
  "HD.BA": 17020,
  "HDB.BA": 26980,
  "HHPD.BA": 0,
  "HL.BA": 22170,
  "HMC.BA": 44220,
  "HMY.BA": 26580,
  "HNPIY.BA": 6140,
  "HOG.BA": 12300,
  "HON.BA": 37200,
  "HOOD.BA": 6160,
  "HPQ.BA": 37340,
  "HSBC.BA": 54500,
  "HSY.BA": 12590,
  "HUT.BA": 276475,
  "HWM.BA": 299025,
  "IBB.BA": 9010,
  "IBIT.BA": 8300,
  "IBM.BA": 30220,
  "IBN.BA": 46060,
  "IEMG.BA": 8385,
  "IEUR.BA": 9415,
  "IFF.BA": 8315,
  "IJH.BA": 7920,
  "INFY.BA": 25100,
  "ING.BA": 12950,
  "INTC.BA": 10570,
  "IP.BA": 14040,
  "IREN.BA": 6045,
  "ISRG.BA": 9220,
  "ITA.BA": 6110,
  "ITUB.BA": 11300,
  "ITUB3.BA": 10050,
  "IVE.BA": 7810,
  "IVW.BA": 8970,
  "IWDA.BA": 0,
  "IWM.BA": 35120,
  "JBSS3.BA": 8320,
  "JCI.BA": 90525,
  "JD.BA": 11320,
  "JMIA.BA": 15180,
  "JNJ.BA": 19340,
  "JOYY.BA": 17320,
  "JPM.BA": 30680,
  "KB.BA": 66758.8359375,
  "KEP.BA": 24750,
  "KGC.BA": 37820,
  "KMB.BA": 25880,
  "KO.BA": 21130,
  "KOFM.BA": 65150,
  "LAC.BA": 6810,
  "LAR.BA": 6495,
  "LFC.BA": 1074.5,
  "LLY.BA": 27120,
  "LMT.BA": 33940,
  "LRCX.BA": 4030,
  "LREN3.BA": 4227.5,
  "LVS.BA": 49020,
  "LYG.BA": 3617.5,
  "MA.BA": 25000,
  "MBG.BA": 3807.20898438,
  "MBT.BA": 650,
  "MCD.BA": 19000,
  "MDLZ.BA": 5675,
  "MDT.BA": 35600,
  "MELI.BA": 25100,
  "META.BA": 37480,
  "MFG.BA": 10100,
  "MGLU3.BA": 2498,
  "MMC.BA": 17080,
  "MMM.BA": 25240,
  "MO.BA": 21520,
  "MOS.BA": 7655,
  "MRK.BA": 27660,
  "MRNA.BA": 1958,
  "MRVL.BA": 9115,
  "MSFT.BA": 24830,
  "MSI.BA": 28500,
  "MSTR.BA": 15680,
  "MU.BA": 69050,
  "MUFG.BA": 22800,
  "MUX.BA": 12820,
  "NATU3.BA": 2205,
  "NEC1.BA": 0,
  "NEM.BA": 44380,
  "NFLX.BA": 35660,
  "NG.BA": 51300,
  "NGG.BA": 57950,
  "NIO.BA": 2303,
  "NKE.BA": 8170,
  "NLM.BA": 0,
  "NMR.BA": 10880,
  "NOKA.BA": 10100,
  "NOW.BA": 7255,
  "NSAN.BA": 1545,
  "NTCO.BA": 6200,
  "NTES.BA": 14980,
  "NU.BA": 11590,
  "NUE.BA": 13330,
  "NVDA.BA": 11470,
  "NVS.BA": 48960,
  "NXE.BA": 12200,
  "OKLO.BA": 5385,
  "ORAN.BA": 13200,
  "ORCL.BA": 107125,
  "ORLY.BA": 668,
  "OXY.BA": 12410,
  "PAAS.BA": 19340,
  "PAC.BA": 19940,
  "PAGS.BA": 4760,
  "PANW.BA": 6025,
  "PATH.BA": 10370,
  "PBI.BA": 13820,
  "PBR.BA": 19290,
  "PCAR.BA": 47940,
  "PCRF.BA": 0,
  "PDD.BA": 7995,
  "PEP.BA": 11980,
  "PETR3.BA": 9745,
  "PFE.BA": 9545,
  "PG.BA": 14650,
  "PHG.BA": 8560,
  "PINS.BA": 5760,
  "PKS.BA": 26940,
  "PLTR.BA": 84775,
  "PM.BA": 12840,
  "PSO.BA": 0,
  "PSQ.BA": 5725,
  "PSX.BA": 34340,
  "PYPL.BA": 12180,
  "QCOM.BA": 23410,
  "QQQ.BA": 45020,
  "RACE.BA": 7470,
  "RBLX.BA": 74400,
  "RCTB4.BA": 0,
  "RGTI.BA": 18520,
  "RIO.BA": 13160,
  "RIOT.BA": 6825,
  "RKLB.BA": 5560,
  "ROKU.BA": 11320,
  "ROST.BA": 59950,
  "RTX.BA": 51600,
  "SAN.BA": 64825,
  "SAP.BA": 62350,
  "SATL.BA": 2235,
  "SBS.BA": 78475,
  "SBSP3.BA": 38720,
  "SBUX.BA": 10720,
  "SCCO.BA": 97975,
  "SCHW.BA": 0,
  "SDA.BA": 1399,
  "SE.BA": 6525,
  "SH.BA": 6835,
  "SHEL.BA": 56150,
  "SHOP.BA": 2007,
  "SI.BA": 22.45000076,
  "SID.BA": 19390,
  "SIEGY.BA": 6695.81591797,
  "SLB.BA": 17890,
  "SLV.BA": 11730,
  "SMH.BA": 10150,
  "SMSN.BA": 13143.82421875,
  "SNA.BA": 83325,
  "SNAP.BA": 12750,
  "SNOW.BA": 12650,
  "SONY.BA": 5455,
  "SPCE.BA": 9865,
  "SPGI.BA": 16640,
  "SPHQ.BA": 7810,
  "SPOT.BA": 34140,
  "SPXL.BA": 12630,
  "SPY.BA": 49840,
  "STLA.BA": 3130,
  "STNE.BA": 8370,
  "SUZ.BA": 13320,
  "SUZB3.BA": 13290,
  "SWKS.BA": 5000,
  "SYY.BA": 13970,
  "T.BA": 12780,
  "TCOM.BA": 55775,
  "TEAM.BA": 4817.5,
  "TEFO.BA": 795,
  "TEM.BA": 8415,
  "TEN.BA": 60925,
  "TGT.BA": 5595,
  "TIIAY.BA": 0,
  "TIMB.BA": 34040,
  "TIMS3.BA": 6830,
  "TJX.BA": 9730,
  "TM.BA": 20080,
  "TMO.BA": 39780,
  "TMUS.BA": 9630,
  "TQQQ.BA": 6165,
  "TRIP.BA": 11100,
  "TRVV.BA": 71100,
  "TSLA.BA": 39500,
  "TSM.BA": 46260,
  "TTE.BA": 32060,
  "TTM.BA": 8651,
  "TV.BA": 1502,
  "TWLO.BA": 5115,
  "TXN.BA": 48300,
  "TXR.BA": 13410,
  "UAL.BA": 28820,
  "UBER.BA": 67750,
  "UGP.BA": 6005,
  "UL.BA": 29860,
  "UNH.BA": 14980,
  "UNP.BA": 16420,
  "UPST.BA": 11070,
  "URA.BA": 13380,
  "URBN.BA": 46720,
  "USB.BA": 14040,
  "USO.BA": 6900,
  "V.BA": 27760,
  "VALE.BA": 9150,
  "VALE3.BA": 18230,
  "VEA.BA": 9120,
  "VIG.BA": 8300,
  "VIST.BA": 23620,
  "VIV.BA": 19580,
  "VIVT3.BA": 9660,
  "VOD.BA": 18390,
  "VRSN.BA": 62525,
  "VRTX.BA": 6340,
  "VST.BA": 9850,
  "VXX.BA": 10490,
  "VZ.BA": 15350,
  "WBA.BA": 5360,
  "WBO.BA": 2535,
  "WEGE3.BA": 12500,
  "WFC.BA": 25140,
  "WMT.BA": 8405,
  "X.BA": 21550,
  "XLB.BA": 7235,
  "XLC.BA": 8770,
  "XLE.BA": 66975,
  "XLF.BA": 39400,
  "XLI.BA": 8075,
  "XLK.BA": 9205,
  "XLP.BA": 7185,
  "XLRE.BA": 6770,
  "XLU.BA": 8815,
  "XLV.BA": 7845,
  "XLY.BA": 8030,
  "XOM.BA": 17600,
  "XP.BA": 7025,
  "XPEV.BA": 9795,
  "XROX.BA": 4242.5,
  "XYZ.BA": 4602.5,
  "YELP.BA": 21570,
  "YZCA.BA": 0.007,
  "ZM.BA": 2642.5,
  "ALUA.BA": 988.5,
  "ALUAC.BA": 0.77700001,
  "ALUAD.BA": 0.69700003,
  "BBAR.BA": 7440,
  "BBARC.BA": 2.64280009,
  "BBARD.BA": 5.01999998,
  "BMA.BA": 12210,
  "BMA.C.BA": 8.80000019,
  "BMA.D.BA": 8.39999962,
  "BYMA.BA": 284.5,
  "BYMAC.BA": 0.20999999,
  "BYMAD.BA": 0.2,
  "CEPU.BA": 2190,
  "COME.BA": 73.80000305,
  "CRES.BA": 1724,
  "CRESC.BA": 1.11500001,
  "EDN.BA": 2338,
  "EDNC.BA": 1.66999996,
  "EDND.BA": 1.62,
  "GGAL.BA": 7815,