{
  "AAL.BA": 10620,
  "AAP.BA": 5555,
  "AAPL.BA": 21150,
  "ABBV.BA": 34500,
  "ABEV.BA": 11680,
  "ABEV3.BA": 4100,
  "ABNB.BA": 11930,
  "ABT.BA": 48900,
  "ACN.BA": 5015,
  "ACWI.BA": 8235,
  "ADBE.BA": 11070,
  "ADGO.BA": 12440,
  "ADI.BA": 26580,
  "ADP.BA": 68100,
  "ADS.BA": 3942.14794922,
  "AEG.BA": 12080,
  "AEM.BA": 43900,
  "AHP.BA": 28.79999924,
  "AI.BA": 4415,
  "AIG.BA": 22980,
  "AKO.B.BA": 40400,
  "ALAB.BA": 5610,
  "AMAT.BA": 76875,
  "AMD.BA": 33100,
  "AMGN.BA": 17300,
  "AMX.BA": 34880,
  "AMZN.BA": 2473,
  "ANF.BA": 148550,
  "ARCO.BA": 23100,
  "ARKK.BA": 12240,
  "ARM.BA": 7705,
  "ASML.BA": 11040,
  "ASR.BA": 23130,
  "ASTS.BA": 5930,
  "AVGO.BA": 15710,
  "AVY.BA": 14580,
  "AXP.BA": 37040,
  "AZN.BA": 71125,
  "B.BA": 31480,
  "BA.BA": 12020,
  "BA.C.BA": 20530,
  "BABA.BA": 26540,
  "BAK.BA": 2200,
  "BAS.BA": 3197.76855469,
  "BAYN.BA": 3323.26293945,
  "BB.BA": 2071,
  "BBD.BA": 5605,
  "BBDC3.BA": 4715,
  "BBV.BA": 32680,
  "BCS.BA": 34440,
  "BHP.BA": 41820,
  "BIDU.BA": 16180,
  "BIIB.BA": 21010,
  "BIOX.BA": 2597.5,
  "BITF.BA": 26460,
  "BK.BA": 84475,
  "BKNG.BA": 10610,
  "BKR.BA": 11000,
  "BMY.BA": 24960,
  "BNG.BA": 29500,
  "BP.BA": 11000,
  "BPA11.BA": 15270,
  "BRFS.BA": 18200,
  "BRKB.BA": 35560,
  "BSBR.BA": 9830,
  "BSN.BA": 613.31298828,
  "C.BA": 52575,
  "CAAP.BA": 155000,
  "CAH.BA": 108100,
  "CAJ.BA": 4045.5,
  "CAR.BA": 7855,
  "CAT.BA": 43900,
  "CCL.BA": 13030,
  "CDE.BA": 26280,
  "CEG.BA": 12390,
  "CIBR.BA": 11300,
  "CL.BA": 40900,
  "CLS.BA": 26260,
  "COIN.BA": 15490,
  "COST.BA": 28920,
  "CRM.BA": 19540,
  "CRWV.BA": 4182.5,
  "CSCO.BA": 23490,
  "CSNA3.BA": 2398,
  "CVS.BA": 8105,
  "CVX.BA": 14300,
  "CX.BA": 16360,
  "DAL.BA": 12180,
  "DD.BA": 12150,
  "DE.BA": 17700,
  "DECK.BA": 5400,
  "DEO.BA": 23310,
  "DESP.BA": 22600,
  "DHR.BA": 6315,
  "DIA.BA": 36360,
  "DISN.BA": 13270,
  "DOCU.BA": 4752.5,
  "DOW.BA": 6005,
  "DTEA.BA": 0,
  "E.BA": 14100,
  "EA.BA": 21500,
  "EBAY.BA": 62800,
  "ECL.BA": 7430,
  "EEM.BA": 16600,
  "EFA.BA": 8185,
  "EFX.BA": 20470,
  "ELP.BA": 49640,
  "EMBJ.BA": 95925,
  "EOAN.BA": 236.04100037,
  "EQNR.BA": 5880,
  "ERIC.BA": 7295,
  "ETHA.BA": 6980,
  "ETSY.BA": 5200,
  "EWJ.BA": 9080,
  "EWZ.BA": 25640,
  "F.BA": 20100,
  "FCX.BA": 21890,
  "FDX.BA": 42080,
  "FMCC.BA": 0,
  "FMX.BA": 24500,
  "FNMA.BA": 16800,
  "FSLR.BA": 23000,
  "FXI.BA": 12080,
  "GDX.BA": 12690,
  "GE.BA": 58475,
  "GFI.BA": 64700,
  "GGB.BA": 21940,
  "GILD.BA": 48100,
  "GLD.BA": 11820,
  "GLOB.BA": 5345,
  "GLW.BA": 31900,
  "GM.BA": 18770,
  "GOOGL.BA": 8375,
  "GPRK.BA": 12660,
  "GRMN.BA": 99475,
  "GS.BA": 96300,
  "GSK.BA": 18200,
  "GT.BA": 6400,
  "HAL.BA": 20000,
  "HAPV3.BA": 4700,
  "HD.BA": 17020,
  "HDB.BA": 28000,
  "HHPD.BA": 0,
  "HL.BA": 25540,
  "HMC.BA": 46200,
  "HMY.BA": 29720,
  "HNPIY.BA": 6140,
  "HOG.BA": 12500,
  "HON.BA": 36580,
  "HOOD.BA": 6760,
  "HPQ.BA": 37080,
  "HSBC.BA": 54000,
  "HSY.BA": 13690,
  "HUT.BA": 344875,
  "HWM.BA": 315525,
  "IBB.BA": 9820,
  "IBIT.BA": 7880,
  "IBM.BA": 31280,
  "IBN.BA": 47540,
  "IEMG.BA": 8580,
  "IEUR.BA": 9735,
  "IFF.BA": 8760,
  "IJH.BA": 8465,
  "INFY.BA": 26500,
  "ING.BA": 13230,
  "INTC.BA": 12330,
  "IP.BA": 13980,
  "IREN.BA": 6175,
  "ISRG.BA": 9745,
  "ITA.BA": 6210,
  "ITUB.BA": 11960,
  "ITUB3.BA": 11200,
  "IVE.BA": 8155,
  "IVW.BA": 9435,
  "IWDA.BA": 0,
  "IWM.BA": 37740,
  "JBSS3.BA": 8320,
  "JCI.BA": 87775,
  "JD.BA": 11380,
  "JMIA.BA": 19270,
  "JNJ.BA": 20970,
  "JOYY.BA": 19370,
  "JPM.BA": 31580,
  "KB.BA": 64200,
  "KEP.BA": 27640,
  "KGC.BA": 42940,
  "KMB.BA": 27680,
  "KO.BA": 22210,
  "KOFM.BA": 65050,
  "LAC.BA": 8590,
  "LAR.BA": 8460,
  "LFC.BA": 1074.5,
  "LLY.BA": 29200,
  "LMT.BA": 34740,
  "LRCX.BA": 4340,
  "LREN3.BA": 4500,
  "LVS.BA": 52000,
  "LYG.BA": 3880,
  "MA.BA": 25420,
  "MBG.BA": 3807.20898438,
  "MBT.BA": 650,
  "MCD.BA": 19720,
  "MDLZ.BA": 5870,
  "MDT.BA": 40200,
  "MELI.BA": 26440,
  "META.BA": 41100,
  "MFG.BA": 10950,
  "MGLU3.BA": 2950,
  "MMC.BA": 17410,
  "MMM.BA": 26200,
  "MO.BA": 22780,
  "MOS.BA": 7665,
  "MRK.BA": 31760,
  "MRNA.BA": 2074,
  "MRVL.BA": 9755,
  "MSFT.BA": 24990,
  "MSI.BA": 28200,
  "MSTR.BA": 13560,
  "MU.BA": 72100,
  "MUFG.BA": 23990,
  "MUX.BA": 14290,
  "NATU3.BA": 2340,
  "NEC1.BA": 0,
  "NEM.BA": 46240,
  "NFLX.BA": 3432.5,
  "NG.BA": 62525,
  "NGG.BA": 58675,
  "NIO.BA": 2101,
  "NKE.BA": 8225,
  "NLM.BA": 0,
  "NMR.BA": 11600,
  "NOKA.BA": 9290,
  "NOW.BA": 7205,
  "NSAN.BA": 1545,
  "NTCO.BA": 6200,
  "NTES.BA": 15100,
  "NU.BA": 13350,
  "NUE.BA": 15170,
  "NVDA.BA": 11230,
  "NVS.BA": 49700,
  "NXE.BA": 13580,
  "OKLO.BA": 5115,
  "ORAN.BA": 13200,
  "ORCL.BA": 102200,
  "ORLY.BA": 707,
  "OXY.BA": 12760,
  "PAAS.BA": 23060,
  "PAC.BA": 22520,
  "PAGS.BA": 5210,
  "PANW.BA": 5840,
  "PATH.BA": 10550,
  "PBI.BA": 14420,
  "PBR.BA": 19170,
  "PCAR.BA": 52650,
  "PCRF.BA": 0,
  "PDD.BA": 7090,
  "PEP.BA": 12630,
  "PETR3.BA": 9665,
  "PFE.BA": 9740,
  "PG.BA": 14980,
  "PHG.BA": 8500,
  "PINS.BA": 5685,
  "PKS.BA": 26940,
  "PLTR.BA": 85550,
  "PM.BA": 13290,
  "PSO.BA": 0,
  "PSQ.BA": 5730,
  "PSX.BA": 35320,
  "PYPL.BA": 11880,
  "QCOM.BA": 23290,
  "QQQ.BA": 47100,
  "RACE.BA": 7195,
  "RBLX.BA": 72500,
  "RCTB4.BA": 0,
  "RGTI.BA": 19500,
  "RIO.BA": 13800,
  "RIOT.BA": 8230,
  "RKLB.BA": 5390,
  "ROKU.BA": 11380,
  "ROST.BA": 67150,
  "RTX.BA": 53300,
  "SAN.BA": 64025,
  "SAP.BA": 64000,
  "SATL.BA": 2632.5,
  "SBS.BA": 79975,
  "SBSP3.BA": 41000,
  "SBUX.BA": 11090,
  "SCCO.BA": 105575,
  "SCHW.BA": 0,
  "SDA.BA": 1550,
  "SE.BA": 6605,
  "SH.BA": 6865,
  "SHEL.BA": 56150,
  "SHOP.BA": 2256,
  "SI.BA": 22.45000076,
  "SID.BA": 19300,
  "SIEGY.BA": 6695.81591797,
  "SLB.BA": 18170,
  "SLV.BA": 12990,
  "SMH.BA": 10890,
  "SMSN.BA": 13143.82421875,
  "SNA.BA": 86350,
  "SNAP.BA": 11650,
  "SNOW.BA": 12620,
  "SONY.BA": 5495,
  "SPCE.BA": 11500,
  "SPGI.BA": 17290,
  "SPHQ.BA": 8150,
  "SPOT.BA": 32560,
  "SPXL.BA": 13540,
  "SPY.BA": 52000,
  "STLA.BA": 3235,
  "STNE.BA": 8590,
  "SUZ.BA": 13650,
  "SUZB3.BA": 13640,
  "SWKS.BA": 4800,
  "SYY.BA": 14280,
  "T.BA": 13200,
  "TCOM.BA": 53000,
  "TEAM.BA": 4932.5,
  "TEFO.BA": 821.5,
  "TEM.BA": 9875,
  "TEN.BA": 61875,
  "TGT.BA": 5730,
  "TIIAY.BA": 0,
  "TIMB.BA": 35820,
  "TIMS3.BA": 7075,
  "TJX.BA": 10850,
  "TM.BA": 20870,
  "TMO.BA": 40740,
  "TMUS.BA": 9660,
  "TQQQ.BA": 3337.5,
  "TRIP.BA": 11240,
  "TRVV.BA": 74100,
  "TSLA.BA": 43600,
  "TSM.BA": 49180,
  "TTE.BA": 33240,
  "TTM.BA": 8651,
  "TV.BA": 1371,
  "TWLO.BA": 5355,
  "TXN.BA": 51550,
  "TXR.BA": 13700,
  "UAL.BA": 30100,
  "UBER.BA": 66800,
  "UGP.BA": 6190,
  "UL.BA": 30460,
  "UNH.BA": 15230,
  "UNP.BA": 17590,
  "UPST.BA": 13730,
  "URA.BA": 13860,
  "URBN.BA": 55900,
  "USB.BA": 14870,
  "USO.BA": 7115,
  "V.BA": 28380,
  "VALE.BA": 9660,
  "VALE3.BA": 19250,
  "VEA.BA": 9380,
  "VIG.BA": 8750,
  "VIST.BA": 24990,
  "VIV.BA": 19990,
  "VIVT3.BA": 10040,
  "VOD.BA": 18990,
  "VRSN.BA": 64075,
  "VRTX.BA": 6625,
  "VST.BA": 10570,
  "VXX.BA": 10090,
  "VZ.BA": 15660,
  "WBA.BA": 5360,
  "WBO.BA": 2410,
  "WEGE3.BA": 12510,
  "WFC.BA": 25840,
  "WMT.BA": 9315,
  "X.BA": 21550,
  "XLB.BA": 7555,
  "XLC.BA": 9465,
  "XLE.BA": 69050,
  "XLF.BA": 40620,
  "XLI.BA": 8360,
  "XLK.BA": 9690,
  "XLP.BA": 7545,
  "XLRE.BA": 7015,
  "XLU.BA": 9185,
  "XLV.BA": 8290,
  "XLY.BA": 8385,
  "XOM.BA": 17670,
  "XP.BA": 7400,
  "XPEV.BA": 8290,
  "XROX.BA": 4110,
  "XYZ.BA": 4945,
  "YELP.BA": 22650,
  "YZCA.BA": 0.007,
  "ZM.BA": 2725,
  "ALUA.BA": 1050,
  "ALUAC.BA": 0.69,
  "ALUAD.BA": 0.713,
  "BBAR.BA": 8195,
  "BBARC.BA": 2.63070011,
  "BBARD.BA": 5.6500001,
  "BMA.BA": 12980,
  "BMA.C.BA": 7.80159998,
  "BMA.D.BA": 8.82999992,
  "BYMA.BA": 299.5,
  "BYMAC.BA": 0.20299999,
  "BYMAD.BA": 0.205,
  "CEPU.BA": 2434,
  "COME.BA": 74,
  "CRES.BA": 1815,
  "CRESC.BA": 1.11500001,
  "EDN.BA": 2572.5,
  "EDNC.BA": 1.66999996,
  "EDND.BA": 1.77499998,
  "GGAL.BA": 7920,
  "GGALC.BA": 5.30000019,