{
  "AAL.BA": 8340,
  "AAP.BA": 5730,
  "AAPL.BA": 15175,
  "ABBV.BA": 26175,
  "ABEV.BA": 8990,
  "ABEV3.BA": 3085,
  "ABNB.BA": 10700,
  "ABT.BA": 43025,
  "ACN.BA": 4245,
  "ACWI.BA": 6750,
  "ADBE.BA": 10150,
  "ADGO.BA": 12300,
  "ADI.BA": 20525,
  "ADP.BA": 66950,
  "ADS.BA": 3942.14794922,
  "AEG.BA": 9820,
  "AEM.BA": 29475,
  "AHP.BA": 28.79999924,
  "AI.BA": 4455,
  "AIG.BA": 20700,
  "AKO.B.BA": 31600,
  "AMAT.BA": 49600,
  "AMD.BA": 22825,
  "AMGN.BA": 12575,
  "AMX.BA": 25300,
  "AMZN.BA": 2025,
  "ANF.BA": 132800,
  "ARCO.BA": 18500,
  "ARKK.BA": 10100,
  "ARM.BA": 6900,
  "ASML.BA": 6690,
  "ASR.BA": 21000,
  "AVGO.BA": 10350,
  "AVY.BA": 12600,
  "AXP.BA": 26675,
  "AZN.BA": 49450,
  "B.BA": 15350,
  "BA.BA": 12775,
  "BA.C.BA": 15650,
  "BABA.BA": 17675,
  "BAK.BA": 1990,
  "BAS.BA": 3197.76855469,
  "BAYN.BA": 3323.26293945,
  "BB.BA": 1595,
  "BBD.BA": 3950,
  "BBDC3.BA": 3440,
  "BBV.BA": 24400,
  "BCS.BA": 26850,
  "BHP.BA": 35775,
  "BIDU.BA": 10500,
  "BIIB.BA": 13250,
  "BIOX.BA": 4230,
  "BITF.BA": 8180,
  "BK.BA": 68550,
  "BKNG.BA": 10575,
  "BKR.BA": 8050,
  "BMY.BA": 20525,
  "BNG.BA": 22500,
  "BP.BA": 9050,
  "BPA11.BA": 10825,
  "BRFS.BA": 14200,
  "BRKB.BA": 28250,
  "BSBR.BA": 6630,
  "BSN.BA": 613.31298828,
  "C.BA": 41825,
  "CAAP.BA": 112200,
  "CAH.BA": 63150,
  "CAJ.BA": 4045.5,
  "CAR.BA": 7950,
  "CAT.BA": 27600,
  "CBRD.BA": 459,
  "CCL.BA": 12950,
  "CDE.BA": 15425,
  "CEG.BA": 9980,
  "CIBR.BA": 9480,
  "CL.BA": 37275,
  "CLS.BA": 13850,
  "COIN.BA": 15750,
  "COST.BA": 27100,
  "CRM.BA": 16975,
  "CSCO.BA": 18800,
  "CSNA3.BA": 1810,
  "CVS.BA": 5740,
  "CVX.BA": 12925,
  "CX.BA": 11650,
  "DAL.BA": 9520,
  "DD.BA": 18550,
  "DE.BA": 16900,
  "DECK.BA": 5470,
  "DEO.BA": 24675,
  "DESP.BA": 22600,
  "DHR.BA": 4970,
  "DIA.BA": 29375,
  "DISN.BA": 12525,
  "DOCU.BA": 4100,
  "DOW.BA": 4760,
  "DTEA.BA": 0,
  "E.BA": 11350,
  "EA.BA": 16675,
  "EBAY.BA": 63650,
  "EBR.BA": 44575,
  "EEM.BA": 13175,
  "EFA.BA": 6680,
  "EFX.BA": 19750,
  "ELP.BA": 36250,
  "EOAN.BA": 236.04100037,
  "EQNR.BA": 5450,
  "ERIC.BA": 5050,
  "ERJ.BA": 77600,
  "ETHA.BA": 8880,
  "ETSY.BA": 5370,
  "EWJ.BA": 7490,
  "EWZ.BA": 18650,
  "F.BA": 14975,
  "FCX.BA": 18775,
  "FDX.BA": 30700,
  "FMCC.BA": 0,
  "FMX.BA": 19200,
  "FMX.B.BA": 0,
  "FNMA.BA": 14500,
  "FSLR.BA": 13525,
  "FXI.BA": 10000,
  "GDX.BA": 7620,
  "GE.BA": 46150,
  "GFI.BA": 41100,
  "GGB.BA": 15975,
  "GILD.BA": 39625,
  "GLD.BA": 8150,
  "GLOB.BA": 5640,
  "GLW.BA": 21825,
  "GM.BA": 11900,
  "GOOGL.BA": 4585,
  "GPRK.BA": 8920,
  "GRMN.BA": 101050,
  "GS.BA": 75800,
  "GSK.BA": 12600,
  "GT.BA": 5590,
  "HAL.BA": 13825,
  "HAPV3.BA": 8830,
  "HD.BA": 16325,
  "HDB.BA": 48650,
  "HHPD.BA": 0,
  "HL.BA": 10200,
  "HMC.BA": 44425,
  "HMY.BA": 20450,
  "HNPIY.BA": 6140,
  "HOG.BA": 11075,
  "HON.BA": 35850,
  "HPQ.BA": 35125,
  "HSBC.BA": 42875,
  "HSY.BA": 11150,
  "HUT.BA": 140750,
  "HWM.BA": 239950,
  "IBB.BA": 6510,
  "IBIT.BA": 8970,
  "IBM.BA": 20650,
  "IBN.BA": 42950,
  "IEMG.BA": 6820,
  "IEUR.BA": 7960,
  "IFF.BA": 6970,
  "IJH.BA": 6980,
  "INFY.BA": 21200,
  "ING.BA": 10775,
  "INTC.BA": 5620,
  "IP.BA": 15775,
  "ISRG.BA": 7140,
  "ITUB.BA": 9190,
  "ITUB3.BA": 8340,
  "IVE.BA": 6600,
  "IVW.BA": 7620,
  "IWM.BA": 29650,
  "JBSS3.BA": 8320,
  "JCI.BA": 68150,
  "JD.BA": 10575,
  "JMIA.BA": 9030,
  "JNJ.BA": 15250,
  "JOYY.BA": 13225,
  "JPM.BA": 25900,
  "KB.BA": 53600,
  "KEP.BA": 18550,
  "KGC.BA": 25125,
  "KMB.BA": 29475,
  "KO.BA": 18675,
  "KOFM.BA": 56900,
  "LAC.BA": 3795,
  "LAR.BA": 4750,
  "LFC.BA": 1074.5,
  "LLY.BA": 15000,
  "LMT.BA": 28300,
  "LRCX.BA": 2460,
  "LVS.BA": 35900,
  "LYG.BA": 3000,
  "MA.BA": 23150,
  "MBG.BA": 3807.20898438,
  "MBT.BA": 650,
  "MCD.BA": 16625,
  "MDLZ.BA": 5440,
  "MDT.BA": 30825,
  "MELI.BA": 25850,
  "META.BA": 43250,
  "MFG.BA": 8500,
  "MGLU3.BA": 1790,
  "MMC.BA": 16800,
  "MMM.BA": 20725,
  "MO.BA": 21725,
  "MOS.BA": 8400,
  "MRK.BA": 21250,
  "MRNA.BA": 1780,
  "MRVL.BA": 7240,
  "MSFT.BA": 23100,
  "MSI.BA": 30850,
  "MSTR.BA": 26300,
  "MU.BA": 33275,
  "MUFG.BA": 19900,
  "MUX.BA": 6920,
  "NATU3.BA": 2175,
  "NEC1.BA": 0,
  "NEM.BA": 30150,
  "NFLX.BA": 33375,
  "NG.BA": 30825,
  "NGG.BA": 47300,
  "NIO.BA": 1510,
  "NKE.BA": 8310,
  "NLM.BA": 0,
  "NMR.BA": 9200,
  "NOKA.BA": 5450,
  "NOW.BA": 6550,
  "NSAN.BA": 1545,
  "NTCO.BA": 6200,
  "NTES.BA": 12425,
  "NU.BA": 8000,
  "NUE.BA": 11650,
  "NVDA.BA": 10025,
  "NVS.BA": 39375,
  "NXE.BA": 9070,
  "ORAN.BA": 13200,
  "ORCL.BA": 111350,
  "ORLY.BA": 596,
  "OXY.BA": 11800,
  "PAAS.BA": 13850,
  "PAC.BA": 20300,
  "PAGS.BA": 3900,
  "PANW.BA": 4580,
  "PATH.BA": 6860,
  "PBI.BA": 14725,
  "PBR.BA": 16375,
  "PCAR.BA": 43075,
  "PCRF.BA": 0,
  "PDD.BA": 6090,
  "PEP.BA": 10750,
  "PETR3.BA": 8090,
  "PFE.BA": 8150,
  "PG.BA": 13675,
  "PHG.BA": 7050,
  "PINS.BA": 6580,
  "PKS.BA": 24475,
  "PLTR.BA": 81250,
  "PM.BA": 12400,
  "PSO.BA": 0,
  "PSQ.BA": 5380,
  "PSX.BA": 26775,
  "PYPL.BA": 11275,
  "QCOM.BA": 18325,
  "QQQ.BA": 38100,
  "RACE.BA": 7090,
  "RBLX.BA": 85900,
  "RCTB4.BA": 0,
  "RGTI.BA": 10525,
  "RIO.BA": 10375,
  "RIOT.BA": 5070,
  "ROKU.BA": 8440,
  "ROST.BA": 48500,
  "RTX.BA": 40925,
  "SAN.BA": 49675,
  "SAP.BA": 59750,
  "SATL.BA": 4445,
  "SBS.BA": 59800,
  "SBSP3.BA": 27025,
  "SBUX.BA": 10350,
  "SCCO.BA": 64550,
  "SCHW.BA": 0,
  "SDA.BA": 1465,
  "SE.BA": 7280,
  "SH.BA": 6390,
  "SHEL.BA": 47950,
  "SHOP.BA": 1825,
  "SID.BA": 14975,
  "SIEGY.BA": 6695.81591797,
  "SLB.BA": 14600,
  "SLV.BA": 7550,
  "SMH.BA": 7880,
  "SMSN.BA": 13143.82421875,
  "SNA.BA": 71400,
  "SNAP.BA": 9550,
  "SNOW.BA": 8420,
  "SONY.BA": 4515,
  "SPCE.BA": 7970,
  "SPGI.BA": 16400,
  "SPOT.BA": 32300,
  "SPXL.BA": 10050,
  "SPY.BA": 42375,
  "STLA.BA": 2535,
  "STNE.BA": 6650,
  "SUZ.BA": 13350,
  "SUZB3.BA": 13600,
  "SWKS.BA": 4405,
  "SYY.BA": 13300,
  "T.BA": 12550,
  "TCOM.BA": 39400,
  "TEAM.BA": 4615,
  "TEFO.BA": 891,
  "TEM.BA": 6850,
  "TEN.BA": 47600,
  "TGT.BA": 5900,
  "TIIAY.BA": 0,
  "TIMB.BA": 27100,
  "TIMS3.BA": 5630,
  "TJX.BA": 7600,
  "TM.BA": 17050,
  "TMO.BA": 28225,
  "TMUS.BA": 9800,
  "TRIP.BA": 11725,
  "TRVV.BA": 58300,
  "TSLA.BA": 29575,
  "TSM.BA": 35725,
  "TTE.BA": 27250,
  "TTM.BA": 8651,
  "TV.BA": 1020,
  "TWLO.BA": 3535,
  "TXN.BA": 51000,
  "TXR.BA": 10700,
  "UAL.BA": 25300,
  "UBER.BA": 60900,
  "UGP.BA": 4150,
  "UL.BA": 26825,
  "UNH.BA": 10450,
  "UNP.BA": 14575,
  "UPST.BA": 16475,
  "URA.BA": 10675,
  "URBN.BA": 51500,
  "USB.BA": 11750,
  "USO.BA": 6500,
  "V.BA": 24800,
  "VALE.BA": 6840,
  "VALE3.BA": 13575,
  "VEA.BA": 7720,
  "VIG.BA": 7070,
  "VIST.BA": 19150,
  "VIV.BA": 16150,
  "VIVT3.BA": 8080,
  "VOD.BA": 15275,
  "VRSN.BA": 58750,
  "VRTX.BA": 5030,
  "VST.BA": 10550,
  "VZ.BA": 14325,
  "WBA.BA": 5210,
  "WBO.BA": 2185,
  "WEGE3.BA": 9180,
  "WFC.BA": 21050,
  "WMT.BA": 7640,
  "X.BA": 21550,
  "XLB.BA": 6530,
  "XLC.BA": 7610,
  "XLE.BA": 56450,
  "XLF.BA": 34675,
  "XLI.BA": 7180,
  "XLK.BA": 7670,
  "XLP.BA": 6850,
  "XLRE.BA": 6000,
  "XLU.BA": 7590,
  "XLV.BA": 5980,
  "XLY.BA": 6920,
  "XOM.BA": 14100,
  "XP.BA": 5780,
  "XPEV.BA": 6660,
  "XROX.BA": 5700,
  "XYZ.BA": 4940,
  "YELP.BA": 20300,
  "YZCA.BA": 0.007,
  "ZM.BA": 1965,
  "ALUA.BA": 721,
  "ALUAC.BA": 0.54000002,
  "ALUAD.BA": 0.547,
  "BBAR.BA": 7440,
  "BBARC.BA": 5.54,
  "BBARD.BA": 5.67,
  "BMA.BA": 9770,
  "BMA.C.BA": 7.42999983,
  "BMA.D.BA": 7.4,
  "BYMA.BA": 203,
  "BYMAC.BA": 0.156,
  "BYMAD.BA": 0.154,
  "CEPU.BA": 1745,
  "COME.BA": 139.25,
  "CRES.BA": 1520,
  "CRESC.BA": 0.32300001,
  "EDN.BA": 1975,
  "EDNC.BA": 1.42499995,
  "EDND.BA": 1.49,
  "GGAL.BA": 6890,
  "GGALC.BA": 5.14,
  "GGALD.BA": 5.21,
  "IRSAC.BA": 1.58000004,
  "IRSAD.BA": 1.52999997,
  "LOMA.BA": 3090,
  "LOMAD.BA": 2.345,
  "MIRG.BA": 23225,
  "PAMP.BA": 4140,
  "SUPV.BA": 2955,
  "SUPVD.BA": 2.23,
  "TECO2.BA": 2720,
  "TECOC.BA": 2.00500011,
  "TGN4C.BA": 2.55500007,
  "TGN4D.BA": 2.66,
  "TGNO4.BA": 3500,
  "TGSU2.BA": 7860,