{
  "AAL.BA": 11450,
  "AAP.BA": 5020,
  "AAPL.BA": 21040,
  "ABBV.BA": 33560,
  "ABEV.BA": 11530,
  "ABEV3.BA": 3920,
  "ABNB.BA": 12970,
  "ABT.BA": 47220,
  "ACN.BA": 5460,
  "ACWI.BA": 8270,
  "ADBE.BA": 12280,
  "ADGO.BA": 10750,
  "ADI.BA": 28240,
  "ADP.BA": 67225,
  "ADS.BA": 3942.14794922,
  "AEG.BA": 11170,
  "AEM.BA": 42500,
  "AHP.BA": 28.79999924,
  "AI.BA": 4645,
  "AIG.BA": 25540,
  "AKO.B.BA": 41600,
  "ALAB.BA": 5195,
  "AMAT.BA": 78625,
  "AMD.BA": 32080,
  "AMGN.BA": 15980,
  "AMX.BA": 32020,
  "AMZN.BA": 2386,
  "ANF.BA": 171125,
  "ARCO.BA": 22750,
  "ARKK.BA": 12230,
  "ARM.BA": 7565,
  "ASML.BA": 11230,
  "ASR.BA": 24060,
  "ASTS.BA": 7835,
  "AVGO.BA": 13940,
  "AVY.BA": 15310,
  "AXP.BA": 38460,
  "AZN.BA": 67850,
  "B.BA": 32720,
  "BA.BA": 12940,
  "BA.C.BA": 20830,
  "BABA.BA": 26160,
  "BAK.BA": 2210,
  "BAS.BA": 3197.76855469,
  "BAYN.BA": 3323.26293945,
  "BB.BA": 2133,
  "BBD.BA": 5235,
  "BBDC3.BA": 4410,
  "BBV.BA": 34280,
  "BCS.BA": 36060,
  "BHP.BA": 45180,
  "BIDU.BA": 17250,
  "BIIB.BA": 20350,
  "BIOX.BA": 2425,
  "BITF.BA": 21170,
  "BK.BA": 88675,
  "BKNG.BA": 11660,
  "BKR.BA": 9910,
  "BMY.BA": 26440,
  "BNG.BA": 28380,
  "BP.BA": 10720,
  "BPA11.BA": 16920,
  "BRFS.BA": 18200,
  "BRKB.BA": 34260,
  "BSBR.BA": 9000,
  "BSN.BA": 613.31298828,
  "C.BA": 56375,
  "CAAP.BA": 156675,
  "CAH.BA": 100125,
  "CAJ.BA": 4045.5,
  "CAR.BA": 7660,
  "CAT.BA": 46020,
  "CCL.BA": 14000,
  "CDE.BA": 26120,
  "CEG.BA": 11960,
  "CIBR.BA": 11230,
  "CL.BA": 39540,
  "CLS.BA": 23520,
  "COIN.BA": 15160,
  "COST.BA": 27840,
  "CRM.BA": 22060,
  "CRWV.BA": 4467.5,
  "CSCO.BA": 23530,
  "CSNA3.BA": 2712.5,
  "CVS.BA": 8060,
  "CVX.BA": 14170,
  "CX.BA": 17400,
  "DAL.BA": 13330,
  "DD.BA": 12410,
  "DE.BA": 18310,
  "DECK.BA": 6170,
  "DEO.BA": 22460,
  "DESP.BA": 22600,
  "DHR.BA": 6355,
  "DIA.BA": 36840,
  "DISN.BA": 14040,
  "DOCU.BA": 4865,
  "DOW.BA": 6060,
  "DTEA.BA": 0,
  "E.BA": 14150,
  "EA.BA": 22010,
  "EBAY.BA": 64600,
  "ECL.BA": 7010,
  "EEM.BA": 16470,
  "EFA.BA": 8135,
  "EFX.BA": 20690,
  "ELP.BA": 47320,
  "EMBJ.BA": 97950,
  "EOAN.BA": 236.04100037,
  "EQNR.BA": 5795,
  "ERIC.BA": 7280,
  "ETHA.BA": 7035,
  "ETSY.BA": 5080,
  "EWJ.BA": 9060,
  "EWZ.BA": 25260,
  "F.BA": 20730,
  "FCX.BA": 24040,
  "FDX.BA": 42920,
  "FMCC.BA": 0,
  "FMX.BA": 26200,
  "FNMA.BA": 17990,
  "FSLR.BA": 21770,
  "FXI.BA": 11820,
  "GDX.BA": 12960,
  "GE.BA": 56975,
  "GFI.BA": 65625,
  "GGB.BA": 22100,
  "GILD.BA": 45400,
  "GLD.BA": 11960,
  "GLOB.BA": 5645,
  "GLW.BA": 33540,
  "GM.BA": 20410,
  "GOOGL.BA": 8070,
  "GPRK.BA": 10820,
  "GRMN.BA": 105100,
  "GS.BA": 103450,
  "GSK.BA": 18440,
  "GT.BA": 6525,
  "HAL.BA": 21560,
  "HAPV3.BA": 4132.5,
  "HD.BA": 16960,
  "HDB.BA": 27160,
  "HHPD.BA": 0,
  "HL.BA": 28460,
  "HMC.BA": 46680,
  "HMY.BA": 30780,
  "HNPIY.BA": 6140,
  "HOG.BA": 10940,
  "HON.BA": 36480,
  "HOOD.BA": 6275,
  "HPQ.BA": 37520,
  "HSBC.BA": 56800,
  "HSY.BA": 13140,
  "HUT.BA": 325475,
  "HWM.BA": 301350,
  "IBB.BA": 9465,
  "IBIT.BA": 7740,
  "IBM.BA": 31040,
  "IBN.BA": 45700,
  "IEMG.BA": 8465,
  "IEUR.BA": 9675,
  "IFF.BA": 7960,
  "IJH.BA": 8450,
  "INFY.BA": 26800,
  "ING.BA": 13730,
  "INTC.BA": 11530,
  "IP.BA": 14550,
  "IREN.BA": 5300,
  "ISRG.BA": 9000,
  "ITA.BA": 6340,
  "ITUB.BA": 11020,
  "ITUB3.BA": 10150,
  "IVE.BA": 8065,
  "IVW.BA": 9295,
  "IWDA.BA": 0,
  "IWM.BA": 38540,
  "JBSS3.BA": 8320,
  "JCI.BA": 86225,
  "JD.BA": 11110,
  "JMIA.BA": 18800,
  "JNJ.BA": 21320,
  "JOYY.BA": 19100,
  "JPM.BA": 32080,
  "KB.BA": 64450,
  "KEP.BA": 25320,
  "KGC.BA": 42400,
  "KMB.BA": 26120,
  "KO.BA": 21280,
  "KOFM.BA": 69975,
  "LAC.BA": 7830,
  "LAR.BA": 8080,
  "LFC.BA": 1074.5,
  "LLY.BA": 27740,
  "LMT.BA": 36280,
  "LRCX.BA": 4330,
  "LREN3.BA": 3995,
  "LVS.BA": 49100,
  "LYG.BA": 3805,
  "MA.BA": 26260,
  "MBG.BA": 3807.20898438,
  "MBT.BA": 650,
  "MCD.BA": 20000,
  "MDLZ.BA": 5475,
  "MDT.BA": 37580,
  "MELI.BA": 25500,
  "META.BA": 40740,
  "MFG.BA": 11100,
  "MGLU3.BA": 2782.5,
  "MMC.BA": 17600,
  "MMM.BA": 25480,
  "MO.BA": 22270,
  "MOS.BA": 7930,
  "MRK.BA": 30200,
  "MRNA.BA": 2373,
  "MRVL.BA": 9185,
  "MSFT.BA": 24180,
  "MSI.BA": 27600,
  "MSTR.BA": 13600,
  "MU.BA": 73600,
  "MUFG.BA": 24030,
  "MUX.BA": 14290,
  "NATU3.BA": 2200,
  "NEC1.BA": 0,
  "NEM.BA": 49760,
  "NFLX.BA": 3030,
  "NG.BA": 58875,
  "NGG.BA": 56300,
  "NIO.BA": 1921,
  "NKE.BA": 8520,
  "NLM.BA": 0,
  "NMR.BA": 12480,
  "NOKA.BA": 9475,
  "NOW.BA": 7540,
  "NSAN.BA": 1545,
  "NTCO.BA": 6200,
  "NTES.BA": 15050,
  "NU.BA": 12800,
  "NUE.BA": 15570,
  "NVDA.BA": 11140,
  "NVS.BA": 50000,
  "NXE.BA": 13800,
  "OKLO.BA": 4962.5,
  "ORAN.BA": 13200,
  "ORCL.BA": 95850,
  "ORLY.BA": 626,
  "OXY.BA": 12420,
  "PAAS.BA": 25160,
  "PAC.BA": 24560,
  "PAGS.BA": 5185,
  "PANW.BA": 5820,
  "PATH.BA": 13280,
  "PBI.BA": 15340,
  "PBR.BA": 18490,
  "PCAR.BA": 56425,
  "PCRF.BA": 0,
  "PDD.BA": 6795,
  "PEP.BA": 12610,
  "PETR3.BA": 9330,
  "PFE.BA": 9780,
  "PG.BA": 14420,
  "PHG.BA": 8090,
  "PINS.BA": 5615,
  "PKS.BA": 27140,
  "PLTR.BA": 92750,
  "PM.BA": 12860,
  "PSO.BA": 0,
  "PSQ.BA": 5760,
  "PSX.BA": 35480,
  "PYPL.BA": 11700,
  "QCOM.BA": 24630,
  "QQQ.BA": 46480,
  "RACE.BA": 6700,
  "RBLX.BA": 67400,
  "RCTB4.BA": 0,
  "RGTI.BA": 20170,
  "RIO.BA": 14260,
  "RIOT.BA": 7785,
  "RKLB.BA": 8005,
  "ROKU.BA": 12630,
  "ROST.BA": 69125,
  "RTX.BA": 53975,
  "SAN.BA": 68725,
  "SAP.BA": 61725,
  "SATL.BA": 3215,
  "SBS.BA": 75925,
  "SBSP3.BA": 40000,
  "SBUX.BA": 10790,
  "SCCO.BA": 108250,
  "SCHW.BA": 0,
  "SDA.BA": 1410,
  "SE.BA": 5905,
  "SH.BA": 6915,
  "SHEL.BA": 54675,
  "SHOP.BA": 2315,
  "SI.BA": 22.45000076,
  "SID.BA": 21610,
  "SIEGY.BA": 6695.81591797,
  "SLB.BA": 19800,
  "SLV.BA": 14190,
  "SMH.BA": 10790,
  "SMSN.BA": 13143.82421875,
  "SNA.BA": 88150,
  "SNAP.BA": 11230,
  "SNOW.BA": 11000,
  "SONY.BA": 5085,
  "SPCE.BA": 10050,
  "SPGI.BA": 16810,
  "SPHQ.BA": 8205,
  "SPOT.BA": 32620,
  "SPXL.BA": 13320,
  "SPY.BA": 51675,
  "STLA.BA": 3550,
  "STNE.BA": 7860,
  "SUZ.BA": 13620,
  "SUZB3.BA": 13710,
  "SWKS.BA": 4875,
  "SYY.BA": 14090,
  "T.BA": 12360,
  "TCOM.BA": 53500,
  "TEAM.BA": 5175,
  "TEFO.BA": 818,
  "TEM.BA": 8955,
  "TEN.BA": 61000,
  "TGT.BA": 6115,
  "TIIAY.BA": 0,
  "TIMB.BA": 33100,
  "TIMS3.BA": 6495,
  "TJX.BA": 10560,
  "TM.BA": 21000,
  "TMO.BA": 39360,
  "TMUS.BA": 9100,
  "TQQQ.BA": 3197.5,
  "TRIP.BA": 11540,
  "TRVV.BA": 71750,
  "TSLA.BA": 45580,
  "TSM.BA": 49340,
  "TTE.BA": 33140,
  "TTM.BA": 8651,
  "TV.BA": 1520,
  "TWLO.BA": 5560,
  "TXN.BA": 54375,
  "TXR.BA": 14440,
  "UAL.BA": 32720,
  "UBER.BA": 64950,
  "UGP.BA": 5960,
  "UL.BA": 30100,
  "UNH.BA": 15640,
  "UNP.BA": 18100,
  "UPST.BA": 14890,
  "URA.BA": 14110,
  "URBN.BA": 62475,
  "USB.BA": 16160,
  "USO.BA": 6945,
  "V.BA": 29280,
  "VALE.BA": 9615,
  "VALE3.BA": 19240,
  "VEA.BA": 9475,
  "VIG.BA": 8615,
  "VIST.BA": 24900,
  "VIV.BA": 18770,
  "VIVT3.BA": 9200,
  "VOD.BA": 19040,
  "VRSN.BA": 61225,
  "VRTX.BA": 6745,
  "VST.BA": 9960,
  "VXX.BA": 8990,
  "VZ.BA": 15420,
  "WBA.BA": 5360,
  "WBO.BA": 2600,
  "WEGE3.BA": 13750,
  "WFC.BA": 28080,
  "WMT.BA": 9800,
  "X.BA": 21550,
  "XLB.BA": 3807.5,
  "XLC.BA": 9270,
  "XLE.BA": 34400,
  "XLF.BA": 41480,
  "XLI.BA": 8510,
  "XLK.BA": 4722.5,
  "XLP.BA": 7500,
  "XLRE.BA": 6870,
  "XLU.BA": 4327.5,
  "XLV.BA": 8035,
  "XLY.BA": 4220,
  "XOM.BA": 17940,
  "XP.BA": 6695,
  "XPEV.BA": 7245,
  "XROX.BA": 3947.5,
  "XYZ.BA": 4905,
  "YELP.BA": 23110,
  "YZCA.BA": 0.007,
  "ZM.BA": 2857.5,
  "ALUA.BA": 956,
  "ALUAC.BA": 0.63599998,
  "ALUAD.BA": 0.65100002,
  "BBAR.BA": 8485,
  "BBARC.BA": 5.5999999,
  "BBARD.BA": 5.78000021,
  "BMA.BA": 13150,
  "BMA.C.BA": 9,
  "BMA.D.BA": 8.89999962,
  "BYMA.BA": 300,
  "BYMAC.BA": 0.20900001,
  "BYMAD.BA": 0.205,
  "CEPU.BA": 2470,
  "COME.BA": 64.59999847,
  "CRES.BA": 1800,
  "CRESC.BA": 1.11500001,
  "EDN.BA": 2319,
  "EDNC.BA": 1.66999996,
  "EDND.BA": 1.55999994,
  "GGAL.BA": 7360,
  "GGALC.BA": 4.86999989,