{
  "AAL.BA": 10620,
  "AAP.BA": 5675,
  "AAPL.BA": 21430,
  "ABBV.BA": 34080,
  "ABEV.BA": 11920,
  "ABEV3.BA": 3810,
  "ABNB.BA": 12080,
  "ABT.BA": 48460,
  "ACN.BA": 5250,
  "ACWI.BA": 8235,
  "ADBE.BA": 11190,
  "ADGO.BA": 12310,
  "ADI.BA": 27140,
  "ADP.BA": 65000,
  "ADS.BA": 3942.14794922,
  "AEG.BA": 12070,
  "AEM.BA": 42940,
  "AHP.BA": 28.79999924,
  "AI.BA": 4322.5,
  "AIG.BA": 23430,
  "AKO.B.BA": 40380,
  "ALAB.BA": 6075,
  "AMAT.BA": 78175,
  "AMD.BA": 33760,
  "AMGN.BA": 16970,
  "AMX.BA": 33820,
  "AMZN.BA": 2495,
  "ANF.BA": 154625,
  "ARCO.BA": 22990,
  "ARKK.BA": 11850,
  "ARM.BA": 7625,
  "ASML.BA": 11280,
  "ASR.BA": 23160,
  "ASTS.BA": 5375,
  "AVGO.BA": 15100,
  "AVY.BA": 14650,
  "AXP.BA": 36380,
  "AZN.BA": 69300,
  "B.BA": 31800,
  "BA.BA": 12540,
  "BA.C.BA": 20270,
  "BABA.BA": 27260,
  "BAK.BA": 2184,
  "BAS.BA": 3197.76855469,
  "BAYN.BA": 3323.26293945,
  "BB.BA": 2050,
  "BBD.BA": 5520,
  "BBDC3.BA": 4720,
  "BBV.BA": 33300,
  "BCS.BA": 34580,
  "BHP.BA": 42240,
  "BIDU.BA": 16470,
  "BIIB.BA": 20870,
  "BIOX.BA": 2530,
  "BITF.BA": 25900,
  "BK.BA": 84775,
  "BKNG.BA": 10460,
  "BKR.BA": 10650,
  "BMY.BA": 24710,
  "BNG.BA": 29700,
  "BP.BA": 11120,
  "BPA11.BA": 15070,
  "BRFS.BA": 18200,
  "BRKB.BA": 35000,
  "BSBR.BA": 9785,
  "BSN.BA": 613.31298828,
  "C.BA": 52325,
  "CAAP.BA": 161000,
  "CAH.BA": 106250,
  "CAJ.BA": 4045.5,
  "CAR.BA": 7735,
  "CAT.BA": 43460,
  "CCL.BA": 13000,
  "CDE.BA": 25500,
  "CEG.BA": 12270,
  "CIBR.BA": 11170,
  "CL.BA": 40740,
  "CLS.BA": 24420,
  "COIN.BA": 14990,
  "COST.BA": 28740,
  "CRM.BA": 19740,
  "CRWV.BA": 4400,
  "CSCO.BA": 23110,
  "CSNA3.BA": 2450,
  "CVS.BA": 8040,
  "CVX.BA": 14450,
  "CX.BA": 16060,
  "DAL.BA": 12230,
  "DD.BA": 12270,
  "DE.BA": 17980,
  "DECK.BA": 5610,
  "DEO.BA": 23530,
  "DESP.BA": 22600,
  "DHR.BA": 6365,
  "DIA.BA": 36000,
  "DISN.BA": 13470,
  "DOCU.BA": 4707.5,
  "DOW.BA": 6050,
  "DTEA.BA": 0,
  "E.BA": 14260,
  "EA.BA": 22000,
  "EBAY.BA": 62650,
  "ECL.BA": 7465,
  "EEM.BA": 16530,
  "EFA.BA": 8025,
  "EFX.BA": 20550,
  "ELP.BA": 49640,
  "EMBJ.BA": 95250,
  "EOAN.BA": 236.04100037,
  "EQNR.BA": 5660,
  "ERIC.BA": 7300,
  "ETHA.BA": 6565,
  "ETSY.BA": 5220,
  "EWJ.BA": 8960,
  "EWZ.BA": 25740,
  "F.BA": 19950,
  "FCX.BA": 22000,
  "FDX.BA": 41340,
  "FMCC.BA": 0,
  "FMX.BA": 24370,
  "FNMA.BA": 16400,
  "FSLR.BA": 22370,
  "FXI.BA": 12000,
  "GDX.BA": 12500,
  "GE.BA": 55000,
  "GFI.BA": 63600,
  "GGB.BA": 21840,
  "GILD.BA": 47040,
  "GLD.BA": 11760,
  "GLOB.BA": 5495,
  "GLW.BA": 31480,
  "GM.BA": 18480,
  "GOOGL.BA": 8255,
  "GPRK.BA": 12300,
  "GRMN.BA": 100025,
  "GS.BA": 94825,
  "GSK.BA": 18010,
  "GT.BA": 6640,
  "HAL.BA": 20140,
  "HAPV3.BA": 4402.5,
  "HD.BA": 16950,
  "HDB.BA": 26680,
  "HHPD.BA": 0,
  "HL.BA": 25840,
  "HMC.BA": 45140,
  "HMY.BA": 29700,
  "HNPIY.BA": 6140,
  "HOG.BA": 12100,
  "HON.BA": 36380,
  "HOOD.BA": 6550,
  "HPQ.BA": 36880,
  "HSBC.BA": 54750,
  "HSY.BA": 13280,
  "HUT.BA": 337425,
  "HWM.BA": 304850,
  "IBB.BA": 9620,
  "IBIT.BA": 7575,
  "IBM.BA": 30900,
  "IBN.BA": 46540,
  "IEMG.BA": 8575,
  "IEUR.BA": 9600,
  "IFF.BA": 8085,
  "IJH.BA": 8390,
  "INFY.BA": 26440,
  "ING.BA": 13390,
  "INTC.BA": 12300,
  "IP.BA": 14750,
  "IREN.BA": 5835,
  "ISRG.BA": 9540,
  "ITA.BA": 6140,
  "ITUB.BA": 11860,
  "ITUB3.BA": 11500,
  "IVE.BA": 8105,
  "IVW.BA": 9310,
  "IWDA.BA": 0,
  "IWM.BA": 37520,
  "JBSS3.BA": 8320,
  "JCI.BA": 82750,
  "JD.BA": 11300,
  "JMIA.BA": 18790,
  "JNJ.BA": 20700,
  "JOYY.BA": 19250,
  "JPM.BA": 31280,
  "KB.BA": 64200,
  "KEP.BA": 26340,
  "KGC.BA": 42480,
  "KMB.BA": 27500,
  "KO.BA": 21730,
  "KOFM.BA": 66600,
  "LAC.BA": 8185,
  "LAR.BA": 8315,
  "LFC.BA": 1074.5,
  "LLY.BA": 28680,
  "LMT.BA": 33340,
  "LRCX.BA": 4242.5,
  "LREN3.BA": 4445,
  "LVS.BA": 52975,
  "LYG.BA": 3862.5,
  "MA.BA": 25020,
  "MBG.BA": 3807.20898438,
  "MBT.BA": 650,
  "MCD.BA": 19210,
  "MDLZ.BA": 5680,
  "MDT.BA": 39000,
  "MELI.BA": 26360,
  "META.BA": 40700,
  "MFG.BA": 10910,
  "MGLU3.BA": 3050,
  "MMC.BA": 17650,
  "MMM.BA": 25980,
  "MO.BA": 22460,
  "MOS.BA": 7615,
  "MRK.BA": 30740,
  "MRNA.BA": 1925,
  "MRVL.BA": 10180,
  "MSFT.BA": 24650,
  "MSI.BA": 28460,
  "MSTR.BA": 13380,
  "MU.BA": 72450,
  "MUFG.BA": 24200,
  "MUX.BA": 14090,
  "NATU3.BA": 2389,
  "NEC1.BA": 0,
  "NEM.BA": 46120,
  "NFLX.BA": 3432.5,
  "NG.BA": 61950,
  "NGG.BA": 57675,
  "NIO.BA": 1964,
  "NKE.BA": 8255,
  "NLM.BA": 0,
  "NMR.BA": 11600,
  "NOKA.BA": 9385,
  "NOW.BA": 7340,
  "NSAN.BA": 1545,
  "NTCO.BA": 6200,
  "NTES.BA": 15650,
  "NU.BA": 13550,
  "NUE.BA": 15220,
  "NVDA.BA": 11540,
  "NVS.BA": 48880,
  "NXE.BA": 13430,
  "OKLO.BA": 4832.5,
  "ORAN.BA": 13200,
  "ORCL.BA": 103775,
  "ORLY.BA": 675.5,
  "OXY.BA": 12860,
  "PAAS.BA": 22910,
  "PAC.BA": 23900,
  "PAGS.BA": 5235,
  "PANW.BA": 5740,
  "PATH.BA": 10930,
  "PBI.BA": 14860,
  "PBR.BA": 19150,
  "PCAR.BA": 52975,
  "PCRF.BA": 0,
  "PDD.BA": 7200,
  "PEP.BA": 12580,
  "PETR3.BA": 9705,
  "PFE.BA": 9630,
  "PG.BA": 14820,
  "PHG.BA": 8625,
  "PINS.BA": 5815,
  "PKS.BA": 26980,
  "PLTR.BA": 85800,
  "PM.BA": 13220,
  "PSO.BA": 0,
  "PSQ.BA": 5735,
  "PSX.BA": 35320,
  "PYPL.BA": 11950,
  "QCOM.BA": 23330,
  "QQQ.BA": 47020,
  "RACE.BA": 7070,
  "RBLX.BA": 71850,
  "RCTB4.BA": 0,
  "RGTI.BA": 18240,
  "RIO.BA": 13690,
  "RIOT.BA": 8025,
  "RKLB.BA": 5205,
  "ROKU.BA": 11460,
  "ROST.BA": 67300,
  "RTX.BA": 51350,
  "SAN.BA": 66375,
  "SAP.BA": 60875,
  "SATL.BA": 2505,
  "SBS.BA": 79400,
  "SBSP3.BA": 39600,
  "SBUX.BA": 10740,
  "SCCO.BA": 103075,
  "SCHW.BA": 0,
  "SDA.BA": 1556,
  "SE.BA": 6455,
  "SH.BA": 6885,
  "SHEL.BA": 56500,
  "SHOP.BA": 2179,
  "SI.BA": 22.45000076,
  "SID.BA": 19450,
  "SIEGY.BA": 6695.81591797,
  "SLB.BA": 18610,
  "SLV.BA": 13240,
  "SMH.BA": 10830,
  "SMSN.BA": 13143.82421875,
  "SNA.BA": 86050,
  "SNAP.BA": 11560,
  "SNOW.BA": 13110,
  "SONY.BA": 5470,
  "SPCE.BA": 11550,
  "SPGI.BA": 16810,
  "SPHQ.BA": 8090,
  "SPOT.BA": 31260,
  "SPXL.BA": 13450,
  "SPY.BA": 51750,
  "STLA.BA": 3220,
  "STNE.BA": 8575,
  "SUZ.BA": 13510,
  "SUZB3.BA": 13640,
  "SWKS.BA": 4800,
  "SYY.BA": 14330,
  "T.BA": 13040,
  "TCOM.BA": 53275,
  "TEAM.BA": 4882.5,
  "TEFO.BA": 790,
  "TEM.BA": 9540,
  "TEN.BA": 59925,
  "TGT.BA": 5815,
  "TIIAY.BA": 0,
  "TIMB.BA": 34520,
  "TIMS3.BA": 6865,
  "TJX.BA": 10500,
  "TM.BA": 19810,
  "TMO.BA": 40120,
  "TMUS.BA": 9350,
  "TQQQ.BA": 3325,
  "TRIP.BA": 11410,
  "TRVV.BA": 73825,
  "TSLA.BA": 43800,
  "TSM.BA": 49300,
  "TTE.BA": 33420,
  "TTM.BA": 8651,
  "TV.BA": 1353,
  "TWLO.BA": 5315,
  "TXN.BA": 51375,
  "TXR.BA": 14250,
  "UAL.BA": 30740,
  "UBER.BA": 65975,
  "UGP.BA": 6220,
  "UL.BA": 30620,
  "UNH.BA": 14890,
  "UNP.BA": 17500,
  "UPST.BA": 13600,
  "URA.BA": 13500,
  "URBN.BA": 59125,
  "USB.BA": 14970,
  "USO.BA": 7160,
  "V.BA": 27940,
  "VALE.BA": 9645,
  "VALE3.BA": 19420,
  "VEA.BA": 9345,
  "VIG.BA": 8620,
  "VIST.BA": 25080,
  "VIV.BA": 19590,
  "VIVT3.BA": 9750,
  "VOD.BA": 18870,
  "VRSN.BA": 63625,
  "VRTX.BA": 6405,
  "VST.BA": 10280,
  "VXX.BA": 9620,
  "VZ.BA": 15450,
  "WBA.BA": 5360,
  "WBO.BA": 2577.5,
  "WEGE3.BA": 12800,
  "WFC.BA": 25980,
  "WMT.BA": 9375,
  "X.BA": 21550,
  "XLB.BA": 7565,
  "XLC.BA": 9150,
  "XLE.BA": 69325,
  "XLF.BA": 40240,
  "XLI.BA": 8285,
  "XLK.BA": 9515,
  "XLP.BA": 7525,
  "XLRE.BA": 6970,
  "XLU.BA": 8980,
  "XLV.BA": 8125,
  "XLY.BA": 8400,
  "XOM.BA": 17690,
  "XP.BA": 7595,
  "XPEV.BA": 7760,
  "XROX.BA": 4087.5,
  "XYZ.BA": 4890,
  "YELP.BA": 21830,
  "YZCA.BA": 0.007,
  "ZM.BA": 2767.5,
  "ALUA.BA": 1107,
  "ALUAC.BA": 0.69,
  "ALUAD.BA": 0.749,
  "BBAR.BA": 8310,
  "BBARC.BA": 2.63070011,
  "BBARD.BA": 5.62,
  "BMA.BA": 13000,
  "BMA.C.BA": 7.80159998,
  "BMA.D.BA": 8.86,
  "BYMA.BA": 300,
  "BYMAC.BA": 0.20999999,
  "BYMAD.BA": 0.204,
  "CEPU.BA": 2557.5,
  "COME.BA": 74.9,
  "CRES.BA": 1774,
  "CRESC.BA": 1.11500001,
  "EDN.BA": 2720,
  "EDNC.BA": 1.66999996,
  "EDND.BA": 1.85,
  "GGAL.BA": 8100,
  "GGALC.BA": 5.3499999,
  "GGALD.BA": 5.5,