{
  "AAL.BA": 8290,
  "AAP.BA": 5260,
  "AAPL.BA": 14850,
  "ABBV.BA": 27775,
  "ABEV.BA": 8670,
  "ABEV3.BA": 2950,
  "ABNB.BA": 11125,
  "ABT.BA": 43575,
  "ACN.BA": 4470,
  "ACWI.BA": 6730,
  "ADBE.BA": 10575,
  "ADGO.BA": 11300,
  "ADI.BA": 21750,
  "ADP.BA": 67350,
  "ADS.BA": 3942.14794922,
  "AEG.BA": 10575,
  "AEM.BA": 30025,
  "AHP.BA": 28.79999924,
  "AI.BA": 4425,
  "AIG.BA": 21800,
  "AKO.B.BA": 31000,
  "AMAT.BA": 42325,
  "AMD.BA": 21600,
  "AMGN.BA": 13050,
  "AMX.BA": 25550,
  "AMZN.BA": 2030,
  "ANF.BA": 122950,
  "ARCO.BA": 18500,
  "ARKK.BA": 9750,
  "ARM.BA": 6400,
  "ASML.BA": 6650,
  "ASR.BA": 21375,
  "AVGO.BA": 9780,
  "AVY.BA": 12825,
  "AXP.BA": 27100,
  "AZN.BA": 53050,
  "B.BA": 16875,
  "BA.BA": 12325,
  "BA.C.BA": 15900,
  "BABA.BA": 17350,
  "BAK.BA": 1990,
  "BAS.BA": 3197.76855469,
  "BAYN.BA": 3323.26293945,
  "BB.BA": 1600,
  "BBD.BA": 3795,
  "BBDC3.BA": 3225,
  "BBV.BA": 25000,
  "BCS.BA": 26650,
  "BHP.BA": 35875,
  "BIDU.BA": 10500,
  "BIIB.BA": 14100,
  "BIOX.BA": 3870,
  "BITF.BA": 8060,
  "BK.BA": 67150,
  "BKNG.BA": 10700,
  "BKR.BA": 8280,
  "BMY.BA": 21275,
  "BNG.BA": 22025,
  "BP.BA": 8960,
  "BPA11.BA": 10400,
  "BRFS.BA": 14325,
  "BRKB.BA": 29350,
  "BSBR.BA": 6370,
  "BSN.BA": 613.31298828,
  "C.BA": 40825,
  "CAAP.BA": 117700,
  "CAH.BA": 66800,
  "CAJ.BA": 4045.5,
  "CAR.BA": 7640,
  "CAT.BA": 27550,
  "CBRD.BA": 459,
  "CCL.BA": 12850,
  "CDE.BA": 15450,
  "CEG.BA": 9210,
  "CIBR.BA": 9480,
  "CL.BA": 38050,
  "CLS.BA": 11950,
  "COIN.BA": 14650,
  "COST.BA": 26675,
  "CRM.BA": 18075,
  "CSCO.BA": 17725,
  "CSNA3.BA": 1685,
  "CVS.BA": 6270,
  "CVX.BA": 12825,
  "CX.BA": 11625,
  "DAL.BA": 9580,
  "DD.BA": 19750,
  "DE.BA": 16050,
  "DECK.BA": 5520,
  "DEO.BA": 25225,
  "DESP.BA": 22600,
  "DHR.BA": 5020,
  "DIA.BA": 29550,
  "DISN.BA": 12850,
  "DOCU.BA": 4235,
  "DOW.BA": 5200,
  "DTEA.BA": 0,
  "E.BA": 11500,
  "EA.BA": 16150,
  "EBAY.BA": 65200,
  "EBR.BA": 41050,
  "EEM.BA": 13125,
  "EFA.BA": 6750,
  "EFX.BA": 20350,
  "ELP.BA": 34400,
  "EOAN.BA": 236.04100037,
  "EQNR.BA": 5400,
  "ERIC.BA": 5050,
  "ERJ.BA": 74150,
  "ETHA.BA": 8450,
  "ETSY.BA": 5200,
  "EWJ.BA": 7450,
  "EWZ.BA": 18275,
  "F.BA": 14950,
  "FCX.BA": 18325,
  "FDX.BA": 29750,
  "FMCC.BA": 0,
  "FMX.BA": 19225,
  "FMX.B.BA": 0,
  "FNMA.BA": 14500,
  "FSLR.BA": 14075,
  "FXI.BA": 10100,
  "GDX.BA": 7800,
  "GE.BA": 44400,
  "GFI.BA": 39950,
  "GGB.BA": 15225,
  "GILD.BA": 38275,
  "GLD.BA": 8120,
  "GLOB.BA": 4925,
  "GLW.BA": 21400,
  "GM.BA": 12425,
  "GOOGL.BA": 4535,
  "GPRK.BA": 8540,
  "GRMN.BA": 101150,
  "GS.BA": 72650,
  "GSK.BA": 13200,
  "GT.BA": 5420,
  "HAL.BA": 13975,
  "HAPV3.BA": 8940,
  "HD.BA": 16475,
  "HDB.BA": 49875,
  "HHPD.BA": 0,
  "HL.BA": 10200,
  "HMC.BA": 44875,
  "HMY.BA": 21000,
  "HNPIY.BA": 6140,
  "HOG.BA": 11950,
  "HON.BA": 35850,
  "HPQ.BA": 35025,
  "HSBC.BA": 43150,
  "HSY.BA": 11250,
  "HUT.BA": 141450,
  "HWM.BA": 229400,
  "IBB.BA": 6770,
  "IBIT.BA": 8420,
  "IBM.BA": 21125,
  "IBN.BA": 44100,
  "IEMG.BA": 6820,
  "IEUR.BA": 8050,
  "IFF.BA": 7300,
  "IJH.BA": 7010,
  "INFY.BA": 22575,
  "ING.BA": 10975,
  "INTC.BA": 6210,
  "IP.BA": 15925,
  "ISRG.BA": 7000,
  "ITUB.BA": 8800,
  "ITUB3.BA": 7880,
  "IVE.BA": 6660,
  "IVW.BA": 7450,
  "IWM.BA": 29800,
  "JBSS3.BA": 8320,
  "JCI.BA": 65500,
  "JD.BA": 10325,
  "JMIA.BA": 9470,
  "JNJ.BA": 15750,
  "JOYY.BA": 13400,
  "JPM.BA": 25700,
  "KB.BA": 51050,
  "KEP.BA": 18375,
  "KGC.BA": 25800,
  "KMB.BA": 29225,
  "KO.BA": 18650,
  "KOFM.BA": 56550,
  "LAC.BA": 3610,
  "LAR.BA": 4165,
  "LFC.BA": 1074.5,
  "LLY.BA": 16725,
  "LMT.BA": 29475,
  "LRCX.BA": 2315,
  "LVS.BA": 35275,
  "LYG.BA": 2995,
  "MA.BA": 23650,
  "MBG.BA": 3807.20898438,
  "MBT.BA": 650,
  "MCD.BA": 17225,
  "MDLZ.BA": 5540,
  "MDT.BA": 30175,
  "MELI.BA": 25825,
  "META.BA": 40650,
  "MFG.BA": 8530,
  "MGLU3.BA": 1645,
  "MMC.BA": 17475,
  "MMM.BA": 20375,
  "MO.BA": 22375,
  "MOS.BA": 8640,
  "MRK.BA": 22750,
  "MRNA.BA": 1830,
  "MRVL.BA": 6720,
  "MSFT.BA": 22200,
  "MSI.BA": 30475,
  "MSTR.BA": 22325,
  "MU.BA": 30625,
  "MUFG.BA": 20150,
  "MUX.BA": 7230,
  "NATU3.BA": 2050,
  "NEC1.BA": 0,
  "NEM.BA": 30950,
  "NFLX.BA": 33150,
  "NG.BA": 31275,
  "NGG.BA": 47125,
  "NIO.BA": 1825,
  "NKE.BA": 8370,
  "NLM.BA": 0,
  "NMR.BA": 9580,
  "NOKA.BA": 5630,
  "NOW.BA": 6780,
  "NSAN.BA": 1545,
  "NTCO.BA": 6200,
  "NTES.BA": 12475,
  "NU.BA": 9010,
  "NUE.BA": 11850,
  "NVDA.BA": 9640,
  "NVS.BA": 41825,
  "NXE.BA": 8480,
  "ORAN.BA": 13200,
  "ORCL.BA": 102700,
  "ORLY.BA": 617,
  "OXY.BA": 11775,
  "PAAS.BA": 14050,
  "PAC.BA": 20425,
  "PAGS.BA": 3695,
  "PANW.BA": 4845,
  "PATH.BA": 7170,
  "PBI.BA": 15000,
  "PBR.BA": 15800,
  "PCAR.BA": 42900,
  "PCRF.BA": 0,
  "PDD.BA": 6480,
  "PEP.BA": 10925,
  "PETR3.BA": 8070,
  "PFE.BA": 8490,
  "PG.BA": 13950,
  "PHG.BA": 7230,
  "PINS.BA": 6600,
  "PKS.BA": 24025,
  "PLTR.BA": 68900,
  "PM.BA": 12775,
  "PSO.BA": 0,
  "PSQ.BA": 5490,
  "PSX.BA": 27400,
  "PYPL.BA": 11200,
  "QCOM.BA": 18500,
  "QQQ.BA": 37275,
  "RACE.BA": 7410,
  "RBLX.BA": 75850,
  "RCTB4.BA": 0,
  "RGTI.BA": 9410,
  "RIO.BA": 10100,
  "RIOT.BA": 5400,
  "ROKU.BA": 9190,
  "ROST.BA": 47975,
  "RTX.BA": 41375,
  "SAN.BA": 50700,
  "SAP.BA": 59350,
  "SATL.BA": 4715,
  "SBS.BA": 56550,
  "SBSP3.BA": 26750,
  "SBUX.BA": 9730,
  "SCCO.BA": 61950,
  "SCHW.BA": 0,
  "SDA.BA": 1535,
  "SE.BA": 7390,
  "SH.BA": 6430,
  "SHEL.BA": 47925,
  "SHOP.BA": 1695,
  "SID.BA": 13450,
  "SIEGY.BA": 6695.81591797,
  "SLB.BA": 14875,
  "SLV.BA": 7620,
  "SMH.BA": 7620,
  "SMSN.BA": 13143.82421875,
  "SNA.BA": 70850,
  "SNAP.BA": 9340,
  "SNOW.BA": 8610,
  "SONY.BA": 4565,
  "SPCE.BA": 7840,
  "SPGI.BA": 16175,
  "SPOT.BA": 32550,
  "SPXL.BA": 9780,
  "SPY.BA": 41975,
  "STLA.BA": 2555,
  "STNE.BA": 6520,
  "SUZ.BA": 12700,
  "SUZB3.BA": 12400,
  "SWKS.BA": 4625,
  "SYY.BA": 13225,
  "T.BA": 12950,
  "TCOM.BA": 41925,
  "TEAM.BA": 4635,
  "TEFO.BA": 901,
  "TEM.BA": 8440,
  "TEN.BA": 47450,
  "TGT.BA": 5370,
  "TIIAY.BA": 0,
  "TIMB.BA": 27175,
  "TIMS3.BA": 5300,
  "TJX.BA": 8080,
  "TM.BA": 17325,
  "TMO.BA": 29025,
  "TMUS.BA": 10350,
  "TRIP.BA": 11175,
  "TRVV.BA": 60450,
  "TSLA.BA": 28300,
  "TSM.BA": 33375,
  "TTE.BA": 27875,
  "TTM.BA": 8651,
  "TV.BA": 1030,
  "TWLO.BA": 3700,
  "TXN.BA": 53100,
  "TXR.BA": 10625,
  "UAL.BA": 25750,
  "UBER.BA": 62150,
  "UGP.BA": 4325,
  "UL.BA": 27825,
  "UNH.BA": 12175,
  "UNP.BA": 14900,
  "UPST.BA": 16750,
  "URA.BA": 9830,
  "URBN.BA": 47925,
  "USB.BA": 12175,
  "USO.BA": 6550,
  "V.BA": 25200,
  "VALE.BA": 6460,
  "VALE3.BA": 12750,
  "VEA.BA": 7730,
  "VIG.BA": 7100,
  "VIST.BA": 17775,
  "VIV.BA": 16475,
  "VIVT3.BA": 7860,
  "VOD.BA": 15600,
  "VRSN.BA": 60100,
  "VRTX.BA": 5190,
  "VST.BA": 9700,
  "VZ.BA": 14875,
  "WBA.BA": 5380,
  "WBO.BA": 2500,
  "WEGE3.BA": 8710,
  "WFC.BA": 20625,
  "WMT.BA": 7200,
  "X.BA": 21550,
  "XLB.BA": 6640,
  "XLC.BA": 7650,
  "XLE.BA": 56950,
  "XLF.BA": 34775,
  "XLI.BA": 7130,
  "XLK.BA": 7430,
  "XLP.BA": 6810,
  "XLRE.BA": 6140,
  "XLU.BA": 7530,
  "XLV.BA": 6250,
  "XLY.BA": 6960,
  "XOM.BA": 14425,
  "XP.BA": 5350,
  "XPEV.BA": 7540,
  "XROX.BA": 4860,
  "XYZ.BA": 4900,
  "YELP.BA": 20300,
  "YZCA.BA": 0.007,
  "ZM.BA": 2065,
  "ALUA.BA": 678,
  "ALUAC.BA": 0.52200001,
  "ALUAD.BA": 0.51200002,
  "BBAR.BA": 6210,
  "BBARC.BA": 5.53999996,
  "BBARD.BA": 4.71000004,
  "BMA.BA": 8700,
  "BMA.C.BA": 7.09000015,
  "BMA.D.BA": 6.59000015,
  "BYMA.BA": 191.5,
  "BYMAC.BA": 0.149,
  "BYMAD.BA": 0.149,
  "CEPU.BA": 1465,
  "COME.BA": 52.90000153,
  "CRES.BA": 1425,
  "CRESC.BA": 0.32300001,
  "EDN.BA": 1615,
  "EDNC.BA": 1.42499995,
  "EDND.BA": 1.23000002,
  "GGAL.BA": 6090,
  "GGALC.BA": 4.56500006,
  "GGALD.BA": 4.57999992,
  "IRSAC.BA": 1.58000004,
  "IRSAD.BA": 1.50999999,
  "LOMA.BA": 2720,
  "LOMAD.BA": 2.06999993,
  "MIRG.BA": 20625,
  "PAMP.BA": 3755,
  "SUPV.BA": 2440,
  "SUPVD.BA": 1.84000003,
  "TECO2.BA": 2475,
  "TECOC.BA": 1.95500004,
  "TGN4C.BA": 2.70499992,