{
  "AAL.BA": 9720,
  "AAP.BA": 6515,
  "AAPL.BA": 19170,
  "ABBV.BA": 34780,
  "ABEV.BA": 10770,
  "ABEV3.BA": 3650,
  "ABNB.BA": 13260,
  "ABT.BA": 53350,
  "ACN.BA": 4995,
  "ACWI.BA": 8260,
  "ADBE.BA": 13000,
  "ADGO.BA": 12320,
  "ADI.BA": 25460,
  "ADP.BA": 76075,
  "ADS.BA": 3942.14794922,
  "AEG.BA": 12240,
  "AEM.BA": 41940,
  "AHP.BA": 28.79999924,
  "AI.BA": 5605,
  "AIG.BA": 24010,
  "AKO.B.BA": 36920,
  "AMAT.BA": 59475,
  "AMD.BA": 24510,
  "AMGN.BA": 14890,
  "AMX.BA": 31440,
  "AMZN.BA": 2520,
  "ANF.BA": 141625,
  "ARCO.BA": 20870,
  "ARKK.BA": 13240,
  "ARM.BA": 7990,
  "ASML.BA": 9990,
  "ASR.BA": 26360,
  "AVGO.BA": 13770,
  "AVY.BA": 14200,
  "AXP.BA": 35540,
  "AZN.BA": 59450,
  "B.BA": 25740,
  "BA.BA": 14020,
  "BA.C.BA": 20520,
  "BABA.BA": 28260,
  "BAK.BA": 2451,
  "BAS.BA": 3197.76855469,
  "BAYN.BA": 3323.26293945,
  "BB.BA": 2181,
  "BBD.BA": 5190,
  "BBDC3.BA": 4450,
  "BBV.BA": 30100,
  "BCS.BA": 32480,
  "BHP.BA": 40780,
  "BIDU.BA": 19220,
  "BIIB.BA": 17180,
  "BIOX.BA": 2625,
  "BITF.BA": 24500,
  "BK.BA": 85250,
  "BKNG.BA": 12390,
  "BKR.BA": 10490,
  "BMY.BA": 23460,
  "BNG.BA": 24860,
  "BP.BA": 10640,
  "BPA11.BA": 13890,
  "BRFS.BA": 18200,
  "BRKB.BA": 35080,
  "BSBR.BA": 8630,
  "BSN.BA": 613.31298828,
  "C.BA": 53675,
  "CAAP.BA": 112450,
  "CAH.BA": 77875,
  "CAJ.BA": 4045.5,
  "CAR.BA": 9385,
  "CAT.BA": 36540,
  "CCL.BA": 15740,
  "CDE.BA": 27140,
  "CEG.BA": 11500,
  "CIBR.BA": 12050,
  "CL.BA": 42280,
  "CLS.BA": 19450,
  "COIN.BA": 19840,
  "COST.BA": 30880,
  "CRM.BA": 21420,
  "CSCO.BA": 21360,
  "CSNA3.BA": 2307,
  "CVS.BA": 7360,
  "CVX.BA": 15260,
  "CX.BA": 14080,
  "DAL.BA": 11610,
  "DD.BA": 24520,
  "DE.BA": 18460,
  "DECK.BA": 7095,
  "DEO.BA": 25520,
  "DESP.BA": 22600,
  "DHR.BA": 5585,
  "DIA.BA": 36160,
  "DISN.BA": 14790,
  "DOCU.BA": 6020,
  "DOW.BA": 6145,
  "DTEA.BA": 0,
  "E.BA": 13510,
  "EA.BA": 19330,
  "EBAY.BA": 71000,
  "EBR.BA": 59675,
  "EEM.BA": 16570,
  "EFA.BA": 8090,
  "EFX.BA": 25100,
  "ELP.BA": 45820,
  "EOAN.BA": 236.04100037,
  "EQNR.BA": 6270,
  "ERIC.BA": 6275,
  "ERJ.BA": 90600,
  "ETHA.BA": 10500,
  "ETSY.BA": 6335,
  "EWJ.BA": 9045,
  "EWZ.BA": 24130,
  "F.BA": 18120,
  "FCX.BA": 23520,
  "FDX.BA": 36200,
  "FMCC.BA": 0,
  "FMX.BA": 25280,
  "FNMA.BA": 28000,
  "FSLR.BA": 18560,
  "FXI.BA": 12760,
  "GDX.BA": 11300,
  "GE.BA": 58950,
  "GFI.BA": 64700,
  "GGB.BA": 19430,
  "GILD.BA": 44600,
  "GLD.BA": 11090,
  "GLOB.BA": 4910,
  "GLW.BA": 31200,
  "GM.BA": 15330,
  "GOOGL.BA": 6860,
  "GPRK.BA": 9375,
  "GRMN.BA": 122675,
  "GS.BA": 97200,
  "GSK.BA": 15910,
  "GT.BA": 6615,
  "HAL.BA": 17540,
  "HAPV3.BA": 11400,
  "HD.BA": 20280,
  "HDB.BA": 27660,
  "HHPD.BA": 0,
  "HL.BA": 17240,
  "HMC.BA": 52225,
  "HMY.BA": 26240,
  "HNPIY.BA": 6140,
  "HOG.BA": 14720,
  "HON.BA": 40920,
  "HPQ.BA": 44160,
  "HSBC.BA": 54700,
  "HSY.BA": 14180,
  "HUT.BA": 284875,
  "HWM.BA": 297425,
  "IBB.BA": 8230,
  "IBIT.BA": 10230,
  "IBM.BA": 27800,
  "IBN.BA": 49940,
  "IEMG.BA": 8575,
  "IEUR.BA": 9585,
  "IFF.BA": 8275,
  "IJH.BA": 8570,
  "INFY.BA": 27100,
  "ING.BA": 13290,
  "INTC.BA": 9240,
  "IP.BA": 18200,
  "ISRG.BA": 7505,
  "ITUB.BA": 11470,
  "ITUB3.BA": 10150,
  "IVE.BA": 8015,
  "IVW.BA": 9460,
  "IWDA.BA": 0,
  "IWM.BA": 37960,
  "JBSS3.BA": 8320,
  "JCI.BA": 108500,
  "JD.BA": 13720,
  "JMIA.BA": 18230,
  "JNJ.BA": 18360,
  "JOYY.BA": 19570,
  "JPM.BA": 32860,
  "KB.BA": 65375,
  "KEP.BA": 20440,
  "KGC.BA": 36720,
  "KMB.BA": 32520,
  "KO.BA": 20820,
  "KOFM.BA": 66350,
  "LAC.BA": 5090,
  "LAR.BA": 5140,
  "LFC.BA": 1074.5,
  "LLY.BA": 21010,
  "LMT.BA": 37040,
  "LRCX.BA": 3545,
  "LVS.BA": 42160,
  "LYG.BA": 3502.5,
  "MA.BA": 27720,
  "MBG.BA": 3807.20898438,
  "MBT.BA": 650,
  "MCD.BA": 19720,
  "MDLZ.BA": 6665,
  "MDT.BA": 37200,
  "MELI.BA": 31860,
  "META.BA": 50375,
  "MFG.BA": 10400,
  "MGLU3.BA": 3500,
  "MMC.BA": 19130,
  "MMM.BA": 24470,
  "MO.BA": 25320,
  "MOS.BA": 10590,
  "MRK.BA": 25400,
  "MRNA.BA": 2063,
  "MRVL.BA": 8260,
  "MSFT.BA": 26840,
  "MSI.BA": 37340,
  "MSTR.BA": 26840,
  "MU.BA": 50750,
  "MUFG.BA": 24880,
  "MUX.BA": 11310,
  "NATU3.BA": 2955,
  "NEC1.BA": 0,
  "NEM.BA": 42460,
  "NFLX.BA": 39980,
  "NG.BA": 46780,
  "NGG.BA": 54675,
  "NIO.BA": 2882.5,
  "NKE.BA": 9240,
  "NLM.BA": 0,
  "NMR.BA": 11720,
  "NOKA.BA": 7420,
  "NOW.BA": 8750,
  "NSAN.BA": 1545,
  "NTCO.BA": 6200,
  "NTES.BA": 16960,
  "NU.BA": 12610,
  "NUE.BA": 13050,
  "NVDA.BA": 11490,
  "NVS.BA": 48040,
  "NXE.BA": 13400,
  "ORAN.BA": 13200,
  "ORCL.BA": 160725,
  "ORLY.BA": 735.5,
  "OXY.BA": 14450,
  "PAAS.BA": 19010,
  "PAC.BA": 24510,
  "PAGS.BA": 5485,
  "PANW.BA": 6475,
  "PATH.BA": 9240,
  "PBI.BA": 18300,
  "PBR.BA": 19710,
  "PCAR.BA": 51925,
  "PCRF.BA": 0,
  "PDD.BA": 8130,
  "PEP.BA": 12310,
  "PETR3.BA": 9880,
  "PFE.BA": 9405,
  "PG.BA": 16260,
  "PHG.BA": 8815,
  "PINS.BA": 7985,
  "PKS.BA": 26140,
  "PLTR.BA": 95125,
  "PM.BA": 14140,
  "PSO.BA": 0,
  "PSQ.BA": 6140,
  "PSX.BA": 33760,
  "PYPL.BA": 13300,
  "QCOM.BA": 23710,
  "QQQ.BA": 46840,
  "RACE.BA": 9035,
  "RBLX.BA": 105675,
  "RCTB4.BA": 0,
  "RGTI.BA": 22300,
  "RIO.BA": 12190,
  "RIOT.BA": 9090,
  "ROKU.BA": 12120,
  "ROST.BA": 56925,
  "RTX.BA": 49320,
  "SAN.BA": 63950,
  "SAP.BA": 69700,
  "SATL.BA": 5680,
  "SBS.BA": 76850,
  "SBSP3.BA": 38180,
  "SBUX.BA": 11050,
  "SCCO.BA": 86175,
  "SCHW.BA": 0,
  "SDA.BA": 2026,
  "SE.BA": 9460,
  "SH.BA": 7280,
  "SHEL.BA": 55225,
  "SHOP.BA": 2247,
  "SI.BA": 22.45000076,
  "SID.BA": 18710,
  "SIEGY.BA": 6695.81591797,
  "SLB.BA": 17900,
  "SLV.BA": 10190,
  "SMH.BA": 9890,
  "SMSN.BA": 13143.82421875,
  "SNA.BA": 88200,
  "SNAP.BA": 12690,
  "SNOW.BA": 12010,
  "SONY.BA": 5750,
  "SPCE.BA": 10210,
  "SPGI.BA": 17710,
  "SPOT.BA": 41120,
  "SPXL.BA": 13180,
  "SPY.BA": 51850,
  "STLA.BA": 3065,
  "STNE.BA": 10060,
  "SUZ.BA": 14840,
  "SUZB3.BA": 15010,
  "SWKS.BA": 6075,
  "SYY.BA": 16070,
  "T.BA": 15080,
  "TCOM.BA": 61400,
  "TEAM.BA": 5565,
  "TEFO.BA": 1020,
  "TEM.BA": 11530,
  "TEN.BA": 54450,
  "TGT.BA": 5735,
  "TIIAY.BA": 0,
  "TIMB.BA": 34040,
  "TIMS3.BA": 6685,
  "TJX.BA": 12740,
  "TM.BA": 20810,
  "TMO.BA": 34060,
  "TMUS.BA": 11100,
  "TRIP.BA": 14740,
  "TRVV.BA": 71925,
  "TSLA.BA": 44360,
  "TSM.BA": 45880,
  "TTE.BA": 31520,
  "TTM.BA": 8651,
  "TV.BA": 1396,
  "TWLO.BA": 4630,
  "TXN.BA": 55900,
  "TXR.BA": 13700,
  "UAL.BA": 33220,
  "UBER.BA": 76975,
  "UGP.BA": 6025,
  "UL.BA": 31980,
  "UNH.BA": 15970,
  "UNP.BA": 17200,
  "UPST.BA": 21160,
  "URA.BA": 15410,
  "URBN.BA": 55050,
  "USB.BA": 15690,
  "USO.BA": 7660,
  "V.BA": 29720,
  "VALE.BA": 8500,
  "VALE3.BA": 17030,
  "VEA.BA": 9350,
  "VIG.BA": 8675,
  "VIST.BA": 17530,
  "VIV.BA": 19730,
  "VIVT3.BA": 9775,
  "VOD.BA": 17800,
  "VRSN.BA": 73375,
  "VRTX.BA": 5950,
  "VST.BA": 12730,
  "VZ.BA": 16970,
  "WBA.BA": 5360,
  "WBO.BA": 3282.5,
  "WEGE3.BA": 10640,
  "WFC.BA": 26500,
  "WMT.BA": 8885,
  "X.BA": 21550,
  "XLB.BA": 7915,
  "XLC.BA": 9850,
  "XLE.BA": 69050,
  "XLF.BA": 42480,
  "XLI.BA": 8575,
  "XLK.BA": 9495,
  "XLP.BA": 7760,
  "XLRE.BA": 7300,
  "XLU.BA": 8870,
  "XLV.BA": 7405,
  "XLY.BA": 8790,
  "XOM.BA": 17610,
  "XP.BA": 7690,
  "XPEV.BA": 8440,
  "XROX.BA": 6435,
  "XYZ.BA": 6025,
  "YELP.BA": 24930,
  "YZCA.BA": 0.007,
  "ZM.BA": 2805,
  "ALUA.BA": 653,
  "ALUAC.BA": 0.41499999,
  "ALUAD.BA": 0.42199999,
  "BBAR.BA": 4007.5,
  "BBARC.BA": 4,
  "BBARD.BA": 2.52999997,
  "BMA.BA": 6050,
  "BMA.C.BA": 3.81500006,
  "BMA.D.BA": 3.8499999,
  "BYMA.BA": 149,
  "BYMAC.BA": 0.1,
  "BYMAD.BA": 0.094,
  "CEPU.BA": 1203,
  "COME.BA": 29.34000015,
  "CRES.BA": 1380,
  "CRESC.BA": 0.875,
  "EDN.BA": 1176,
  "EDNC.BA": 0.83399999,
  "EDND.BA": 0.75099999,
  "GGAL.BA": 4087.5,
  "GGALC.BA": 2.65499997,
  "GGALD.BA": 2.59500003,
  "IRSAC.BA": 1.17999995,
  "IRSAD.BA": 1.22000003,
  "LOMA.BA": 2229,
  "LOMAD.BA": 1.43499994,
  "MIRG.BA": 16000,
  "PAMP.BA": 3572.5,
  "SUPV.BA": 1551,
  "SUPVD.BA": 0.99299997,
  "TECO2.BA": 2087,