{
  "AAL.BA": 8535,
  "AAP.BA": 6735,
  "AAPL.BA": 18960,
  "ABBV.BA": 33180,
  "ABEV.BA": 10260,
  "ABEV3.BA": 3445,
  "ABNB.BA": 12210,
  "ABT.BA": 49520,
  "ACN.BA": 4925,
  "ACWI.BA": 7920,
  "ADBE.BA": 12220,
  "ADGO.BA": 11920,
  "ADI.BA": 24360,
  "ADP.BA": 72425,
  "ADS.BA": 3942.14794922,
  "AEG.BA": 11770,
  "AEM.BA": 41540,
  "AHP.BA": 28.79999924,
  "AI.BA": 5150,
  "AIG.BA": 23200,
  "AKO.B.BA": 34020,
  "AMAT.BA": 61050,
  "AMD.BA": 24110,
  "AMGN.BA": 13640,
  "AMX.BA": 31120,
  "AMZN.BA": 2307,
  "ANF.BA": 125850,
  "ARCO.BA": 20300,
  "ARKK.BA": 12850,
  "ARM.BA": 7920,
  "ASML.BA": 9850,
  "ASR.BA": 24320,
  "AVGO.BA": 12560,
  "AVY.BA": 13310,
  "AXP.BA": 33980,
  "AZN.BA": 55100,
  "B.BA": 24690,
  "BA.BA": 13480,
  "BA.C.BA": 19540,
  "BABA.BA": 29800,
  "BAK.BA": 1852,
  "BAS.BA": 3197.76855469,
  "BAYN.BA": 3323.26293945,
  "BB.BA": 2475,
  "BBD.BA": 4960,
  "BBDC3.BA": 4330,
  "BBV.BA": 28300,
  "BCS.BA": 30660,
  "BHP.BA": 41860,
  "BIDU.BA": 18240,
  "BIIB.BA": 15880,
  "BIOX.BA": 2270,
  "BITF.BA": 20980,
  "BK.BA": 81600,
  "BKNG.BA": 11500,
  "BKR.BA": 10770,
  "BMY.BA": 21970,
  "BNG.BA": 24570,
  "BP.BA": 10380,
  "BPA11.BA": 13600,
  "BRFS.BA": 18200,
  "BRKB.BA": 33840,
  "BSBR.BA": 8325,
  "BSN.BA": 613.31298828,
  "C.BA": 51200,
  "CAAP.BA": 109675,
  "CAH.BA": 77025,
  "CAJ.BA": 4045.5,
  "CAR.BA": 9240,
  "CAT.BA": 35180,
  "CCL.BA": 14680,
  "CDE.BA": 28020,
  "CEG.BA": 11110,
  "CIBR.BA": 11380,
  "CL.BA": 39980,
  "CLS.BA": 18450,
  "COIN.BA": 18450,
  "COST.BA": 28520,
  "CRM.BA": 20280,
  "CSCO.BA": 20220,
  "CSNA3.BA": 2260,
  "CVS.BA": 7135,
  "CVX.BA": 14560,
  "CX.BA": 13520,
  "DAL.BA": 10820,
  "DD.BA": 22950,
  "DE.BA": 17360,
  "DECK.BA": 6165,
  "DEO.BA": 23610,
  "DESP.BA": 22600,
  "DHR.BA": 5150,
  "DIA.BA": 34540,
  "DISN.BA": 14270,
  "DOCU.BA": 5560,
  "DOW.BA": 5700,
  "DTEA.BA": 0,
  "E.BA": 13220,
  "EA.BA": 21480,
  "EBAY.BA": 67850,
  "EBR.BA": 59000,
  "EEM.BA": 15890,
  "EFA.BA": 7720,
  "EFX.BA": 23900,
  "ELP.BA": 41720,
  "EOAN.BA": 236.04100037,
  "EQNR.BA": 6195,
  "ERIC.BA": 6050,
  "ERJ.BA": 89000,
  "ETHA.BA": 9480,
  "ETSY.BA": 6970,
  "EWJ.BA": 8595,
  "EWZ.BA": 23180,
  "F.BA": 18060,
  "FCX.BA": 18500,
  "FDX.BA": 35200,
  "FMCC.BA": 0,
  "FMX.BA": 24630,
  "FNMA.BA": 58000,
  "FSLR.BA": 18500,
  "FXI.BA": 12240,
  "GDX.BA": 11290,
  "GE.BA": 54800,
  "GFI.BA": 61775,
  "GGB.BA": 18600,
  "GILD.BA": 41880,
  "GLD.BA": 10530,
  "GLOB.BA": 4970,
  "GLW.BA": 30000,
  "GM.BA": 15160,
  "GOOGL.BA": 6255,
  "GPRK.BA": 9800,
  "GRMN.BA": 122100,
  "GS.BA": 92350,
  "GSK.BA": 15380,
  "GT.BA": 5595,
  "HAL.BA": 18710,
  "HAPV3.BA": 10920,
  "HD.BA": 18940,
  "HDB.BA": 25420,
  "HHPD.BA": 0,
  "HL.BA": 17700,
  "HMC.BA": 47520,
  "HMY.BA": 27200,
  "HNPIY.BA": 6140,
  "HOG.BA": 14210,
  "HON.BA": 38980,
  "HPQ.BA": 40040,
  "HSBC.BA": 52375,
  "HSY.BA": 13030,
  "HUT.BA": 260100,
  "HWM.BA": 285475,
  "IBB.BA": 7880,
  "IBIT.BA": 9710,
  "IBM.BA": 27840,
  "IBN.BA": 45280,
  "IEMG.BA": 8185,
  "IEUR.BA": 9150,
  "IFF.BA": 7555,
  "IJH.BA": 8110,
  "INFY.BA": 24280,
  "ING.BA": 12960,
  "INTC.BA": 10320,
  "IP.BA": 17200,
  "ISRG.BA": 7240,
  "ITA.BA": 6140,
  "ITUB.BA": 10960,
  "ITUB3.BA": 9700,
  "IVE.BA": 7655,
  "IVW.BA": 8935,
  "IWDA.BA": 0,
  "IWM.BA": 35940,
  "JBSS3.BA": 8320,
  "JCI.BA": 108185.6171875,
  "JD.BA": 13310,
  "JMIA.BA": 17770,
  "JNJ.BA": 18090,
  "JOYY.BA": 17560,
  "JPM.BA": 31440,
  "KB.BA": 61800,
  "KEP.BA": 19680,
  "KGC.BA": 36480,
  "KMB.BA": 30540,
  "KO.BA": 19720,
  "KOFM.BA": 62400,
  "LAC.BA": 8510,
  "LAR.BA": 5105,
  "LFC.BA": 1074.5,
  "LLY.BA": 19340,
  "LMT.BA": 36580,
  "LRCX.BA": 3505,
  "LVS.BA": 41200,
  "LYG.BA": 3350,
  "MA.BA": 25680,
  "MBG.BA": 3807.20898438,
  "MBT.BA": 650,
  "MCD.BA": 18830,
  "MDLZ.BA": 6195,
  "MDT.BA": 34980,
  "MELI.BA": 31100,
  "META.BA": 46180,
  "MFG.BA": 10100,
  "MGLU3.BA": 2962.5,
  "MMC.BA": 18620,
  "MMM.BA": 22940,
  "MO.BA": 24400,
  "MOS.BA": 10310,
  "MRK.BA": 23450,
  "MRNA.BA": 1975,
  "MRVL.BA": 8770,
  "MSFT.BA": 25580,
  "MSI.BA": 33900,
  "MSTR.BA": 24340,
  "MU.BA": 48800,
  "MUFG.BA": 23620,
  "MUX.BA": 12390,
  "NATU3.BA": 2570,
  "NEC1.BA": 0,
  "NEM.BA": 42040,
  "NFLX.BA": 37340,
  "NG.BA": 50700,
  "NGG.BA": 53600,
  "NIO.BA": 2672.5,
  "NKE.BA": 8660,
  "NLM.BA": 0,
  "NMR.BA": 11150,
  "NOKA.BA": 7010,
  "NOW.BA": 8160,
  "NSAN.BA": 1545,
  "NTCO.BA": 6200,
  "NTES.BA": 16140,
  "NU.BA": 11870,
  "NUE.BA": 12640,
  "NVDA.BA": 11300,
  "NVS.BA": 46140,
  "NXE.BA": 13440,
  "ORAN.BA": 13200,
  "ORCL.BA": 140325,
  "ORLY.BA": 728,
  "OXY.BA": 14320,
  "PAAS.BA": 19270,
  "PAC.BA": 22610,
  "PAGS.BA": 5135,
  "PANW.BA": 6100,
  "PATH.BA": 9375,
  "PBI.BA": 16710,
  "PBR.BA": 19210,
  "PCAR.BA": 49480,
  "PCRF.BA": 0,
  "PDD.BA": 7800,
  "PEP.BA": 11610,
  "PETR3.BA": 9670,
  "PFE.BA": 8880,
  "PG.BA": 15280,
  "PHG.BA": 8045,
  "PINS.BA": 7110,
  "PKS.BA": 24530,
  "PLTR.BA": 88800,
  "PM.BA": 13500,
  "PSO.BA": 0,
  "PSQ.BA": 5785,
  "PSX.BA": 34220,
  "PYPL.BA": 12990,
  "QCOM.BA": 22430,
  "QQQ.BA": 44620,
  "RACE.BA": 8675,
  "RBLX.BA": 105550,
  "RCTB4.BA": 0,
  "RGTI.BA": 22140,
  "RIO.BA": 12290,
  "RIOT.BA": 9800,
  "ROKU.BA": 11500,
  "ROST.BA": 55375,
  "RTX.BA": 48920,
  "SAN.BA": 61250,
  "SAP.BA": 65375,
  "SATL.BA": 4980,
  "SBS.BA": 72725,
  "SBSP3.BA": 36660,
  "SBUX.BA": 10630,
  "SCCO.BA": 90425,
  "SCHW.BA": 0,
  "SDA.BA": 1815,
  "SE.BA": 8460,
  "SH.BA": 6930,
  "SHEL.BA": 53900,
  "SHOP.BA": 2077,
  "SI.BA": 22.45000076,
  "SID.BA": 18170,
  "SIEGY.BA": 6695.81591797,
  "SLB.BA": 17410,
  "SLV.BA": 10620,
  "SMH.BA": 9645,
  "SMSN.BA": 13143.82421875,
  "SNA.BA": 85650,
  "SNAP.BA": 12540,
  "SNOW.BA": 11240,
  "SONY.BA": 5440,
  "SPCE.BA": 10050,
  "SPGI.BA": 16310,
  "SPOT.BA": 38680,
  "SPXL.BA": 12510,
  "SPY.BA": 49520,
  "STLA.BA": 2775,
  "STNE.BA": 9670,
  "SUZ.BA": 13750,
  "SUZB3.BA": 13500,
  "SWKS.BA": 5850,
  "SYY.BA": 15200,
  "T.BA": 13970,
  "TCOM.BA": 56650,
  "TEAM.BA": 5255,
  "TEFO.BA": 936,
  "TEM.BA": 9795,
  "TEN.BA": 53050,
  "TGT.BA": 5515,
  "TIIAY.BA": 0,
  "TIMB.BA": 32620,
  "TIMS3.BA": 6400,
  "TJX.BA": 12740,
  "TM.BA": 19550,
  "TMO.BA": 31220,
  "TMUS.BA": 11170,
  "TQQQ.BA": 6130,
  "TRIP.BA": 12700,
  "TRVV.BA": 67800,
  "TSLA.BA": 44020,
  "TSM.BA": 45420,
  "TTE.BA": 30740,
  "TTM.BA": 8651,
  "TV.BA": 1306,
  "TWLO.BA": 4317.5,
  "TXN.BA": 54500,
  "TXR.BA": 12900,
  "UAL.BA": 29480,
  "UBER.BA": 74125,
  "UGP.BA": 5995,
  "UL.BA": 29440,
  "UNH.BA": 15580,
  "UNP.BA": 17570,
  "UPST.BA": 15740,
  "URA.BA": 14550,
  "URBN.BA": 54025,
  "USB.BA": 14620,
  "USO.BA": 7430,
  "V.BA": 28240,
  "VALE.BA": 8040,
  "VALE3.BA": 16170,
  "VEA.BA": 8910,
  "VIG.BA": 8205,
  "VIST.BA": 17600,
  "VIV.BA": 18640,
  "VIVT3.BA": 9300,
  "VOD.BA": 17090,
  "VRSN.BA": 70650,
  "VRTX.BA": 5860,
  "VST.BA": 11400,
  "VXX.BA": 9985,
  "VZ.BA": 16080,
  "WBA.BA": 5360,
  "WBO.BA": 3117.5,
  "WEGE3.BA": 9655,
  "WFC.BA": 25200,
  "WMT.BA": 8515,
  "X.BA": 21550,
  "XLB.BA": 7400,
  "XLC.BA": 9320,
  "XLE.BA": 67350,
  "XLF.BA": 40280,
  "XLI.BA": 8160,
  "XLK.BA": 9100,
  "XLP.BA": 7280,
  "XLRE.BA": 6955,
  "XLU.BA": 8645,
  "XLV.BA": 6995,
  "XLY.BA": 8330,
  "XOM.BA": 17040,
  "XP.BA": 7070,
  "XPEV.BA": 8660,
  "XROX.BA": 5575,
  "XYZ.BA": 5630,
  "YELP.BA": 23390,
  "YZCA.BA": 0.007,
  "ZM.BA": 2650,
  "ALUA.BA": 689,
  "ALUAC.BA": 0.465,
  "ALUAD.BA": 0.47299999,
  "BBAR.BA": 4412.5,
  "BBARC.BA": 3.98749995,
  "BBARD.BA": 3.1500001,
  "BMA.BA": 6585,
  "BMA.C.BA": 3.77489996,
  "BMA.D.BA": 4.5,
  "BYMA.BA": 184,
  "BYMAC.BA": 0.132,
  "BYMAD.BA": 0.12800001,
  "CEPU.BA": 1243,
  "COME.BA": 31.45000076,
  "CRES.BA": 1377,
  "CRESC.BA": 0.875,
  "EDN.BA": 1209,
  "EDNC.BA": 0.83399999,
  "EDND.BA": 0.83399999,
  "GGAL.BA": 4397.5,
  "GGALC.BA": 2.97000003,
  "GGALD.BA": 3.00500011,
  "IRSAC.BA": 1.17999995,
  "IRSAD.BA": 1.25999999,
  "LOMA.BA": 2251,
  "LOMAD.BA": 1.51499999,
  "MIRG.BA": 15575,
  "PAMP.BA": 3597.5,
  "SUPV.BA": 1591,