{
  "AAL.BA": 8870,
  "AAP.BA": 5840,
  "AAPL.BA": 15575,
  "ABBV.BA": 28050,
  "ABEV.BA": 9100,
  "ABEV3.BA": 3130,
  "ABNB.BA": 11675,
  "ABT.BA": 44175,
  "ACN.BA": 4625,
  "ACWI.BA": 6970,
  "ADBE.BA": 10875,
  "ADGO.BA": 11350,
  "ADI.BA": 23225,
  "ADP.BA": 67950,
  "ADS.BA": 3942.14794922,
  "AEG.BA": 10525,
  "AEM.BA": 31500,
  "AHP.BA": 28.79999924,
  "AI.BA": 4660,
  "AIG.BA": 22300,
  "AKO.B.BA": 33100,
  "AMAT.BA": 44375,
  "AMD.BA": 22675,
  "AMGN.BA": 12900,
  "AMX.BA": 26975,
  "AMZN.BA": 2155,
  "ANF.BA": 130500,
  "ARCO.BA": 19050,
  "ARKK.BA": 10250,
  "ARM.BA": 7130,
  "ASML.BA": 7090,
  "ASR.BA": 22425,
  "AVGO.BA": 10675,
  "AVY.BA": 13050,
  "AXP.BA": 29275,
  "AZN.BA": 53900,
  "B.BA": 17825,
  "BA.BA": 13200,
  "BA.C.BA": 17075,
  "BABA.BA": 18050,
  "BAK.BA": 2400,
  "BAS.BA": 3197.76855469,
  "BAYN.BA": 3323.26293945,
  "BB.BA": 1720,
  "BBD.BA": 4170,
  "BBDC3.BA": 3490,
  "BBV.BA": 24600,
  "BCS.BA": 27400,
  "BHP.BA": 37950,
  "BIDU.BA": 11100,
  "BIIB.BA": 13975,
  "BIOX.BA": 3655,
  "BITF.BA": 9160,
  "BK.BA": 71350,
  "BKNG.BA": 10975,
  "BKR.BA": 8500,
  "BMY.BA": 21150,
  "BNG.BA": 22775,
  "BP.BA": 9380,
  "BPA11.BA": 10925,
  "BRFS.BA": 15200,
  "BRKB.BA": 30650,
  "BSBR.BA": 7110,
  "BSN.BA": 613.31298828,
  "C.BA": 43825,
  "CAAP.BA": 112850,
  "CAH.BA": 67350,
  "CAJ.BA": 4045.5,
  "CAR.BA": 8250,
  "CAT.BA": 29450,
  "CCL.BA": 14700,
  "CDE.BA": 17000,
  "CEG.BA": 9670,
  "CIBR.BA": 9950,
  "CL.BA": 37700,
  "CLS.BA": 14100,
  "COIN.BA": 15550,
  "COST.BA": 26650,
  "CRM.BA": 18925,
  "CSCO.BA": 18600,
  "CSNA3.BA": 1990,
  "CVS.BA": 6390,
  "CVX.BA": 13425,
  "CX.BA": 12050,
  "DAL.BA": 10400,
  "DD.BA": 21100,
  "DE.BA": 16675,
  "DECK.BA": 6350,
  "DEO.BA": 25225,
  "DESP.BA": 22600,
  "DHR.BA": 5170,
  "DIA.BA": 30775,
  "DISN.BA": 13150,
  "DOCU.BA": 4600,
  "DOW.BA": 5520,
  "DTEA.BA": 0,
  "E.BA": 11500,
  "EA.BA": 16600,
  "EBAY.BA": 62650,
  "EBR.BA": 44325,
  "EEM.BA": 13500,
  "EFA.BA": 6920,
  "EFX.BA": 20850,
  "ELP.BA": 36600,
  "EOAN.BA": 236.04100037,
  "EQNR.BA": 5700,
  "ERIC.BA": 5340,
  "ERJ.BA": 76050,
  "ETHA.BA": 9310,
  "ETSY.BA": 4540,
  "EWJ.BA": 7670,
  "EWZ.BA": 19975,
  "F.BA": 15800,
  "FCX.BA": 20000,
  "FDX.BA": 30900,
  "FMCC.BA": 0,
  "FMX.BA": 19625,
  "FMX.B.BA": 0,
  "FNMA.BA": 14400,
  "FSLR.BA": 14675,
  "FXI.BA": 10375,
  "GDX.BA": 8270,
  "GE.BA": 46050,
  "GFI.BA": 43775,
  "GGB.BA": 16700,
  "GILD.BA": 38200,
  "GLD.BA": 8480,
  "GLOB.BA": 5050,
  "GLW.BA": 22975,
  "GM.BA": 13050,
  "GOOGL.BA": 4880,
  "GPRK.BA": 8800,
  "GRMN.BA": 106450,
  "GS.BA": 78050,
  "GSK.BA": 13450,
  "GT.BA": 5750,
  "HAL.BA": 14950,
  "HAPV3.BA": 10475,
  "HD.BA": 17300,
  "HDB.BA": 48450,
  "HHPD.BA": 0,
  "HL.BA": 10900,
  "HMC.BA": 46025,
  "HMY.BA": 17900,
  "HNPIY.BA": 6140,
  "HOG.BA": 13075,
  "HON.BA": 37225,
  "HPQ.BA": 38050,
  "HSBC.BA": 43875,
  "HSY.BA": 11525,
  "HUT.BA": 179700,
  "HWM.BA": 238750,
  "IBB.BA": 6940,
  "IBIT.BA": 8650,
  "IBM.BA": 21975,
  "IBN.BA": 43175,
  "IEMG.BA": 7050,
  "IEUR.BA": 8250,
  "IFF.BA": 7570,
  "IJH.BA": 7380,
  "INFY.BA": 22950,
  "ING.BA": 10875,
  "INTC.BA": 6700,
  "IP.BA": 16375,
  "ISRG.BA": 7030,
  "ITUB.BA": 9610,
  "ITUB3.BA": 8460,
  "IVE.BA": 6870,
  "IVW.BA": 7810,
  "IWM.BA": 31875,
  "JBSS3.BA": 8320,
  "JCI.BA": 68650,
  "JD.BA": 10150,
  "JMIA.BA": 12575,
  "JNJ.BA": 15800,
  "JOYY.BA": 14500,
  "JPM.BA": 27075,
  "KB.BA": 53650,
  "KEP.BA": 18225,
  "KGC.BA": 27500,
  "KMB.BA": 29125,
  "KO.BA": 18500,
  "KOFM.BA": 58750,
  "LAC.BA": 4065,
  "LAR.BA": 4630,
  "LFC.BA": 1074.5,
  "LLY.BA": 17650,
  "LMT.BA": 30525,
  "LRCX.BA": 2505,
  "LVS.BA": 38400,
  "LYG.BA": 3040,
  "MA.BA": 24250,
  "MBG.BA": 3807.20898438,
  "MBT.BA": 650,
  "MCD.BA": 17475,
  "MDLZ.BA": 5520,
  "MDT.BA": 31075,
  "MELI.BA": 27950,
  "META.BA": 42200,
  "MFG.BA": 8910,
  "MGLU3.BA": 1975,
  "MMC.BA": 17400,
  "MMM.BA": 21375,
  "MO.BA": 22300,
  "MOS.BA": 8950,
  "MRK.BA": 22450,
  "MRNA.BA": 1760,
  "MRVL.BA": 7340,
  "MSFT.BA": 22825,
  "MSI.BA": 31650,
  "MSTR.BA": 22975,
  "MU.BA": 32575,
  "MUFG.BA": 20825,
  "MUX.BA": 7390,
  "NATU3.BA": 2320,
  "NEC1.BA": 0,
  "NEM.BA": 32850,
  "NFLX.BA": 34400,
  "NG.BA": 35725,
  "NGG.BA": 48750,
  "NIO.BA": 2135,
  "NKE.BA": 8790,
  "NLM.BA": 0,
  "NMR.BA": 9830,
  "NOKA.BA": 5810,
  "NOW.BA": 7080,
  "NSAN.BA": 1545,
  "NTCO.BA": 6200,
  "NTES.BA": 13200,
  "NU.BA": 10150,
  "NUE.BA": 12725,
  "NVDA.BA": 10050,
  "NVS.BA": 43150,
  "NXE.BA": 9880,
  "ORAN.BA": 13200,
  "ORCL.BA": 107550,
  "ORLY.BA": 634,
  "OXY.BA": 12650,
  "PAAS.BA": 14700,
  "PAC.BA": 20575,
  "PAGS.BA": 4060,
  "PANW.BA": 5120,
  "PATH.BA": 7670,
  "PBI.BA": 16600,
  "PBR.BA": 16675,
  "PCAR.BA": 45700,
  "PCRF.BA": 0,
  "PDD.BA": 6560,
  "PEP.BA": 11050,
  "PETR3.BA": 8280,
  "PFE.BA": 8340,
  "PG.BA": 14075,
  "PHG.BA": 7520,
  "PINS.BA": 7100,
  "PKS.BA": 23650,
  "PLTR.BA": 69400,
  "PM.BA": 12250,
  "PSO.BA": 0,
  "PSQ.BA": 5520,
  "PSX.BA": 29775,
  "PYPL.BA": 11775,
  "QCOM.BA": 19500,
  "QQQ.BA": 38800,
  "RACE.BA": 7790,
  "RBLX.BA": 84800,
  "RCTB4.BA": 0,
  "RGTI.BA": 10750,
  "RIO.BA": 10600,
  "RIOT.BA": 6190,
  "ROKU.BA": 10050,
  "ROST.BA": 50900,
  "RTX.BA": 43450,
  "SAN.BA": 52200,
  "SAP.BA": 62250,
  "SATL.BA": 4875,
  "SBS.BA": 59150,
  "SBSP3.BA": 26750,
  "SBUX.BA": 9910,
  "SCCO.BA": 65400,
  "SCHW.BA": 0,
  "SDA.BA": 1690,
  "SE.BA": 7830,
  "SH.BA": 6490,
  "SHEL.BA": 49625,
  "SHOP.BA": 1800,
  "SI.BA": 22.45000076,
  "SID.BA": 15800,
  "SIEGY.BA": 6695.81591797,
  "SLB.BA": 16100,
  "SLV.BA": 7960,
  "SMH.BA": 8030,
  "SMSN.BA": 13143.82421875,
  "SNA.BA": 74950,
  "SNAP.BA": 9530,
  "SNOW.BA": 10700,
  "SONY.BA": 4755,
  "SPCE.BA": 8310,
  "SPGI.BA": 16575,
  "SPOT.BA": 33175,
  "SPXL.BA": 10500,
  "SPY.BA": 43675,
  "STLA.BA": 2600,
  "STNE.BA": 7540,
  "SUZ.BA": 13275,
  "SUZB3.BA": 13175,
  "SWKS.BA": 4880,
  "SYY.BA": 13575,
  "T.BA": 12975,
  "TCOM.BA": 48900,
  "TEAM.BA": 5060,
  "TEFO.BA": 905,
  "TEM.BA": 8300,
  "TEN.BA": 48850,
  "TGT.BA": 5450,
  "TIIAY.BA": 0,
  "TIMB.BA": 29150,
  "TIMS3.BA": 5830,
  "TJX.BA": 8400,
  "TM.BA": 17825,
  "TMO.BA": 30200,
  "TMUS.BA": 10325,
  "TRIP.BA": 11625,
  "TRVV.BA": 61650,
  "TSLA.BA": 31200,
  "TSM.BA": 35725,
  "TTE.BA": 27875,
  "TTM.BA": 8651,
  "TV.BA": 1210,
  "TWLO.BA": 3905,
  "TXN.BA": 55900,
  "TXR.BA": 11075,
  "UAL.BA": 28450,
  "UBER.BA": 64000,
  "UGP.BA": 4990,
  "UL.BA": 28150,
  "UNH.BA": 12275,
  "UNP.BA": 15300,
  "UPST.BA": 19600,
  "URA.BA": 10925,
  "URBN.BA": 53100,
  "USB.BA": 13175,
  "USO.BA": 6720,
  "V.BA": 26350,
  "VALE.BA": 7000,
  "VALE3.BA": 13825,
  "VEA.BA": 7980,
  "VIG.BA": 7330,
  "VIST.BA": 17775,
  "VIV.BA": 17125,
  "VIVT3.BA": 8730,
  "VOD.BA": 15975,
  "VRSN.BA": 61350,
  "VRTX.BA": 5240,
  "VST.BA": 10375,
  "VZ.BA": 14800,
  "WBA.BA": 5360,
  "WBO.BA": 2545,
  "WEGE3.BA": 9500,
  "WFC.BA": 22450,
  "WMT.BA": 7190,
  "X.BA": 21550,
  "XLB.BA": 6880,
  "XLC.BA": 7920,
  "XLE.BA": 60050,
  "XLF.BA": 36350,
  "XLI.BA": 7380,
  "XLK.BA": 7760,
  "XLP.BA": 6770,
  "XLRE.BA": 6290,
  "XLU.BA": 7690,
  "XLV.BA": 6340,
  "XLY.BA": 7330,
  "XOM.BA": 15200,
  "XP.BA": 6220,
  "XPEV.BA": 7400,
  "XROX.BA": 5260,
  "XYZ.BA": 5470,
  "YELP.BA": 21275,
  "YZCA.BA": 0.007,
  "ZM.BA": 2305,
  "ALUA.BA": 730,
  "ALUAC.BA": 0.52100003,
  "ALUAD.BA": 0.541,
  "BBAR.BA": 5730,
  "BBARC.BA": 4.60739994,
  "BBARD.BA": 4.265,
  "BMA.BA": 8020,
  "BMA.C.BA": 7.04939985,
  "BMA.D.BA": 5.92,
  "BYMA.BA": 182.25,
  "BYMAC.BA": 0.13699999,
  "BYMAD.BA": 0.134,
  "CEPU.BA": 1465,
  "COME.BA": 45.25,
  "CRES.BA": 1410,
  "CRESC.BA": 0.32300001,
  "EDN.BA": 1490,
  "EDNC.BA": 1.42499995,
  "EDND.BA": 1.105,
  "GGAL.BA": 5500,
  "GGALC.BA": 4.05000019,
  "GGALD.BA": 4.06,
  "IRSAC.BA": 1.58000004,
  "IRSAD.BA": 1.41999996,
  "LOMA.BA": 2585,
  "LOMAD.BA": 1.915,
  "MIRG.BA": 18700,
  "PAMP.BA": 3690,
  "SUPV.BA": 2210,
  "SUPVD.BA": 1.645,
  "TECO2.BA": 2380,
  "TECOC.BA": 1.745,
  "TGN4C.BA": 2.70499992,
  "TGN4D.BA": 2.36,