{
  "AAL.BA": 7480,
  "AAP.BA": 5230,
  "AAPL.BA": 13750,
  "ABBV.BA": 24750,
  "ABEV.BA": 9070,
  "ABEV3.BA": 3110,
  "ABNB.BA": 11900,
  "ABT.BA": 41150,
  "ACN.BA": 4810,
  "ADBE.BA": 10975,
  "ADGO.BA": 12000,
  "ADI.BA": 19975,
  "ADP.BA": 66800,
  "ADS.BA": 3942.14794922,
  "AEG.BA": 9400,
  "AEM.BA": 27150,
  "AHP.BA": 28.79999924,
  "AI.BA": 6440,
  "AIG.BA": 20525,
  "AKO.B.BA": 29175,
  "AMAT.BA": 49200,
  "AMD.BA": 23250,
  "AMGN.BA": 13025,
  "AMX.BA": 23475,
  "AMZN.BA": 2075,
  "ANF.BA": 125600,
  "ARCO.BA": 18200,
  "ARKK.BA": 9720,
  "ARM.BA": 7880,
  "ASML.BA": 6410,
  "ASR.BA": 19775,
  "AVGO.BA": 9940,
  "AVY.BA": 12425,
  "AXP.BA": 26775,
  "AZN.BA": 47825,
  "B.BA": 13875,
  "BA.BA": 12250,
  "BA.C.BA": 15525,
  "BABA.BA": 17225,
  "BAK.BA": 2110,
  "BAS.BA": 3197.76855469,
  "BAYN.BA": 3323.26293945,
  "BB.BA": 1610,
  "BBD.BA": 3590,
  "BBDC3.BA": 3100,
  "BBV.BA": 20200,
  "BCS.BA": 25900,
  "BHP.BA": 34150,
  "BIDU.BA": 10250,
  "BIIB.BA": 12800,
  "BIOX.BA": 4680,
  "BITF.BA": 8070,
  "BK.BA": 66000,
  "BKNG.BA": 10250,
  "BKR.BA": 8300,
  "BMY.BA": 20200,
  "BNG.BA": 19400,
  "BP.BA": 8470,
  "BPA11.BA": 8930,
  "BRFS.BA": 14425,
  "BRKB.BA": 28250,
  "BSBR.BA": 6200,
  "BSN.BA": 613.31298828,
  "C.BA": 41025,
  "CAAP.BA": 104700,
  "CAH.BA": 68500,
  "CAJ.BA": 4045.5,
  "CAR.BA": 10100,
  "CAT.BA": 27550,
  "CBRD.BA": 459,
  "CCL.BA": 12800,
  "CDE.BA": 11825,
  "CEG.BA": 9570,
  "CIBR.BA": 9610,
  "CL.BA": 37500,
  "CLS.BA": 13225,
  "COIN.BA": 17875,
  "COST.BA": 25350,
  "CRM.BA": 19300,
  "CSCO.BA": 17675,
  "CSNA3.BA": 1860,
  "CVS.BA": 5200,
  "CVX.BA": 12675,
  "CX.BA": 11100,
  "DAL.BA": 8880,
  "DD.BA": 19375,
  "DE.BA": 16525,
  "DECK.BA": 5840,
  "DEO.BA": 22500,
  "DESP.BA": 22600,
  "DHR.BA": 4950,
  "DIA.BA": 28925,
  "DISN.BA": 12900,
  "DOCU.BA": 4715,
  "DOW.BA": 5400,
  "DTEA.BA": 0,
  "E.BA": 11175,
  "EA.BA": 13725,
  "EBAY.BA": 50600,
  "EBR.BA": 35450,
  "EEM.BA": 12800,
  "EFX.BA": 19800,
  "ELP.BA": 31950,
  "EOAN.BA": 236.04100037,
  "EQNR.BA": 5790,
  "ERIC.BA": 4750,
  "ERJ.BA": 65000,
  "ETHA.BA": 7410,
  "ETSY.BA": 4880,
  "EWJ.BA": 6850,
  "EWZ.BA": 17400,
  "F.BA": 14375,
  "FCX.BA": 18675,
  "FDX.BA": 30525,
  "FMCC.BA": 0,
  "FMX.BA": 19700,
  "FMX.B.BA": 0,
  "FNMA.BA": 10900,
  "FSLR.BA": 13100,
  "FXI.BA": 9930,
  "GE.BA": 43825,
  "GFI.BA": 32575,
  "GGB.BA": 15300,
  "GILD.BA": 36725,
  "GLD.BA": 7950,
  "GLOB.BA": 6470,
  "GLW.BA": 20250,
  "GM.BA": 11325,
  "GOOGL.BA": 4340,
  "GPRK.BA": 8700,
  "GRMN.BA": 102100,
  "GS.BA": 72900,
  "GSK.BA": 12175,
  "GT.BA": 6730,
  "HAL.BA": 14700,
  "HAPV3.BA": 7520,
  "HD.BA": 15225,
  "HDB.BA": 50400,
  "HHPD.BA": 0,
  "HL.BA": 7760,
  "HMC.BA": 42425,
  "HMY.BA": 18000,
  "HNPIY.BA": 6140,
  "HOG.BA": 9920,
  "HON.BA": 36050,
  "HPQ.BA": 33450,
  "HSBC.BA": 42150,
  "HSY.BA": 11425,
  "HUT.BA": 128600,
  "HWM.BA": 247150,
  "IBB.BA": 6390,
  "IBIT.BA": 8680,
  "IBM.BA": 22650,
  "IBN.BA": 43750,
  "IEUR.BA": 7770,
  "IFF.BA": 8110,
  "IJH.BA": 6940,
  "INFY.BA": 22175,
  "ING.BA": 10225,
  "INTC.BA": 5270,
  "IP.BA": 17975,
  "ISRG.BA": 7190,
  "ITUB.BA": 8090,
  "ITUB3.BA": 7280,
  "IVE.BA": 6440,
  "IVW.BA": 7350,
  "IWM.BA": 28925,
  "JBSS3.BA": 8320,
  "JCI.BA": 68150,
  "JD.BA": 10425,
  "JMIA.BA": 6100,
  "JNJ.BA": 14525,
  "JOYY.BA": 13050,
  "JPM.BA": 25650,
  "KB.BA": 51250,
  "KEP.BA": 18650,
  "KGC.BA": 20600,
  "KMB.BA": 27575,
  "KO.BA": 17900,
  "KOFM.BA": 54150,
  "LAC.BA": 3495,
  "LAR.BA": 3690,
  "LFC.BA": 1074.5,
  "LLY.BA": 17825,
  "LMT.BA": 27025,
  "LRCX.BA": 2290,
  "LVS.BA": 34300,
  "LYG.BA": 2750,
  "MA.BA": 22125,
  "MBG.BA": 3807.20898438,
  "MBT.BA": 650,
  "MCD.BA": 16250,
  "MDLZ.BA": 6020,
  "MDT.BA": 29950,
  "MELI.BA": 25675,
  "META.BA": 38275,
  "MFG.BA": 7660,
  "MGLU3.BA": 1640,
  "MMC.BA": 16400,
  "MMM.BA": 19650,
  "MO.BA": 19250,
  "MOS.BA": 9430,
  "MRK.BA": 21150,
  "MRNA.BA": 2200,
  "MRVL.BA": 7170,
  "MSFT.BA": 22075,
  "MSI.BA": 28175,
  "MSTR.BA": 25775,
  "MU.BA": 29175,
  "MUFG.BA": 18275,
  "MUX.BA": 6890,
  "NATU3.BA": 2115,
  "NEC1.BA": 0,
  "NEM.BA": 27500,
  "NFLX.BA": 31725,
  "NG.BA": 26975,
  "NGG.BA": 45675,
  "NIO.BA": 1530,
  "NKE.BA": 8430,
  "NLM.BA": 0,
  "NMR.BA": 8650,
  "NOKA.BA": 5440,
  "NOW.BA": 7400,
  "NSAN.BA": 1545,
  "NTCO.BA": 6200,
  "NTES.BA": 12125,
  "NU.BA": 8210,
  "NUE.BA": 11175,
  "NVDA.BA": 9520,
  "NVS.BA": 37850,
  "NXE.BA": 9280,
  "ORAN.BA": 13200,
  "ORCL.BA": 107600,
  "ORLY.BA": 566,
  "OXY.BA": 11700,
  "PAAS.BA": 12175,
  "PAC.BA": 18275,
  "PAGS.BA": 3420,
  "PANW.BA": 5050,
  "PATH.BA": 7790,
  "PBI.BA": 15100,
  "PBR.BA": 16650,
  "PCAR.BA": 42975,
  "PCRF.BA": 0,
  "PDD.BA": 5970,
  "PEP.BA": 10300,
  "PETR3.BA": 8350,
  "PFE.BA": 7880,
  "PG.BA": 13425,
  "PHG.BA": 7230,
  "PINS.BA": 7070,
  "PKS.BA": 24425,
  "PLTR.BA": 67550,
  "PM.BA": 11650,
  "PSO.BA": 0,
  "PSQ.BA": 5340,
  "PSX.BA": 27150,
  "PYPL.BA": 11650,
  "QCOM.BA": 19150,
  "QQQ.BA": 36850,
  "RACE.BA": 7920,
  "RBLX.BA": 76650,
  "RCTB4.BA": 0,
  "RGTI.BA": 9680,
  "RIO.BA": 10125,
  "RIOT.BA": 5910,
  "ROKU.BA": 8950,
  "ROST.BA": 45075,
  "RTX.BA": 40800,
  "SAN.BA": 46050,
  "SAP.BA": 61850,
  "SATL.BA": 4520,
  "SBS.BA": 50550,
  "SBSP3.BA": 24725,
  "SBUX.BA": 10000,
  "SCCO.BA": 62400,
  "SCHW.BA": 0,
  "SDA.BA": 1445,
  "SE.BA": 6450,
  "SH.BA": 6300,
  "SHEL.BA": 47225,
  "SHOP.BA": 1510,
  "SID.BA": 15150,
  "SIEGY.BA": 6695.81591797,
  "SLB.BA": 15300,
  "SLV.BA": 7480,
  "SMH.BA": 7630,
  "SMSN.BA": 13143.82421875,
  "SNA.BA": 70850,
  "SNAP.BA": 12225,
  "SNOW.BA": 9410,
  "SONY.BA": 3890,
  "SPCE.BA": 9530,
  "SPGI.BA": 15325,
  "SPOT.BA": 29325,
  "SPXL.BA": 9680,
  "SPY.BA": 41150,
  "STLA.BA": 2500,
  "STNE.BA": 5660,
  "SUZ.BA": 12100,
  "SUZB3.BA": 12175,
  "SWKS.BA": 4400,
  "SYY.BA": 12625,
  "T.BA": 11825,
  "TCOM.BA": 40950,
  "TEAM.BA": 5470,
  "TEFO.BA": 851,
  "TEM.BA": 6380,
  "TEN.BA": 49350,
  "TGT.BA": 5610,
  "TIIAY.BA": 0,
  "TIMB.BA": 23250,
  "TIMS3.BA": 4665,
  "TJX.BA": 7390,
  "TM.BA": 15900,
  "TMO.BA": 28500,
  "TMUS.BA": 9380,
  "TRIP.BA": 11550,
  "TRVV.BA": 56200,
  "TSLA.BA": 27800,
  "TSM.BA": 34900,
  "TTE.BA": 26300,
  "TTM.BA": 8651,
  "TV.BA": 1080,
  "TWLO.BA": 4680,
  "TXN.BA": 49850,
  "TXR.BA": 10200,
  "UAL.BA": 23700,
  "UBER.BA": 56550,
  "UGP.BA": 4045,
  "UL.BA": 25550,
  "UNH.BA": 10500,
  "UNP.BA": 14425,
  "UPST.BA": 21200,
  "URA.BA": 10550,
  "URBN.BA": 50150,
  "USB.BA": 11950,
  "V.BA": 25425,
  "VALE.BA": 6400,
  "VALE3.BA": 12950,
  "VEA.BA": 7400,
  "VIG.BA": 6930,
  "VIST.BA": 19750,
  "VIV.BA": 14150,
  "VIVT3.BA": 7090,
  "VOD.BA": 14350,
  "VRSN.BA": 59400,
  "VRTX.BA": 6030,
  "VST.BA": 9840,
  "VZ.BA": 13800,
  "WBA.BA": 5000,
  "WBO.BA": 2195,
  "WEGE3.BA": 8670,
  "WFC.BA": 21450,
  "WMT.BA": 7070,
  "X.BA": 21550,
  "XLB.BA": 6520,
  "XLC.BA": 7240,
  "XLE.BA": 57400,
  "XLF.BA": 34300,
  "XLI.BA": 7040,
  "XLK.BA": 7450,
  "XLP.BA": 6570,
  "XLRE.BA": 6110,
  "XLU.BA": 7280,
  "XLV.BA": 6010,
  "XLY.BA": 6780,
  "XOM.BA": 14575,
  "XP.BA": 5330,
  "XPEV.BA": 5970,
  "XROX.BA": 7130,
  "XYZ.BA": 5040,
  "YELP.BA": 22625,
  "YZCA.BA": 0.007,
  "ZM.BA": 2045,
  "ALUA.BA": 715,
  "ALUAC.BA": 0.55599999,
  "ALUAD.BA": 0.555,
  "BBAR.BA": 7080,
  "BBARC.BA": 5.42,
  "BBARD.BA": 5.48,
  "BMA.BA": 9420,
  "BMA.C.BA": 7.15,
  "BMA.D.BA": 7.27,
  "BYMA.BA": 197.5,
  "BYMAC.BA": 0.155,
  "BYMAD.BA": 0.154,
  "CEPU.BA": 1635,
  "COME.BA": 135.5,
  "CRES.BA": 1540,
  "CRESC.BA": 0.32300001,
  "EDN.BA": 1940,
  "EDNC.BA": 1.255,
  "GGAL.BA": 6760,
  "GGALC.BA": 5.11999989,
  "GGALD.BA": 5.24,
  "IRSAC.BA": 0,
  "IRSAD.BA": 1.6,
  "LOMA.BA": 3120,
  "LOMAD.BA": 2.42,
  "MIRG.BA": 23300,
  "PAMP.BA": 4065,
  "SUPV.BA": 2765,
  "SUPVD.BA": 2.145,
  "TECO2.BA": 2545,
  "TECOC.BA": 1.78999996,
  "TGN4C.BA": 2.27999997,
  "TGN4D.BA": 2.72,
  "TGNO4.BA": 3525,
  "TGSU2.BA": 7710,
  "TRAN.BA": 2670,
  "TXAR.BA": 660,
  "TXARD.BA": 0.513,
  "VALO.BA": 357.5,
  "VALOC.BA": 0.278,
  "VALOD.BA": 0.279,
  "YPFD.BA": 44875,