{
  "AAL.BA": 10940,
  "AAP.BA": 6215,
  "AAPL.BA": 23010,
  "ABBV.BA": 32380,
  "ABEV.BA": 14590,
  "ABEV3.BA": 4885,
  "ABNB.BA": 12920,
  "ABT.BA": 31820,
  "ACN.BA": 3535,
  "ACWI.BA": 8970,
  "ADBE.BA": 8090,
  "ADGO.BA": 18960,
  "ADI.BA": 41000,
  "ADP.BA": 54625,
  "ADS.BA": 3942.14794922,
  "AEG.BA": 12780,
  "AEM.BA": 43460,
  "AHP.BA": 28.79999924,
  "AI.BA": 2980,
  "AIG.BA": 22090,
  "AKO.B.BA": 41080,
  "ALAB.BA": 11520,
  "AMAT.BA": 133525,
  "AMD.BA": 75225,
  "AMGN.BA": 16590,
  "AMX.BA": 38380,
  "AMZN.BA": 2775,
  "ANET.BA": 7875,
  "ANF.BA": 117475,
  "ARCO.BA": 26440,
  "ARKK.BA": 11740,
  "ARM.BA": 18190,
  "ASML.BA": 16290,
  "ASR.BA": 22620,
  "ASTS.BA": 12200,
  "AVGO.BA": 15960,
  "AVY.BA": 13310,
  "AXIA.BA": 61900,
  "AXP.BA": 30760,
  "AZN.BA": 68500,
  "B.BA": 30540,
  "BA.BA": 14030,
  "BA.C.BA": 18830,
  "BABA.BA": 20550,
  "BAK.BA": 3230,
  "BAS.BA": 1770.88269043,
  "BAYN.BA": 3323.26293945,
  "BB.BA": 4267.5,
  "BBD.BA": 5260,
  "BBDC3.BA": 4617.5,
  "BBV.BA": 34220,
  "BCS.BA": 35900,
  "BHP.BA": 64850,
  "BIDU.BA": 17300,
  "BIIB.BA": 22360,
  "BIOX.BA": 614,
  "BK.BA": 102050,
  "BKNG.BA": 378,
  "BKR.BA": 13500,
  "BMNR.BA": 3400,
  "BMY.BA": 28120,
  "BNG.BA": 36800,
  "BP.BA": 12340,
  "BPA11.BA": 16250,
  "BRFS.BA": 18200,
  "BRKB.BA": 32300,
  "BSBR.BA": 8145,
  "BSN.BA": 613.31298828,
  "BX.BA": 5680,
  "C.BA": 61150,
  "CAAP.BA": 157325,
  "CAH.BA": 99000,
  "CAJ.BA": 4045.5,
  "CAR.BA": 9975,
  "CAT.BA": 65800,
  "CBRD.BA": 459,
  "CCJ.BA": 6930,
  "CCL.BA": 13970,
  "CDE.BA": 26640,
  "CEG.BA": 9400,
  "CIBR.BA": 12240,
  "CL.BA": 45340,
  "CLS.BA": 25600,
  "COIN.BA": 9690,
  "COP.BA": 6825,
  "COPX.BA": 9150,
  "COST.BA": 30940,
  "CRM.BA": 14660,
  "CRWD.BA": 12320,
  "CRWV.BA": 5800,
  "CSCO.BA": 35260,
  "CSNA3.BA": 1922,
  "CVS.BA": 9125,
  "CVX.BA": 16900,
  "CX.BA": 19590,
  "DAL.BA": 15180,
  "DD.BA": 14010,
  "DE.BA": 19720,
  "DECK.BA": 6755,
  "DEO.BA": 21080,
  "DESP.BA": 22600,
  "DHR.BA": 4902.5,
  "DIA.BA": 37480,
  "DISN.BA": 12850,
  "DOCU.BA": 3327.5,
  "DOW.BA": 8620,
  "DTEA.BA": 0,
  "E.BA": 19550,
  "EA.BA": 21200,
  "EBAY.BA": 81200,
  "ECL.BA": 6845,
  "EEM.BA": 20220,
  "EFA.BA": 8620,
  "EFX.BA": 15030,
  "ELPC.BA": 51275,
  "EMBJ.BA": 87150,
  "EOAN.BA": 236.04100037,
  "EQNR.BA": 8805,
  "ERIC.BA": 9480,
  "ESGU.BA": 8105,
  "ETHA.BA": 4422.5,
  "ETSY.BA": 6090,
  "EWJ.BA": 9785,
  "EWY.BA": 6000,
  "EWZ.BA": 26800,
  "F.BA": 24410,
  "FCX.BA": 31500,
  "FDX.BA": 60725,
  "FISV.BA": 7550,
  "FMCC.BA": 11500,
  "FMX.BA": 30200,
  "FNMA.BA": 11300,
  "FSLR.BA": 24380,
  "FXI.BA": 10310,
  "GDX.BA": 12670,
  "GE.BA": 58975,
  "GFI.BA": 58500,
  "GGB.BA": 27640,
  "GILD.BA": 49940,
  "GLD.BA": 12130,
  "GLNG.BA": 7345,
  "GLOB.BA": 3250,
  "GLW.BA": 70550,
  "GM.BA": 20870,
  "GOOGL.BA": 9950,
  "GPRK.BA": 14620,
  "GRMN.BA": 115200,
  "GS.BA": 112625,
  "GSK.BA": 19250,
  "GT.BA": 4497.5,
  "HAL.BA": 29000,
  "HAPV3.BA": 3655,
  "HD.BA": 14770,
  "HDB.BA": 17520,
  "HHPD.BA": 0,
  "HIMS.BA": 9455,
  "HL.BA": 25120,
  "HMC.BA": 40400,
  "HMY.BA": 26720,
  "HNPIY.BA": 6140,
  "HOG.BA": 11840,
  "HON.BA": 43120,
  "HOOD.BA": 3952.5,
  "HPQ.BA": 37120,
  "HSBC.BA": 68800,
  "HSY.BA": 13950,
  "HUT.BA": 905175,
  "HWM.BA": 385350,
  "IBB.BA": 9390,
  "IBIT.BA": 6100,
  "IBM.BA": 26280,
  "IBN.BA": 38560,
  "ICLN.BA": 6910,
  "IEMG.BA": 10270,
  "IEUR.BA": 10240,
  "IFF.BA": 9500,
  "IJH.BA": 9145,
  "ILF.BA": 8680,
  "INFY.BA": 18310,
  "ING.BA": 15200,
  "INTC.BA": 34900,
  "IP.BA": 12080,
  "IREN.BA": 8035,
  "ISRG.BA": 7195,
  "ITA.BA": 6955,
  "ITUB.BA": 11710,
  "ITUB3.BA": 12000,
  "IVE.BA": 8445,
  "IVV.BA": 1623,
  "IVW.BA": 10290,
  "IWDA.BA": 0,
  "IWM.BA": 42880,
  "JBSS3.BA": 8320,
  "JCI.BA": 109475,
  "JD.BA": 10700,
  "JMIA.BA": 11070,
  "JNJ.BA": 22830,
  "JOYY.BA": 19560,
  "JPM.BA": 29460,
  "KB.BA": 75425,
  "KEEL.BA": 41100,
  "KEP.BA": 19570,
  "KGC.BA": 42620,
  "KMB.BA": 24730,
  "KO.BA": 23940,
  "KOFM.BA": 80675,
  "LAC.BA": 7465,
  "LAR.BA": 15320,
  "LFC.BA": 1074.5,
  "LLY.BA": 30160,
  "LMT.BA": 39900,
  "LND.BA": 5590,
  "LRCX.BA": 8375,
  "LREN3.BA": 4415,
  "LVS.BA": 37920,
  "LYG.BA": 4007.5,
  "MA.BA": 22100,
  "MBG.BA": 3807.20898438,
  "MBT.BA": 650,
  "MCD.BA": 17220,
  "MDLZ.BA": 6150,
  "MDT.BA": 28080,
  "MELI.BA": 20990,
  "META.BA": 39260,
  "MFG.BA": 13230,
  "MGLU3.BA": 1965,
  "MMM.BA": 22720,
  "MO.BA": 26720,
  "MOS.BA": 7045,
  "MP.BA": 9560,
  "MRK.BA": 35620,
  "MRNA.BA": 3605,
  "MRSH.BA": 14900,
  "MRVL.BA": 20640,
  "MSFT.BA": 21010,
  "MSI.BA": 30680,
  "MSTR.BA": 10850,
  "MU.BA": 278000,
  "MUFG.BA": 27940,
  "MUX.BA": 15580,
  "NATU3.BA": 2920,
  "NBIS.BA": 12330,
  "NEC1.BA": 0,
  "NEE.BA": 6880,
  "NEM.BA": 52875,
  "NFLX.BA": 2680,
  "NG.BA": 48360,
  "NGG.BA": 63500,
  "NIO.BA": 2073,
  "NKE.BA": 5785,
  "NLM.BA": 0,
  "NMR.BA": 11830,
  "NOKA.BA": 22630,
  "NOW.BA": 927.5,
  "NSAN.BA": 1545,
  "NTCO.BA": 6200,
  "NTES.BA": 13000,
  "NU.BA": 9765,
  "NUE.BA": 22630,
  "NVDA.BA": 13090,
  "NVO.BA": 9730,
  "NVS.BA": 55825,
  "NXE.BA": 16100,
  "O.BA": 7115,
  "OKLO.BA": 3610,
  "ONDS.BA": 9555,
  "ORAN.BA": 13200,
  "ORCL.BA": 97200,
  "ORLY.BA": 595,
  "OXY.BA": 16980,
  "PAAS.BA": 26640,
  "PAC.BA": 22720,
  "PAGS.BA": 4642.5,
  "PANW.BA": 7490,
  "PATH.BA": 8650,
  "PBI.BA": 23080,
  "PBR.BA": 27940,
  "PCAR.BA": 55375,
  "PCRF.BA": 0,
  "PDD.BA": 4880,
  "PEP.BA": 12110,
  "PETR3.BA": 14130,
  "PFE.BA": 9670,
  "PG.BA": 14440,
  "PHG.BA": 7865,
  "PINS.BA": 4350,
  "PKS.BA": 35280,
  "PLTR.BA": 67850,
  "PM.BA": 14830,
  "PSO.BA": 0,
  "PSQ.BA": 4707.5,
  "PSX.BA": 43860,
  "PYPL.BA": 8140,
  "QCOM.BA": 32180,
  "QQQ.BA": 54200,
  "RACE.BA": 6130,
  "RBLX.BA": 34880,
  "RCTB4.BA": 0,
  "RGTI.BA": 18820,
  "RIO.BA": 19550,
  "RIOT.BA": 13910,
  "RKLB.BA": 17930,
  "ROKU.BA": 14600,
  "ROST.BA": 84425,
  "RTX.BA": 53275,
  "SAN.BA": 73425,
  "SAP.BA": 43500,
  "SATL.BA": 14590,
  "SBS.BA": 16940,
  "SBSP3.BA": 8580,
  "SBUX.BA": 12580,
  "SCCO.BA": 139775,
  "SCHW.BA": 0,
  "SDA.BA": 585,
  "SE.BA": 4295,
  "SH.BA": 6085,
  "SHEL.BA": 62350,
  "SHOP.BA": 1514,
  "SI.BA": 22.45000076,
  "SID.BA": 15550,
  "SIEGY.BA": 6695.81591797,
  "SLB.BA": 27140,
  "SLV.BA": 16660,
  "SMH.BA": 17630,
  "SMSN.BA": 13143.82421875,
  "SNA.BA": 92025,
  "SNAP.BA": 8695,
  "SNDK.BA": 14720,
  "SNOW.BA": 11600,
  "SONY.BA": 4017.5,
  "SPCE.BA": 10970,
  "SPGI.BA": 13820,
  "SPHQ.BA": 9045,
  "SPOT.BA": 27540,
  "SPXL.BA": 16610,
  "SPY.BA": 55650,
  "STLA.BA": 2403,
  "STNE.BA": 5600,
  "SUZ.BA": 12350,
  "SUZB3.BA": 12290,
  "SWKS.BA": 5850,
  "SYY.BA": 13980,
  "T.BA": 12280,
  "TCOM.BA": 34620,
  "TEAM.BA": 2897.5,
  "TEFO.BA": 727.5,
  "TEM.BA": 6345,
  "TEN.BA": 89075,
  "TGT.BA": 7935,
  "TIIAY.BA": 0,
  "TIMB.BA": 33200,
  "TIMS3.BA": 6700,
  "TJX.BA": 11250,
  "TM.BA": 19010,
  "TMO.BA": 32120,
  "TMUS.BA": 8550,
  "TQQQ.BA": 4872.5,
  "TRIP.BA": 7700,
  "TRVV.BA": 76225,
  "TSLA.BA": 43520,
  "TSM.BA": 69375,
  "TTE.BA": 43360,
  "TTM.BA": 8651,
  "TV.BA": 1382,
  "TWLO.BA": 7625,
  "TXN.BA": 94550,
  "TXR.BA": 18050,
  "UAL.BA": 33980,
  "UBER.BA": 51900,
  "UGP.BA": 8040,
  "UL.BA": 28320,
  "UNH.BA": 17320,
  "UNP.BA": 19830,
  "UPST.BA": 9210,
  "URA.BA": 14750,
  "URBN.BA": 55675,
  "USB.BA": 16200,
  "USO.BA": 12880,
  "V.BA": 26660,
  "VALE.BA": 12230,
  "VALE3.BA": 24400,
  "VEA.BA": 10590,
  "VIG.BA": 8885,
  "VIST.BA": 36720,
  "VIV.BA": 19830,
  "VIVT3.BA": 10030,
  "VOD.BA": 22120,
  "VRSN.BA": 73225,
  "VRTX.BA": 6535,
  "VST.BA": 9155,
  "VXX.BA": 7365,
  "VZ.BA": 17900,
  "WBA.BA": 5360,
  "WBO.BA": 1931,
  "WEGE3.BA": 12810,
  "WFC.BA": 22760,
  "WMT.BA": 9730,
  "X.BA": 21550,
  "XLB.BA": 4205,
  "XLC.BA": 9090,
  "XLE.BA": 42240,
  "XLF.BA": 37920,
  "XLI.BA": 9165,
  "XLK.BA": 5990,
  "XLP.BA": 7805,
  "XLRE.BA": 7315,
  "XLU.BA": 4442.5,
  "XLV.BA": 7715,
  "XLY.BA": 4185,
  "XME.BA": 6045,
  "XOM.BA": 21990,
  "XP.BA": 6345,
  "XPEV.BA": 6155,
  "XROX.BA": 4590,
  "XYZ.BA": 5300,
  "YELP.BA": 17280,