{
  "AAL.BA": 9080,
  "AAP.BA": 5950,
  "AAPL.BA": 16625,
  "ABBV.BA": 29400,
  "ABEV.BA": 9310,
  "ABEV3.BA": 3170,
  "ABNB.BA": 11425,
  "ABT.BA": 46200,
  "ACN.BA": 4700,
  "ACWI.BA": 7170,
  "ADBE.BA": 11000,
  "ADGO.BA": 11475,
  "ADI.BA": 22900,
  "ADP.BA": 68350,
  "ADS.BA": 3942.14794922,
  "AEG.BA": 10425,
  "AEM.BA": 35225,
  "AHP.BA": 28.79999924,
  "AI.BA": 4330,
  "AIG.BA": 22025,
  "AKO.B.BA": 33050,
  "AMAT.BA": 45200,
  "AMD.BA": 20975,
  "AMGN.BA": 13150,
  "AMX.BA": 27050,
  "AMZN.BA": 2240,
  "ANF.BA": 132150,
  "ARCO.BA": 19425,
  "ARKK.BA": 10475,
  "ARM.BA": 7030,
  "ASML.BA": 7430,
  "ASR.BA": 23475,
  "AVGO.BA": 11850,
  "AVY.BA": 12925,
  "AXP.BA": 30150,
  "AZN.BA": 56800,
  "B.BA": 19675,
  "BA.BA": 13200,
  "BA.C.BA": 17225,
  "BABA.BA": 20875,
  "BAK.BA": 2425,
  "BAS.BA": 3197.76855469,
  "BAYN.BA": 3323.26293945,
  "BB.BA": 1800,
  "BBD.BA": 4400,
  "BBDC3.BA": 3770,
  "BBV.BA": 25325,
  "BCS.BA": 27450,
  "BHP.BA": 37750,
  "BIDU.BA": 12775,
  "BIIB.BA": 15025,
  "BIOX.BA": 3785,
  "BITF.BA": 8920,
  "BK.BA": 71800,
  "BKNG.BA": 10975,
  "BKR.BA": 8980,
  "BMY.BA": 21750,
  "BNG.BA": 23450,
  "BP.BA": 9390,
  "BPA11.BA": 11225,
  "BRFS.BA": 15300,
  "BRKB.BA": 31550,
  "BSBR.BA": 7500,
  "BSN.BA": 613.31298828,
  "C.BA": 44250,
  "CAAP.BA": 118450,
  "CAH.BA": 69150,
  "CAJ.BA": 4045.5,
  "CAR.BA": 8310,
  "CAT.BA": 29300,
  "CCL.BA": 14525,
  "CDE.BA": 20350,
  "CEG.BA": 9270,
  "CIBR.BA": 10150,
  "CL.BA": 39400,
  "CLS.BA": 16875,
  "COIN.BA": 15400,
  "COST.BA": 27850,
  "CRM.BA": 19275,
  "CSCO.BA": 18600,
  "CSNA3.BA": 2015,
  "CVS.BA": 6700,
  "CVX.BA": 13350,
  "CX.BA": 13025,
  "DAL.BA": 10650,
  "DD.BA": 21550,
  "DE.BA": 16375,
  "DECK.BA": 6700,
  "DEO.BA": 25550,
  "DESP.BA": 22600,
  "DHR.BA": 5130,
  "DIA.BA": 31550,
  "DISN.BA": 13625,
  "DOCU.BA": 5010,
  "DOW.BA": 5650,
  "DTEA.BA": 0,
  "E.BA": 11875,
  "EA.BA": 16625,
  "EBAY.BA": 64000,
  "EBR.BA": 46775,
  "EEM.BA": 13975,
  "EFA.BA": 7100,
  "EFX.BA": 21800,
  "ELP.BA": 37825,
  "EOAN.BA": 236.04100037,
  "EQNR.BA": 5590,
  "ERIC.BA": 5530,
  "ERJ.BA": 84450,
  "ETHA.BA": 9090,
  "ETSY.BA": 4690,
  "EWJ.BA": 7870,
  "EWZ.BA": 20575,
  "F.BA": 16300,
  "FCX.BA": 21375,
  "FDX.BA": 31625,
  "FMCC.BA": 0,
  "FMX.BA": 19650,
  "FNMA.BA": 16800,
  "FSLR.BA": 15800,
  "FXI.BA": 10800,
  "GDX.BA": 9230,
  "GE.BA": 48475,
  "GFI.BA": 47750,
  "GGB.BA": 17700,
  "GILD.BA": 39975,
  "GLD.BA": 9210,
  "GLOB.BA": 4845,
  "GLW.BA": 24700,
  "GM.BA": 13450,
  "GOOGL.BA": 5610,
  "GPRK.BA": 8780,
  "GRMN.BA": 109700,
  "GS.BA": 79150,
  "GSK.BA": 13925,
  "GT.BA": 5890,
  "HAL.BA": 15275,
  "HAPV3.BA": 10675,
  "HD.BA": 18100,
  "HDB.BA": 49100,
  "HHPD.BA": 0,
  "HL.BA": 12475,
  "HMC.BA": 47725,
  "HMY.BA": 19525,
  "HNPIY.BA": 6140,
  "HOG.BA": 13925,
  "HON.BA": 37125,
  "HPQ.BA": 40800,
  "HSBC.BA": 45550,
  "HSY.BA": 12225,
  "HUT.BA": 175850,
  "HWM.BA": 247000,
  "IBB.BA": 7340,
  "IBIT.BA": 8800,
  "IBM.BA": 22975,
  "IBN.BA": 44050,
  "IEMG.BA": 7280,
  "IEUR.BA": 8450,
  "IFF.BA": 7600,
  "IJH.BA": 7660,
  "INFY.BA": 22750,
  "ING.BA": 11100,
  "INTC.BA": 6790,
  "IP.BA": 16850,
  "ISRG.BA": 7100,
  "ITUB.BA": 9810,
  "ITUB3.BA": 8820,
  "IVE.BA": 7060,
  "IVW.BA": 8060,
  "IWM.BA": 33000,
  "JBSS3.BA": 8320,
  "JCI.BA": 69550,
  "JD.BA": 10950,
  "JMIA.BA": 12150,
  "JNJ.BA": 16450,
  "JOYY.BA": 17375,
  "JPM.BA": 27325,
  "KB.BA": 54100,
  "KEP.BA": 18525,
  "KGC.BA": 30775,
  "KMB.BA": 29975,
  "KO.BA": 18875,
  "KOFM.BA": 58150,
  "LAC.BA": 3985,
  "LAR.BA": 4910,
  "LFC.BA": 1074.5,
  "LLY.BA": 18025,
  "LMT.BA": 32100,
  "LRCX.BA": 2560,
  "LVS.BA": 37375,
  "LYG.BA": 3035,
  "MA.BA": 24475,
  "MBG.BA": 3807.20898438,
  "MBT.BA": 650,
  "MCD.BA": 18200,
  "MDLZ.BA": 5730,
  "MDT.BA": 32175,
  "MELI.BA": 27900,
  "META.BA": 43500,
  "MFG.BA": 9020,
  "MGLU3.BA": 2365,
  "MMC.BA": 17600,
  "MMM.BA": 21550,
  "MO.BA": 23075,
  "MOS.BA": 8960,
  "MRK.BA": 23475,
  "MRNA.BA": 1850,
  "MRVL.BA": 6260,
  "MSFT.BA": 22900,
  "MSI.BA": 33300,
  "MSTR.BA": 23300,
  "MU.BA": 36375,
  "MUFG.BA": 21275,
  "MUX.BA": 9450,
  "NATU3.BA": 2235,
  "NEC1.BA": 0,
  "NEM.BA": 35300,
  "NFLX.BA": 35900,
  "NG.BA": 37350,
  "NGG.BA": 48400,
  "NIO.BA": 2055,
  "NKE.BA": 8550,
  "NLM.BA": 0,
  "NMR.BA": 9900,
  "NOKA.BA": 6280,
  "NOW.BA": 7390,
  "NSAN.BA": 1545,
  "NTCO.BA": 6200,
  "NTES.BA": 13275,
  "NU.BA": 10250,
  "NUE.BA": 12725,
  "NVDA.BA": 9640,
  "NVS.BA": 44900,
  "NXE.BA": 10525,
  "ORAN.BA": 13200,
  "ORCL.BA": 107750,
  "ORLY.BA": 660,
  "OXY.BA": 12725,
  "PAAS.BA": 15975,
  "PAC.BA": 21700,
  "PAGS.BA": 4410,
  "PANW.BA": 5380,
  "PATH.BA": 7990,
  "PBI.BA": 17050,
  "PBR.BA": 16950,
  "PCAR.BA": 45875,
  "PCRF.BA": 0,
  "PDD.BA": 6940,
  "PEP.BA": 11300,
  "PETR3.BA": 8510,
  "PFE.BA": 8620,
  "PG.BA": 14775,
  "PHG.BA": 7720,
  "PINS.BA": 7460,
  "PKS.BA": 23650,
  "PLTR.BA": 70750,
  "PM.BA": 12425,
  "PSO.BA": 0,
  "PSQ.BA": 5650,
  "PSX.BA": 30325,
  "PYPL.BA": 11850,
  "QCOM.BA": 20100,
  "QQQ.BA": 39975,
  "RACE.BA": 8140,
  "RBLX.BA": 89100,
  "RCTB4.BA": 0,
  "RGTI.BA": 10450,
  "RIO.BA": 11075,
  "RIOT.BA": 6130,
  "ROKU.BA": 10100,
  "ROST.BA": 52250,
  "RTX.BA": 43650,
  "SAN.BA": 53000,
  "SAP.BA": 62250,
  "SATL.BA": 4820,
  "SBS.BA": 64350,
  "SBSP3.BA": 32225,
  "SBUX.BA": 9870,
  "SCCO.BA": 71700,
  "SCHW.BA": 0,
  "SDA.BA": 1835,
  "SE.BA": 8320,
  "SH.BA": 6660,
  "SHEL.BA": 49800,
  "SHOP.BA": 1915,
  "SI.BA": 22.45000076,
  "SID.BA": 16075,
  "SIEGY.BA": 6695.81591797,
  "SLB.BA": 16525,
  "SLV.BA": 8630,
  "SMH.BA": 8140,
  "SMSN.BA": 13143.82421875,
  "SNA.BA": 76250,
  "SNAP.BA": 10100,
  "SNOW.BA": 10375,
  "SONY.BA": 4785,
  "SPCE.BA": 8910,
  "SPGI.BA": 16525,
  "SPOT.BA": 35175,
  "SPXL.BA": 10775,
  "SPY.BA": 44900,
  "STLA.BA": 2535,
  "STNE.BA": 7980,
  "SUZ.BA": 13400,
  "SUZB3.BA": 13125,
  "SWKS.BA": 4875,
  "SYY.BA": 14275,
  "T.BA": 13725,
  "TCOM.BA": 50400,
  "TEAM.BA": 5110,
  "TEFO.BA": 928,
  "TEM.BA": 9240,
  "TEN.BA": 48425,
  "TGT.BA": 5400,
  "TIIAY.BA": 0,
  "TIMB.BA": 29450,
  "TIMS3.BA": 5810,
  "TJX.BA": 8650,
  "TM.BA": 18500,
  "TMO.BA": 31000,
  "TMUS.BA": 10575,
  "TRIP.BA": 12250,
  "TRVV.BA": 63550,
  "TSLA.BA": 32425,
  "TSM.BA": 37525,
  "TTE.BA": 28300,
  "TTM.BA": 8651,
  "TV.BA": 1365,
  "TWLO.BA": 4180,
  "TXN.BA": 52100,
  "TXR.BA": 11950,
  "UAL.BA": 29500,
  "UBER.BA": 63100,
  "UGP.BA": 5350,
  "UL.BA": 29750,
  "UNH.BA": 13250,
  "UNP.BA": 15225,
  "UPST.BA": 18700,
  "URA.BA": 11275,
  "URBN.BA": 49050,
  "USB.BA": 13525,
  "USO.BA": 6690,
  "V.BA": 26425,
  "VALE.BA": 7220,
  "VALE3.BA": 14400,
  "VEA.BA": 8200,
  "VIG.BA": 7520,
  "VIST.BA": 17650,
  "VIV.BA": 17350,
  "VIVT3.BA": 8520,
  "VOD.BA": 16325,
  "VRSN.BA": 64550,
  "VRTX.BA": 5410,
  "VST.BA": 9960,
  "VZ.BA": 15325,
  "WBA.BA": 5360,
  "WBO.BA": 2715,
  "WEGE3.BA": 9740,
  "WFC.BA": 21975,
  "WMT.BA": 7750,
  "X.BA": 21550,
  "XLB.BA": 7110,
  "XLC.BA": 8340,
  "XLE.BA": 60650,
  "XLF.BA": 36875,
  "XLI.BA": 7500,
  "XLK.BA": 7920,
  "XLP.BA": 7010,
  "XLRE.BA": 6520,
  "XLU.BA": 7730,
  "XLV.BA": 6600,
  "XLY.BA": 7610,
  "XOM.BA": 15175,
  "XP.BA": 6520,
  "XPEV.BA": 6910,
  "XROX.BA": 5380,
  "XYZ.BA": 5180,
  "YELP.BA": 22125,
  "YZCA.BA": 0.007,
  "ZM.BA": 2455,
  "ALUA.BA": 686,
  "ALUAC.BA": 0.49399999,
  "ALUAD.BA": 0.51499999,
  "BBAR.BA": 5640,
  "BBARC.BA": 4.60739994,
  "BBARD.BA": 4.01499987,
  "BMA.BA": 8140,
  "BMA.C.BA": 5.75,
  "BMA.D.BA": 5.8499999,
  "BYMA.BA": 184.5,
  "BYMAC.BA": 0.139,
  "BYMAD.BA": 0.13500001,
  "CEPU.BA": 1395,
  "COME.BA": 38.79999924,
  "CRES.BA": 1335,
  "CRESC.BA": 0.32300001,
  "EDN.BA": 1515,
  "EDNC.BA": 1.10000002,
  "EDND.BA": 1.09500003,
  "GGAL.BA": 5560,
  "GGALC.BA": 4.05000019,
  "GGALD.BA": 4.03499985,
  "IRSAC.BA": 1.58000004,
  "IRSAD.BA": 1.44000006,
  "LOMA.BA": 2490,
  "LOMAD.BA": 1.80999994,
  "MIRG.BA": 17725,
  "PAMP.BA": 3760,
  "SUPV.BA": 2215,
  "SUPVD.BA": 1.63,
  "TECO2.BA": 2350,
  "TECOC.BA": 1.68499994,
  "TGN4C.BA": 2.70499992,