{
  "AAL.BA": 9365,
  "AAP.BA": 6710,
  "AAPL.BA": 17860,
  "ABBV.BA": 32860,
  "ABEV.BA": 10660,
  "ABEV3.BA": 3580,
  "ABNB.BA": 12320,
  "ABT.BA": 50075,
  "ACN.BA": 4840,
  "ACWI.BA": 7905,
  "ADBE.BA": 12330,
  "ADGO.BA": 12210,
  "ADI.BA": 24650,
  "ADP.BA": 72050,
  "ADS.BA": 3942.14794922,
  "AEG.BA": 11510,
  "AEM.BA": 38320,
  "AHP.BA": 28.79999924,
  "AI.BA": 5155,
  "AIG.BA": 22970,
  "AKO.B.BA": 37500,
  "AMAT.BA": 53400,
  "AMD.BA": 23900,
  "AMGN.BA": 13720,
  "AMX.BA": 30660,
  "AMZN.BA": 2402,
  "ANF.BA": 128500,
  "ARCO.BA": 20330,
  "ARKK.BA": 12050,
  "ARM.BA": 8015,
  "ASML.BA": 8955,
  "ASR.BA": 25180,
  "AVGO.BA": 13310,
  "AVY.BA": 13690,
  "AXP.BA": 33540,
  "AZN.BA": 57975,
  "B.BA": 22050,
  "BA.BA": 13420,
  "BA.C.BA": 19220,
  "BABA.BA": 27660,
  "BAK.BA": 2525,
  "BAS.BA": 3197.76855469,
  "BAYN.BA": 3323.26293945,
  "BB.BA": 2016,
  "BBD.BA": 4927.5,
  "BBDC3.BA": 4250,
  "BBV.BA": 28380,
  "BCS.BA": 31140,
  "BHP.BA": 39740,
  "BIDU.BA": 18750,
  "BIIB.BA": 16640,
  "BIOX.BA": 2730,
  "BITF.BA": 23080,
  "BK.BA": 80325,
  "BKNG.BA": 11260,
  "BKR.BA": 10100,
  "BMY.BA": 23120,
  "BNG.BA": 24180,
  "BP.BA": 10270,
  "BPA11.BA": 13260,
  "BRFS.BA": 18760,
  "BRKB.BA": 33580,
  "BSBR.BA": 8360,
  "BSN.BA": 613.31298828,
  "C.BA": 50875,
  "CAAP.BA": 113175,
  "CAH.BA": 74000,
  "CAJ.BA": 4045.5,
  "CAR.BA": 8820,
  "CAT.BA": 33680,
  "CCL.BA": 15590,
  "CDE.BA": 23890,
  "CEG.BA": 10740,
  "CIBR.BA": 11300,
  "CL.BA": 40920,
  "CLS.BA": 18600,
  "COIN.BA": 17800,
  "COST.BA": 29960,
  "CRM.BA": 20110,
  "CSCO.BA": 20260,
  "CSNA3.BA": 2307,
  "CVS.BA": 7545,
  "CVX.BA": 14950,
  "CX.BA": 14100,
  "DAL.BA": 11000,
  "DD.BA": 23100,
  "DE.BA": 17560,
  "DECK.BA": 7105,
  "DEO.BA": 24770,
  "DESP.BA": 22600,
  "DHR.BA": 5355,
  "DIA.BA": 34540,
  "DISN.BA": 14420,
  "DOCU.BA": 5760,
  "DOW.BA": 6145,
  "DTEA.BA": 0,
  "E.BA": 13180,
  "EA.BA": 18530,
  "EBAY.BA": 67175,
  "EBR.BA": 55250,
  "EEM.BA": 15980,
  "EFA.BA": 7755,
  "EFX.BA": 24460,
  "ELP.BA": 43420,
  "EOAN.BA": 236.04100037,
  "EQNR.BA": 6130,
  "ERIC.BA": 5945,
  "ERJ.BA": 85000,
  "ETHA.BA": 10250,
  "ETSY.BA": 5665,
  "EWJ.BA": 8700,
  "EWZ.BA": 23160,
  "F.BA": 17400,
  "FCX.BA": 22530,
  "FDX.BA": 33780,
  "FMCC.BA": 0,
  "FMX.BA": 23130,
  "FNMA.BA": 28240,
  "FSLR.BA": 17540,
  "FXI.BA": 12470,
  "GDX.BA": 10270,
  "GE.BA": 54175,
  "GFI.BA": 56875,
  "GGB.BA": 18800,
  "GILD.BA": 42000,
  "GLD.BA": 10090,
  "GLOB.BA": 4657.5,
  "GLW.BA": 28760,
  "GM.BA": 14630,
  "GOOGL.BA": 6445,
  "GPRK.BA": 9860,
  "GRMN.BA": 117175,
  "GS.BA": 91375,
  "GSK.BA": 15060,
  "GT.BA": 6400,
  "HAL.BA": 16700,
  "HAPV3.BA": 11000,
  "HD.BA": 19470,
  "HDB.BA": 27060,
  "HHPD.BA": 0,
  "HL.BA": 16480,
  "HMC.BA": 51200,
  "HMY.BA": 22230,
  "HNPIY.BA": 6140,
  "HOG.BA": 14850,
  "HON.BA": 39540,
  "HPQ.BA": 41740,
  "HSBC.BA": 52025,
  "HSY.BA": 13550,
  "HUT.BA": 283525,
  "HWM.BA": 277000,
  "IBB.BA": 7830,
  "IBIT.BA": 9850,
  "IBM.BA": 25860,
  "IBN.BA": 48920,
  "IEMG.BA": 8255,
  "IEUR.BA": 9180,
  "IFF.BA": 7925,
  "IJH.BA": 8165,
  "INFY.BA": 26420,
  "ING.BA": 12670,
  "INTC.BA": 7470,
  "IP.BA": 17560,
  "ISRG.BA": 7770,
  "ITUB.BA": 10850,
  "ITUB3.BA": 9685,
  "IVE.BA": 7635,
  "IVW.BA": 8940,
  "IWDA.BA": 0,
  "IWM.BA": 35820,
  "JBSS3.BA": 8320,
  "JCI.BA": 97000,
  "JD.BA": 13210,
  "JMIA.BA": 17790,
  "JNJ.BA": 17680,
  "JOYY.BA": 18810,
  "JPM.BA": 31100,
  "KB.BA": 63850,
  "KEP.BA": 20140,
  "KGC.BA": 33540,
  "KMB.BA": 31280,
  "KO.BA": 20080,
  "KOFM.BA": 63150,
  "LAC.BA": 4880,
  "LAR.BA": 4845,
  "LFC.BA": 1074.5,
  "LLY.BA": 20320,
  "LMT.BA": 35500,
  "LRCX.BA": 3275,
  "LVS.BA": 39260,
  "LYG.BA": 3427.5,
  "MA.BA": 27200,
  "MBG.BA": 3807.20898438,
  "MBT.BA": 650,
  "MCD.BA": 19010,
  "MDLZ.BA": 6260,
  "MDT.BA": 35400,
  "MELI.BA": 30500,
  "META.BA": 48400,
  "MFG.BA": 9835,
  "MGLU3.BA": 3152.5,
  "MMC.BA": 18510,
  "MMM.BA": 23220,
  "MO.BA": 24500,
  "MOS.BA": 10190,
  "MRK.BA": 24280,
  "MRNA.BA": 1965,
  "MRVL.BA": 7615,
  "MSFT.BA": 25420,
  "MSI.BA": 35680,
  "MSTR.BA": 24730,
  "MU.BA": 47860,
  "MUFG.BA": 22860,
  "MUX.BA": 10070,
  "NATU3.BA": 2448,
  "NEC1.BA": 0,
  "NEM.BA": 39200,
  "NFLX.BA": 38260,
  "NG.BA": 42760,
  "NGG.BA": 53150,
  "NIO.BA": 2770,
  "NKE.BA": 8985,
  "NLM.BA": 0,
  "NMR.BA": 11250,
  "NOKA.BA": 7055,
  "NOW.BA": 8270,
  "NSAN.BA": 1545,
  "NTCO.BA": 6200,
  "NTES.BA": 17050,
  "NU.BA": 11920,
  "NUE.BA": 13380,
  "NVDA.BA": 10650,
  "NVS.BA": 45740,
  "NXE.BA": 12650,
  "ORAN.BA": 13200,
  "ORCL.BA": 150550,
  "ORLY.BA": 711,
  "OXY.BA": 14120,
  "PAAS.BA": 17640,
  "PAC.BA": 23260,
  "PAGS.BA": 5310,
  "PANW.BA": 6070,
  "PATH.BA": 8820,
  "PBI.BA": 16870,
  "PBR.BA": 19330,
  "PCAR.BA": 50300,
  "PCRF.BA": 0,
  "PDD.BA": 8085,
  "PEP.BA": 11740,
  "PETR3.BA": 9655,
  "PFE.BA": 9005,
  "PG.BA": 16000,
  "PHG.BA": 8385,
  "PINS.BA": 7835,
  "PKS.BA": 25640,
  "PLTR.BA": 84050,
  "PM.BA": 13810,
  "PSO.BA": 0,
  "PSQ.BA": 5985,
  "PSX.BA": 33140,
  "PYPL.BA": 12850,
  "QCOM.BA": 22510,
  "QQQ.BA": 44200,
  "RACE.BA": 8500,
  "RBLX.BA": 101525,
  "RCTB4.BA": 0,
  "RGTI.BA": 16470,
  "RIO.BA": 11820,
  "RIOT.BA": 8850,
  "ROKU.BA": 11250,
  "ROST.BA": 54800,
  "RTX.BA": 47400,
  "SAN.BA": 60300,
  "SAP.BA": 65200,
  "SATL.BA": 5315,
  "SBS.BA": 71425,
  "SBSP3.BA": 35580,
  "SBUX.BA": 10390,
  "SCCO.BA": 79775,
  "SCHW.BA": 0,
  "SDA.BA": 1961,
  "SE.BA": 8780,
  "SH.BA": 7070,
  "SHEL.BA": 53375,
  "SHOP.BA": 2073,
  "SI.BA": 22.45000076,
  "SID.BA": 18500,
  "SIEGY.BA": 6695.81591797,
  "SLB.BA": 17440,
  "SLV.BA": 9380,
  "SMH.BA": 9165,
  "SMSN.BA": 13143.82421875,
  "SNA.BA": 82775,
  "SNAP.BA": 11910,
  "SNOW.BA": 10850,
  "SONY.BA": 5435,
  "SPCE.BA": 9725,
  "SPGI.BA": 18080,
  "SPOT.BA": 37880,
  "SPXL.BA": 12260,
  "SPY.BA": 49360,
  "STLA.BA": 2877.5,
  "STNE.BA": 9470,
  "SUZ.BA": 14380,
  "SUZB3.BA": 14340,
  "SWKS.BA": 5390,
  "SYY.BA": 15370,
  "T.BA": 14700,
  "TCOM.BA": 57450,
  "TEAM.BA": 5500,
  "TEFO.BA": 1000,
  "TEM.BA": 10780,
  "TEN.BA": 52950,
  "TGT.BA": 5555,
  "TIIAY.BA": 0,
  "TIMB.BA": 32540,
  "TIMS3.BA": 6440,
  "TJX.BA": 9620,
  "TM.BA": 20120,
  "TMO.BA": 32080,
  "TMUS.BA": 11150,
  "TRIP.BA": 13790,
  "TRVV.BA": 68550,
  "TSLA.BA": 42580,
  "TSM.BA": 43760,
  "TTE.BA": 30600,
  "TTM.BA": 8651,
  "TV.BA": 1398,
  "TWLO.BA": 4332.5,
  "TXN.BA": 54075,
  "TXR.BA": 13220,
  "UAL.BA": 31760,
  "UBER.BA": 69850,
  "UGP.BA": 5945,
  "UL.BA": 31060,
  "UNH.BA": 15490,
  "UNP.BA": 16290,
  "UPST.BA": 20430,
  "URA.BA": 13330,
  "URBN.BA": 52325,
  "USB.BA": 14810,
  "USO.BA": 7500,
  "V.BA": 28760,
  "VALE.BA": 8155,
  "VALE3.BA": 16130,
  "VEA.BA": 8990,
  "VIG.BA": 8295,
  "VIST.BA": 18260,
  "VIV.BA": 19050,
  "VIVT3.BA": 9595,
  "VOD.BA": 17410,
  "VRSN.BA": 71950,
  "VRTX.BA": 5710,
  "VST.BA": 12040,
  "VZ.BA": 16560,
  "WBA.BA": 5360,
  "WBO.BA": 3190,
  "WEGE3.BA": 10270,
  "WFC.BA": 24650,
  "WMT.BA": 8695,
  "X.BA": 21550,
  "XLB.BA": 7580,
  "XLC.BA": 9390,
  "XLE.BA": 67300,
  "XLF.BA": 40420,
  "XLI.BA": 8100,
  "XLK.BA": 8855,
  "XLP.BA": 7515,
  "XLRE.BA": 6970,
  "XLU.BA": 8440,
  "XLV.BA": 7085,
  "XLY.BA": 8435,
  "XOM.BA": 17230,
  "XP.BA": 7485,
  "XPEV.BA": 8120,
  "XROX.BA": 5495,
  "XYZ.BA": 5700,
  "YELP.BA": 23670,
  "YZCA.BA": 0.007,
  "ZM.BA": 2752.5,
  "ALUA.BA": 689,
  "ALUAC.BA": 0.461,
  "ALUAD.BA": 0.46200001,
  "BBAR.BA": 4410,
  "BBARC.BA": 4,
  "BBARD.BA": 3.06999993,
  "BMA.BA": 6410,
  "BMA.C.BA": 4.32000017,
  "BMA.D.BA": 4.34000015,
  "BYMA.BA": 169.5,
  "BYMAC.BA": 0.116,
  "BYMAD.BA": 0.116,
  "CEPU.BA": 1251,
  "COME.BA": 33.06999969,
  "CRES.BA": 1368,
  "CRESC.BA": 0.875,
  "EDN.BA": 1244,
  "EDNC.BA": 0.83399999,
  "EDND.BA": 0.833,
  "GGAL.BA": 4407.5,
  "GGALC.BA": 2.99499989,
  "GGALD.BA": 2.99000001,
  "IRSAC.BA": 1.17999995,
  "IRSAD.BA": 1.21500003,
  "LOMA.BA": 2220,
  "LOMAD.BA": 1.50999999,
  "MIRG.BA": 17050,
  "PAMP.BA": 3595,
  "SUPV.BA": 1672,
  "SUPVD.BA": 1.09000003,
  "TECO2.BA": 2129,
  "TECOC.BA": 1.68499994,