{
  "AAL.BA": 7210,
  "AAP.BA": 4580,
  "AAPL.BA": 13250,
  "ABBV.BA": 23425,
  "ABEV.BA": 9210,
  "ABEV3.BA": 3120,
  "ABNB.BA": 11325,
  "ABT.BA": 41575,
  "ACN.BA": 5060,
  "ADBE.BA": 10700,
  "ADGO.BA": 11650,
  "ADI.BA": 20125,
  "ADP.BA": 64250,
  "ADS.BA": 3942.14794922,
  "AEG.BA": 8950,
  "AEM.BA": 24725,
  "AHP.BA": 28.79999924,
  "AI.BA": 6420,
  "AIG.BA": 20375,
  "AKO.B.BA": 30100,
  "AMAT.BA": 47125,
  "AMD.BA": 17100,
  "AMGN.BA": 12400,
  "AMX.BA": 22250,
  "AMZN.BA": 1915,
  "ANF.BA": 113600,
  "ARCO.BA": 19775,
  "ARKK.BA": 8840,
  "ARM.BA": 7100,
  "ASML.BA": 6780,
  "ASR.BA": 19975,
  "AVGO.BA": 8710,
  "AVY.BA": 12550,
  "AXP.BA": 27300,
  "AZN.BA": 43300,
  "B.BA": 13225,
  "BA.BA": 11150,
  "BA.C.BA": 15100,
  "BABA.BA": 15000,
  "BAK.BA": 2140,
  "BAS.BA": 3197.76855469,
  "BAYN.BA": 3323.26293945,
  "BB.BA": 1770,
  "BBD.BA": 3860,
  "BBDC3.BA": 3270,
  "BBV.BA": 19525,
  "BCS.BA": 22675,
  "BHP.BA": 31625,
  "BIDU.BA": 9760,
  "BIIB.BA": 12800,
  "BIOX.BA": 5800,
  "BITF.BA": 6440,
  "BK.BA": 57300,
  "BKNG.BA": 10150,
  "BKR.BA": 6910,
  "BMY.BA": 19375,
  "BNG.BA": 19500,
  "BP.BA": 7720,
  "BPA11.BA": 9730,
  "BRFS.BA": 13300,
  "BRKB.BA": 27375,
  "BSBR.BA": 6750,
  "BSN.BA": 613.31298828,
  "C.BA": 36600,
  "CAAP.BA": 101950,
  "CAH.BA": 69300,
  "CAJ.BA": 4045.5,
  "CAR.BA": 8700,
  "CAT.BA": 24650,
  "CBRD.BA": 459,
  "CCL.BA": 12400,
  "CDE.BA": 11300,
  "CEG.BA": 8650,
  "CIBR.BA": 9630,
  "CL.BA": 38425,
  "CLS.BA": 10000,
  "COIN.BA": 16325,
  "COST.BA": 25400,
  "CRM.BA": 18825,
  "CSCO.BA": 17350,
  "CSNA3.BA": 1875,
  "CVS.BA": 5520,
  "CVX.BA": 11500,
  "CX.BA": 8790,
  "DAL.BA": 7880,
  "DD.BA": 18300,
  "DE.BA": 16250,
  "DECK.BA": 5260,
  "DEO.BA": 21725,
  "DESP.BA": 22600,
  "DHR.BA": 4680,
  "DIA.BA": 27825,
  "DISN.BA": 12775,
  "DOCU.BA": 4480,
  "DOW.BA": 5860,
  "DTEA.BA": 0,
  "E.BA": 10250,
  "EA.BA": 13750,
  "EBAY.BA": 47625,
  "EBR.BA": 37775,
  "EEM.BA": 12100,
  "EFX.BA": 21350,
  "ELP.BA": 33700,
  "EOAN.BA": 236.04100037,
  "EQNR.BA": 5270,
  "ERIC.BA": 5090,
  "ERJ.BA": 76500,
  "ETHA.BA": 4865,
  "ETSY.BA": 4225,
  "EWJ.BA": 6640,
  "EWZ.BA": 18275,
  "F.BA": 14575,
  "FCX.BA": 18825,
  "FDX.BA": 30075,
  "FMCC.BA": 0,
  "FMX.BA": 21425,
  "FMX.B.BA": 0,
  "FNMA.BA": 13000,
  "FSLR.BA": 12800,
  "FXI.BA": 9030,
  "GE.BA": 38275,
  "GFI.BA": 29775,
  "GGB.BA": 15450,
  "GILD.BA": 34300,
  "GLD.BA": 7600,
  "GLOB.BA": 6380,
  "GLW.BA": 16400,
  "GM.BA": 10900,
  "GOOGL.BA": 3825,
  "GPRK.BA": 8910,
  "GRMN.BA": 88750,
  "GS.BA": 69050,
  "GSK.BA": 11850,
  "GT.BA": 7010,
  "HAL.BA": 13425,
  "HAPV3.BA": 8120,
  "HD.BA": 14475,
  "HDB.BA": 47200,
  "HHPD.BA": 0,
  "HL.BA": 7260,
  "HMC.BA": 37350,
  "HMY.BA": 17875,
  "HNPIY.BA": 6140,
  "HOG.BA": 10600,
  "HON.BA": 37400,
  "HPQ.BA": 32025,
  "HSBC.BA": 37850,
  "HSY.BA": 10350,
  "HUT.BA": 136100,
  "HWM.BA": 224100,
  "IBB.BA": 5880,
  "IBIT.BA": 7770,
  "IBM.BA": 24200,
  "IBN.BA": 42000,
  "IEUR.BA": 7770,
  "IFF.BA": 8050,
  "IJH.BA": 6640,
  "INFY.BA": 23500,
  "ING.BA": 9260,
  "INTC.BA": 5560,
  "IP.BA": 15475,
  "ISRG.BA": 7400,
  "ITUB.BA": 8670,
  "ITUB3.BA": 7650,
  "IVE.BA": 6110,
  "IVW.BA": 6930,
  "IWM.BA": 27650,
  "JBSS3.BA": 8320,
  "JCI.BA": 61900,
  "JD.BA": 9920,
  "JMIA.BA": 5330,
  "JNJ.BA": 12925,
  "JOYY.BA": 12525,
  "JPM.BA": 24525,
  "KB.BA": 52200,
  "KEP.BA": 16375,
  "KGC.BA": 19650,
  "KMB.BA": 27475,
  "KO.BA": 17700,
  "KOFM.BA": 60050,
  "LAC.BA": 3365,
  "LAR.BA": 2920,
  "LFC.BA": 1074.5,
  "LLY.BA": 17200,
  "LMT.BA": 28600,
  "LMT.B.BA": 0,
  "LRCX.BA": 2175,
  "LVS.BA": 29725,
  "LYG.BA": 2580,
  "MA.BA": 21425,
  "MBG.BA": 3807.20898438,
  "MBT.BA": 650,
  "MCD.BA": 15200,
  "MDLZ.BA": 5740,
  "MDT.BA": 27450,
  "MELI.BA": 25900,
  "META.BA": 37150,
  "MFG.BA": 7020,
  "MGLU3.BA": 2105,
  "MMC.BA": 16825,
  "MMM.BA": 19225,
  "MO.BA": 18400,
  "MOS.BA": 9380,
  "MRK.BA": 20075,
  "MRNA.BA": 1990,
  "MRVL.BA": 6670,
  "MSFT.BA": 20625,
  "MSI.BA": 26200,
  "MSTR.BA": 25150,
  "MU.BA": 30175,
  "MUFG.BA": 17350,
  "MUX.BA": 7090,
  "NEC1.BA": 0,
  "NEM.BA": 24850,
  "NFLX.BA": 33500,
  "NG.BA": 22550,
  "NGG.BA": 43925,
  "NIO.BA": 1090,
  "NKE.BA": 7840,
  "NLM.BA": 0,
  "NMR.BA": 8100,
  "NOKA.BA": 6350,
  "NOW.BA": 7590,
  "NSAN.BA": 1545,
  "NTCO.BA": 6200,
  "NTCO3.BA": 2410,
  "NTES.BA": 11700,
  "NU.BA": 8420,
  "NUE.BA": 10750,
  "NVDA.BA": 8220,
  "NVS.BA": 38700,
  "NXE.BA": 8970,
  "ORAN.BA": 13200,
  "ORCL.BA": 97950,
  "ORLY.BA": 511,
  "OXY.BA": 10825,
  "PAAS.BA": 12025,
  "PAC.BA": 17000,
  "PAGS.BA": 3900,
  "PANW.BA": 5020,
  "PATH.BA": 8240,
  "PBI.BA": 14400,
  "PBR.BA": 16200,
  "PCAR.BA": 40025,
  "PCRF.BA": 0,
  "PDD.BA": 5090,
  "PEP.BA": 9360,
  "PETR3.BA": 8070,
  "PFE.BA": 7870,
  "PG.BA": 13325,
  "PHG.BA": 6190,
  "PINS.BA": 6390,
  "PKS.BA": 23325,
  "PLTR.BA": 55550,
  "PM.BA": 12425,
  "PSO.BA": 0,
  "PSQ.BA": 5200,
  "PSX.BA": 26200,
  "PYPL.BA": 11850,
  "QCOM.BA": 18225,
  "QQQ.BA": 34500,
  "RACE.BA": 7230,
  "RBLX.BA": 64450,
  "RCTB4.BA": 0,
  "RGTI.BA": 8240,
  "RIO.BA": 9130,
  "RIOT.BA": 5010,
  "ROKU.BA": 8430,
  "ROST.BA": 40575,
  "RTX.BA": 36375,
  "SAN.BA": 42625,
  "SAP.BA": 62600,
  "SATL.BA": 4370,
  "SBS.BA": 54000,
  "SBSP3.BA": 26650,
  "SBUX.BA": 9780,
  "SCCO.BA": 69100,
  "SCHW.BA": 0,
  "SDA.BA": 1625,
  "SE.BA": 5720,
  "SH.BA": 6100,
  "SHEL.BA": 44950,
  "SHOP.BA": 1365,
  "SID.BA": 15700,
  "SIEGY.BA": 6695.81591797,
  "SLB.BA": 14650,
  "SLV.BA": 6910,
  "SMH.BA": 7100,
  "SMSN.BA": 13143.82421875,
  "SNA.BA": 66000,
  "SNAP.BA": 11525,
  "SNOW.BA": 9180,
  "SONY.BA": 4000,
  "SPCE.BA": 7060,
  "SPGI.BA": 14700,
  "SPOT.BA": 32075,
  "SPXL.BA": 8920,
  "SPY.BA": 38725,
  "STLA.BA": 2560,
  "STNE.BA": 6600,
  "SUZ.BA": 11775,
  "SUZB3.BA": 11800,
  "SWKS.BA": 4535,
  "SYY.BA": 11725,
  "T.BA": 11775,
  "TCOM.BA": 36075,
  "TEAM.BA": 5660,
  "TEFO.BA": 784,
  "TEM.BA": 6290,
  "TEN.BA": 47000,
  "TGT.BA": 5400,
  "TIIAY.BA": 0,
  "TIMB.BA": 25500,
  "TIMS3.BA": 5110,
  "TJX.BA": 7100,
  "TM.BA": 14525,
  "TMO.BA": 24300,
  "TMUS.BA": 9280,
  "TRIP.BA": 10625,
  "TRVV.BA": 53900,
  "TSLA.BA": 25875,
  "TSM.BA": 32575,
  "TTE.BA": 26350,
  "TTM.BA": 8651,
  "TV.BA": 958,
  "TWLO.BA": 4140,
  "TXN.BA": 53200,
  "TXR.BA": 9800,
  "UAL.BA": 20500,
  "UBER.BA": 57800,
  "UGP.BA": 4145,
  "UL.BA": 25700,
  "UNH.BA": 11600,
  "UNP.BA": 14525,
  "UPST.BA": 18225,
  "URA.BA": 9410,
  "URBN.BA": 45175,
  "USB.BA": 11725,
  "V.BA": 24775,
  "VALE.BA": 6350,
  "VALE3.BA": 12725,
  "VEA.BA": 7180,
  "VIG.BA": 6680,
  "VIST.BA": 19700,
  "VIV.BA": 14550,
  "VIVT3.BA": 7260,
  "VOD.BA": 13250,
  "VRSN.BA": 57900,
  "VRTX.BA": 5650,
  "VST.BA": 9190,
  "VZ.BA": 13575,
  "WBA.BA": 4770,
  "WBO.BA": 1975,
  "WEGE3.BA": 9720,
  "WFC.BA": 20650,
  "WMT.BA": 6780,
  "X.BA": 21550,
  "XLB.BA": 6330,
  "XLC.BA": 7030,
  "XLE.BA": 54100,
  "XLF.BA": 33075,
  "XLI.BA": 6630,
  "XLK.BA": 6950,
  "XLP.BA": 6390,
  "XLRE.BA": 5830,
  "XLU.BA": 6790,
  "XLV.BA": 5810,
  "XLY.BA": 6400,
  "XOM.BA": 13925,
  "XP.BA": 6090,
  "XPEV.BA": 5830,
  "XROX.BA": 6990,
  "XYZ.BA": 4300,
  "YELP.BA": 20650,
  "YZCA.BA": 0.007,
  "ZM.BA": 2065,
  "ALUA.BA": 726,
  "ALUAC.BA": 0.59500003,
  "ALUAD.BA": 0.59200001,
  "BBAR.BA": 6640,
  "BBARC.BA": 5.46000004,
  "BBARD.BA": 5.4000001,
  "BMA.BA": 8520,
  "BMA.C.BA": 6.92999983,
  "BMA.D.BA": 6.8499999,
  "BYMA.BA": 197.75,
  "BYMAC.BA": 0.163,
  "BYMAD.BA": 0.16,
  "CEPU.BA": 1445,
  "COME.BA": 121.75,
  "CRES.BA": 1350,
  "CRESC.BA": 0.32300001,
  "EDN.BA": 1630,
  "EDNC.BA": 1.34500003,
  "GGAL.BA": 6260,
  "GGALC.BA": 5.11999989,
  "GGALD.BA": 5.07999992,
  "IRSAC.BA": 0,
  "IRSAD.BA": 1.5,
  "LOMA.BA": 2825,
  "LOMAD.BA": 2.32500005,
  "MIRG.BA": 20950,
  "PAMP.BA": 3600,
  "SUPV.BA": 2635,
  "SUPVD.BA": 2.125,
  "TECO2.BA": 2210,
  "TECOC.BA": 1.60000002,
  "TGNO4.BA": 2960,
  "TGSU2.BA": 6660,
  "TRAN.BA": 2205,
  "TXAR.BA": 646,
  "TXARD.BA": 0.52399999,
  "VALO.BA": 344,
  "VALOC.BA": 0.27900001,
  "VALOD.BA": 0.27900001,