{
  "AAL.BA": 7060,
  "AAP.BA": 4525,
  "AAPL.BA": 12100,
  "ABBV.BA": 22625,
  "ABEV.BA": 8730,
  "ABEV3.BA": 3005,
  "ABNB.BA": 10975,
  "ABT.BA": 39925,
  "ACN.BA": 5110,
  "ADBE.BA": 11275,
  "ADGO.BA": 11100,
  "ADI.BA": 18500,
  "ADP.BA": 62650,
  "ADS.BA": 3942.14794922,
  "AEG.BA": 8610,
  "AEM.BA": 23225,
  "AHP.BA": 28.79999924,
  "AI.BA": 6140,
  "AIG.BA": 20150,
  "AKO.B.BA": 29150,
  "AMAT.BA": 41475,
  "AMD.BA": 14675,
  "AMGN.BA": 11625,
  "AMX.BA": 20375,
  "AMZN.BA": 1800,
  "ANF.BA": 96800,
  "ARCO.BA": 17825,
  "ARKK.BA": 7520,
  "ARM.BA": 6290,
  "ASML.BA": 6420,
  "ASR.BA": 19100,
  "AVGO.BA": 7490,
  "AVY.BA": 11900,
  "AXP.BA": 23800,
  "AZN.BA": 43975,
  "B.BA": 11925,
  "BA.BA": 10700,
  "BA.C.BA": 13425,
  "BABA.BA": 16200,
  "BAK.BA": 2265,
  "BAS.BA": 3197.76855469,
  "BAYN.BA": 3323.26293945,
  "BB.BA": 1630,
  "BBD.BA": 3395,
  "BBDC3.BA": 2955,
  "BBV.BA": 17975,
  "BCS.BA": 21025,
  "BHP.BA": 30300,
  "BIDU.BA": 9500,
  "BIIB.BA": 12450,
  "BIOX.BA": 5650,
  "BITF.BA": 5690,
  "BK.BA": 53550,
  "BKNG.BA": 9190,
  "BKR.BA": 6580,
  "BMY.BA": 19875,
  "BNG.BA": 18075,
  "BP.BA": 7220,
  "BPA11.BA": 8680,
  "BRFS.BA": 13650,
  "BRKB.BA": 26650,
  "BSBR.BA": 6150,
  "BSN.BA": 613.31298828,
  "C.BA": 31000,
  "CAAP.BA": 97200,
  "CAH.BA": 60800,
  "CAJ.BA": 4045.5,
  "CAR.BA": 5730,
  "CAT.BA": 21375,
  "CBRD.BA": 459,
  "CCL.BA": 9640,
  "CDE.BA": 11025,
  "CEG.BA": 7730,
  "CIBR.BA": 8680,
  "CL.BA": 36600,
  "CLS.BA": 7250,
  "COIN.BA": 11300,
  "COST.BA": 25000,
  "CRM.BA": 17825,
  "CSCO.BA": 15575,
  "CSNA3.BA": 1860,
  "CVS.BA": 4840,
  "CVX.BA": 10725,
  "CX.BA": 8230,
  "DAL.BA": 7690,
  "DD.BA": 16450,
  "DE.BA": 15325,
  "DECK.BA": 5260,
  "DEO.BA": 21450,
  "DESP.BA": 22600,
  "DHR.BA": 4455,
  "DIA.BA": 25650,
  "DISN.BA": 11775,
  "DOCU.BA": 4165,
  "DOW.BA": 6120,
  "DTEA.BA": 0,
  "E.BA": 9300,
  "EA.BA": 12500,
  "EBAY.BA": 47025,
  "EBR.BA": 35500,
  "EEM.BA": 11375,
  "EFX.BA": 20225,
  "ELP.BA": 31875,
  "EOAN.BA": 236.04100037,
  "EQNR.BA": 5000,
  "ERIC.BA": 5040,
  "ERJ.BA": 56650,
  "ETHA.BA": 5020,
  "ETSY.BA": 4580,
  "EWJ.BA": 6310,
  "EWZ.BA": 16575,
  "F.BA": 12600,
  "FCX.BA": 16750,
  "FDX.BA": 27225,
  "FMCC.BA": 0,
  "FMX.BA": 20925,
  "FMX.B.BA": 0,
  "FNMA.BA": 13000,
  "FSLR.BA": 10900,
  "FXI.BA": 8850,
  "GE.BA": 36025,
  "GFI.BA": 28800,
  "GGB.BA": 14900,
  "GILD.BA": 32800,
  "GLD.BA": 7310,
  "GLOB.BA": 6830,
  "GLW.BA": 15150,
  "GM.BA": 9690,
  "GOOGL.BA": 3675,
  "GPRK.BA": 8680,
  "GRMN.BA": 83400,
  "GS.BA": 56450,
  "GSK.BA": 12275,
  "GT.BA": 7070,
  "HAL.BA": 13000,
  "HAPV3.BA": 8720,
  "HD.BA": 13725,
  "HDB.BA": 45775,
  "HHPD.BA": 0,
  "HL.BA": 7300,
  "HMC.BA": 34925,
  "HMY.BA": 17375,
  "HNPIY.BA": 6140,
  "HOG.BA": 10075,
  "HON.BA": 33725,
  "HPQ.BA": 30475,
  "HSBC.BA": 35525,
  "HSY.BA": 9550,
  "HUT.BA": 110800,
  "HWM.BA": 201050,
  "IBB.BA": 5710,
  "IBIT.BA": 7440,
  "IBM.BA": 21975,
  "IBN.BA": 39850,
  "IEUR.BA": 7240,
  "IFF.BA": 7910,
  "IJH.BA": 6120,
  "INFY.BA": 22125,
  "ING.BA": 8400,
  "INTC.BA": 5260,
  "IP.BA": 14175,
  "ISRG.BA": 6950,
  "ITUB.BA": 7820,
  "ITUB3.BA": 6890,
  "IVE.BA": 5770,
  "IVW.BA": 6320,
  "IWM.BA": 25525,
  "JBSS3.BA": 8320,
  "JCI.BA": 60950,
  "JD.BA": 10075,
  "JMIA.BA": 4285,
  "JNJ.BA": 12450,
  "JOYY.BA": 11800,
  "JPM.BA": 21400,
  "KB.BA": 48075,
  "KEP.BA": 12275,
  "KGC.BA": 17775,
  "KMB.BA": 26475,
  "KO.BA": 17250,
  "KOFM.BA": 57600,
  "LAC.BA": 3280,
  "LAR.BA": 2320,
  "LFC.BA": 1074.5,
  "LLY.BA": 17175,
  "LMT.BA": 28425,
  "LMT.B.BA": 0,
  "LRCX.BA": 1925,
  "LVS.BA": 25300,
  "LYG.BA": 2435,
  "MA.BA": 21275,
  "MBG.BA": 3807.20898438,
  "MBT.BA": 650,
  "MCD.BA": 14925,
  "MDLZ.BA": 5330,
  "MDT.BA": 26250,
  "MELI.BA": 23825,
  "META.BA": 34875,
  "MFG.BA": 6740,
  "MGLU3.BA": 2095,
  "MMC.BA": 16275,
  "MMM.BA": 17275,
  "MO.BA": 17500,
  "MOS.BA": 8120,
  "MRK.BA": 19450,
  "MRNA.BA": 1740,
  "MRVL.BA": 5870,
  "MSFT.BA": 18700,
  "MSI.BA": 24525,
  "MSTR.BA": 23325,
  "MU.BA": 27250,
  "MUFG.BA": 16175,
  "MUX.BA": 5520,
  "NEC1.BA": 0,
  "NEM.BA": 20875,
  "NFLX.BA": 29925,
  "NG.BA": 21025,
  "NGG.BA": 42525,
  "NIO.BA": 1130,
  "NKE.BA": 6340,
  "NLM.BA": 0,
  "NMR.BA": 7490,
  "NOKA.BA": 6390,
  "NOW.BA": 6970,
  "NSAN.BA": 1545,
  "NTCO.BA": 6200,
  "NTCO3.BA": 2400,
  "NTES.BA": 11125,
  "NU.BA": 7130,
  "NUE.BA": 9300,
  "NVDA.BA": 7140,
  "NVS.BA": 35300,
  "NXE.BA": 7550,
  "ORAN.BA": 13200,
  "ORCL.BA": 70500,
  "ORLY.BA": 7320,
  "OXY.BA": 10475,
  "PAAS.BA": 11300,
  "PAC.BA": 18000,
  "PAGS.BA": 3405,
  "PANW.BA": 4655,
  "PATH.BA": 7900,
  "PBI.BA": 12525,
  "PBR.BA": 13875,
  "PCAR.BA": 37700,
  "PCRF.BA": 0,
  "PDD.BA": 4900,
  "PEP.BA": 8730,
  "PETR3.BA": 7040,
  "PFE.BA": 7250,
  "PG.BA": 12950,
  "PHG.BA": 5670,
  "PINS.BA": 5940,
  "PKS.BA": 19325,
  "PLTR.BA": 52800,
  "PM.BA": 11875,
  "PSO.BA": 0,
  "PSQ.BA": 5250,
  "PSX.BA": 23575,
  "PYPL.BA": 11100,
  "QCOM.BA": 17275,
  "QQQ.BA": 31850,
  "RACE.BA": 6960,
  "RBLX.BA": 55850,
  "RCTB4.BA": 0,
  "RGTI.BA": 6720,
  "RIO.BA": 8870,
  "RIOT.BA": 4145,
  "ROKU.BA": 7320,
  "ROST.BA": 42928.8125,
  "RTX.BA": 33000,
  "SAN.BA": 37650,
  "SAP.BA": 60650,
  "SATL.BA": 4290,
  "SBS.BA": 49325,
  "SBSP3.BA": 24875,
  "SBUX.BA": 9070,
  "SCCO.BA": 58250,
  "SCHW.BA": 0,
  "SDA.BA": 1730,
  "SE.BA": 5860,
  "SH.BA": 6110,
  "SHEL.BA": 41750,
  "SHOP.BA": 1235,
  "SID.BA": 15025,
  "SIEGY.BA": 6695.81591797,
  "SLB.BA": 14100,
  "SLV.BA": 6610,
  "SMH.BA": 6270,
  "SMSN.BA": 13143.82421875,
  "SNA.BA": 63950,
  "SNAP.BA": 10125,
  "SNOW.BA": 8260,
  "SONY.BA": 3890,
  "SPCE.BA": 8230,
  "SPGI.BA": 13650,
  "SPOT.BA": 29425,
  "SPXL.BA": 7710,
  "SPY.BA": 35900,
  "STLA.BA": 2500,
  "STNE.BA": 5500,
  "SUZ.BA": 11450,
  "SUZB3.BA": 11575,
  "SWKS.BA": 4155,
  "SYY.BA": 11250,
  "T.BA": 11275,
  "TCOM.BA": 36875,
  "TEAM.BA": 5420,
  "TEFO.BA": 772,
  "TEM.BA": 6900,
  "TEN.BA": 43025,
  "TGT.BA": 5020,
  "TIIAY.BA": 0,
  "TIMB.BA": 21600,
  "TIMS3.BA": 4380,
  "TJX.BA": 7200,
  "TM.BA": 14700,
  "TMO.BA": 22425,
  "TMUS.BA": 9010,
  "TRIP.BA": 8510,
  "TRVV.BA": 52400,
  "TSLA.BA": 25875,
  "TSM.BA": 28125,
  "TTE.BA": 24225,
  "TTM.BA": 8651,
  "TV.BA": 791,
  "TWLO.BA": 3945,
  "TXN.BA": 48225,
  "TXR.BA": 8820,
  "UAL.BA": 19750,
  "UBER.BA": 51550,
  "UGP.BA": 3580,
  "UL.BA": 25075,
  "UNH.BA": 10975,
  "UNP.BA": 13550,
  "UPST.BA": 13750,
  "URA.BA": 8140,
  "URBN.BA": 41275,
  "USB.BA": 10750,
  "V.BA": 24575,
  "VALE.BA": 5740,
  "VALE3.BA": 11625,
  "VEA.BA": 6740,
  "VIG.BA": 6180,
  "VIST.BA": 20325,
  "VIV.BA": 12425,
  "VIVT3.BA": 6300,
  "VOD.BA": 11700,
  "VRSN.BA": 55200,
  "VRTX.BA": 5350,
  "VST.BA": 7540,
  "VZ.BA": 13175,
  "WBA.BA": 4490,
  "WBO.BA": 1910,
  "WEGE3.BA": 9180,
  "WFC.BA": 18000,
  "WMT.BA": 6430,
  "X.BA": 21400,
  "XLB.BA": 5910,
  "XLC.BA": 6550,
  "XLE.BA": 50700,
  "XLF.BA": 30500,
  "XLI.BA": 6120,
  "XLK.BA": 6240,
  "XLP.BA": 6110,
  "XLRE.BA": 5610,
  "XLU.BA": 6450,
  "XLV.BA": 5590,
  "XLY.BA": 5980,
  "XOM.BA": 12825,
  "XP.BA": 5900,
  "XPEV.BA": 6100,
  "XROX.BA": 6860,
  "XYZ.BA": 3845,
  "YELP.BA": 22100,
  "YZCA.BA": 0.007,
  "ZM.BA": 2010,
  "ALUA.BA": 690,
  "ALUAC.BA": 0.26300001,
  "ALUAD.BA": 0.58099997,
  "BBAR.BA": 7280,
  "BBARC.BA": 6.9000001,
  "BBARD.BA": 6.1500001,
  "BMA.BA": 9450,
  "BMA.C.BA": 9.64999962,
  "BMA.D.BA": 7.96999979,
  "BYMA.BA": 208.75,
  "BYMAC.BA": 0.177,
  "BYMAD.BA": 0.178,
  "CEPU.BA": 1510,
  "COME.BA": 146.25,
  "CRES.BA": 1350,
  "CRESC.BA": 0.32300001,
  "EDN.BA": 1900,
  "EDNC.BA": 0,
  "GGAL.BA": 6840,
  "GGALC.BA": 5.55000019,
  "GGALD.BA": 5.78000021,
  "LOMA.BA": 2930,
  "LOMAD.BA": 2.47000003,
  "MIRG.BA": 21200,
  "PAMP.BA": 3630,
  "SUPV.BA": 2990,
  "SUPVD.BA": 2.59500003,
  "TECO2.BA": 2415,
  "TECOC.BA": 1.60000002,
  "TGNO4.BA": 3345,
  "TGSU2.BA": 6470,
  "TRAN.BA": 2465,
  "TXAR.BA": 635,
  "TXARD.BA": 0.53899997,
  "VALO.BA": 369.5,
  "VALOC.BA": 0.34999999,
  "VALOD.BA": 0.31400001,
  "YPFD.BA": 43250,
  "YPFDC.BA": 34.34999847,