{
  "AAL.BA": 10820,
  "AAP.BA": 5605,
  "AAPL.BA": 21040,
  "ABBV.BA": 34500,
  "ABEV.BA": 11650,
  "ABEV3.BA": 3995,
  "ABNB.BA": 12120,
  "ABT.BA": 47000,
  "ACN.BA": 5365,
  "ACWI.BA": 8235,
  "ADBE.BA": 11300,
  "ADGO.BA": 12780,
  "ADI.BA": 28300,
  "ADP.BA": 66450,
  "ADS.BA": 3942.14794922,
  "AEG.BA": 11760,
  "AEM.BA": 42940,
  "AHP.BA": 28.79999924,
  "AI.BA": 4612.5,
  "AIG.BA": 22900,
  "AKO.B.BA": 42460,
  "ALAB.BA": 5275,
  "AMAT.BA": 81625,
  "AMD.BA": 32500,
  "AMGN.BA": 17240,
  "AMX.BA": 33180,
  "AMZN.BA": 2391,
  "ANF.BA": 144425,
  "ARCO.BA": 23520,
  "ARKK.BA": 12410,
  "ARM.BA": 7735,
  "ASML.BA": 11500,
  "ASR.BA": 23120,
  "ASTS.BA": 7265,
  "AVGO.BA": 14790,
  "AVY.BA": 14800,
  "AXP.BA": 37600,
  "AZN.BA": 68200,
  "B.BA": 31080,
  "BA.BA": 12790,
  "BA.C.BA": 20130,
  "BABA.BA": 26600,
  "BAK.BA": 2315,
  "BAS.BA": 3197.76855469,
  "BAYN.BA": 3323.26293945,
  "BB.BA": 2135,
  "BBD.BA": 5540,
  "BBDC3.BA": 4645,
  "BBV.BA": 33460,
  "BCS.BA": 35580,
  "BHP.BA": 45220,
  "BIDU.BA": 17110,
  "BIIB.BA": 21000,
  "BIOX.BA": 2399,
  "BITF.BA": 22910,
  "BK.BA": 86350,
  "BKNG.BA": 10910,
  "BKR.BA": 10700,
  "BMY.BA": 26160,
  "BNG.BA": 28380,
  "BP.BA": 10870,
  "BPA11.BA": 16020,
  "BRFS.BA": 18200,
  "BRKB.BA": 34240,
  "BSBR.BA": 9775,
  "BSN.BA": 613.31298828,
  "C.BA": 54325,
  "CAAP.BA": 156175,
  "CAH.BA": 100300,
  "CAJ.BA": 4045.5,
  "CAR.BA": 7710,
  "CAT.BA": 44920,
  "CCL.BA": 12860,
  "CDE.BA": 24530,
  "CEG.BA": 12530,
  "CIBR.BA": 11290,
  "CL.BA": 39000,
  "CLS.BA": 24570,
  "COIN.BA": 15050,
  "COST.BA": 28220,
  "CRM.BA": 20760,
  "CRWV.BA": 4832.5,
  "CSCO.BA": 23410,
  "CSNA3.BA": 2615,
  "CVS.BA": 7540,
  "CVX.BA": 14220,
  "CX.BA": 16580,
  "DAL.BA": 12660,
  "DD.BA": 12030,
  "DE.BA": 18220,
  "DECK.BA": 5800,
  "DEO.BA": 22590,
  "DESP.BA": 22600,
  "DHR.BA": 6335,
  "DIA.BA": 36000,
  "DISN.BA": 13270,
  "DOCU.BA": 4480,
  "DOW.BA": 5770,
  "DTEA.BA": 0,
  "E.BA": 14320,
  "EA.BA": 22170,
  "EBAY.BA": 61625,
  "ECL.BA": 7130,
  "EEM.BA": 16530,
  "EFA.BA": 7980,
  "EFX.BA": 20010,
  "ELP.BA": 49640,
  "EMBJ.BA": 96450,
  "EOAN.BA": 236.04100037,
  "EQNR.BA": 5900,
  "ERIC.BA": 7190,
  "ETHA.BA": 7025,
  "ETSY.BA": 4915,
  "EWJ.BA": 9045,
  "EWZ.BA": 26120,
  "F.BA": 19790,
  "FCX.BA": 22620,
  "FDX.BA": 41240,
  "FMCC.BA": 0,
  "FMX.BA": 25540,
  "FNMA.BA": 17200,
  "FSLR.BA": 21970,
  "FXI.BA": 11990,
  "GDX.BA": 12470,
  "GE.BA": 54525,
  "GFI.BA": 63100,
  "GGB.BA": 22420,
  "GILD.BA": 46680,
  "GLD.BA": 11720,
  "GLOB.BA": 5880,
  "GLW.BA": 32760,
  "GM.BA": 18730,
  "GOOGL.BA": 8240,
  "GPRK.BA": 12660,
  "GRMN.BA": 101875,
  "GS.BA": 96200,
  "GSK.BA": 18360,
  "GT.BA": 6300,
  "HAL.BA": 20870,
  "HAPV3.BA": 4400,
  "HD.BA": 16660,
  "HDB.BA": 27140,
  "HHPD.BA": 0,
  "HL.BA": 25520,
  "HMC.BA": 44800,
  "HMY.BA": 29020,
  "HNPIY.BA": 6140,
  "HOG.BA": 11970,
  "HON.BA": 36020,
  "HOOD.BA": 7070,
  "HPQ.BA": 39020,
  "HSBC.BA": 54350,
  "HSY.BA": 13020,
  "HUT.BA": 315350,
  "HWM.BA": 301200,
  "IBB.BA": 9750,
  "IBIT.BA": 7690,
  "IBM.BA": 30920,
  "IBN.BA": 46640,
  "IEMG.BA": 8555,
  "IEUR.BA": 9645,
  "IFF.BA": 8335,
  "IJH.BA": 8395,
  "INFY.BA": 27660,
  "ING.BA": 13120,
  "INTC.BA": 12250,
  "IP.BA": 14830,
  "IREN.BA": 5770,
  "ISRG.BA": 9550,
  "ITA.BA": 6250,
  "ITUB.BA": 12070,
  "ITUB3.BA": 11250,
  "IVE.BA": 8020,
  "IVW.BA": 9365,
  "IWDA.BA": 0,
  "IWM.BA": 37820,
  "JBSS3.BA": 8320,
  "JCI.BA": 83425,
  "JD.BA": 11260,
  "JMIA.BA": 18100,
  "JNJ.BA": 20300,
  "JOYY.BA": 18890,
  "JPM.BA": 31700,
  "KB.BA": 68050,
  "KEP.BA": 26380,
  "KGC.BA": 41500,
  "KMB.BA": 26540,
  "KO.BA": 21160,
  "KOFM.BA": 69175,
  "LAC.BA": 8250,
  "LAR.BA": 8045,
  "LFC.BA": 1074.5,
  "LLY.BA": 27320,
  "LMT.BA": 33680,
  "LRCX.BA": 4255,
  "LREN3.BA": 4390,
  "LVS.BA": 50100,
  "LYG.BA": 3955,
  "MA.BA": 24870,
  "MBG.BA": 3807.20898438,
  "MBT.BA": 650,
  "MCD.BA": 19300,
  "MDLZ.BA": 5620,
  "MDT.BA": 38320,
  "MELI.BA": 26900,
  "META.BA": 41380,
  "MFG.BA": 10810,
  "MGLU3.BA": 3302.5,
  "MMC.BA": 17340,
  "MMM.BA": 25300,
  "MO.BA": 21950,
  "MOS.BA": 7280,
  "MRK.BA": 30660,
  "MRNA.BA": 2005,
  "MRVL.BA": 10690,
  "MSFT.BA": 24130,
  "MSI.BA": 28200,
  "MSTR.BA": 13650,
  "MU.BA": 68325,
  "MUFG.BA": 24310,
  "MUX.BA": 14600,
  "NATU3.BA": 2441,
  "NEC1.BA": 0,
  "NEM.BA": 45640,
  "NFLX.BA": 3112.5,
  "NG.BA": 59925,
  "NGG.BA": 57650,
  "NIO.BA": 1941,
  "NKE.BA": 8240,
  "NLM.BA": 0,
  "NMR.BA": 11990,
  "NOKA.BA": 9295,
  "NOW.BA": 7330,
  "NSAN.BA": 1545,
  "NTCO.BA": 6200,
  "NTES.BA": 15110,
  "NU.BA": 13300,
  "NUE.BA": 15400,
  "NVDA.BA": 11480,
  "NVS.BA": 50350,
  "NXE.BA": 14650,
  "OKLO.BA": 5670,
  "ORAN.BA": 13200,
  "ORCL.BA": 109700,
  "ORLY.BA": 661,
  "OXY.BA": 12860,
  "PAAS.BA": 22590,
  "PAC.BA": 21690,
  "PAGS.BA": 5200,
  "PANW.BA": 5910,
  "PATH.BA": 13530,
  "PBI.BA": 14760,
  "PBR.BA": 19390,
  "PCAR.BA": 54975,
  "PCRF.BA": 0,
  "PDD.BA": 7005,
  "PEP.BA": 12130,
  "PETR3.BA": 10200,
  "PFE.BA": 9670,
  "PG.BA": 14480,
  "PHG.BA": 8185,
  "PINS.BA": 5905,
  "PKS.BA": 26420,
  "PLTR.BA": 88825,
  "PM.BA": 12330,
  "PSO.BA": 0,
  "PSQ.BA": 5635,
  "PSX.BA": 35000,
  "PYPL.BA": 11590,
  "QCOM.BA": 23850,
  "QQQ.BA": 46820,
  "RACE.BA": 7145,
  "RBLX.BA": 71925,
  "RCTB4.BA": 0,
  "RGTI.BA": 22140,
  "RIO.BA": 13810,
  "RIOT.BA": 7690,
  "RKLB.BA": 6140,
  "ROKU.BA": 10800,
  "ROST.BA": 67050,
  "RTX.BA": 51950,
  "SAN.BA": 66150,
  "SAP.BA": 61700,
  "SATL.BA": 2625,
  "SBS.BA": 81550,
  "SBSP3.BA": 40780,
  "SBUX.BA": 10650,
  "SCCO.BA": 107800,
  "SCHW.BA": 0,
  "SDA.BA": 1526,
  "SE.BA": 6410,
  "SH.BA": 6835,
  "SHEL.BA": 55225,
  "SHOP.BA": 2263,
  "SI.BA": 22.45000076,
  "SID.BA": 21320,
  "SIEGY.BA": 6695.81591797,
  "SLB.BA": 19260,
  "SLV.BA": 13210,
  "SMH.BA": 10920,
  "SMSN.BA": 13143.82421875,
  "SNA.BA": 87350,
  "SNAP.BA": 11650,
  "SNOW.BA": 11750,
  "SONY.BA": 5240,
  "SPCE.BA": 13310,
  "SPGI.BA": 16880,
  "SPHQ.BA": 8070,
  "SPOT.BA": 30280,
  "SPXL.BA": 13360,
  "SPY.BA": 51375,
  "STLA.BA": 3640,
  "STNE.BA": 7955,
  "SUZ.BA": 14110,
  "SUZB3.BA": 14140,
  "SWKS.BA": 5040,
  "SYY.BA": 13660,
  "T.BA": 12630,
  "TCOM.BA": 54000,
  "TEAM.BA": 5025,
  "TEFO.BA": 796,
  "TEM.BA": 9575,
  "TEN.BA": 62275,
  "TGT.BA": 5790,
  "TIIAY.BA": 0,
  "TIMB.BA": 34280,
  "TIMS3.BA": 7020,
  "TJX.BA": 10120,
  "TM.BA": 19610,
  "TMO.BA": 39260,
  "TMUS.BA": 9500,
  "TQQQ.BA": 3325,
  "TRIP.BA": 11080,
  "TRVV.BA": 71575,
  "TSLA.BA": 45240,
  "TSM.BA": 49040,
  "TTE.BA": 33680,
  "TTM.BA": 8651,
  "TV.BA": 1400,
  "TWLO.BA": 5275,
  "TXN.BA": 54125,
  "TXR.BA": 14110,
  "UAL.BA": 31920,
  "UBER.BA": 68550,
  "UGP.BA": 6675,
  "UL.BA": 30100,
  "UNH.BA": 15090,
  "UNP.BA": 17890,
  "UPST.BA": 14070,
  "URA.BA": 14940,
  "URBN.BA": 57400,
  "USB.BA": 15480,
  "USO.BA": 7210,
  "V.BA": 27300,
  "VALE.BA": 10190,
  "VALE3.BA": 19900,
  "VEA.BA": 9365,
  "VIG.BA": 8565,
  "VIST.BA": 26520,
  "VIV.BA": 19630,
  "VIVT3.BA": 9980,
  "VOD.BA": 19180,
  "VRSN.BA": 62725,
  "VRTX.BA": 6810,
  "VST.BA": 10300,
  "VXX.BA": 9365,
  "VZ.BA": 15510,
  "WBA.BA": 5360,
  "WBO.BA": 2612.5,
  "WEGE3.BA": 12780,
  "WFC.BA": 27360,
  "WMT.BA": 9595,
  "X.BA": 21550,
  "XLB.BA": 3682.5,
  "XLC.BA": 9165,
  "XLE.BA": 58000,
  "XLF.BA": 40100,
  "XLI.BA": 8450,
  "XLK.BA": 4767.5,
  "XLP.BA": 7315,
  "XLRE.BA": 6860,
  "XLU.BA": 8770,
  "XLV.BA": 8015,
  "XLY.BA": 8325,
  "XOM.BA": 17590,
  "XP.BA": 7335,
  "XPEV.BA": 7500,
  "XROX.BA": 4102.5,
  "XYZ.BA": 4630,
  "YELP.BA": 22800,
  "YZCA.BA": 0.007,
  "ZM.BA": 2807.5,
  "ALUA.BA": 1073,
  "ALUAC.BA": 0.69,
  "ALUAD.BA": 0.734,
  "BBAR.BA": 8715,
  "BBARC.BA": 2.63070011,
  "BBARD.BA": 5.81,
  "BMA.BA": 13790,
  "BMA.C.BA": 9.06999969,
  "BMA.D.BA": 9.09000015,
  "BYMA.BA": 305.25,
  "BYMAC.BA": 0.204,
  "BYMAD.BA": 0.206,
  "CEPU.BA": 2700,
  "COME.BA": 73.4,
  "CRES.BA": 1789,
  "CRESC.BA": 1.11500001,
  "EDN.BA": 2700,
  "EDNC.BA": 1.66999996,
  "EDND.BA": 1.85000002,
  "GGAL.BA": 8045,
  "GGALC.BA": 5.4000001,
  "GGALD.BA": 5.54,