{
  "AAL.BA": 8580,
  "AAP.BA": 5560,
  "AAPL.BA": 15200,
  "ABBV.BA": 26225,
  "ABEV.BA": 8890,
  "ABEV3.BA": 3060,
  "ABNB.BA": 10700,
  "ABT.BA": 43300,
  "ACN.BA": 4210,
  "ACWI.BA": 6790,
  "ADBE.BA": 10200,
  "ADGO.BA": 12150,
  "ADI.BA": 20525,
  "ADP.BA": 66950,
  "ADS.BA": 3942.14794922,
  "AEG.BA": 9830,
  "AEM.BA": 29825,
  "AHP.BA": 28.79999924,
  "AI.BA": 4505,
  "AIG.BA": 20775,
  "AKO.B.BA": 31525,
  "AMAT.BA": 50000,
  "AMD.BA": 23150,
  "AMGN.BA": 12600,
  "AMX.BA": 25250,
  "AMZN.BA": 2040,
  "ANF.BA": 134950,
  "ARCO.BA": 18400,
  "ARKK.BA": 10150,
  "ARM.BA": 7200,
  "ASML.BA": 6730,
  "ASR.BA": 21450,
  "AVGO.BA": 10625,
  "AVY.BA": 12875,
  "AXP.BA": 26800,
  "AZN.BA": 49950,
  "B.BA": 15600,
  "BA.BA": 12800,
  "BA.C.BA": 15750,
  "BABA.BA": 18050,
  "BAK.BA": 1990,
  "BAS.BA": 3197.76855469,
  "BAYN.BA": 3323.26293945,
  "BB.BA": 1600,
  "BBD.BA": 4000,
  "BBDC3.BA": 3400,
  "BBV.BA": 24300,
  "BCS.BA": 27000,
  "BHP.BA": 35825,
  "BIDU.BA": 10550,
  "BIIB.BA": 13150,
  "BIOX.BA": 4225,
  "BITF.BA": 8330,
  "BK.BA": 68650,
  "BKNG.BA": 10250,
  "BKR.BA": 8000,
  "BMY.BA": 20475,
  "BNG.BA": 21900,
  "BP.BA": 9050,
  "BPA11.BA": 11150,
  "BRFS.BA": 14050,
  "BRKB.BA": 28325,
  "BSBR.BA": 6660,
  "BSN.BA": 613.31298828,
  "C.BA": 42175,
  "CAAP.BA": 114050,
  "CAH.BA": 64750,
  "CAJ.BA": 4045.5,
  "CAR.BA": 8110,
  "CAT.BA": 27325,
  "CBRD.BA": 459,
  "CCL.BA": 12950,
  "CDE.BA": 15625,
  "CEG.BA": 10000,
  "CIBR.BA": 9600,
  "CL.BA": 37525,
  "CLS.BA": 14150,
  "COIN.BA": 15850,
  "COST.BA": 27325,
  "CRM.BA": 17075,
  "CSCO.BA": 18900,
  "CSNA3.BA": 1890,
  "CVS.BA": 5520,
  "CVX.BA": 12775,
  "CX.BA": 11525,
  "DAL.BA": 9650,
  "DD.BA": 19100,
  "DE.BA": 16725,
  "DECK.BA": 5480,
  "DEO.BA": 24600,
  "DESP.BA": 22600,
  "DHR.BA": 5030,
  "DIA.BA": 29400,
  "DISN.BA": 12525,
  "DOCU.BA": 4100,
  "DOW.BA": 4805,
  "DTEA.BA": 0,
  "E.BA": 11550,
  "EA.BA": 16825,
  "EBAY.BA": 64350,
  "EBR.BA": 44675,
  "EEM.BA": 13175,
  "EFA.BA": 6720,
  "EFX.BA": 20025,
  "ELP.BA": 36250,
  "EOAN.BA": 236.04100037,
  "EQNR.BA": 5410,
  "ERIC.BA": 5010,
  "ERJ.BA": 77700,
  "ETHA.BA": 9050,
  "ETSY.BA": 5500,
  "EWJ.BA": 7480,
  "EWZ.BA": 18775,
  "F.BA": 14825,
  "FCX.BA": 18575,
  "FDX.BA": 30475,
  "FMCC.BA": 0,
  "FMX.BA": 19075,
  "FMX.B.BA": 0,
  "FNMA.BA": 14500,
  "FSLR.BA": 13650,
  "FXI.BA": 10075,
  "GDX.BA": 7720,
  "GE.BA": 46200,
  "GFI.BA": 41650,
  "GGB.BA": 16025,
  "GILD.BA": 39650,
  "GLD.BA": 8170,
  "GLOB.BA": 5590,
  "GLW.BA": 21800,
  "GM.BA": 11925,
  "GOOGL.BA": 4635,
  "GPRK.BA": 8770,
  "GRMN.BA": 101050,
  "GS.BA": 75600,
  "GSK.BA": 12650,
  "GT.BA": 5500,
  "HAL.BA": 13950,
  "HAPV3.BA": 8730,
  "HD.BA": 16350,
  "HDB.BA": 48850,
  "HHPD.BA": 0,
  "HL.BA": 10100,
  "HMC.BA": 44375,
  "HMY.BA": 20475,
  "HNPIY.BA": 6140,
  "HOG.BA": 11250,
  "HON.BA": 35875,
  "HPQ.BA": 35275,
  "HSBC.BA": 43050,
  "HSY.BA": 11150,
  "HUT.BA": 142700,
  "HWM.BA": 239100,
  "IBB.BA": 6580,
  "IBIT.BA": 9010,
  "IBM.BA": 20675,
  "IBN.BA": 43100,
  "IEMG.BA": 6870,
  "IEUR.BA": 8010,
  "IFF.BA": 7150,
  "IJH.BA": 7050,
  "INFY.BA": 21350,
  "ING.BA": 10800,
  "INTC.BA": 5760,
  "IP.BA": 16025,
  "ISRG.BA": 6950,
  "ITUB.BA": 9360,
  "ITUB3.BA": 8250,
  "IVE.BA": 6660,
  "IVW.BA": 7690,
  "IWM.BA": 30025,
  "JBSS3.BA": 8320,
  "JCI.BA": 68150,
  "JD.BA": 10650,
  "JMIA.BA": 9550,
  "JNJ.BA": 15225,
  "JOYY.BA": 13325,
  "JPM.BA": 25825,
  "KB.BA": 55100,
  "KEP.BA": 18675,
  "KGC.BA": 25550,
  "KMB.BA": 29375,
  "KO.BA": 18725,
  "KOFM.BA": 56550,
  "LAC.BA": 3745,
  "LAR.BA": 4795,
  "LFC.BA": 1074.5,
  "LLY.BA": 15150,
  "LMT.BA": 28600,
  "LRCX.BA": 2475,
  "LVS.BA": 35750,
  "LYG.BA": 3015,
  "MA.BA": 23050,
  "MBG.BA": 3807.20898438,
  "MBT.BA": 650,
  "MCD.BA": 16675,
  "MDLZ.BA": 5450,
  "MDT.BA": 30425,
  "MELI.BA": 25950,
  "META.BA": 43600,
  "MFG.BA": 8560,
  "MGLU3.BA": 1720,
  "MMC.BA": 16900,
  "MMM.BA": 20900,
  "MO.BA": 21850,
  "MOS.BA": 8280,
  "MRK.BA": 21250,
  "MRNA.BA": 1800,
  "MRVL.BA": 7360,
  "MSFT.BA": 23375,
  "MSI.BA": 31175,
  "MSTR.BA": 26125,
  "MU.BA": 33825,
  "MUFG.BA": 19950,
  "MUX.BA": 6920,
  "NATU3.BA": 2170,
  "NEC1.BA": 0,
  "NEM.BA": 30450,
  "NFLX.BA": 33825,
  "NG.BA": 31350,
  "NGG.BA": 47300,
  "NIO.BA": 1490,
  "NKE.BA": 8280,
  "NLM.BA": 0,
  "NMR.BA": 9530,
  "NOKA.BA": 5490,
  "NOW.BA": 6580,
  "NSAN.BA": 1545,
  "NTCO.BA": 6200,
  "NTES.BA": 12350,
  "NU.BA": 8130,
  "NUE.BA": 11675,
  "NVDA.BA": 10075,
  "NVS.BA": 39575,
  "NXE.BA": 9300,
  "ORAN.BA": 13200,
  "ORCL.BA": 112000,
  "ORLY.BA": 609,
  "OXY.BA": 11725,
  "PAAS.BA": 14075,
  "PAC.BA": 20600,
  "PAGS.BA": 3935,
  "PANW.BA": 4655,
  "PATH.BA": 6960,
  "PBI.BA": 15375,
  "PBR.BA": 16250,
  "PCAR.BA": 43700,
  "PCRF.BA": 0,
  "PDD.BA": 6200,
  "PEP.BA": 10800,
  "PETR3.BA": 8250,
  "PFE.BA": 8130,
  "PG.BA": 13650,
  "PHG.BA": 7120,
  "PINS.BA": 6590,
  "PKS.BA": 24700,
  "PLTR.BA": 82550,
  "PM.BA": 12400,
  "PSO.BA": 0,
  "PSQ.BA": 5320,
  "PSX.BA": 26500,
  "PYPL.BA": 11250,
  "QCOM.BA": 18500,
  "QQQ.BA": 38400,
  "RACE.BA": 7130,
  "RBLX.BA": 85950,
  "RCTB4.BA": 0,
  "RGTI.BA": 10775,
  "RIO.BA": 10425,
  "RIOT.BA": 5050,
  "ROKU.BA": 8570,
  "ROST.BA": 49000,
  "RTX.BA": 41275,
  "SAN.BA": 49800,
  "SAP.BA": 61000,
  "SATL.BA": 4580,
  "SBS.BA": 59900,
  "SBSP3.BA": 27025,
  "SBUX.BA": 10325,
  "SCCO.BA": 65150,
  "SCHW.BA": 0,
  "SDA.BA": 1495,
  "SE.BA": 7230,
  "SH.BA": 6350,
  "SHEL.BA": 47950,
  "SHOP.BA": 1855,
  "SID.BA": 15050,
  "SIEGY.BA": 6695.81591797,
  "SLB.BA": 14575,
  "SLV.BA": 7610,
  "SMH.BA": 7940,
  "SMSN.BA": 13143.82421875,
  "SNA.BA": 72050,
  "SNAP.BA": 9630,
  "SNOW.BA": 8520,
  "SONY.BA": 4510,
  "SPCE.BA": 7920,
  "SPGI.BA": 16500,
  "SPOT.BA": 32625,
  "SPXL.BA": 10200,
  "SPY.BA": 42625,
  "STLA.BA": 2535,
  "STNE.BA": 6700,
  "SUZ.BA": 13325,
  "SUZB3.BA": 13450,
  "SWKS.BA": 4580,
  "SYY.BA": 13325,
  "T.BA": 12600,
  "TCOM.BA": 39250,
  "TEAM.BA": 4470,
  "TEFO.BA": 889,
  "TEM.BA": 7310,
  "TEN.BA": 47600,
  "TGT.BA": 5890,
  "TIIAY.BA": 0,
  "TIMB.BA": 27150,
  "TIMS3.BA": 5500,
  "TJX.BA": 7760,
  "TM.BA": 17125,
  "TMO.BA": 28825,
  "TMUS.BA": 10000,
  "TRIP.BA": 11825,
  "TRVV.BA": 58350,
  "TSLA.BA": 30150,
  "TSM.BA": 35825,
  "TTE.BA": 27275,
  "TTM.BA": 8651,
  "TV.BA": 1010,
  "TWLO.BA": 3495,
  "TXN.BA": 51200,
  "TXR.BA": 10700,
  "UAL.BA": 26050,
  "UBER.BA": 60600,
  "UGP.BA": 4255,
  "UL.BA": 26950,
  "UNH.BA": 10475,
  "UNP.BA": 14525,
  "UPST.BA": 16775,
  "URA.BA": 10725,
  "URBN.BA": 51650,
  "USB.BA": 12150,
  "USO.BA": 6460,
  "V.BA": 24800,
  "VALE.BA": 6870,
  "VALE3.BA": 13850,
  "VEA.BA": 7760,
  "VIG.BA": 7070,
  "VIST.BA": 18750,
  "VIV.BA": 16125,
  "VIVT3.BA": 8050,
  "VOD.BA": 15250,
  "VRSN.BA": 58000,
  "VRTX.BA": 5080,
  "VST.BA": 10675,
  "VZ.BA": 14275,
  "WBA.BA": 5230,
  "WBO.BA": 2215,
  "WEGE3.BA": 9180,
  "WFC.BA": 21000,
  "WMT.BA": 7620,
  "X.BA": 21550,
  "XLB.BA": 6580,
  "XLC.BA": 7710,
  "XLE.BA": 56050,
  "XLF.BA": 34775,
  "XLI.BA": 7160,
  "XLK.BA": 7730,
  "XLP.BA": 6830,
  "XLRE.BA": 6050,
  "XLU.BA": 7640,
  "XLV.BA": 5970,
  "XLY.BA": 7010,
  "XOM.BA": 14075,
  "XP.BA": 5780,
  "XPEV.BA": 6680,
  "XROX.BA": 5570,
  "XYZ.BA": 4915,
  "YELP.BA": 20625,
  "YZCA.BA": 0.007,
  "ZM.BA": 1960,
  "ALUA.BA": 724,
  "ALUAC.BA": 0.54000002,
  "ALUAD.BA": 0.56,
  "BBAR.BA": 7390,
  "BBARC.BA": 5.53999996,
  "BBARD.BA": 5.61999989,
  "BMA.BA": 9600,
  "BMA.C.BA": 7.42999983,
  "BMA.D.BA": 7.23999977,
  "BYMA.BA": 203.5,
  "BYMAC.BA": 0.156,
  "BYMAD.BA": 0.155,
  "CEPU.BA": 1675,
  "COME.BA": 133.25,
  "CRES.BA": 1500,
  "CRESC.BA": 0.32300001,
  "EDN.BA": 1960,
  "EDNC.BA": 1.42499995,
  "EDND.BA": 1.42999995,
  "GGAL.BA": 6870,
  "GGALC.BA": 5.19000006,
  "GGALD.BA": 5.21999979,
  "IRSAC.BA": 1.58000004,
  "IRSAD.BA": 1.64999998,
  "LOMA.BA": 3015,
  "LOMAD.BA": 2.30500007,
  "MIRG.BA": 23025,
  "PAMP.BA": 4045,
  "SUPV.BA": 2910,
  "SUPVD.BA": 2.22000003,
  "TECO2.BA": 2745,
  "TECOC.BA": 2.00500011,
  "TGN4C.BA": 2.55500007,