{
  "AAL.BA": 6170,
  "AAP.BA": 4105,
  "AAPL.BA": 11700,
  "ABBV.BA": 22750,
  "ABEV.BA": 8630,
  "ABEV3.BA": 2995,
  "ABNB.BA": 10700,
  "ABT.BA": 40300,
  "ACN.BA": 4940,
  "ADBE.BA": 10600,
  "ADGO.BA": 10975,
  "ADI.BA": 17825,
  "ADP.BA": 60739.34375,
  "ADS.BA": 3942.14794922,
  "AEG.BA": 8230,
  "AEM.BA": 24675,
  "AHP.BA": 28.79999924,
  "AI.BA": 5660,
  "AIG.BA": 20100,
  "AKO.B.BA": 29200,
  "AMAT.BA": 40725,
  "AMD.BA": 13825,
  "AMGN.BA": 11675,
  "AMX.BA": 20775,
  "AMZN.BA": 1750,
  "ANF.BA": 88800,
  "ARCO.BA": 18150,
  "ARKK.BA": 7370,
  "ARM.BA": 5720,
  "ASML.BA": 6240,
  "ASR.BA": 18850,
  "AVGO.BA": 7590,
  "AVY.BA": 11550,
  "AXP.BA": 22775,
  "AZN.BA": 44375,
  "B.BA": 12875,
  "BA.BA": 9910,
  "BA.C.BA": 13075,
  "BABA.BA": 14875,
  "BAK.BA": 2195,
  "BAS.BA": 3197.76855469,
  "BAYN.BA": 3323.26293945,
  "BB.BA": 1605,
  "BBD.BA": 3535,
  "BBDC3.BA": 2995,
  "BBV.BA": 17925,
  "BCS.BA": 20700,
  "BHP.BA": 29000,
  "BIDU.BA": 9290,
  "BIIB.BA": 11925,
  "BIOX.BA": 5200,
  "BITF.BA": 5020,
  "BK.BA": 52900,
  "BKNG.BA": 8860,
  "BKR.BA": 6560,
  "BMY.BA": 19750,
  "BNG.BA": 19375,
  "BP.BA": 7590,
  "BPA11.BA": 8900,
  "BRFS.BA": 13250,
  "BRKB.BA": 26375,
  "BSBR.BA": 6450,
  "BSN.BA": 613.31298828,
  "C.BA": 30350,
  "CAAP.BA": 93300,
  "CAH.BA": 64250,
  "CAJ.BA": 4045.5,
  "CAR.BA": 5530,
  "CAT.BA": 21200,
  "CBRD.BA": 459,
  "CCL.BA": 8920,
  "CDE.BA": 11025,
  "CEG.BA": 7870,
  "CIBR.BA": 8660,
  "CL.BA": 35800,
  "CLS.BA": 7510,
  "COIN.BA": 10700,
  "COST.BA": 24600,
  "CRM.BA": 17175,
  "CSCO.BA": 15225,
  "CSNA3.BA": 1760,
  "CVS.BA": 5370,
  "CVX.BA": 10900,
  "CX.BA": 8110,
  "DAL.BA": 7000,
  "DD.BA": 15875,
  "DE.BA": 15125,
  "DECK.BA": 4855,
  "DEO.BA": 20950,
  "DESP.BA": 22600,
  "DHR.BA": 4410,
  "DIA.BA": 25125,
  "DISN.BA": 11700,
  "DOCU.BA": 3995,
  "DOW.BA": 5970,
  "DTEA.BA": 0,
  "E.BA": 9750,
  "EA.BA": 12625,
  "EBAY.BA": 46050,
  "EBR.BA": 35675,
  "EEM.BA": 11125,
  "EFX.BA": 19600,
  "ELP.BA": 32000,
  "EOAN.BA": 236.04100037,
  "EQNR.BA": 5470,
  "ERIC.BA": 5020,
  "ERJ.BA": 57400,
  "ETHA.BA": 4575,
  "ETSY.BA": 4140,
  "EWJ.BA": 6200,
  "EWZ.BA": 16350,
  "F.BA": 12450,
  "FCX.BA": 16275,
  "FDX.BA": 26625,
  "FMCC.BA": 0,
  "FMX.BA": 21100,
  "FMX.B.BA": 0,
  "FNMA.BA": 13000,
  "FSLR.BA": 11550,
  "FXI.BA": 8620,
  "GE.BA": 35100,
  "GFI.BA": 30650,
  "GGB.BA": 14225,
  "GILD.BA": 32675,
  "GLD.BA": 7550,
  "GLOB.BA": 6220,
  "GLW.BA": 14725,
  "GM.BA": 9620,
  "GOOGL.BA": 3585,
  "GPRK.BA": 9190,
  "GRMN.BA": 82093.125,
  "GS.BA": 56200,
  "GSK.BA": 12225,
  "GT.BA": 6520,
  "HAL.BA": 13800,
  "HAPV3.BA": 8290,
  "HD.BA": 13175,
  "HDB.BA": 43875,
  "HHPD.BA": 0,
  "HL.BA": 7150,
  "HMC.BA": 34775,
  "HMY.BA": 17825,
  "HNPIY.BA": 6140,
  "HOG.BA": 9590,
  "HON.BA": 33350,
  "HPQ.BA": 28375,
  "HSBC.BA": 35350,
  "HSY.BA": 9630,
  "HUT.BA": 104600,
  "HWM.BA": 203450,
  "IBB.BA": 5650,
  "IBIT.BA": 7140,
  "IBM.BA": 21950,
  "IBN.BA": 39475,
  "IEUR.BA": 7080,
  "IFF.BA": 7530,
  "IJH.BA": 5990,
  "INFY.BA": 22075,
  "ING.BA": 8230,
  "INTC.BA": 4800,
  "IP.BA": 13625,
  "ISRG.BA": 6920,
  "ITUB.BA": 7770,
  "ITUB3.BA": 6900,
  "IVE.BA": 5700,
  "IVW.BA": 6260,
  "IWM.BA": 24775,
  "JBSS3.BA": 8320,
  "JCI.BA": 59050,
  "JD.BA": 9730,
  "JMIA.BA": 3595,
  "JNJ.BA": 12425,
  "JOYY.BA": 11750,
  "JPM.BA": 21075,
  "KB.BA": 46850,
  "KEP.BA": 12150,
  "KGC.BA": 18875,
  "KMB.BA": 26000,
  "KO.BA": 16900,
  "KOFM.BA": 57450,
  "LAC.BA": 3185,
  "LAR.BA": 2370,
  "LFC.BA": 1074.5,
  "LLY.BA": 17400,
  "LMT.BA": 29050,
  "LMT.B.BA": 0,
  "LRCX.BA": 1895,
  "LVS.BA": 24000,
  "LYG.BA": 2465,
  "MA.BA": 20225,
  "MBG.BA": 3807.20898438,
  "MBT.BA": 650,
  "MCD.BA": 15025,
  "MDLZ.BA": 5330,
  "MDT.BA": 26025,
  "MELI.BA": 23600,
  "META.BA": 33825,
  "MFG.BA": 6570,
  "MGLU3.BA": 1975,
  "MMC.BA": 16250,
  "MMM.BA": 16900,
  "MO.BA": 17575,
  "MOS.BA": 8530,
  "MRK.BA": 19375,
  "MRNA.BA": 1655,
  "MRVL.BA": 5720,
  "MSFT.BA": 18850,
  "MSI.BA": 24250,
  "MSTR.BA": 22800,
  "MU.BA": 27600,
  "MUFG.BA": 16275,
  "MUX.BA": 5510,
  "NEC1.BA": 0,
  "NEM.BA": 22950,
  "NFLX.BA": 30000,
  "NG.BA": 20850,
  "NGG.BA": 43275,
  "NIO.BA": 1040,
  "NKE.BA": 5990,
  "NLM.BA": 0,
  "NMR.BA": 7350,
  "NOKA.BA": 6190,
  "NOW.BA": 6860,
  "NSAN.BA": 1545,
  "NTCO.BA": 6200,
  "NTCO3.BA": 2410,
  "NTES.BA": 11075,
  "NU.BA": 7100,
  "NUE.BA": 9060,
  "NVDA.BA": 7040,
  "NVS.BA": 35600,
  "NXE.BA": 7830,
  "ORAN.BA": 13200,
  "ORCL.BA": 85850,
  "ORLY.BA": 550,
  "OXY.BA": 11100,
  "PAAS.BA": 11500,
  "PAC.BA": 17125,
  "PAGS.BA": 3320,
  "PANW.BA": 4695,
  "PATH.BA": 7330,
  "PBI.BA": 12225,
  "PBR.BA": 15200,
  "PCAR.BA": 36575,
  "PCRF.BA": 0,
  "PDD.BA": 4815,
  "PEP.BA": 8670,
  "PETR3.BA": 7560,
  "PFE.BA": 7300,
  "PG.BA": 12700,
  "PHG.BA": 5400,
  "PINS.BA": 5730,
  "PKS.BA": 19175,
  "PLTR.BA": 54600,
  "PM.BA": 12225,
  "PSO.BA": 0,
  "PSQ.BA": 5340,
  "PSX.BA": 24250,
  "PYPL.BA": 10550,
  "QCOM.BA": 16800,
  "QQQ.BA": 31325,
  "RACE.BA": 6620,
  "RBLX.BA": 58200,
  "RCTB4.BA": 0,
  "RGTI.BA": 6760,
  "RIO.BA": 8640,
  "RIOT.BA": 3845,
  "ROKU.BA": 6830,
  "ROST.BA": 39275,
  "RTX.BA": 34775,
  "SAN.BA": 38125,
  "SAP.BA": 58250,
  "SATL.BA": 3845,
  "SBS.BA": 49600,
  "SBSP3.BA": 24200,
  "SBUX.BA": 9250,
  "SCCO.BA": 56350,
  "SCHW.BA": 0,
  "SDA.BA": 1665,
  "SE.BA": 5740,
  "SH.BA": 6210,
  "SHEL.BA": 43150,
  "SHOP.BA": 1160,
  "SID.BA": 13850,
  "SIEGY.BA": 6695.81591797,
  "SLB.BA": 14400,
  "SLV.BA": 6570,
  "SMH.BA": 6150,
  "SMSN.BA": 13143.82421875,
  "SNA.BA": 61400,
  "SNAP.BA": 9420,
  "SNOW.BA": 8260,
  "SONY.BA": 3840,
  "SPCE.BA": 7160,
  "SPGI.BA": 13225,
  "SPOT.BA": 30175,
  "SPXL.BA": 7420,
  "SPY.BA": 35550,
  "STLA.BA": 2305,
  "STNE.BA": 5450,
  "SUZ.BA": 11650,
  "SUZB3.BA": 11600,
  "SWKS.BA": 3980,
  "SYY.BA": 11000,
  "T.BA": 11150,
  "TCOM.BA": 35650,
  "TEAM.BA": 5010,
  "TEFO.BA": 787,
  "TEM.BA": 7040,
  "TEN.BA": 42925,
  "TGT.BA": 4720,
  "TIIAY.BA": 0,
  "TIMB.BA": 22175,
  "TIMS3.BA": 4400,
  "TJX.BA": 7000,
  "TM.BA": 14175,
  "TMO.BA": 21800,
  "TMUS.BA": 8230,
  "TRIP.BA": 7950,
  "TRVV.BA": 52900,
  "TSLA.BA": 25850,
  "TSM.BA": 28025,
  "TTE.BA": 25275,
  "TTM.BA": 8651,
  "TV.BA": 857,
  "TWLO.BA": 3730,
  "TXN.BA": 46450,
  "TXR.BA": 8920,
  "UAL.BA": 17600,
  "UBER.BA": 49925,
  "UGP.BA": 3745,
  "UL.BA": 24850,
  "UNH.BA": 11225,
  "UNP.BA": 13250,
  "UPST.BA": 12375,
  "URA.BA": 8630,
  "URBN.BA": 40450,
  "USB.BA": 10275,
  "V.BA": 23350,
  "VALE.BA": 5620,
  "VALE3.BA": 11400,
  "VEA.BA": 6710,
  "VIG.BA": 6140,
  "VIST.BA": 21050,
  "VIV.BA": 12875,
  "VIVT3.BA": 6550,
  "VOD.BA": 11850,
  "VRSN.BA": 55700,
  "VRTX.BA": 5400,
  "VST.BA": 7970,
  "VZ.BA": 12800,
  "WBA.BA": 4505,
  "WBO.BA": 1880,
  "WEGE3.BA": 9270,
  "WFC.BA": 17250,
  "WMT.BA": 6240,
  "X.BA": 20775,
  "XLB.BA": 5760,
  "XLC.BA": 6410,
  "XLE.BA": 52450,
  "XLF.BA": 29700,
  "XLI.BA": 6040,
  "XLK.BA": 6200,
  "XLP.BA": 6040,
  "XLRE.BA": 5530,
  "XLU.BA": 6490,
  "XLV.BA": 5610,
  "XLY.BA": 5840,
  "XOM.BA": 13325,
  "XP.BA": 5820,
  "XPEV.BA": 5440,
  "XROX.BA": 6090,
  "XYZ.BA": 3660,
  "YELP.BA": 21025,
  "YZCA.BA": 0.007,
  "ZM.BA": 1925,
  "ALUA.BA": 658,
  "ALUAC.BA": 0.59500003,
  "ALUAD.BA": 0.57099998,
  "BBAR.BA": 7130,
  "BBARC.BA": 6.9000001,
  "BBARD.BA": 5.92999983,
  "BMA.BA": 8870,
  "BMA.C.BA": 9.64999962,
  "BMA.D.BA": 7.57000017,
  "BYMA.BA": 201.75,
  "BYMAC.BA": 0.18000001,
  "BYMAD.BA": 0.169,
  "CEPU.BA": 1465,
  "COME.BA": 138.25,
  "CRES.BA": 1255,
  "CRESC.BA": 0.32300001,
  "EDN.BA": 1740,
  "EDNC.BA": 0,
  "GGAL.BA": 6530,
  "GGALC.BA": 5.80000019,
  "GGALD.BA": 5.51000023,
  "IRSAC.BA": 0,
  "IRSAD.BA": 1.40999997,
  "LOMA.BA": 2770,
  "LOMAD.BA": 2.33500004,
  "MIRG.BA": 21375,
  "PAMP.BA": 3565,
  "SUPV.BA": 2705,
  "SUPVD.BA": 2.27999997,
  "TECO2.BA": 2275,
  "TECOC.BA": 1.60000002,
  "TGNO4.BA": 3095,
  "TGSU2.BA": 6400,
  "TRAN.BA": 2580,
  "TXAR.BA": 621,
  "TXARD.BA": 0.52899998,
  "VALO.BA": 358.5,
  "VALOC.BA": 0.34999999,