{
  "AAL.BA": 6870,
  "AAP.BA": 4375,
  "AAPL.BA": 12175,
  "ABBV.BA": 22400,
  "ABEV.BA": 8890,
  "ABEV3.BA": 3000,
  "ABNB.BA": 10600,
  "ABT.BA": 40125,
  "ACN.BA": 4960,
  "ADBE.BA": 11200,
  "ADGO.BA": 11250,
  "ADI.BA": 17400,
  "ADP.BA": 65100,
  "ADS.BA": 3942.14794922,
  "AEG.BA": 8630,
  "AEM.BA": 24400,
  "AHP.BA": 28.79999924,
  "AI.BA": 6120,
  "AIG.BA": 20525,
  "AKO.B.BA": 32100,
  "AMAT.BA": 38600,
  "AMD.BA": 14050,
  "AMGN.BA": 11550,
  "AMX.BA": 20350,
  "AMZN.BA": 1710,
  "ANF.BA": 92000,
  "ARCO.BA": 17500,
  "ARKK.BA": 6960,
  "ARM.BA": 5800,
  "ASML.BA": 6150,
  "ASR.BA": 19325,
  "AVGO.BA": 7850,
  "AVY.BA": 11975,
  "AXP.BA": 23725,
  "AZN.BA": 42925,
  "B.BA": 12025,
  "BA.BA": 10650,
  "BA.C.BA": 13350,
  "BABA.BA": 15325,
  "BAK.BA": 2160,
  "BAS.BA": 3197.76855469,
  "BAYN.BA": 3323.26293945,
  "BB.BA": 1560,
  "BBD.BA": 3520,
  "BBDC3.BA": 2920,
  "BBV.BA": 17950,
  "BCS.BA": 21575,
  "BHP.BA": 29150,
  "BIDU.BA": 9120,
  "BIIB.BA": 12125,
  "BIOX.BA": 5870,
  "BITF.BA": 5520,
  "BK.BA": 53500,
  "BKNG.BA": 9690,
  "BKR.BA": 6340,
  "BMY.BA": 19200,
  "BNG.BA": 18225,
  "BP.BA": 7070,
  "BPA11.BA": 8310,
  "BRFS.BA": 12900,
  "BRKB.BA": 27125,
  "BSBR.BA": 6270,
  "BSN.BA": 613.31298828,
  "C.BA": 30575,
  "CAAP.BA": 98900,
  "CAH.BA": 62150,
  "CAJ.BA": 4045.5,
  "CAR.BA": 5400,
  "CAT.BA": 20900,
  "CBRD.BA": 459,
  "CCL.BA": 9550,
  "CDE.BA": 10600,
  "CEG.BA": 8350,
  "CIBR.BA": 8810,
  "CL.BA": 36250,
  "CLS.BA": 7240,
  "COIN.BA": 11475,
  "COST.BA": 26325,
  "CRM.BA": 17625,
  "CSCO.BA": 15375,
  "CSNA3.BA": 1775,
  "CVS.BA": 5060,
  "CVX.BA": 10450,
  "CX.BA": 8130,
  "DAL.BA": 7310,
  "DD.BA": 16125,
  "DE.BA": 15325,
  "DECK.BA": 5080,
  "DEO.BA": 21550,
  "DESP.BA": 22600,
  "DHR.BA": 4265,
  "DIA.BA": 25450,
  "DISN.BA": 11300,
  "DOCU.BA": 4990,
  "DOW.BA": 5530,
  "DTEA.BA": 0,
  "E.BA": 9090,
  "EA.BA": 12400,
  "EBAY.BA": 45275,
  "EBR.BA": 35450,
  "EEM.BA": 10950,
  "EFX.BA": 19725,
  "ELP.BA": 31750,
  "EOAN.BA": 236.04100037,
  "EQNR.BA": 4845,
  "ERIC.BA": 5070,
  "ERJ.BA": 55100,
  "ETHA.BA": 4785,
  "ETSY.BA": 4485,
  "EWJ.BA": 6360,
  "EWZ.BA": 16475,
  "F.BA": 12150,
  "FCX.BA": 16050,
  "FDX.BA": 26375,
  "FMCC.BA": 0,
  "FMX.BA": 21100,
  "FMX.B.BA": 0,
  "FNMA.BA": 13000,
  "FSLR.BA": 10625,
  "FXI.BA": 8590,
  "GE.BA": 37150,
  "GFI.BA": 29725,
  "GGB.BA": 13575,
  "GILD.BA": 32650,
  "GLD.BA": 7410,
  "GLOB.BA": 6410,
  "GLW.BA": 15200,
  "GM.BA": 9760,
  "GOOGL.BA": 3435,
  "GPRK.BA": 8560,
  "GRMN.BA": 81750,
  "GS.BA": 55700,
  "GSK.BA": 12075,
  "GT.BA": 6830,
  "HAL.BA": 12225,
  "HAPV3.BA": 594,
  "HD.BA": 13975,
  "HDB.BA": 44825,
  "HHPD.BA": 0,
  "HL.BA": 6910,
  "HMC.BA": 35950,
  "HMY.BA": 17775,
  "HNPIY.BA": 6140,
  "HOG.BA": 9760,
  "HON.BA": 33875,
  "HPQ.BA": 30375,
  "HSBC.BA": 35600,
  "HSY.BA": 9280,
  "HUT.BA": 96300,
  "HWM.BA": 206200,
  "IBB.BA": 5550,
  "IBIT.BA": 7240,
  "IBM.BA": 21125,
  "IBN.BA": 40200,
  "IEUR.BA": 7190,
  "IFF.BA": 7570,
  "IJH.BA": 6080,
  "INFY.BA": 21575,
  "ING.BA": 8440,
  "INTC.BA": 4855,
  "IP.BA": 14425,
  "ISRG.BA": 7230,
  "ITUB.BA": 7900,
  "ITUB3.BA": 6810,
  "IVE.BA": 5710,
  "IVW.BA": 6310,
  "IWM.BA": 24950,
  "JBSS3.BA": 8320,
  "JCI.BA": 60950,
  "JD.BA": 9720,
  "JMIA.BA": 3855,
  "JNJ.BA": 12300,
  "JOYY.BA": 11200,
  "JPM.BA": 21225,
  "KB.BA": 45000,
  "KEP.BA": 13175,
  "KGC.BA": 18675,
  "KMB.BA": 27800,
  "KO.BA": 17025,
  "KOFM.BA": 58500,
  "LAC.BA": 3160,
  "LAR.BA": 2250,
  "LFC.BA": 1074.5,
  "LLY.BA": 16075,
  "LMT.BA": 28700,
  "LMT.B.BA": 0,
  "LRCX.BA": 1775,
  "LVS.BA": 25250,
  "LYG.BA": 2535,
  "MA.BA": 21075,
  "MBG.BA": 3807.20898438,
  "MBT.BA": 650,
  "MCD.BA": 15600,
  "MDLZ.BA": 5340,
  "MDT.BA": 25550,
  "MELI.BA": 25950,
  "META.BA": 33250,
  "MFG.BA": 6600,
  "MGLU3.BA": 2120,
  "MMC.BA": 17475,
  "MMM.BA": 17700,
  "MO.BA": 18050,
  "MOS.BA": 8820,
  "MRK.BA": 18400,
  "MRNA.BA": 1745,
  "MRVL.BA": 5320,
  "MSFT.BA": 18450,
  "MSI.BA": 25225,
  "MSTR.BA": 23175,
  "MU.BA": 24500,
  "MUFG.BA": 16600,
  "MUX.BA": 5350,
  "NEC1.BA": 0,
  "NEM.BA": 22050,
  "NFLX.BA": 30400,
  "NG.BA": 18100,
  "NGG.BA": 42550,
  "NIO.BA": 1070,
  "NKE.BA": 6220,
  "NLM.BA": 0,
  "NMR.BA": 7360,
  "NOKA.BA": 6380,
  "NOW.BA": 7010,
  "NSAN.BA": 1545,
  "NTCO.BA": 6200,
  "NTCO3.BA": 2210,
  "NTES.BA": 10750,
  "NU.BA": 7170,
  "NUE.BA": 9140,
  "NVDA.BA": 7030,
  "NVS.BA": 34650,
  "NXE.BA": 7520,
  "ORAN.BA": 13200,
  "ORCL.BA": 67400,
  "ORLY.BA": 7330,
  "OXY.BA": 10225,
  "PAAS.BA": 10450,
  "PAC.BA": 17400,
  "PAGS.BA": 3660,
  "PANW.BA": 4700,
  "PATH.BA": 7810,
  "PBI.BA": 12200,
  "PBR.BA": 14025,
  "PCAR.BA": 37275,
  "PCRF.BA": 0,
  "PDD.BA": 4720,
  "PEP.BA": 8770,
  "PETR3.BA": 6890,
  "PFE.BA": 6990,
  "PG.BA": 13300,
  "PHG.BA": 5470,
  "PINS.BA": 5690,
  "PKS.BA": 17950,
  "PLTR.BA": 53250,
  "PM.BA": 12150,
  "PSO.BA": 0,
  "PSQ.BA": 5330,
  "PSX.BA": 23100,
  "PYPL.BA": 10650,
  "QCOM.BA": 16175,
  "QQQ.BA": 31525,
  "RACE.BA": 6880,
  "RBLX.BA": 53850,
  "RCTB4.BA": 0,
  "RGTI.BA": 7240,
  "RIO.BA": 8840,
  "RIOT.BA": 3595,
  "ROKU.BA": 6670,
  "ROST.BA": 43100,
  "RTX.BA": 32875,
  "SAN.BA": 37900,
  "SAP.BA": 61350,
  "SATL.BA": 4395,
  "SBS.BA": 48875,
  "SBSP3.BA": 24475,
  "SBUX.BA": 8630,
  "SCCO.BA": 55400,
  "SCHW.BA": 0,
  "SDA.BA": 1625,
  "SE.BA": 6210,
  "SH.BA": 6210,
  "SHEL.BA": 40600,
  "SHOP.BA": 1160,
  "SID.BA": 14250,
  "SIEGY.BA": 6695.81591797,
  "SLB.BA": 13650,
  "SLV.BA": 6290,
  "SMH.BA": 5980,
  "SMSN.BA": 13143.82421875,
  "SNA.BA": 64150,
  "SNAP.BA": 9990,
  "SNOW.BA": 8310,
  "SONY.BA": 3990,
  "SPCE.BA": 7670,
  "SPGI.BA": 13625,
  "SPOT.BA": 28775,
  "SPXL.BA": 7510,
  "SPY.BA": 35675,
  "STLA.BA": 2380,
  "STNE.BA": 5640,
  "SUZ.BA": 10750,
  "SUZB3.BA": 10775,
  "SWKS.BA": 3965,
  "SYY.BA": 10925,
  "T.BA": 11125,
  "TCOM.BA": 37675,
  "TEAM.BA": 5390,
  "TEFO.BA": 773,
  "TEM.BA": 6150,
  "TEN.BA": 42150,
  "TGT.BA": 4790,
  "TIIAY.BA": 0,
  "TIMB.BA": 21000,
  "TIMS3.BA": 4110,
  "TJX.BA": 7037.65087891,
  "TM.BA": 15250,
  "TMO.BA": 21800,
  "TMUS.BA": 8560,
  "TRIP.BA": 8380,
  "TRVV.BA": 54950,
  "TSLA.BA": 27500,
  "TSM.BA": 26275,
  "TTE.BA": 24050,
  "TTM.BA": 8651,
  "TV.BA": 772,
  "TWLO.BA": 3900,
  "TXN.BA": 44975,
  "TXR.BA": 8600,
  "UAL.BA": 19375,
  "UBER.BA": 49350,
  "UGP.BA": 3510,
  "UL.BA": 25100,
  "UNH.BA": 10925,
  "UNP.BA": 13325,
  "UPST.BA": 12200,
  "URA.BA": 7850,
  "URBN.BA": 43350,
  "USB.BA": 10650,
  "V.BA": 24350,
  "VALE.BA": 5550,
  "VALE3.BA": 11200,
  "VEA.BA": 6680,
  "VIG.BA": 6150,
  "VIST.BA": 20450,
  "VIV.BA": 12325,
  "VIVT3.BA": 6090,
  "VOD.BA": 12300,
  "VRSN.BA": 54900,
  "VRTX.BA": 5270,
  "VST.BA": 8060,
  "VZ.BA": 13075,
  "WBA.BA": 4470,
  "WBO.BA": 1820,
  "WEGE3.BA": 8880,
  "WFC.BA": 18075,
  "WMT.BA": 6620,
  "X.BA": 21375,
  "XLB.BA": 5840,
  "XLC.BA": 6380,
  "XLE.BA": 49950,
  "XLF.BA": 30525,
  "XLI.BA": 6120,
  "XLK.BA": 6170,
  "XLP.BA": 6180,
  "XLRE.BA": 5520,
  "XLU.BA": 6600,
  "XLV.BA": 5490,
  "XLY.BA": 6010,
  "XOM.BA": 12450,
  "XP.BA": 5770,
  "XPEV.BA": 5840,
  "XROX.BA": 5970,
  "XYZ.BA": 3785,
  "YELP.BA": 22425,
  "YZCA.BA": 0.007,
  "ZM.BA": 2050,
  "ALUA.BA": 718,
  "ALUAC.BA": 0.26300001,
  "ALUAD.BA": 0.60500002,
  "BBAR.BA": 7570,
  "BBARC.BA": 6.9000001,
  "BBARD.BA": 6.32999992,
  "BMA.BA": 9830,
  "BMA.C.BA": 9.64999962,
  "BMA.D.BA": 8.31000042,
  "BYMA.BA": 208.5,
  "BYMAC.BA": 0.183,
  "BYMAD.BA": 0.176,
  "CEPU.BA": 1505,
  "COME.BA": 147.75,
  "CRES.BA": 1430,
  "CRESC.BA": 0.32300001,
  "EDN.BA": 1930,
  "EDNC.BA": 0,
  "GGAL.BA": 6800,
  "GGALC.BA": 5.46999979,
  "GGALD.BA": 5.73999977,
  "LOMA.BA": 3010,
  "LOMAD.BA": 2.5150001,
  "MIRG.BA": 22375,
  "PAMP.BA": 3685,
  "SUPV.BA": 3040,
  "SUPVD.BA": 2.58500004,
  "TECO2.BA": 2345,
  "TECOC.BA": 1.60000002,
  "TGNO4.BA": 3500,
  "TGSU2.BA": 6740,
  "TRAN.BA": 2765,
  "TXAR.BA": 648,
  "TXARD.BA": 0.54799998,
  "VALO.BA": 359,
  "VALOC.BA": 0.34999999,
  "VALOD.BA": 0.30000001,
  "YPFD.BA": 42350,
  "YPFDC.BA": 35.95000076,