{
  "AAL.BA": 11400,
  "AAP.BA": 5945,
  "AAPL.BA": 23150,
  "ABBV.BA": 31820,
  "ABEV.BA": 14750,
  "ABEV3.BA": 5005,
  "ABNB.BA": 13260,
  "ABT.BA": 31820,
  "ACN.BA": 3497.5,
  "ACWI.BA": 9025,
  "ADBE.BA": 8155,
  "ADGO.BA": 18880,
  "ADI.BA": 41260,
  "ADP.BA": 54225,
  "ADS.BA": 3942.14794922,
  "AEG.BA": 13000,
  "AEM.BA": 43720,
  "AHP.BA": 28.79999924,
  "AI.BA": 2857.5,
  "AIG.BA": 23020,
  "AKO.B.BA": 43400,
  "ALAB.BA": 10650,
  "AMAT.BA": 133000,
  "AMD.BA": 74300,
  "AMGN.BA": 16600,
  "AMX.BA": 38520,
  "AMZN.BA": 2765,
  "ANF.BA": 123775,
  "ARCO.BA": 26300,
  "ARKK.BA": 11570,
  "ARM.BA": 17030,
  "ASML.BA": 16460,
  "ASR.BA": 22560,
  "ASTS.BA": 12130,
  "AVGO.BA": 16250,
  "AVY.BA": 13230,
  "AXIA.BA": 63100,
  "AXP.BA": 31140,
  "AZN.BA": 69350,
  "B.BA": 30880,
  "BA.BA": 13780,
  "BA.C.BA": 19180,
  "BABA.BA": 20970,
  "BAK.BA": 3430,
  "BAS.BA": 1770.88269043,
  "BAYN.BA": 3323.26293945,
  "BB.BA": 3980,
  "BBD.BA": 5295,
  "BBDC3.BA": 4585,
  "BBV.BA": 34640,
  "BCS.BA": 36520,
  "BHP.BA": 64300,
  "BIDU.BA": 17530,
  "BIIB.BA": 22540,
  "BIOX.BA": 628.5,
  "BK.BA": 102050,
  "BKNG.BA": 373.75,
  "BKR.BA": 14200,
  "BMNR.BA": 3482.5,
  "BMY.BA": 28940,
  "BNG.BA": 35840,
  "BP.BA": 12300,
  "BPA11.BA": 16320,
  "BRFS.BA": 18200,
  "BRKB.BA": 32700,
  "BSBR.BA": 8110,
  "BSN.BA": 613.31298828,
  "BX.BA": 5855,
  "C.BA": 61900,
  "CAAP.BA": 151700,
  "CAH.BA": 99250,
  "CAJ.BA": 4045.5,
  "CAR.BA": 9515,
  "CAT.BA": 67125,
  "CBRD.BA": 459,
  "CCL.BA": 13950,
  "CDE.BA": 26780,
  "CEG.BA": 9620,
  "CIBR.BA": 12280,
  "CL.BA": 45200,
  "CLS.BA": 26840,
  "COIN.BA": 9875,
  "COPX.BA": 9125,
  "COST.BA": 31220,
  "CRM.BA": 15020,
  "CRWV.BA": 5635,
  "CSCO.BA": 35420,
  "CSNA3.BA": 1973,
  "CVS.BA": 9070,
  "CVX.BA": 16860,
  "CX.BA": 19360,
  "DAL.BA": 15510,
  "DD.BA": 14700,
  "DE.BA": 19720,
  "DECK.BA": 6755,
  "DEO.BA": 21590,
  "DESP.BA": 22600,
  "DHR.BA": 4785,
  "DIA.BA": 37660,
  "DISN.BA": 12910,
  "DOCU.BA": 3292.5,
  "DOW.BA": 8495,
  "DTEA.BA": 0,
  "E.BA": 19280,
  "EA.BA": 21300,
  "EBAY.BA": 84250,
  "ECL.BA": 6925,
  "EEM.BA": 20440,
  "EFA.BA": 8680,
  "EFX.BA": 15150,
  "ELPC.BA": 51700,
  "EMBJ.BA": 86550,
  "EOAN.BA": 236.04100037,
  "EQNR.BA": 9395,
  "ERIC.BA": 9835,
  "ESGU.BA": 8130,
  "ETHA.BA": 4622.5,
  "ETSY.BA": 6010,
  "EWJ.BA": 9795,
  "EWY.BA": 5955,
  "EWZ.BA": 26980,
  "F.BA": 23470,
  "FCX.BA": 31480,
  "FDX.BA": 61050,
  "FMCC.BA": 11500,
  "FMX.BA": 30220,
  "FNMA.BA": 11300,
  "FSLR.BA": 22310,
  "FXI.BA": 10490,
  "GDX.BA": 12830,
  "GE.BA": 58325,
  "GFI.BA": 59300,
  "GGB.BA": 27760,
  "GILD.BA": 50125,
  "GLD.BA": 12080,
  "GLOB.BA": 3237.5,
  "GLW.BA": 70275,
  "GM.BA": 20730,
  "GOOGL.BA": 10040,
  "GPRK.BA": 14470,
  "GRMN.BA": 117575,
  "GS.BA": 112225,
  "GSK.BA": 19300,
  "GT.BA": 4610,
  "HAL.BA": 29260,
  "HAPV3.BA": 3610,
  "HD.BA": 14850,
  "HDB.BA": 18460,
  "HHPD.BA": 0,
  "HL.BA": 25320,
  "HMC.BA": 39600,
  "HMY.BA": 26400,
  "HNPIY.BA": 6140,
  "HOG.BA": 11990,
  "HON.BA": 43460,
  "HOOD.BA": 3797.5,
  "HPQ.BA": 35980,
  "HSBC.BA": 70350,
  "HSY.BA": 13990,
  "HUT.BA": 838900,
  "HWM.BA": 386175,
  "IBB.BA": 9425,
  "IBIT.BA": 6320,
  "IBM.BA": 25400,
  "IBN.BA": 39020,
  "ICLN.BA": 6790,
  "IEMG.BA": 10380,
  "IEUR.BA": 10340,
  "IFF.BA": 9375,
  "IJH.BA": 9250,
  "ILF.BA": 8740,
  "INFY.BA": 18350,
  "ING.BA": 15490,
  "INTC.BA": 35520,
  "IP.BA": 11930,
  "IREN.BA": 7860,
  "ISRG.BA": 7440,
  "ITA.BA": 6805,
  "ITUB.BA": 11880,
  "ITUB3.BA": 11900,
  "IVE.BA": 8450,
  "IVV.BA": 1625,
  "IVW.BA": 10260,
  "IWDA.BA": 0,
  "IWM.BA": 43260,
  "JBSS3.BA": 8320,
  "JCI.BA": 109475,
  "JD.BA": 11050,
  "JMIA.BA": 10820,
  "JNJ.BA": 23010,
  "JOYY.BA": 19940,
  "JPM.BA": 29460,
  "KB.BA": 78650,
  "KEEL.BA": 38360,
  "KEP.BA": 19650,
  "KGC.BA": 42800,
  "KMB.BA": 25140,
  "KO.BA": 24330,
  "KOFM.BA": 80900,
  "LAC.BA": 7275,
  "LAR.BA": 14650,
  "LFC.BA": 1074.5,
  "LLY.BA": 28720,
  "LMT.BA": 39260,
  "LND.BA": 5720,
  "LRCX.BA": 8460,
  "LREN3.BA": 4487.5,
  "LVS.BA": 37820,
  "LYG.BA": 4097.5,
  "MA.BA": 22320,
  "MBG.BA": 3807.20898438,
  "MBT.BA": 650,
  "MCD.BA": 17420,
  "MDLZ.BA": 6165,
  "MDT.BA": 28800,
  "MELI.BA": 20910,
  "META.BA": 37900,
  "MFG.BA": 13770,
  "MGLU3.BA": 2025,
  "MMM.BA": 23160,
  "MO.BA": 26840,
  "MOS.BA": 6725,
  "MRK.BA": 36200,
  "MRNA.BA": 3815,
  "MRSH.BA": 15280,
  "MRVL.BA": 21880,
  "MSFT.BA": 20470,
  "MSI.BA": 30280,
  "MSTR.BA": 11670,
  "MU.BA": 274850,
  "MUFG.BA": 28200,
  "MUX.BA": 15950,
  "NATU3.BA": 3400,
  "NEC1.BA": 0,
  "NEM.BA": 53800,
  "NFLX.BA": 2715,
  "NG.BA": 47860,
  "NGG.BA": 63900,
  "NIO.BA": 2000,
  "NKE.BA": 5730,
  "NLM.BA": 0,
  "NMR.BA": 12030,
  "NOKA.BA": 23700,
  "NOW.BA": 888.5,
  "NSAN.BA": 1545,
  "NTCO.BA": 6200,
  "NTES.BA": 13350,
  "NU.BA": 9765,
  "NUE.BA": 22340,
  "NVDA.BA": 13080,
  "NVO.BA": 9510,
  "NVS.BA": 56475,
  "NXE.BA": 16900,
  "OKLO.BA": 3550,
  "ORAN.BA": 13200,
  "ORCL.BA": 94300,
  "ORLY.BA": 580,
  "OXY.BA": 16700,
  "PAAS.BA": 26640,
  "PAC.BA": 22790,
  "PAGS.BA": 4635,
  "PANW.BA": 7450,
  "PATH.BA": 8340,
  "PBI.BA": 23060,
  "PBR.BA": 28040,
  "PCAR.BA": 55675,
  "PCRF.BA": 0,
  "PDD.BA": 5005,
  "PEP.BA": 12230,
  "PETR3.BA": 14190,
  "PFE.BA": 9780,
  "PG.BA": 14630,
  "PHG.BA": 7975,
  "PINS.BA": 4182.5,
  "PKS.BA": 35500,
  "PLTR.BA": 66300,
  "PM.BA": 14910,
  "PSO.BA": 0,
  "PSQ.BA": 4740,
  "PSX.BA": 42160,
  "PYPL.BA": 8230,
  "QCOM.BA": 31280,
  "QQQ.BA": 54275,
  "RACE.BA": 5915,
  "RBLX.BA": 34160,
  "RCTB4.BA": 0,
  "RGTI.BA": 17990,
  "RIO.BA": 19700,
  "RIOT.BA": 12900,
  "RKLB.BA": 17820,
  "ROKU.BA": 14570,
  "ROST.BA": 87100,
  "RTX.BA": 52225,
  "SAN.BA": 73950,
  "SAP.BA": 43340,
  "SATL.BA": 14020,
  "SBS.BA": 16980,
  "SBSP3.BA": 8465,
  "SBUX.BA": 12490,
  "SCCO.BA": 139250,
  "SCHW.BA": 0,
  "SDA.BA": 470,
  "SE.BA": 4135,
  "SH.BA": 6145,
  "SHEL.BA": 62050,
  "SHOP.BA": 1467,
  "SI.BA": 22.45000076,
  "SID.BA": 15820,
  "SIEGY.BA": 6695.81591797,
  "SLB.BA": 27660,
  "SLV.BA": 16690,
  "SMH.BA": 17750,
  "SMSN.BA": 13143.82421875,
  "SNA.BA": 92350,
  "SNAP.BA": 8650,
  "SNOW.BA": 8775,
  "SONY.BA": 4065,
  "SPCE.BA": 11200,
  "SPGI.BA": 13660,
  "SPHQ.BA": 9110,
  "SPOT.BA": 27620,
  "SPXL.BA": 16570,
  "SPY.BA": 55800,
  "STLA.BA": 2444,
  "STNE.BA": 5780,
  "SUZ.BA": 12280,
  "SUZB3.BA": 12360,
  "SWKS.BA": 6100,
  "SYY.BA": 13980,
  "T.BA": 12360,
  "TCOM.BA": 35220,
  "TEAM.BA": 2750,
  "TEFO.BA": 727.5,
  "TEM.BA": 5690,
  "TEN.BA": 89375,
  "TGT.BA": 7970,
  "TIIAY.BA": 0,
  "TIMB.BA": 33320,
  "TIMS3.BA": 6700,
  "TJX.BA": 11100,
  "TM.BA": 18910,
  "TMO.BA": 30320,
  "TMUS.BA": 8530,
  "TQQQ.BA": 4850,
  "TRIP.BA": 7425,
  "TRVV.BA": 76225,
  "TSLA.BA": 43780,
  "TSM.BA": 70725,
  "TTE.BA": 43460,
  "TTM.BA": 8651,
  "TV.BA": 1374,
  "TWLO.BA": 7800,
  "TXN.BA": 94625,
  "TXR.BA": 18200,
  "UAL.BA": 33680,
  "UBER.BA": 52400,
  "UGP.BA": 8240,
  "UL.BA": 28840,
  "UNH.BA": 17240,
  "UNP.BA": 20350,
  "UPST.BA": 9210,
  "URA.BA": 14790,
  "URBN.BA": 56450,
  "USB.BA": 16260,
  "USO.BA": 13020,
  "V.BA": 27220,
  "VALE.BA": 12220,
  "VALE3.BA": 24330,
  "VEA.BA": 10610,
  "VIG.BA": 8905,
  "VIST.BA": 35820,
  "VIV.BA": 20070,
  "VIVT3.BA": 9890,
  "VOD.BA": 21960,
  "VRSN.BA": 76000,
  "VRTX.BA": 6500,
  "VST.BA": 9190,
  "VXX.BA": 7530,
  "VZ.BA": 17900,
  "WBA.BA": 5360,
  "WBO.BA": 1973,
  "WEGE3.BA": 12700,
  "WFC.BA": 22530,
  "WMT.BA": 9780,
  "X.BA": 21550,
  "XLB.BA": 4230,
  "XLC.BA": 9095,
  "XLE.BA": 42160,
  "XLF.BA": 38360,
  "XLI.BA": 9250,
  "XLK.BA": 5970,
  "XLP.BA": 7850,
  "XLRE.BA": 7395,
  "XLU.BA": 4475,
  "XLV.BA": 7670,
  "XLY.BA": 4197.5,
  "XME.BA": 5975,
  "XOM.BA": 21870,
  "XP.BA": 6440,
  "XPEV.BA": 6030,
  "XROX.BA": 4705,
  "XYZ.BA": 5290,
  "YELP.BA": 16520,
  "YZCA.BA": 0.01,
  "ZM.BA": 3175,
  "ALUA.BA": 977,
  "ALUAC.BA": 0.62099999,
  "ALUAD.BA": 0.686,
  "BBAR.BA": 8590,
  "BBARC.BA": 5.79,
  "BBARD.BA": 5.94,
  "BMA.BA": 12290,
  "BMA.C.BA": 7.8499999,
  "BMA.D.BA": 8.6,
  "BYMA.BA": 289,