{
  "AAL.BA": 8420,
  "AAP.BA": 5320,
  "AAPL.BA": 14825,
  "ABBV.BA": 27425,
  "ABEV.BA": 8630,
  "ABEV3.BA": 2940,
  "ABNB.BA": 10900,
  "ABT.BA": 43300,
  "ACN.BA": 4475,
  "ACWI.BA": 6710,
  "ADBE.BA": 10550,
  "ADGO.BA": 11075,
  "ADI.BA": 21375,
  "ADP.BA": 67700,
  "ADS.BA": 3942.14794922,
  "AEG.BA": 9750,
  "AEM.BA": 29375,
  "AHP.BA": 28.79999924,
  "AI.BA": 4440,
  "AIG.BA": 21575,
  "AKO.B.BA": 31000,
  "AMAT.BA": 42275,
  "AMD.BA": 21650,
  "AMGN.BA": 12975,
  "AMX.BA": 24950,
  "AMZN.BA": 2040,
  "ANF.BA": 120700,
  "ARCO.BA": 18550,
  "ARKK.BA": 9640,
  "ARM.BA": 6550,
  "ASML.BA": 6720,
  "ASR.BA": 21375,
  "AVGO.BA": 9790,
  "AVY.BA": 12750,
  "AXP.BA": 26975,
  "AZN.BA": 52900,
  "B.BA": 16250,
  "BA.BA": 12275,
  "BA.C.BA": 15825,
  "BABA.BA": 17400,
  "BAK.BA": 1885,
  "BAS.BA": 3197.76855469,
  "BAYN.BA": 3323.26293945,
  "BB.BA": 1595,
  "BBD.BA": 3760,
  "BBDC3.BA": 3245,
  "BBV.BA": 24700,
  "BCS.BA": 26600,
  "BHP.BA": 35000,
  "BIDU.BA": 10325,
  "BIIB.BA": 14025,
  "BIOX.BA": 3520,
  "BITF.BA": 8300,
  "BK.BA": 66500,
  "BKNG.BA": 10600,
  "BKR.BA": 8120,
  "BMY.BA": 21175,
  "BNG.BA": 21600,
  "BP.BA": 8900,
  "BPA11.BA": 10400,
  "BRFS.BA": 14100,
  "BRKB.BA": 29175,
  "BSBR.BA": 6350,
  "BSN.BA": 613.31298828,
  "C.BA": 40700,
  "CAAP.BA": 108900,
  "CAH.BA": 66750,
  "CAJ.BA": 4045.5,
  "CAR.BA": 7440,
  "CAT.BA": 27500,
  "CBRD.BA": 459,
  "CCL.BA": 12675,
  "CDE.BA": 14950,
  "CEG.BA": 9180,
  "CIBR.BA": 9460,
  "CL.BA": 37600,
  "CLS.BA": 11925,
  "COIN.BA": 14775,
  "COST.BA": 27150,
  "CRM.BA": 17975,
  "CSCO.BA": 17550,
  "CSNA3.BA": 1650,
  "CVS.BA": 6010,
  "CVX.BA": 12550,
  "CX.BA": 11375,
  "DAL.BA": 9660,
  "DD.BA": 19575,
  "DE.BA": 16175,
  "DECK.BA": 5430,
  "DEO.BA": 25150,
  "DESP.BA": 22600,
  "DHR.BA": 5150,
  "DIA.BA": 29450,
  "DISN.BA": 12825,
  "DOCU.BA": 4250,
  "DOW.BA": 5240,
  "DTEA.BA": 0,
  "E.BA": 11500,
  "EA.BA": 16000,
  "EBAY.BA": 64950,
  "EBR.BA": 40300,
  "EEM.BA": 13050,
  "EFA.BA": 6750,
  "EFX.BA": 20475,
  "ELP.BA": 34200,
  "EOAN.BA": 236.04100037,
  "EQNR.BA": 5400,
  "ERIC.BA": 5030,
  "ERJ.BA": 72800,
  "ETHA.BA": 8640,
  "ETSY.BA": 5310,
  "EWJ.BA": 7430,
  "EWZ.BA": 18100,
  "F.BA": 15050,
  "FCX.BA": 18025,
  "FDX.BA": 29850,
  "FMCC.BA": 0,
  "FMX.BA": 18925,
  "FMX.B.BA": 0,
  "FNMA.BA": 14500,
  "FSLR.BA": 15000,
  "FXI.BA": 10100,
  "GDX.BA": 7660,
  "GE.BA": 43825,
  "GFI.BA": 39125,
  "GGB.BA": 15100,
  "GILD.BA": 38900,
  "GLD.BA": 8100,
  "GLOB.BA": 4920,
  "GLW.BA": 21100,
  "GM.BA": 12375,
  "GOOGL.BA": 4495,
  "GPRK.BA": 8300,
  "GRMN.BA": 100500,
  "GS.BA": 72500,
  "GSK.BA": 13100,
  "GT.BA": 5460,
  "HAL.BA": 13850,
  "HAPV3.BA": 9510,
  "HD.BA": 16500,
  "HDB.BA": 48925,
  "HHPD.BA": 0,
  "HL.BA": 9970,
  "HMC.BA": 45150,
  "HMY.BA": 20300,
  "HNPIY.BA": 6140,
  "HOG.BA": 11900,
  "HON.BA": 35500,
  "HPQ.BA": 34650,
  "HSBC.BA": 42700,
  "HSY.BA": 11350,
  "HUT.BA": 145550,
  "HWM.BA": 225150,
  "IBB.BA": 6700,
  "IBIT.BA": 8510,
  "IBM.BA": 21175,
  "IBN.BA": 43550,
  "IEMG.BA": 6780,
  "IEUR.BA": 8070,
  "IFF.BA": 7140,
  "IJH.BA": 6930,
  "INFY.BA": 22350,
  "ING.BA": 10800,
  "INTC.BA": 6180,
  "IP.BA": 15400,
  "ISRG.BA": 7100,
  "ITUB.BA": 8680,
  "ITUB3.BA": 7600,
  "IVE.BA": 6630,
  "IVW.BA": 7460,
  "IWM.BA": 29550,
  "JBSS3.BA": 8320,
  "JCI.BA": 65500,
  "JD.BA": 10175,
  "JMIA.BA": 9510,
  "JNJ.BA": 15625,
  "JOYY.BA": 13125,
  "JPM.BA": 25525,
  "KB.BA": 51050,
  "KEP.BA": 17875,
  "KGC.BA": 24975,
  "KMB.BA": 29150,
  "KO.BA": 18575,
  "KOFM.BA": 54950,
  "LAC.BA": 3605,
  "LAR.BA": 4070,
  "LFC.BA": 1074.5,
  "LLY.BA": 16475,
  "LMT.BA": 29300,
  "LRCX.BA": 2310,
  "LVS.BA": 35100,
  "LYG.BA": 2965,
  "MA.BA": 23475,
  "MBG.BA": 3807.20898438,
  "MBT.BA": 650,
  "MCD.BA": 17125,
  "MDLZ.BA": 5530,
  "MDT.BA": 30500,
  "MELI.BA": 25550,
  "META.BA": 40825,
  "MFG.BA": 8590,
  "MGLU3.BA": 1600,
  "MMC.BA": 17325,
  "MMM.BA": 20300,
  "MO.BA": 22100,
  "MOS.BA": 8470,
  "MRK.BA": 22250,
  "MRNA.BA": 1860,
  "MRVL.BA": 6640,
  "MSFT.BA": 22100,
  "MSI.BA": 30250,
  "MSTR.BA": 22575,
  "MU.BA": 30725,
  "MUFG.BA": 20200,
  "MUX.BA": 6980,
  "NATU3.BA": 2035,
  "NEC1.BA": 0,
  "NEM.BA": 30075,
  "NFLX.BA": 33175,
  "NG.BA": 31000,
  "NGG.BA": 47125,
  "NIO.BA": 1670,
  "NKE.BA": 8310,
  "NLM.BA": 0,
  "NMR.BA": 9580,
  "NOKA.BA": 5570,
  "NOW.BA": 6800,
  "NSAN.BA": 1545,
  "NTCO.BA": 6200,
  "NTES.BA": 12200,
  "NU.BA": 8900,
  "NUE.BA": 11725,
  "NVDA.BA": 9550,
  "NVS.BA": 41650,
  "NXE.BA": 8800,
  "ORAN.BA": 13200,
  "ORCL.BA": 102600,
  "ORLY.BA": 614,
  "OXY.BA": 11575,
  "PAAS.BA": 13650,
  "PAC.BA": 20500,
  "PAGS.BA": 3670,
  "PANW.BA": 4835,
  "PATH.BA": 7200,
  "PBI.BA": 14825,
  "PBR.BA": 15625,
  "PCAR.BA": 42875,
  "PCRF.BA": 0,
  "PDD.BA": 6200,
  "PEP.BA": 10950,
  "PETR3.BA": 8600,
  "PFE.BA": 8290,
  "PG.BA": 13925,
  "PHG.BA": 7260,
  "PINS.BA": 6570,
  "PKS.BA": 23425,
  "PLTR.BA": 68150,
  "PM.BA": 12625,
  "PSO.BA": 0,
  "PSQ.BA": 5430,
  "PSX.BA": 27050,
  "PYPL.BA": 11125,
  "QCOM.BA": 18500,
  "QQQ.BA": 37125,
  "RACE.BA": 7410,
  "RBLX.BA": 78250,
  "RCTB4.BA": 0,
  "RGTI.BA": 9670,
  "RIO.BA": 9930,
  "RIOT.BA": 5470,
  "ROKU.BA": 8920,
  "ROST.BA": 47950,
  "RTX.BA": 41050,
  "SAN.BA": 49900,
  "SAP.BA": 59400,
  "SATL.BA": 4410,
  "SBS.BA": 55350,
  "SBSP3.BA": 26750,
  "SBUX.BA": 9760,
  "SCCO.BA": 61450,
  "SCHW.BA": 0,
  "SDA.BA": 1505,
  "SE.BA": 7310,
  "SH.BA": 6360,
  "SHEL.BA": 47300,
  "SHOP.BA": 1675,
  "SID.BA": 13275,
  "SIEGY.BA": 6695.81591797,
  "SLB.BA": 14625,
  "SLV.BA": 7510,
  "SMH.BA": 7580,
  "SMSN.BA": 13143.82421875,
  "SNA.BA": 70800,
  "SNAP.BA": 9380,
  "SNOW.BA": 8470,
  "SONY.BA": 4585,
  "SPCE.BA": 7790,
  "SPGI.BA": 16225,
  "SPOT.BA": 32975,
  "SPXL.BA": 9860,
  "SPY.BA": 41825,
  "STLA.BA": 2550,
  "STNE.BA": 6440,
  "SUZ.BA": 12550,
  "SUZB3.BA": 12400,
  "SWKS.BA": 4700,
  "SYY.BA": 13300,
  "T.BA": 12775,
  "TCOM.BA": 41475,
  "TEAM.BA": 4630,
  "TEFO.BA": 937,
  "TEM.BA": 8040,
  "TEN.BA": 46675,
  "TGT.BA": 5400,
  "TIIAY.BA": 0,
  "TIMB.BA": 26650,
  "TIMS3.BA": 5290,
  "TJX.BA": 8300,
  "TM.BA": 17400,
  "TMO.BA": 29475,
  "TMUS.BA": 10125,
  "TRIP.BA": 11200,
  "TRVV.BA": 59850,
  "TSLA.BA": 28325,
  "TSM.BA": 33275,
  "TTE.BA": 27425,
  "TTM.BA": 8651,
  "TV.BA": 1025,
  "TWLO.BA": 3695,
  "TXN.BA": 52650,
  "TXR.BA": 10400,
  "UAL.BA": 26125,
  "UBER.BA": 61300,
  "UGP.BA": 4295,
  "UL.BA": 27800,
  "UNH.BA": 11925,
  "UNP.BA": 14725,
  "UPST.BA": 16800,
  "URA.BA": 9540,
  "URBN.BA": 47925,
  "USB.BA": 12125,
  "USO.BA": 6440,
  "V.BA": 25025,
  "VALE.BA": 6360,
  "VALE3.BA": 12850,
  "VEA.BA": 7730,
  "VIG.BA": 7080,
  "VIST.BA": 17575,
  "VIV.BA": 16275,
  "VIVT3.BA": 8060,
  "VOD.BA": 15575,
  "VRSN.BA": 59300,
  "VRTX.BA": 5110,
  "VST.BA": 9700,
  "VZ.BA": 14750,
  "WBA.BA": 5300,
  "WBO.BA": 2450,
  "WEGE3.BA": 8700,
  "WFC.BA": 20575,
  "WMT.BA": 7450,
  "X.BA": 21550,
  "XLB.BA": 6570,
  "XLC.BA": 7550,
  "XLE.BA": 56200,
  "XLF.BA": 34625,
  "XLI.BA": 7100,
  "XLK.BA": 7430,
  "XLP.BA": 6830,
  "XLRE.BA": 6120,
  "XLU.BA": 7550,
  "XLV.BA": 6230,
  "XLY.BA": 6920,
  "XOM.BA": 14275,
  "XP.BA": 5290,
  "XPEV.BA": 6690,
  "XROX.BA": 5030,
  "XYZ.BA": 4835,
  "YELP.BA": 20300,
  "YZCA.BA": 0.007,
  "ZM.BA": 1990,
  "ALUA.BA": 679,
  "ALUAC.BA": 0.52200001,
  "ALUAD.BA": 0.51599997,
  "BBAR.BA": 6510,
  "BBARC.BA": 5.53999996,
  "BBARD.BA": 4.96999979,
  "BMA.BA": 8690,
  "BMA.C.BA": 7.09000015,
  "BMA.D.BA": 6.75,
  "BYMA.BA": 190,
  "BYMAC.BA": 0.153,
  "BYMAD.BA": 0.145,
  "CEPU.BA": 1435,
  "COME.BA": 53.29999924,
  "CRES.BA": 1385,
  "CRESC.BA": 0.32300001,
  "EDN.BA": 1605,
  "EDNC.BA": 1.42499995,
  "EDND.BA": 1.23000002,
  "GGAL.BA": 6040,
  "GGALC.BA": 4.71000004,
  "GGALD.BA": 4.64499998,
  "IRSAC.BA": 1.58000004,
  "IRSAD.BA": 1.47500002,
  "LOMA.BA": 2665,
  "LOMAD.BA": 2.04500008,
  "MIRG.BA": 20475,
  "PAMP.BA": 3715,
  "SUPV.BA": 2440,
  "SUPVD.BA": 1.875,
  "TECO2.BA": 2410,
  "TECOC.BA": 1.95500004,
  "TGN4C.BA": 2.70499992,
  "TGN4D.BA": 2.49000001,