{
  "AAL.BA": 9160,
  "AAP.BA": 5950,
  "AAPL.BA": 15875,
  "ABBV.BA": 28825,
  "ABEV.BA": 9280,
  "ABEV3.BA": 2990,
  "ABNB.BA": 11900,
  "ABT.BA": 46550,
  "ACN.BA": 4775,
  "ACWI.BA": 7110,
  "ADBE.BA": 11325,
  "ADGO.BA": 11450,
  "ADI.BA": 22550,
  "ADP.BA": 67500,
  "ADS.BA": 3942.14794922,
  "AEG.BA": 10725,
  "AEM.BA": 34525,
  "AHP.BA": 28.79999924,
  "AI.BA": 4600,
  "AIG.BA": 22200,
  "AKO.B.BA": 32800,
  "AMAT.BA": 44650,
  "AMD.BA": 22200,
  "AMGN.BA": 13175,
  "AMX.BA": 27400,
  "AMZN.BA": 2165,
  "ANF.BA": 125600,
  "ARCO.BA": 18925,
  "ARKK.BA": 10150,
  "ARM.BA": 7120,
  "ASML.BA": 6920,
  "ASR.BA": 22150,
  "AVGO.BA": 10500,
  "AVY.BA": 12925,
  "AXP.BA": 30550,
  "AZN.BA": 54800,
  "B.BA": 18750,
  "BA.BA": 13325,
  "BA.C.BA": 17600,
  "BABA.BA": 20925,
  "BAK.BA": 2365,
  "BAS.BA": 3197.76855469,
  "BAYN.BA": 3323.26293945,
  "BB.BA": 1735,
  "BBD.BA": 4240,
  "BBDC3.BA": 3625,
  "BBV.BA": 25375,
  "BCS.BA": 27400,
  "BHP.BA": 39250,
  "BIDU.BA": 12000,
  "BIIB.BA": 14200,
  "BIOX.BA": 3800,
  "BITF.BA": 9150,
  "BK.BA": 71550,
  "BKNG.BA": 11700,
  "BKR.BA": 8900,
  "BMY.BA": 21900,
  "BNG.BA": 22575,
  "BP.BA": 9500,
  "BPA11.BA": 11200,
  "BRFS.BA": 15450,
  "BRKB.BA": 31725,
  "BSBR.BA": 7430,
  "BSN.BA": 613.31298828,
  "C.BA": 44000,
  "CAAP.BA": 116350,
  "CAH.BA": 68000,
  "CAJ.BA": 4045.5,
  "CAR.BA": 8380,
  "CAT.BA": 29175,
  "CCL.BA": 14400,
  "CDE.BA": 19500,
  "CEG.BA": 9600,
  "CIBR.BA": 10325,
  "CL.BA": 38025,
  "CLS.BA": 13225,
  "COIN.BA": 15375,
  "COST.BA": 26750,
  "CRM.BA": 19525,
  "CSCO.BA": 19575,
  "CSNA3.BA": 2000,
  "CVS.BA": 6580,
  "CVX.BA": 13625,
  "CX.BA": 12600,
  "DAL.BA": 10500,
  "DD.BA": 20850,
  "DE.BA": 16800,
  "DECK.BA": 6520,
  "DEO.BA": 25250,
  "DESP.BA": 22600,
  "DHR.BA": 5470,
  "DIA.BA": 31750,
  "DISN.BA": 13525,
  "DOCU.BA": 4640,
  "DOW.BA": 5610,
  "DTEA.BA": 0,
  "E.BA": 12175,
  "EA.BA": 16675,
  "EBAY.BA": 60700,
  "EBR.BA": 45150,
  "EEM.BA": 14125,
  "EFA.BA": 7400,
  "EFX.BA": 21575,
  "ELP.BA": 36925,
  "EOAN.BA": 236.04100037,
  "EQNR.BA": 5770,
  "ERIC.BA": 5600,
  "ERJ.BA": 77800,
  "ETHA.BA": 9010,
  "ETSY.BA": 4605,
  "EWJ.BA": 7890,
  "EWZ.BA": 20400,
  "F.BA": 15800,
  "FCX.BA": 20150,
  "FDX.BA": 31875,
  "FMCC.BA": 0,
  "FMX.BA": 19600,
  "FMX.B.BA": 0,
  "FNMA.BA": 14400,
  "FSLR.BA": 15000,
  "FXI.BA": 11125,
  "GDX.BA": 9160,
  "GE.BA": 47150,
  "GFI.BA": 47000,
  "GGB.BA": 16700,
  "GILD.BA": 39700,
  "GLD.BA": 8990,
  "GLOB.BA": 5070,
  "GLW.BA": 22600,
  "GM.BA": 13300,
  "GOOGL.BA": 4995,
  "GPRK.BA": 8950,
  "GRMN.BA": 113500,
  "GS.BA": 77850,
  "GSK.BA": 14025,
  "GT.BA": 5870,
  "HAL.BA": 15525,
  "HAPV3.BA": 10475,
  "HD.BA": 17850,
  "HDB.BA": 50000,
  "HHPD.BA": 0,
  "HL.BA": 13800,
  "HMC.BA": 48425,
  "HMY.BA": 18575,
  "HNPIY.BA": 6140,
  "HOG.BA": 13100,
  "HON.BA": 38450,
  "HPQ.BA": 39050,
  "HSBC.BA": 44500,
  "HSY.BA": 12100,
  "HUT.BA": 177800,
  "HWM.BA": 243950,
  "IBB.BA": 7210,
  "IBIT.BA": 8700,
  "IBM.BA": 22575,
  "IBN.BA": 43025,
  "IEMG.BA": 7030,
  "IEUR.BA": 8520,
  "IFF.BA": 7700,
  "IJH.BA": 7610,
  "INFY.BA": 23000,
  "ING.BA": 10550,
  "INTC.BA": 6600,
  "IP.BA": 17300,
  "ISRG.BA": 7200,
  "ITUB.BA": 9980,
  "ITUB3.BA": 9200,
  "IVE.BA": 7180,
  "IVW.BA": 8230,
  "IWM.BA": 32250,
  "JBSS3.BA": 8320,
  "JCI.BA": 67400,
  "JD.BA": 10725,
  "JMIA.BA": 11600,
  "JNJ.BA": 16450,
  "JOYY.BA": 15000,
  "JPM.BA": 28000,
  "KB.BA": 52000,
  "KEP.BA": 18000,
  "KGC.BA": 28975,
  "KMB.BA": 29325,
  "KO.BA": 18975,
  "KOFM.BA": 57400,
  "LAC.BA": 4030,
  "LAR.BA": 4655,
  "LFC.BA": 1074.5,
  "LLY.BA": 17875,
  "LMT.BA": 30925,
  "LRCX.BA": 2445,
  "LVS.BA": 38950,
  "LYG.BA": 2910,
  "MA.BA": 24950,
  "MBG.BA": 3807.20898438,
  "MBT.BA": 650,
  "MCD.BA": 18375,
  "MDLZ.BA": 5630,
  "MDT.BA": 31200,
  "MELI.BA": 28125,
  "META.BA": 42250,
  "MFG.BA": 8840,
  "MGLU3.BA": 2050,
  "MMC.BA": 18250,
  "MMM.BA": 22200,
  "MO.BA": 22900,
  "MOS.BA": 8830,
  "MRK.BA": 23375,
  "MRNA.BA": 1765,
  "MRVL.BA": 6170,
  "MSFT.BA": 23400,
  "MSI.BA": 33900,
  "MSTR.BA": 23000,
  "MU.BA": 32275,
  "MUFG.BA": 21725,
  "MUX.BA": 8060,
  "NATU3.BA": 2335,
  "NEC1.BA": 0,
  "NEM.BA": 34950,
  "NFLX.BA": 34225,
  "NG.BA": 38325,
  "NGG.BA": 47775,
  "NIO.BA": 2290,
  "NKE.BA": 8730,
  "NLM.BA": 0,
  "NMR.BA": 9750,
  "NOKA.BA": 5990,
  "NOW.BA": 7130,
  "NSAN.BA": 1545,
  "NTCO.BA": 6200,
  "NTES.BA": 13750,
  "NU.BA": 10075,
  "NUE.BA": 13200,
  "NVDA.BA": 10000,
  "NVS.BA": 43525,
  "NXE.BA": 10975,
  "ORAN.BA": 13200,
  "ORCL.BA": 103100,
  "ORLY.BA": 665,
  "OXY.BA": 12900,
  "PAAS.BA": 16350,
  "PAC.BA": 20325,
  "PAGS.BA": 4095,
  "PANW.BA": 5140,
  "PATH.BA": 7530,
  "PBI.BA": 16400,
  "PBR.BA": 16875,
  "PCAR.BA": 46500,
  "PCRF.BA": 0,
  "PDD.BA": 6630,
  "PEP.BA": 11400,
  "PETR3.BA": 8740,
  "PFE.BA": 8510,
  "PG.BA": 14475,
  "PHG.BA": 7500,
  "PINS.BA": 7080,
  "PKS.BA": 24525,
  "PLTR.BA": 71300,
  "PM.BA": 12675,
  "PSO.BA": 0,
  "PSQ.BA": 5700,
  "PSX.BA": 30000,
  "PYPL.BA": 11950,
  "QCOM.BA": 19700,
  "QQQ.BA": 39625,
  "RACE.BA": 7840,
  "RBLX.BA": 84800,
  "RCTB4.BA": 0,
  "RGTI.BA": 11125,
  "RIO.BA": 10775,
  "RIOT.BA": 6160,
  "ROKU.BA": 10075,
  "ROST.BA": 49825,
  "RTX.BA": 43175,
  "SAN.BA": 52700,
  "SAP.BA": 64400,
  "SATL.BA": 4950,
  "SBS.BA": 61200,
  "SBSP3.BA": 26750,
  "SBUX.BA": 9970,
  "SCCO.BA": 68500,
  "SCHW.BA": 0,
  "SDA.BA": 1930,
  "SE.BA": 7890,
  "SH.BA": 6600,
  "SHEL.BA": 50400,
  "SHOP.BA": 1795,
  "SI.BA": 22.45000076,
  "SID.BA": 15625,
  "SIEGY.BA": 6695.81591797,
  "SLB.BA": 16650,
  "SLV.BA": 8500,
  "SMH.BA": 8210,
  "SMSN.BA": 13143.82421875,
  "SNA.BA": 77550,
  "SNAP.BA": 9690,
  "SNOW.BA": 10725,
  "SONY.BA": 4735,
  "SPCE.BA": 8700,
  "SPGI.BA": 16400,
  "SPOT.BA": 33475,
  "SPXL.BA": 10600,
  "SPY.BA": 44950,
  "STLA.BA": 2610,
  "STNE.BA": 7480,
  "SUZ.BA": 13000,
  "SUZB3.BA": 13075,
  "SWKS.BA": 4950,
  "SYY.BA": 13800,
  "T.BA": 13625,
  "TCOM.BA": 49000,
  "TEAM.BA": 5290,
  "TEFO.BA": 910,
  "TEM.BA": 8890,
  "TEN.BA": 48700,
  "TGT.BA": 5480,
  "TIIAY.BA": 0,
  "TIMB.BA": 28475,
  "TIMS3.BA": 5580,
  "TJX.BA": 8500,
  "TM.BA": 17900,
  "TMO.BA": 29875,
  "TMUS.BA": 10725,
  "TRIP.BA": 11625,
  "TRVV.BA": 61300,
  "TSLA.BA": 30350,
  "TSM.BA": 35575,
  "TTE.BA": 28275,
  "TTM.BA": 8651,
  "TV.BA": 1250,
  "TWLO.BA": 4010,
  "TXN.BA": 55250,
  "TXR.BA": 11225,
  "UAL.BA": 29650,
  "UBER.BA": 63650,
  "UGP.BA": 5200,
  "UL.BA": 29500,
  "UNH.BA": 12950,
  "UNP.BA": 15400,
  "UPST.BA": 19925,
  "URA.BA": 11575,
  "URBN.BA": 45450,
  "USB.BA": 13175,
  "USO.BA": 6770,
  "V.BA": 26450,
  "VALE.BA": 7060,
  "VALE3.BA": 14750,
  "VEA.BA": 8200,
  "VIG.BA": 7700,
  "VIST.BA": 17525,
  "VIV.BA": 16800,
  "VIVT3.BA": 8440,
  "VOD.BA": 16200,
  "VRSN.BA": 63600,
  "VRTX.BA": 5350,
  "VST.BA": 10150,
  "VZ.BA": 15500,
  "WBA.BA": 5360,
  "WBO.BA": 2715,
  "WEGE3.BA": 8910,
  "WFC.BA": 22700,
  "WMT.BA": 7560,
  "X.BA": 21550,
  "XLB.BA": 7100,
  "XLC.BA": 8100,
  "XLE.BA": 62250,
  "XLF.BA": 37450,
  "XLI.BA": 7570,
  "XLK.BA": 7800,
  "XLP.BA": 7260,
  "XLRE.BA": 6410,
  "XLU.BA": 7940,
  "XLV.BA": 6670,
  "XLY.BA": 7410,
  "XOM.BA": 15700,
  "XP.BA": 6080,
  "XPEV.BA": 7550,
  "XROX.BA": 5370,
  "XYZ.BA": 5430,
  "YELP.BA": 21475,
  "YZCA.BA": 0.007,
  "ZM.BA": 2440,
  "ALUA.BA": 749,
  "ALUAC.BA": 0.537,
  "ALUAD.BA": 0.54400003,
  "BBAR.BA": 5380,
  "BBARC.BA": 4.60739994,
  "BBARD.BA": 3.9000001,
  "BMA.BA": 7660,
  "BMA.C.BA": 7.04939985,
  "BMA.D.BA": 5.53000021,
  "BYMA.BA": 186,
  "BYMAC.BA": 0.141,
  "BYMAD.BA": 0.133,
  "CEPU.BA": 1400,
  "COME.BA": 40.90000153,
  "CRES.BA": 1325,
  "CRESC.BA": 0.32300001,
  "EDN.BA": 1410,
  "EDNC.BA": 1.42499995,
  "EDND.BA": 1.02499998,
  "GGAL.BA": 5200,
  "GGALC.BA": 3.7249999,
  "GGALD.BA": 3.75999999,
  "IRSAC.BA": 1.58000004,
  "IRSAD.BA": 1.38999999,
  "LOMA.BA": 2445,
  "LOMAD.BA": 1.75,
  "MIRG.BA": 18250,
  "PAMP.BA": 3535,
  "SUPV.BA": 2085,
  "SUPVD.BA": 1.51999998,
  "TECO2.BA": 2330,
  "TECOC.BA": 1.745,
  "TGN4C.BA": 2.70499992,