{
  "AAL.BA": 9225,
  "AAP.BA": 6210,
  "AAPL.BA": 16450,
  "ABBV.BA": 31660,
  "ABEV.BA": 9845,
  "ABEV3.BA": 3272.5,
  "ABNB.BA": 11860,
  "ABT.BA": 46900,
  "ACN.BA": 4665,
  "ACWI.BA": 7520,
  "ADBE.BA": 11450,
  "ADGO.BA": 11870,
  "ADI.BA": 23890,
  "ADP.BA": 70275,
  "ADS.BA": 3942.14794922,
  "AEG.BA": 10980,
  "AEM.BA": 36500,
  "AHP.BA": 28.79999924,
  "AI.BA": 4555,
  "AIG.BA": 22430,
  "AKO.B.BA": 33440,
  "AMAT.BA": 48640,
  "AMD.BA": 22460,
  "AMGN.BA": 13380,
  "AMX.BA": 28860,
  "AMZN.BA": 2294,
  "ANF.BA": 136975,
  "ARCO.BA": 20250,
  "ARKK.BA": 11160,
  "ARM.BA": 8250,
  "ASML.BA": 7935,
  "ASR.BA": 24300,
  "AVGO.BA": 13420,
  "AVY.BA": 13340,
  "AXP.BA": 31320,
  "AZN.BA": 58100,
  "B.BA": 20840,
  "BA.BA": 13570,
  "BA.C.BA": 18180,
  "BABA.BA": 24010,
  "BAK.BA": 2409,
  "BAS.BA": 3197.76855469,
  "BAYN.BA": 3323.26293945,
  "BB.BA": 1825,
  "BBD.BA": 4577.5,
  "BBDC3.BA": 3900,
  "BBV.BA": 27280,
  "BCS.BA": 29420,
  "BHP.BA": 38480,
  "BIDU.BA": 14450,
  "BIIB.BA": 16000,
  "BIOX.BA": 2972.5,
  "BITF.BA": 14680,
  "BK.BA": 74525,
  "BKNG.BA": 11600,
  "BKR.BA": 9550,
  "BMY.BA": 22830,
  "BNG.BA": 23410,
  "BP.BA": 9920,
  "BPA11.BA": 12110,
  "BRFS.BA": 16650,
  "BRKB.BA": 32320,
  "BSBR.BA": 7825,
  "BSN.BA": 613.31298828,
  "C.BA": 46980,
  "CAAP.BA": 114050,
  "CAH.BA": 71825,
  "CAJ.BA": 4045.5,
  "CAR.BA": 8450,
  "CAT.BA": 31160,
  "CCL.BA": 15350,
  "CDE.BA": 21640,
  "CEG.BA": 10180,
  "CIBR.BA": 10800,
  "CL.BA": 40000,
  "CLS.BA": 17630,
  "COIN.BA": 16980,
  "COST.BA": 28880,
  "CRM.BA": 19590,
  "CSCO.BA": 19550,
  "CSNA3.BA": 2036,
  "CVS.BA": 7045,
  "CVX.BA": 14220,
  "CX.BA": 13190,
  "DAL.BA": 10960,
  "DD.BA": 22240,
  "DE.BA": 17070,
  "DECK.BA": 6640,
  "DEO.BA": 24900,
  "DESP.BA": 22600,
  "DHR.BA": 5160,
  "DIA.BA": 33120,
  "DISN.BA": 13830,
  "DOCU.BA": 5210,
  "DOW.BA": 5915,
  "DTEA.BA": 0,
  "E.BA": 12610,
  "EA.BA": 17510,
  "EBAY.BA": 65500,
  "EBR.BA": 49040,
  "EEM.BA": 15000,
  "EFA.BA": 7435,
  "EFX.BA": 22090,
  "ELP.BA": 39240,
  "EOAN.BA": 236.04100037,
  "EQNR.BA": 6050,
  "ERIC.BA": 5700,
  "ERJ.BA": 85000,
  "ETHA.BA": 9595,
  "ETSY.BA": 5500,
  "EWJ.BA": 8355,
  "EWZ.BA": 21600,
  "F.BA": 16670,
  "FCX.BA": 21590,
  "FDX.BA": 32880,
  "FMCC.BA": 0,
  "FMX.BA": 21170,
  "FNMA.BA": 19500,
  "FSLR.BA": 16490,
  "FXI.BA": 11600,
  "GDX.BA": 9825,
  "GE.BA": 51150,
  "GFI.BA": 53300,
  "GGB.BA": 18020,
  "GILD.BA": 41500,
  "GLD.BA": 9625,
  "GLOB.BA": 4565,
  "GLW.BA": 27580,
  "GM.BA": 13940,
  "GOOGL.BA": 5895,
  "GPRK.BA": 9175,
  "GRMN.BA": 113950,
  "GS.BA": 87100,
  "GSK.BA": 14740,
  "GT.BA": 6085,
  "HAL.BA": 16200,
  "HAPV3.BA": 10750,
  "HD.BA": 18840,
  "HDB.BA": 25240,
  "HHPD.BA": 0,
  "HL.BA": 16110,
  "HMC.BA": 48520,
  "HMY.BA": 21710,
  "HNPIY.BA": 6140,
  "HOG.BA": 14620,
  "HON.BA": 37960,
  "HPQ.BA": 40880,
  "HSBC.BA": 49160,
  "HSY.BA": 12780,
  "HUT.BA": 223950,
  "HWM.BA": 266425,
  "IBB.BA": 7575,
  "IBIT.BA": 9330,
  "IBM.BA": 24600,
  "IBN.BA": 45280,
  "IEMG.BA": 7750,
  "IEUR.BA": 8825,
  "IFF.BA": 7725,
  "IJH.BA": 7920,
  "INFY.BA": 23890,
  "ING.BA": 11850,
  "INTC.BA": 7100,
  "IP.BA": 16780,
  "ISRG.BA": 7350,
  "ITUB.BA": 10300,
  "ITUB3.BA": 9015,
  "IVE.BA": 7330,
  "IVW.BA": 8500,
  "IWDA.BA": 0,
  "IWM.BA": 34280,
  "JBSS3.BA": 8320,
  "JCI.BA": 75000,
  "JD.BA": 12130,
  "JMIA.BA": 13440,
  "JNJ.BA": 16950,
  "JOYY.BA": 18010,
  "JPM.BA": 29200,
  "KB.BA": 60625,
  "KEP.BA": 20180,
  "KGC.BA": 32900,
  "KMB.BA": 30640,
  "KO.BA": 19590,
  "KOFM.BA": 60675,
  "LAC.BA": 4032.5,
  "LAR.BA": 4500,
  "LFC.BA": 1074.5,
  "LLY.BA": 19340,
  "LMT.BA": 33460,
  "LRCX.BA": 2915,
  "LVS.BA": 38780,
  "LYG.BA": 3242.5,
  "MA.BA": 25440,
  "MBG.BA": 3807.20898438,
  "MBT.BA": 650,
  "MCD.BA": 18290,
  "MDLZ.BA": 6040,
  "MDT.BA": 33180,
  "MELI.BA": 28120,
  "META.BA": 45160,
  "MFG.BA": 9625,
  "MGLU3.BA": 2637.5,
  "MMC.BA": 17840,
  "MMM.BA": 22580,
  "MO.BA": 23850,
  "MOS.BA": 9575,
  "MRK.BA": 24350,
  "MRNA.BA": 1920,
  "MRVL.BA": 6910,
  "MSFT.BA": 24040,
  "MSI.BA": 34640,
  "MSTR.BA": 23380,
  "MU.BA": 43480,
  "MUFG.BA": 22620,
  "MUX.BA": 9870,
  "NATU3.BA": 2287,
  "NEC1.BA": 0,
  "NEM.BA": 37500,
  "NFLX.BA": 36500,
  "NG.BA": 38080,
  "NGG.BA": 50450,
  "NIO.BA": 2175,
  "NKE.BA": 9005,
  "NLM.BA": 0,
  "NMR.BA": 10750,
  "NOKA.BA": 6510,
  "NOW.BA": 7765,
  "NSAN.BA": 1545,
  "NTCO.BA": 6200,
  "NTES.BA": 15350,
  "NU.BA": 11250,
  "NUE.BA": 13060,
  "NVDA.BA": 10600,
  "NVS.BA": 45440,
  "NXE.BA": 11250,
  "ORAN.BA": 13200,
  "ORCL.BA": 151150,
  "ORLY.BA": 692,
  "OXY.BA": 13240,
  "PAAS.BA": 17440,
  "PAC.BA": 22070,
  "PAGS.BA": 4457.5,
  "PANW.BA": 5725,
  "PATH.BA": 8285,
  "PBI.BA": 16220,
  "PBR.BA": 18280,
  "PCAR.BA": 48360,
  "PCRF.BA": 0,
  "PDD.BA": 7210,
  "PEP.BA": 11540,
  "PETR3.BA": 9185,
  "PFE.BA": 8880,
  "PG.BA": 15090,
  "PHG.BA": 8120,
  "PINS.BA": 7155,
  "PKS.BA": 24440,
  "PLTR.BA": 79200,
  "PM.BA": 13360,
  "PSO.BA": 0,
  "PSQ.BA": 5795,
  "PSX.BA": 31840,
  "PYPL.BA": 11960,
  "QCOM.BA": 20850,
  "QQQ.BA": 41900,
  "RACE.BA": 8270,
  "RBLX.BA": 97600,
  "RCTB4.BA": 0,
  "RGTI.BA": 11690,
  "RIO.BA": 11200,
  "RIOT.BA": 7870,
  "ROKU.BA": 10550,
  "ROST.BA": 53425,
  "RTX.BA": 44580,
  "SAN.BA": 57450,
  "SAP.BA": 61725,
  "SATL.BA": 5200,
  "SBS.BA": 66075,
  "SBSP3.BA": 32680,
  "SBUX.BA": 10010,
  "SCCO.BA": 73175,
  "SCHW.BA": 0,
  "SDA.BA": 1965,
  "SE.BA": 8800,
  "SH.BA": 6790,
  "SHEL.BA": 51950,
  "SHOP.BA": 1948,
  "SI.BA": 22.45000076,
  "SID.BA": 17000,
  "SIEGY.BA": 6695.81591797,
  "SLB.BA": 17390,
  "SLV.BA": 9005,
  "SMH.BA": 8745,
  "SMSN.BA": 13143.82421875,
  "SNA.BA": 77550,
  "SNAP.BA": 10210,
  "SNOW.BA": 10800,
  "SONY.BA": 5200,
  "SPCE.BA": 9275,
  "SPGI.BA": 17490,
  "SPOT.BA": 35220,
  "SPXL.BA": 11640,
  "SPY.BA": 47180,
  "STLA.BA": 2675,
  "STNE.BA": 8530,
  "SUZ.BA": 13490,
  "SUZB3.BA": 13440,
  "SWKS.BA": 4952.5,
  "SYY.BA": 14400,
  "T.BA": 13990,
  "TCOM.BA": 53075,
  "TEAM.BA": 5375,
  "TEFO.BA": 969,
  "TEM.BA": 10600,
  "TEN.BA": 51250,
  "TGT.BA": 5510,
  "TIIAY.BA": 0,
  "TIMB.BA": 29920,
  "TIMS3.BA": 6095,
  "TJX.BA": 8420,
  "TM.BA": 18850,
  "TMO.BA": 31740,
  "TMUS.BA": 10240,
  "TRIP.BA": 12710,
  "TRVV.BA": 64925,
  "TSLA.BA": 33960,
  "TSM.BA": 41600,
  "TTE.BA": 29420,
  "TTM.BA": 8651,
  "TV.BA": 1335,
  "TWLO.BA": 4150,
  "TXN.BA": 52900,
  "TXR.BA": 12430,
  "UAL.BA": 30820,
  "UBER.BA": 69025,
  "UGP.BA": 5390,
  "UL.BA": 30080,
  "UNH.BA": 15210,
  "UNP.BA": 15440,
  "UPST.BA": 18200,
  "URA.BA": 12200,
  "URBN.BA": 50450,
  "USB.BA": 14210,
  "USO.BA": 7035,
  "V.BA": 27100,
  "VALE.BA": 7610,
  "VALE3.BA": 15110,
  "VEA.BA": 8625,
  "VIG.BA": 7970,
  "VIST.BA": 18200,
  "VIV.BA": 17650,
  "VIVT3.BA": 8820,
  "VOD.BA": 16830,
  "VRSN.BA": 68075,
  "VRTX.BA": 5560,
  "VST.BA": 11580,
  "VZ.BA": 15660,
  "WBA.BA": 5360,
  "WBO.BA": 2910,
  "WEGE3.BA": 9835,
  "WFC.BA": 23150,
  "WMT.BA": 8160,
  "X.BA": 21550,
  "XLB.BA": 7335,
  "XLC.BA": 8685,
  "XLE.BA": 64175,
  "XLF.BA": 38660,
  "XLI.BA": 7800,
  "XLK.BA": 8475,
  "XLP.BA": 7250,
  "XLRE.BA": 6760,
  "XLU.BA": 8150,
  "XLV.BA": 6895,
  "XLY.BA": 7780,
  "XOM.BA": 16160,
  "XP.BA": 6790,
  "XPEV.BA": 7380,
  "XROX.BA": 5200,
  "XYZ.BA": 5305,
  "YELP.BA": 22400,
  "YZCA.BA": 0.007,
  "ZM.BA": 2535,
  "ALUA.BA": 697.5,
  "ALUAC.BA": 0.493,
  "ALUAD.BA": 0.494,
  "BBAR.BA": 4690,
  "BBARC.BA": 4,
  "BBARD.BA": 3.27,
  "BMA.BA": 6880,
  "BMA.C.BA": 4.59499979,
  "BMA.D.BA": 4.72,
  "BYMA.BA": 165.5,
  "BYMAC.BA": 0.12,
  "BYMAD.BA": 0.117,
  "CEPU.BA": 1315,
  "COME.BA": 34.55,
  "CRES.BA": 1289,
  "CRESC.BA": 0.87,
  "EDN.BA": 1375,
  "EDNC.BA": 1.10000002,
  "EDND.BA": 0.956,
  "GGAL.BA": 4705,
  "GGALC.BA": 4.05000019,
  "GGALD.BA": 3.29,
  "IRSAC.BA": 1.58000004,
  "IRSAD.BA": 1.295,
  "LOMA.BA": 2335,
  "LOMAD.BA": 1.64,
  "MIRG.BA": 18200,
  "PAMP.BA": 3612.5,
  "SUPV.BA": 1831,
  "SUPVD.BA": 1.28,
  "TECO2.BA": 2179,
  "TECOC.BA": 1.68499994,
  "TGN4C.BA": 2.70499992,
  "TGN4D.BA": 2.025,