{
  "AAL.BA": 6800,
  "AAP.BA": 3950,
  "AAPL.BA": 12075,
  "ABBV.BA": 22075,
  "ABEV.BA": 8530,
  "ABEV3.BA": 2920,
  "ABNB.BA": 10800,
  "ABT.BA": 40425,
  "ACN.BA": 4725,
  "ADBE.BA": 10575,
  "ADGO.BA": 10850,
  "ADI.BA": 18925,
  "ADP.BA": 60900,
  "ADS.BA": 3942.14794922,
  "AEG.BA": 8650,
  "AEM.BA": 23175,
  "AHP.BA": 28.79999924,
  "AI.BA": 5790,
  "AIG.BA": 20300,
  "AKO.B.BA": 30500,
  "AMAT.BA": 44050,
  "AMD.BA": 17300,
  "AMGN.BA": 11050,
  "AMX.BA": 21000,
  "AMZN.BA": 1845,
  "ANF.BA": 99550,
  "ARCO.BA": 18625,
  "ARKK.BA": 8410,
  "ARM.BA": 7220,
  "ASML.BA": 6560,
  "ASR.BA": 18750,
  "AVGO.BA": 8310,
  "AVY.BA": 11675,
  "AXP.BA": 25450,
  "AZN.BA": 41925,
  "B.BA": 12275,
  "BA.BA": 10700,
  "BA.C.BA": 14100,
  "BABA.BA": 15225,
  "BAK.BA": 1930,
  "BAS.BA": 3197.76855469,
  "BAYN.BA": 3323.26293945,
  "BB.BA": 1790,
  "BBD.BA": 3650,
  "BBDC3.BA": 3145,
  "BBV.BA": 18275,
  "BCS.BA": 22150,
  "BHP.BA": 29300,
  "BIDU.BA": 9400,
  "BIIB.BA": 11675,
  "BIOX.BA": 5370,
  "BITF.BA": 4550,
  "BK.BA": 54600,
  "BKNG.BA": 9800,
  "BKR.BA": 6600,
  "BMY.BA": 18575,
  "BNG.BA": 19275,
  "BP.BA": 7260,
  "BPA11.BA": 8980,
  "BRFS.BA": 12650,
  "BRKB.BA": 26550,
  "BSBR.BA": 6370,
  "BSN.BA": 613.31298828,
  "C.BA": 33750,
  "CAAP.BA": 98050,
  "CAH.BA": 67000,
  "CAJ.BA": 4045.5,
  "CAR.BA": 8010,
  "CAT.BA": 23125,
  "CBRD.BA": 459,
  "CCL.BA": 10925,
  "CDE.BA": 10400,
  "CEG.BA": 8570,
  "CIBR.BA": 8940,
  "CL.BA": 35650,
  "CLS.BA": 9160,
  "COIN.BA": 15700,
  "COST.BA": 24700,
  "CRM.BA": 18200,
  "CSCO.BA": 16450,
  "CSNA3.BA": 1675,
  "CVS.BA": 5480,
  "CVX.BA": 10850,
  "CX.BA": 8170,
  "DAL.BA": 7450,
  "DD.BA": 16575,
  "DE.BA": 15425,
  "DECK.BA": 5020,
  "DEO.BA": 20175,
  "DESP.BA": 22600,
  "DHR.BA": 4405,
  "DIA.BA": 26275,
  "DISN.BA": 12225,
  "DOCU.BA": 4160,
  "DOW.BA": 5410,
  "DTEA.BA": 0,
  "E.BA": 9690,
  "EA.BA": 13475,
  "EBAY.BA": 44425,
  "EBR.BA": 34900,
  "EEM.BA": 11600,
  "EFX.BA": 19150,
  "ELP.BA": 32050,
  "EOAN.BA": 236.04100037,
  "EQNR.BA": 4955,
  "ERIC.BA": 5080,
  "ERJ.BA": 65900,
  "ETHA.BA": 4385,
  "ETSY.BA": 3790,
  "EWJ.BA": 6470,
  "EWZ.BA": 16925,
  "F.BA": 13000,
  "FCX.BA": 17600,
  "FDX.BA": 27500,
  "FMCC.BA": 0,
  "FMX.BA": 20450,
  "FMX.B.BA": 0,
  "FNMA.BA": 13000,
  "FSLR.BA": 10075,
  "FXI.BA": 8870,
  "GE.BA": 38250,
  "GFI.BA": 27375,
  "GGB.BA": 13875,
  "GILD.BA": 33200,
  "GLD.BA": 7230,
  "GLOB.BA": 6080,
  "GLW.BA": 15525,
  "GM.BA": 9920,
  "GOOGL.BA": 3635,
  "GPRK.BA": 8060,
  "GRMN.BA": 83550,
  "GS.BA": 63750,
  "GSK.BA": 11525,
  "GT.BA": 6450,
  "HAL.BA": 12375,
  "HAPV3.BA": 7940,
  "HD.BA": 13850,
  "HDB.BA": 46350,
  "HHPD.BA": 0,
  "HL.BA": 6970,
  "HMC.BA": 35725,
  "HMY.BA": 16100,
  "HNPIY.BA": 6140,
  "HOG.BA": 9400,
  "HON.BA": 34300,
  "HPQ.BA": 29775,
  "HSBC.BA": 36450,
  "HSY.BA": 9580,
  "HUT.BA": 106150,
  "HWM.BA": 221200,
  "IBB.BA": 5650,
  "IBIT.BA": 7300,
  "IBM.BA": 23200,
  "IBN.BA": 40675,
  "IEUR.BA": 7220,
  "IFF.BA": 7390,
  "IJH.BA": 6230,
  "INFY.BA": 22200,
  "ING.BA": 8780,
  "INTC.BA": 5450,
  "IP.BA": 13950,
  "ISRG.BA": 7200,
  "ITUB.BA": 7950,
  "ITUB3.BA": 7180,
  "IVE.BA": 5850,
  "IVW.BA": 6550,
  "IWM.BA": 25925,
  "JBSS3.BA": 8320,
  "JCI.BA": 62950,
  "JD.BA": 9930,
  "JMIA.BA": 4380,
  "JNJ.BA": 12225,
  "JOYY.BA": 12175,
  "JPM.BA": 22975,
  "KB.BA": 48475,
  "KEP.BA": 17000,
  "KGC.BA": 17875,
  "KMB.BA": 25650,
  "KO.BA": 16975,
  "KOFM.BA": 56850,
  "LAC.BA": 3330,
  "LAR.BA": 2545,
  "LFC.BA": 1074.5,
  "LLY.BA": 16600,
  "LMT.BA": 27475,
  "LMT.B.BA": 0,
  "LRCX.BA": 2080,
  "LVS.BA": 26450,
  "LYG.BA": 2525,
  "MA.BA": 20150,
  "MBG.BA": 3807.20898438,
  "MBT.BA": 650,
  "MCD.BA": 14625,
  "MDLZ.BA": 5430,
  "MDT.BA": 25700,
  "MELI.BA": 25625,
  "META.BA": 36675,
  "MFG.BA": 6640,
  "MGLU3.BA": 1995,
  "MMC.BA": 16350,
  "MMM.BA": 18250,
  "MO.BA": 17700,
  "MOS.BA": 8460,
  "MRK.BA": 18950,
  "MRNA.BA": 1725,
  "MRVL.BA": 6630,
  "MSFT.BA": 19825,
  "MSI.BA": 25175,
  "MSTR.BA": 23075,
  "MU.BA": 29925,
  "MUFG.BA": 16675,
  "MUX.BA": 5550,
  "NEC1.BA": 0,
  "NEM.BA": 22700,
  "NFLX.BA": 33100,
  "NG.BA": 19275,
  "NGG.BA": 44050,
  "NIO.BA": 1045,
  "NKE.BA": 7210,
  "NLM.BA": 0,
  "NMR.BA": 7950,
  "NOKA.BA": 6200,
  "NOW.BA": 7160,
  "NSAN.BA": 1545,
  "NTCO.BA": 6200,
  "NTCO3.BA": 2370,
  "NTES.BA": 11425,
  "NU.BA": 7970,
  "NUE.BA": 9920,
  "NVDA.BA": 7880,
  "NVS.BA": 36100,
  "NXE.BA": 8030,
  "ORAN.BA": 13200,
  "ORCL.BA": 84450,
  "ORLY.BA": 486,
  "OXY.BA": 10200,
  "PAAS.BA": 11100,
  "PAC.BA": 17100,
  "PAGS.BA": 3785,
  "PANW.BA": 4795,
  "PATH.BA": 7600,
  "PBI.BA": 13050,
  "PBR.BA": 14900,
  "PCAR.BA": 38100,
  "PCRF.BA": 0,
  "PDD.BA": 5070,
  "PEP.BA": 8770,
  "PETR3.BA": 7400,
  "PFE.BA": 7260,
  "PG.BA": 12825,
  "PHG.BA": 5770,
  "PINS.BA": 6180,
  "PKS.BA": 19100,
  "PLTR.BA": 53550,
  "PM.BA": 12075,
  "PSO.BA": 0,
  "PSQ.BA": 5080,
  "PSX.BA": 23950,
  "PYPL.BA": 11025,
  "QCOM.BA": 17350,
  "QQQ.BA": 32975,
  "RACE.BA": 7130,
  "RBLX.BA": 63400,
  "RCTB4.BA": 0,
  "RGTI.BA": 6570,
  "RIO.BA": 8820,
  "RIOT.BA": 4215,
  "ROKU.BA": 8010,
  "ROST.BA": 38450,
  "RTX.BA": 34675,
  "SAN.BA": 39700,
  "SAP.BA": 60450,
  "SATL.BA": 4500,
  "SBS.BA": 50500,
  "SBSP3.BA": 25475,
  "SBUX.BA": 9210,
  "SCCO.BA": 61650,
  "SCHW.BA": 0,
  "SDA.BA": 1550,
  "SE.BA": 5930,
  "SH.BA": 6000,
  "SHEL.BA": 42625,
  "SHOP.BA": 1265,
  "SID.BA": 13425,
  "SIEGY.BA": 6695.81591797,
  "SLB.BA": 13625,
  "SLV.BA": 6540,
  "SMH.BA": 6710,
  "SMSN.BA": 13143.82421875,
  "SNA.BA": 62150,
  "SNAP.BA": 10475,
  "SNOW.BA": 8870,
  "SONY.BA": 3935,
  "SPCE.BA": 6940,
  "SPGI.BA": 13850,
  "SPOT.BA": 33150,
  "SPXL.BA": 8200,
  "SPY.BA": 36950,
  "STLA.BA": 2455,
  "STNE.BA": 6140,
  "SUZ.BA": 11100,
  "SUZB3.BA": 11375,
  "SWKS.BA": 4160,
  "SYY.BA": 11175,
  "T.BA": 11200,
  "TCOM.BA": 35200,
  "TEAM.BA": 5180,
  "TEFO.BA": 769,
  "TEM.BA": 6670,
  "TEN.BA": 44275,
  "TGT.BA": 4985,
  "TIIAY.BA": 0,
  "TIMB.BA": 23325,
  "TIMS3.BA": 4590,
  "TJX.BA": 6900,
  "TM.BA": 14150,
  "TMO.BA": 22275,
  "TMUS.BA": 8650,
  "TRIP.BA": 7790,
  "TRVV.BA": 52850,
  "TSLA.BA": 25875,
  "TSM.BA": 30450,
  "TTE.BA": 24675,
  "TTM.BA": 8651,
  "TV.BA": 901,
  "TWLO.BA": 4115,
  "TXN.BA": 49750,
  "TXR.BA": 9230,
  "UAL.BA": 19075,
  "UBER.BA": 54800,
  "UGP.BA": 3700,
  "UL.BA": 24400,
  "UNH.BA": 11275,
  "UNP.BA": 13875,
  "UPST.BA": 15200,
  "URA.BA": 9160,
  "URBN.BA": 41750,
  "USB.BA": 11050,
  "V.BA": 23350,
  "VALE.BA": 5820,
  "VALE3.BA": 11725,
  "VEA.BA": 6850,
  "VIG.BA": 6300,
  "VIST.BA": 19325,
  "VIV.BA": 13300,
  "VIVT3.BA": 6820,
  "VOD.BA": 12600,
  "VRSN.BA": 57650,
  "VRTX.BA": 5260,
  "VST.BA": 8980,
  "VZ.BA": 12650,
  "WBA.BA": 4570,
  "WBO.BA": 1915,
  "WEGE3.BA": 9180,
  "WFC.BA": 19050,
  "WMT.BA": 6500,
  "X.BA": 21550,
  "XLB.BA": 5840,
  "XLC.BA": 6780,
  "XLE.BA": 51050,
  "XLF.BA": 31125,
  "XLI.BA": 6310,
  "XLK.BA": 6570,
  "XLP.BA": 6070,
  "XLRE.BA": 5510,
  "XLU.BA": 6530,
  "XLV.BA": 5570,
  "XLY.BA": 6110,
  "XOM.BA": 13175,
  "XP.BA": 5910,
  "XPEV.BA": 5450,
  "XROX.BA": 6320,
  "XYZ.BA": 4000,
  "YELP.BA": 20650,
  "YZCA.BA": 0.007,
  "ZM.BA": 1985,
  "ALUA.BA": 706,
  "ALUAC.BA": 0.58999997,
  "ALUAD.BA": 0.588,
  "BBAR.BA": 6730,
  "BBARC.BA": 5.61999989,
  "BBARD.BA": 5.55000019,
  "BMA.BA": 8560,
  "BMA.C.BA": 7.15579987,
  "BMA.D.BA": 7.17999983,
  "BYMA.BA": 198.25,
  "BYMAC.BA": 0.16599999,
  "BYMAD.BA": 0.17,
  "CEPU.BA": 1425,
  "COME.BA": 124.25,
  "CRES.BA": 1295,
  "CRESC.BA": 0.32300001,
  "EDN.BA": 1665,
  "EDNC.BA": 1.34500003,
  "GGAL.BA": 6210,
  "GGALC.BA": 5.1500001,
  "GGALD.BA": 5.19999981,
  "IRSAC.BA": 0,
  "IRSAD.BA": 1.41499996,
  "LOMA.BA": 2720,
  "LOMAD.BA": 2.25,
  "MIRG.BA": 21150,
  "PAMP.BA": 3390,
  "SUPV.BA": 2640,
  "SUPVD.BA": 2.20000005,
  "TECO2.BA": 2125,
  "TECOC.BA": 1.60000002,
  "TGNO4.BA": 2915,
  "TGSU2.BA": 6280,
  "TRAN.BA": 2105,
  "TXAR.BA": 630,
  "TXARD.BA": 0.52899998,
  "VALO.BA": 316,
  "VALOC.BA": 0.26499999,
  "VALOD.BA": 0.26499999,