{
  "AAL.BA": 8985,
  "AAP.BA": 6330,
  "AAPL.BA": 19510,
  "ABBV.BA": 35080,
  "ABEV.BA": 9970,
  "ABEV3.BA": 3397.5,
  "ABNB.BA": 12190,
  "ABT.BA": 50800,
  "ACN.BA": 5030,
  "ACWI.BA": 8190,
  "ADBE.BA": 12100,
  "ADGO.BA": 11900,
  "ADI.BA": 24710,
  "ADP.BA": 73800,
  "ADS.BA": 3942.14794922,
  "AEG.BA": 11940,
  "AEM.BA": 43220,
  "AHP.BA": 28.79999924,
  "AI.BA": 5990,
  "AIG.BA": 25260,
  "AKO.B.BA": 34880,
  "AMAT.BA": 68075,
  "AMD.BA": 31040,
  "AMGN.BA": 14830,
  "AMX.BA": 31740,
  "AMZN.BA": 2332,
  "ANF.BA": 118375,
  "ARCO.BA": 20420,
  "ARKK.BA": 13880,
  "ARM.BA": 9005,
  "ASML.BA": 10880,
  "ASR.BA": 24150,
  "AVGO.BA": 13080,
  "AVY.BA": 13830,
  "AXP.BA": 33640,
  "AZN.BA": 65250,
  "B.BA": 25900,
  "BA.BA": 13840,
  "BA.C.BA": 19120,
  "BABA.BA": 31560,
  "BAK.BA": 1956,
  "BAS.BA": 3197.76855469,
  "BAYN.BA": 3323.26293945,
  "BB.BA": 2403,
  "BBD.BA": 4840,
  "BBDC3.BA": 4152.5,
  "BBV.BA": 28520,
  "BCS.BA": 31420,
  "BHP.BA": 42540,
  "BIDU.BA": 20000,
  "BIIB.BA": 18020,
  "BIOX.BA": 2086,
  "BITF.BA": 26140,
  "BK.BA": 80850,
  "BKNG.BA": 11920,
  "BKR.BA": 11000,
  "BMY.BA": 22770,
  "BNG.BA": 25580,
  "BP.BA": 10610,
  "BPA11.BA": 13560,
  "BRFS.BA": 18200,
  "BRKB.BA": 34520,
  "BSBR.BA": 8180,
  "BSN.BA": 613.31298828,
  "C.BA": 49680,
  "CAAP.BA": 107075,
  "CAH.BA": 78625,
  "CAJ.BA": 4045.5,
  "CAR.BA": 8615,
  "CAT.BA": 37720,
  "CCL.BA": 14630,
  "CDE.BA": 29300,
  "CEG.BA": 12330,
  "CIBR.BA": 11800,
  "CL.BA": 39200,
  "CLS.BA": 17910,
  "COIN.BA": 21590,
  "COST.BA": 28840,
  "CRM.BA": 20740,
  "CSCO.BA": 20980,
  "CSNA3.BA": 2431,
  "CVS.BA": 8200,
  "CVX.BA": 14630,
  "CX.BA": 13610,
  "DAL.BA": 11070,
  "DD.BA": 24550,
  "DE.BA": 17370,
  "DECK.BA": 6230,
  "DEO.BA": 23900,
  "DESP.BA": 22600,
  "DHR.BA": 5975,
  "DIA.BA": 35440,
  "DISN.BA": 14250,
  "DOCU.BA": 4962.5,
  "DOW.BA": 5950,
  "DTEA.BA": 0,
  "E.BA": 13450,
  "EA.BA": 21750,
  "EBAY.BA": 69775,
  "EBR.BA": 59825,
  "EEM.BA": 16560,
  "EFA.BA": 8075,
  "EFX.BA": 22590,
  "ELP.BA": 43460,
  "EOAN.BA": 236.04100037,
  "EQNR.BA": 6450,
  "ERIC.BA": 6395,
  "ERJ.BA": 89450,
  "ETHA.BA": 10840,
  "ETSY.BA": 6610,
  "EWJ.BA": 9045,
  "EWZ.BA": 22970,
  "F.BA": 19260,
  "FCX.BA": 20450,
  "FDX.BA": 37740,
  "FMCC.BA": 0,
  "FMX.BA": 24060,
  "FNMA.BA": 19830,
  "FSLR.BA": 19340,
  "FXI.BA": 12580,
  "GDX.BA": 11980,
  "GE.BA": 56650,
  "GFI.BA": 64525,
  "GGB.BA": 19860,
  "GILD.BA": 43040,
  "GLD.BA": 11080,
  "GLOB.BA": 5130,
  "GLW.BA": 32480,
  "GM.BA": 14760,
  "GOOGL.BA": 6535,
  "GPRK.BA": 9860,
  "GRMN.BA": 131225,
  "GS.BA": 93075,
  "GSK.BA": 16530,
  "GT.BA": 5705,
  "HAL.BA": 18460,
  "HAPV3.BA": 10300,
  "HD.BA": 18540,
  "HDB.BA": 26400,
  "HHPD.BA": 0,
  "HL.BA": 19040,
  "HMC.BA": 48540,
  "HMY.BA": 28080,
  "HNPIY.BA": 6140,
  "HOG.BA": 13490,
  "HON.BA": 39800,
  "HPQ.BA": 40420,
  "HSBC.BA": 54075,
  "HSY.BA": 14150,
  "HUT.BA": 314475,
  "HWM.BA": 290300,
  "IBB.BA": 8495,
  "IBIT.BA": 10820,
  "IBM.BA": 29280,
  "IBN.BA": 46580,
  "IEMG.BA": 8515,
  "IEUR.BA": 9585,
  "IFF.BA": 7795,
  "IJH.BA": 8350,
  "INFY.BA": 25360,
  "ING.BA": 12800,
  "INTC.BA": 11120,
  "IP.BA": 17470,
  "ISRG.BA": 7805,
  "ITA.BA": 6470,
  "ITUB.BA": 10820,
  "ITUB3.BA": 9550,
  "IVE.BA": 7920,
  "IVW.BA": 9270,
  "IWDA.BA": 0,
  "IWM.BA": 37500,
  "JBSS3.BA": 8320,
  "JCI.BA": 82400,
  "JD.BA": 13650,
  "JMIA.BA": 18060,
  "JNJ.BA": 19040,
  "JOYY.BA": 17700,
  "JPM.BA": 31320,
  "KB.BA": 63000,
  "KEP.BA": 19440,
  "KGC.BA": 38680,
  "KMB.BA": 30580,
  "KO.BA": 20070,
  "KOFM.BA": 62725,
  "LAC.BA": 12800,
  "LAR.BA": 6730,
  "LFC.BA": 1074.5,
  "LLY.BA": 22940,
  "LMT.BA": 39060,
  "LRCX.BA": 4032.5,
  "LVS.BA": 39660,
  "LYG.BA": 3487.5,
  "MA.BA": 26660,
  "MBG.BA": 3807.20898438,
  "MBT.BA": 650,
  "MCD.BA": 18760,
  "MDLZ.BA": 6270,
  "MDT.BA": 37420,
  "MELI.BA": 27240,
  "META.BA": 45200,
  "MFG.BA": 9865,
  "MGLU3.BA": 2527.5,
  "MMC.BA": 19110,
  "MMM.BA": 23680,
  "MO.BA": 24730,
  "MOS.BA": 10780,
  "MRK.BA": 27020,
  "MRNA.BA": 2193,
  "MRVL.BA": 9580,
  "MSFT.BA": 26780,
  "MSI.BA": 34680,
  "MSTR.BA": 27120,
  "MU.BA": 58050,
  "MUFG.BA": 23610,
  "MUX.BA": 13870,
  "NATU3.BA": 2502.5,
  "NEC1.BA": 0,
  "NEM.BA": 45040,
  "NFLX.BA": 36720,
  "NG.BA": 58725,
  "NGG.BA": 56125,
  "NIO.BA": 2880,
  "NKE.BA": 9010,
  "NLM.BA": 0,
  "NMR.BA": 11070,
  "NOKA.BA": 7540,
  "NOW.BA": 8070,
  "NSAN.BA": 1545,
  "NTCO.BA": 6200,
  "NTES.BA": 16480,
  "NU.BA": 11680,
  "NUE.BA": 12880,
  "NVDA.BA": 11750,
  "NVS.BA": 50175,
  "NXE.BA": 13550,
  "ORAN.BA": 13200,
  "ORCL.BA": 147725,
  "ORLY.BA": 700.5,
  "OXY.BA": 13800,
  "PAAS.BA": 20240,
  "PAC.BA": 21640,
  "PAGS.BA": 4655,
  "PANW.BA": 6460,
  "PATH.BA": 11010,
  "PBI.BA": 16600,
  "PBR.BA": 18710,
  "PCAR.BA": 49940,
  "PCRF.BA": 0,
  "PDD.BA": 8155,
  "PEP.BA": 11810,
  "PETR3.BA": 9430,
  "PFE.BA": 10030,
  "PG.BA": 15260,
  "PHG.BA": 8525,
  "PINS.BA": 6920,
  "PKS.BA": 24720,
  "PLTR.BA": 90600,
  "PM.BA": 12960,
  "PSO.BA": 0,
  "PSQ.BA": 5830,
  "PSX.BA": 33560,
  "PYPL.BA": 13550,
  "QCOM.BA": 23320,
  "QQQ.BA": 46220,
  "RACE.BA": 8980,
  "RBLX.BA": 96000,
  "RCTB4.BA": 0,
  "RGTI.BA": 31660,
  "RIO.BA": 12720,
  "RIOT.BA": 10870,
  "ROKU.BA": 12230,
  "ROST.BA": 57700,
  "RTX.BA": 51375,
  "SAN.BA": 61175,
  "SAP.BA": 69400,
  "SATL.BA": 5680,
  "SBS.BA": 72975,
  "SBSP3.BA": 36520,
  "SBUX.BA": 10390,
  "SCCO.BA": 99000,
  "SCHW.BA": 0,
  "SDA.BA": 1765,
  "SE.BA": 9035,
  "SH.BA": 6940,
  "SHEL.BA": 56500,
  "SHOP.BA": 2332,
  "SI.BA": 22.45000076,
  "SID.BA": 20180,
  "SIEGY.BA": 6695.81591797,
  "SLB.BA": 17480,
  "SLV.BA": 11230,
  "SMH.BA": 10450,
  "SMSN.BA": 13143.82421875,
  "SNA.BA": 86225,
  "SNAP.BA": 12930,
  "SNOW.BA": 12310,
  "SONY.BA": 5725,
  "SPCE.BA": 12380,
  "SPGI.BA": 16150,
  "SPOT.BA": 36700,
  "SPXL.BA": 13200,
  "SPY.BA": 51000,
  "STLA.BA": 3265,
  "STNE.BA": 9040,
  "SUZ.BA": 14120,
  "SUZB3.BA": 14160,
  "SWKS.BA": 6000,
  "SYY.BA": 15310,
  "T.BA": 13160,
  "TCOM.BA": 54225,
  "TEAM.BA": 4865,
  "TEFO.BA": 936.5,
  "TEM.BA": 11760,
  "TEN.BA": 54900,
  "TGT.BA": 5625,
  "TIIAY.BA": 0,
  "TIMB.BA": 33560,
  "TIMS3.BA": 6665,
  "TJX.BA": 10040,
  "TM.BA": 20150,
  "TMO.BA": 37440,
  "TMUS.BA": 10480,
  "TQQQ.BA": 6530,
  "TRIP.BA": 12130,
  "TRVV.BA": 72175,
  "TSLA.BA": 45800,
  "TSM.BA": 51100,
  "TTE.BA": 30340,
  "TTM.BA": 8651,
  "TV.BA": 1273,
  "TWLO.BA": 4627.5,
  "TXN.BA": 55125,
  "TXR.BA": 13590,
  "UAL.BA": 29520,
  "UBER.BA": 76150,
  "UGP.BA": 5945,
  "UL.BA": 29680,
  "UNH.BA": 16500,
  "UNP.BA": 17960,
  "UPST.BA": 15940,
  "URA.BA": 15550,
  "URBN.BA": 55425,
  "USB.BA": 14490,
  "USO.BA": 7385,
  "V.BA": 29500,
  "VALE.BA": 8585,
  "VALE3.BA": 17180,
  "VEA.BA": 9305,
  "VIG.BA": 8495,
  "VIST.BA": 18010,
  "VIV.BA": 18760,
  "VIVT3.BA": 9165,
  "VOD.BA": 17150,
  "VRSN.BA": 68325,
  "VRTX.BA": 6100,
  "VST.BA": 11700,
  "VXX.BA": 10100,
  "VZ.BA": 15780,
  "WBA.BA": 5360,
  "WBO.BA": 3185,
  "WEGE3.BA": 10300,
  "WFC.BA": 24590,
  "WMT.BA": 8615,
  "X.BA": 21550,
  "XLB.BA": 7590,
  "XLC.BA": 9325,
  "XLE.BA": 67925,
  "XLF.BA": 40800,
  "XLI.BA": 8420,
  "XLK.BA": 9515,
  "XLP.BA": 7350,
  "XLRE.BA": 7045,
  "XLU.BA": 9100,
  "XLV.BA": 7550,
  "XLY.BA": 8480,
  "XOM.BA": 17370,
  "XP.BA": 6490,
  "XPEV.BA": 9020,
  "XROX.BA": 5585,
  "XYZ.BA": 5915,
  "YELP.BA": 24860,
  "YZCA.BA": 0.007,
  "ZM.BA": 2627.5,
  "ALUA.BA": 736.5,
  "ALUAC.BA": 0.49000001,
  "ALUAD.BA": 0.5,
  "BBAR.BA": 4225,
  "BBARC.BA": 2.71499991,
  "BBARD.BA": 2.80500007,
  "BMA.BA": 6615,
  "BMA.C.BA": 3.94000006,
  "BMA.D.BA": 4.48000002,
  "BYMA.BA": 180.25,
  "BYMAC.BA": 0.12,
  "BYMAD.BA": 0.117,
  "CEPU.BA": 1192,
  "COME.BA": 32.04000092,
  "CRES.BA": 1403,
  "CRESC.BA": 0.875,
  "EDN.BA": 1181,
  "EDNC.BA": 0.78100002,
  "EDND.BA": 0.796,
  "GGAL.BA": 4370,
  "GGALC.BA": 2.875,
  "GGALD.BA": 2.95000005,
  "IRSAC.BA": 1.17999995,
  "IRSAD.BA": 1.13999999,
  "LOMA.BA": 2302,
  "LOMAD.BA": 1.53999996,
  "MIRG.BA": 15475,
  "PAMP.BA": 3680,
  "SUPV.BA": 1550,