{
  "AAL.BA": 7740,
  "AAP.BA": 5600,
  "AAPL.BA": 15300,
  "ABBV.BA": 26375,
  "ABEV.BA": 9010,
  "ABEV3.BA": 3080,
  "ABNB.BA": 10775,
  "ABT.BA": 44900,
  "ACN.BA": 4250,
  "ACWI.BA": 6780,
  "ADBE.BA": 10350,
  "ADGO.BA": 12100,
  "ADI.BA": 19875,
  "ADP.BA": 68050,
  "ADS.BA": 3942.14794922,
  "AEG.BA": 9840,
  "AEM.BA": 30225,
  "AHP.BA": 28.79999924,
  "AI.BA": 5880,
  "AIG.BA": 20775,
  "AKO.B.BA": 31000,
  "AMAT.BA": 49250,
  "AMD.BA": 23000,
  "AMGN.BA": 12775,
  "AMX.BA": 25500,
  "AMZN.BA": 2060,
  "ANF.BA": 137650,
  "ARCO.BA": 18250,
  "ARKK.BA": 9950,
  "ARM.BA": 6860,
  "ASML.BA": 6600,
  "ASR.BA": 20700,
  "AVGO.BA": 10450,
  "AVY.BA": 12600,
  "AXP.BA": 26500,
  "AZN.BA": 49025,
  "B.BA": 15600,
  "BA.BA": 12775,
  "BA.C.BA": 15325,
  "BABA.BA": 17850,
  "BAK.BA": 2145,
  "BAS.BA": 3197.76855469,
  "BAYN.BA": 3323.26293945,
  "BB.BA": 1600,
  "BBD.BA": 3895,
  "BBDC3.BA": 3370,
  "BBV.BA": 24750,
  "BCS.BA": 26575,
  "BHP.BA": 35300,
  "BIDU.BA": 10575,
  "BIIB.BA": 13425,
  "BIOX.BA": 4170,
  "BITF.BA": 8280,
  "BK.BA": 69000,
  "BKNG.BA": 10575,
  "BKR.BA": 8140,
  "BMY.BA": 20450,
  "BNG.BA": 22175,
  "BP.BA": 9140,
  "BPA11.BA": 10250,
  "BRFS.BA": 14225,
  "BRKB.BA": 28225,
  "BSBR.BA": 6630,
  "BSN.BA": 613.31298828,
  "C.BA": 41200,
  "CAAP.BA": 112150,
  "CAH.BA": 70000,
  "CAJ.BA": 4045.5,
  "CAR.BA": 7910,
  "CAT.BA": 27775,
  "CBRD.BA": 459,
  "CCL.BA": 12775,
  "CDE.BA": 15575,
  "CEG.BA": 9990,
  "CIBR.BA": 9500,
  "CL.BA": 37600,
  "CLS.BA": 13800,
  "COIN.BA": 15350,
  "COST.BA": 27275,
  "CRM.BA": 17775,
  "CSCO.BA": 19200,
  "CSNA3.BA": 1835,
  "CVS.BA": 5620,
  "CVX.BA": 12950,
  "CX.BA": 11475,
  "DAL.BA": 8990,
  "DD.BA": 18800,
  "DE.BA": 17075,
  "DECK.BA": 5430,
  "DEO.BA": 24375,
  "DESP.BA": 22600,
  "DHR.BA": 4930,
  "DIA.BA": 29450,
  "DISN.BA": 12425,
  "DOCU.BA": 4170,
  "DOW.BA": 4720,
  "DTEA.BA": 0,
  "E.BA": 11475,
  "EA.BA": 15975,
  "EBAY.BA": 62050,
  "EBR.BA": 43475,
  "EEM.BA": 13150,
  "EFA.BA": 6710,
  "EFX.BA": 19950,
  "ELP.BA": 36900,
  "EOAN.BA": 236.04100037,
  "EQNR.BA": 5500,
  "ERIC.BA": 5010,
  "ERJ.BA": 77650,
  "ETHA.BA": 8210,
  "ETSY.BA": 5060,
  "EWJ.BA": 7450,
  "EWZ.BA": 18575,
  "F.BA": 15125,
  "FCX.BA": 18575,
  "FDX.BA": 30350,
  "FMCC.BA": 0,
  "FMX.BA": 19250,
  "FMX.B.BA": 0,
  "FNMA.BA": 12850,
  "FSLR.BA": 13650,
  "FXI.BA": 10075,
  "GDX.BA": 7780,
  "GE.BA": 45850,
  "GFI.BA": 41725,
  "GGB.BA": 15900,
  "GILD.BA": 39850,
  "GLD.BA": 8360,
  "GLOB.BA": 5530,
  "GLW.BA": 21975,
  "GM.BA": 11900,
  "GOOGL.BA": 4615,
  "GPRK.BA": 8590,
  "GRMN.BA": 103250,
  "GS.BA": 73950,
  "GSK.BA": 12650,
  "GT.BA": 5590,
  "HAL.BA": 13875,
  "HAPV3.BA": 9040,
  "HD.BA": 16125,
  "HDB.BA": 49875,
  "HHPD.BA": 0,
  "HL.BA": 10125,
  "HMC.BA": 43375,
  "HMY.BA": 21000,
  "HNPIY.BA": 6140,
  "HOG.BA": 10725,
  "HON.BA": 36000,
  "HPQ.BA": 34725,
  "HSBC.BA": 42500,
  "HSY.BA": 11675,
  "HUT.BA": 129750,
  "HWM.BA": 241250,
  "IBB.BA": 6530,
  "IBIT.BA": 8840,
  "IBM.BA": 21550,
  "IBN.BA": 43750,
  "IEMG.BA": 6840,
  "IEUR.BA": 8030,
  "IFF.BA": 7090,
  "IJH.BA": 6970,
  "INFY.BA": 21325,
  "ING.BA": 10875,
  "INTC.BA": 5340,
  "IP.BA": 15800,
  "ISRG.BA": 6990,
  "ITUB.BA": 9100,
  "ITUB3.BA": 8150,
  "IVE.BA": 6650,
  "IVW.BA": 7670,
  "IWM.BA": 29375,
  "JBSS3.BA": 8320,
  "JCI.BA": 68150,
  "JD.BA": 10500,
  "JMIA.BA": 7680,
  "JNJ.BA": 15450,
  "JOYY.BA": 13550,
  "JPM.BA": 25675,
  "KB.BA": 54500,
  "KEP.BA": 18450,
  "KGC.BA": 25400,
  "KMB.BA": 30225,
  "KO.BA": 18725,
  "KOFM.BA": 56500,
  "LAC.BA": 3735,
  "LAR.BA": 3750,
  "LFC.BA": 1074.5,
  "LLY.BA": 14950,
  "LMT.BA": 28425,
  "LRCX.BA": 2415,
  "LVS.BA": 35200,
  "LYG.BA": 2905,
  "MA.BA": 23125,
  "MBG.BA": 3807.20898438,
  "MBT.BA": 650,
  "MCD.BA": 17025,
  "MDLZ.BA": 5480,
  "MDT.BA": 31000,
  "MELI.BA": 26150,
  "META.BA": 42725,
  "MFG.BA": 8130,
  "MGLU3.BA": 1720,
  "MMC.BA": 17000,
  "MMM.BA": 20450,
  "MO.BA": 21350,
  "MOS.BA": 8530,
  "MRK.BA": 21500,
  "MRNA.BA": 1845,
  "MRVL.BA": 7350,
  "MSFT.BA": 23150,
  "MSI.BA": 30275,
  "MSTR.BA": 26300,
  "MU.BA": 31775,
  "MUFG.BA": 19375,
  "MUX.BA": 6840,
  "NATU3.BA": 2175,
  "NEC1.BA": 0,
  "NEM.BA": 30725,
  "NFLX.BA": 33725,
  "NG.BA": 30100,
  "NGG.BA": 47325,
  "NIO.BA": 1605,
  "NKE.BA": 8220,
  "NLM.BA": 0,
  "NMR.BA": 9200,
  "NOKA.BA": 5480,
  "NOW.BA": 6730,
  "NSAN.BA": 1545,
  "NTCO.BA": 6200,
  "NTES.BA": 12300,
  "NU.BA": 8230,
  "NUE.BA": 11625,
  "NVDA.BA": 10125,
  "NVS.BA": 38900,
  "NXE.BA": 9250,
  "ORAN.BA": 13200,
  "ORCL.BA": 110900,
  "ORLY.BA": 625,
  "OXY.BA": 11850,
  "PAAS.BA": 14175,
  "PAC.BA": 20125,
  "PAGS.BA": 3800,
  "PANW.BA": 4465,
  "PATH.BA": 7110,
  "PBI.BA": 14925,
  "PBR.BA": 16150,
  "PCAR.BA": 43350,
  "PCRF.BA": 0,
  "PDD.BA": 6110,
  "PEP.BA": 10750,
  "PETR3.BA": 8120,
  "PFE.BA": 8190,
  "PG.BA": 13650,
  "PHG.BA": 7190,
  "PINS.BA": 6730,
  "PKS.BA": 23800,
  "PLTR.BA": 83100,
  "PM.BA": 12650,
  "PSO.BA": 0,
  "PSQ.BA": 5410,
  "PSX.BA": 26500,
  "PYPL.BA": 11325,
  "QCOM.BA": 17875,
  "QQQ.BA": 38275,
  "RACE.BA": 7140,
  "RBLX.BA": 85900,
  "RCTB4.BA": 0,
  "RGTI.BA": 10350,
  "RIO.BA": 10275,
  "RIOT.BA": 4930,
  "ROKU.BA": 8470,
  "ROST.BA": 48350,
  "RTX.BA": 41300,
  "SAN.BA": 49700,
  "SAP.BA": 64850,
  "SATL.BA": 4580,
  "SBS.BA": 54750,
  "SBSP3.BA": 27425,
  "SBUX.BA": 10275,
  "SCCO.BA": 66700,
  "SCHW.BA": 0,
  "SDA.BA": 1480,
  "SE.BA": 6130,
  "SH.BA": 6440,
  "SHEL.BA": 47750,
  "SHOP.BA": 1870,
  "SID.BA": 14875,
  "SIEGY.BA": 6695.81591797,
  "SLB.BA": 14550,
  "SLV.BA": 7720,
  "SMH.BA": 7840,
  "SMSN.BA": 13143.82421875,
  "SNA.BA": 71600,
  "SNAP.BA": 9890,
  "SNOW.BA": 8510,
  "SONY.BA": 4505,
  "SPCE.BA": 8320,
  "SPGI.BA": 16450,
  "SPOT.BA": 33650,
  "SPXL.BA": 10000,
  "SPY.BA": 42500,
  "STLA.BA": 2495,
  "STNE.BA": 6420,
  "SUZ.BA": 13450,
  "SUZB3.BA": 13600,
  "SWKS.BA": 4550,
  "SYY.BA": 13400,
  "T.BA": 12525,
  "TCOM.BA": 39225,
  "TEAM.BA": 4780,
  "TEFO.BA": 886,
  "TEM.BA": 6740,
  "TEN.BA": 47650,
  "TGT.BA": 5830,
  "TIIAY.BA": 0,
  "TIMB.BA": 27525,
  "TIMS3.BA": 5280,
  "TJX.BA": 7800,
  "TM.BA": 16725,
  "TMO.BA": 28000,
  "TMUS.BA": 9800,
  "TRIP.BA": 11900,
  "TRVV.BA": 58800,
  "TSLA.BA": 29175,
  "TSM.BA": 35800,
  "TTE.BA": 27375,
  "TTM.BA": 8651,
  "TV.BA": 1060,
  "TWLO.BA": 3680,
  "TXN.BA": 49975,
  "TXR.BA": 10650,
  "UAL.BA": 23825,
  "UBER.BA": 59850,
  "UGP.BA": 4030,
  "UL.BA": 27075,
  "UNH.BA": 10125,
  "UNP.BA": 14850,
  "UPST.BA": 18375,
  "URA.BA": 10675,
  "URBN.BA": 50950,
  "USB.BA": 11900,
  "USO.BA": 6540,
  "V.BA": 24950,
  "VALE.BA": 6790,
  "VALE3.BA": 13650,
  "VEA.BA": 7760,
  "VIG.BA": 7100,
  "VIST.BA": 18950,
  "VIV.BA": 16150,
  "VIVT3.BA": 8190,
  "VOD.BA": 15100,
  "VRSN.BA": 60550,
  "VRTX.BA": 4835,
  "VST.BA": 10375,
  "VZ.BA": 14425,
  "WBA.BA": 5280,
  "WBO.BA": 2180,
  "WEGE3.BA": 9650,
  "WFC.BA": 20800,
  "WMT.BA": 7690,
  "X.BA": 21550,
  "XLB.BA": 6560,
  "XLC.BA": 7570,
  "XLE.BA": 56650,
  "XLF.BA": 34500,
  "XLI.BA": 7180,
  "XLK.BA": 7720,
  "XLP.BA": 6880,
  "XLRE.BA": 6090,
  "XLU.BA": 7680,
  "XLV.BA": 6000,
  "XLY.BA": 6910,
  "XOM.BA": 14275,
  "XP.BA": 5790,
  "XPEV.BA": 6720,
  "XROX.BA": 5540,
  "XYZ.BA": 4915,
  "YELP.BA": 20650,
  "YZCA.BA": 0.007,
  "ZM.BA": 2010,
  "ALUA.BA": 730,
  "ALUAC.BA": 0.546,
  "ALUAD.BA": 0.551,
  "BBAR.BA": 7320,
  "BBARC.BA": 5.75,
  "BBARD.BA": 5.44000006,
  "BMA.BA": 9470,
  "BMA.C.BA": 7.42999983,
  "BMA.D.BA": 7.07999992,
  "BYMA.BA": 207.25,
  "BYMAC.BA": 0.156,
  "BYMAD.BA": 0.156,
  "CEPU.BA": 1675,
  "COME.BA": 136.25,
  "CRES.BA": 1465,
  "CRESC.BA": 0.32300001,
  "EDN.BA": 1895,
  "EDNC.BA": 1.38999999,
  "EDND.BA": 1.41499996,
  "GGAL.BA": 6780,
  "GGALC.BA": 5.07000017,
  "GGALD.BA": 5.26999998,
  "IRSAC.BA": 1.58000004,
  "IRSAD.BA": 1.58000004,
  "LOMA.BA": 3035,
  "LOMAD.BA": 2.28500009,
  "MIRG.BA": 24200,
  "PAMP.BA": 3980,
  "SUPV.BA": 2925,
  "SUPVD.BA": 2.20000005,
  "TECO2.BA": 2690,
  "TECOC.BA": 1.97500002,
  "TGN4C.BA": 2.55500007,
  "TGN4D.BA": 2.5999999,