{
  "AAL.BA": 7760,
  "AAP.BA": 5690,
  "AAPL.BA": 13425,
  "ABBV.BA": 23825,
  "ABEV.BA": 9040,
  "ABEV3.BA": 3070,
  "ABNB.BA": 11625,
  "ABT.BA": 42050,
  "ACN.BA": 4735,
  "ADBE.BA": 10625,
  "ADGO.BA": 11975,
  "ADI.BA": 20500,
  "ADP.BA": 63600,
  "ADS.BA": 3942.14794922,
  "AEG.BA": 8910,
  "AEM.BA": 25375,
  "AHP.BA": 28.79999924,
  "AI.BA": 6960,
  "AIG.BA": 20725,
  "AKO.B.BA": 29875,
  "AMAT.BA": 51000,
  "AMD.BA": 19875,
  "AMGN.BA": 12450,
  "AMX.BA": 22100,
  "AMZN.BA": 2010,
  "ANF.BA": 114250,
  "ARCO.BA": 18275,
  "ARKK.BA": 9290,
  "ARM.BA": 7280,
  "ASML.BA": 7230,
  "ASR.BA": 19450,
  "AVGO.BA": 9260,
  "AVY.BA": 12550,
  "AXP.BA": 26500,
  "AZN.BA": 44950,
  "B.BA": 13400,
  "BA.BA": 12250,
  "BA.C.BA": 14675,
  "BABA.BA": 16625,
  "BAK.BA": 2190,
  "BAS.BA": 3197.76855469,
  "BAYN.BA": 3323.26293945,
  "BB.BA": 1720,
  "BBD.BA": 3700,
  "BBDC3.BA": 3230,
  "BBV.BA": 18875,
  "BCS.BA": 23700,
  "BHP.BA": 32200,
  "BIDU.BA": 10850,
  "BIIB.BA": 12600,
  "BIOX.BA": 4975,
  "BITF.BA": 6510,
  "BK.BA": 60650,
  "BKNG.BA": 10775,
  "BKR.BA": 7200,
  "BMY.BA": 19725,
  "BNG.BA": 18925,
  "BP.BA": 8120,
  "BPA11.BA": 9840,
  "BRFS.BA": 14200,
  "BRKB.BA": 27350,
  "BSBR.BA": 6380,
  "BSN.BA": 613.31298828,
  "C.BA": 38625,
  "CAAP.BA": 100150,
  "CAH.BA": 68500,
  "CAJ.BA": 4045.5,
  "CAR.BA": 9430,
  "CAT.BA": 25825,
  "CBRD.BA": 459,
  "CCL.BA": 12450,
  "CDE.BA": 11625,
  "CEG.BA": 9070,
  "CIBR.BA": 9380,
  "CL.BA": 37525,
  "CLS.BA": 10300,
  "COIN.BA": 18350,
  "COST.BA": 25775,
  "CRM.BA": 18400,
  "CSCO.BA": 17125,
  "CSNA3.BA": 1830,
  "CVS.BA": 5360,
  "CVX.BA": 12050,
  "CX.BA": 9250,
  "DAL.BA": 8910,
  "DD.BA": 18925,
  "DE.BA": 16075,
  "DECK.BA": 4885,
  "DEO.BA": 21650,
  "DESP.BA": 22600,
  "DHR.BA": 4555,
  "DIA.BA": 28150,
  "DISN.BA": 12625,
  "DOCU.BA": 4400,
  "DOW.BA": 5950,
  "DTEA.BA": 0,
  "E.BA": 10575,
  "EA.BA": 13625,
  "EBAY.BA": 49325,
  "EBR.BA": 36100,
  "EEM.BA": 12500,
  "EFX.BA": 20450,
  "ELP.BA": 33025,
  "EOAN.BA": 236.04100037,
  "EQNR.BA": 5520,
  "ERIC.BA": 4630,
  "ERJ.BA": 68400,
  "ETHA.BA": 5890,
  "ETSY.BA": 4445,
  "EWJ.BA": 6570,
  "EWZ.BA": 17600,
  "F.BA": 14750,
  "FCX.BA": 18775,
  "FDX.BA": 29625,
  "FMCC.BA": 0,
  "FMX.BA": 21000,
  "FMX.B.BA": 0,
  "FNMA.BA": 13000,
  "FSLR.BA": 12225,
  "FXI.BA": 9660,
  "GE.BA": 42300,
  "GFI.BA": 31025,
  "GGB.BA": 15025,
  "GILD.BA": 34850,
  "GLD.BA": 7860,
  "GLOB.BA": 5880,
  "GLW.BA": 16775,
  "GM.BA": 11200,
  "GOOGL.BA": 4045,
  "GPRK.BA": 8810,
  "GRMN.BA": 92450,
  "GS.BA": 69100,
  "GSK.BA": 12050,
  "GT.BA": 6970,
  "HAL.BA": 13725,
  "HAPV3.BA": 7690,
  "HD.BA": 14325,
  "HDB.BA": 48125,
  "HHPD.BA": 0,
  "HL.BA": 7800,
  "HMC.BA": 39350,
  "HMY.BA": 18075,
  "HNPIY.BA": 6140,
  "HOG.BA": 10275,
  "HON.BA": 37750,
  "HPQ.BA": 31300,
  "HSBC.BA": 39600,
  "HSY.BA": 9930,
  "HUT.BA": 137950,
  "HWM.BA": 236300,
  "IBB.BA": 6100,
  "IBIT.BA": 8460,
  "IBM.BA": 24050,
  "IBN.BA": 42525,
  "IEUR.BA": 7650,
  "IFF.BA": 7820,
  "IJH.BA": 6680,
  "INFY.BA": 23275,
  "ING.BA": 9580,
  "INTC.BA": 5860,
  "IP.BA": 16300,
  "ISRG.BA": 7350,
  "ITUB.BA": 8050,
  "ITUB3.BA": 7320,
  "IVE.BA": 6250,
  "IVW.BA": 7090,
  "IWM.BA": 28050,
  "JBSS3.BA": 8320,
  "JCI.BA": 61900,
  "JD.BA": 10275,
  "JMIA.BA": 5710,
  "JNJ.BA": 13275,
  "JOYY.BA": 14000,
  "JPM.BA": 24425,
  "KB.BA": 54950,
  "KEP.BA": 17025,
  "KGC.BA": 19700,
  "KMB.BA": 27100,
  "KO.BA": 17775,
  "KOFM.BA": 56900,
  "LAC.BA": 3665,
  "LAR.BA": 3255,
  "LFC.BA": 1074.5,
  "LLY.BA": 17625,
  "LMT.BA": 30050,
  "LMT.B.BA": 0,
  "LRCX.BA": 2295,
  "LVS.BA": 31875,
  "LYG.BA": 2600,
  "MA.BA": 21375,
  "MBG.BA": 3807.20898438,
  "MBT.BA": 650,
  "MCD.BA": 15975,
  "MDLZ.BA": 5710,
  "MDT.BA": 28525,
  "MELI.BA": 25500,
  "META.BA": 37975,
  "MFG.BA": 6970,
  "MGLU3.BA": 1870,
  "MMC.BA": 16900,
  "MMM.BA": 20100,
  "MO.BA": 18775,
  "MOS.BA": 9150,
  "MRK.BA": 20950,
  "MRNA.BA": 2120,
  "MRVL.BA": 6640,
  "MSFT.BA": 21600,
  "MSI.BA": 26150,
  "MSTR.BA": 28350,
  "MU.BA": 30750,
  "MUFG.BA": 17350,
  "MUX.BA": 7000,
  "NEC1.BA": 0,
  "NEM.BA": 24400,
  "NFLX.BA": 33550,
  "NG.BA": 25125,
  "NGG.BA": 45525,
  "NIO.BA": 1345,
  "NKE.BA": 7690,
  "NLM.BA": 0,
  "NMR.BA": 8190,
  "NOKA.BA": 6080,
  "NOW.BA": 7150,
  "NSAN.BA": 1545,
  "NTCO.BA": 6200,
  "NTCO3.BA": 2495,
  "NTES.BA": 12150,
  "NU.BA": 8620,
  "NUE.BA": 11075,
  "NVDA.BA": 9110,
  "NVS.BA": 38250,
  "NXE.BA": 8700,
  "ORAN.BA": 13200,
  "ORCL.BA": 100100,
  "ORLY.BA": 529,
  "OXY.BA": 10950,
  "PAAS.BA": 12675,
  "PAC.BA": 18225,
  "PAGS.BA": 3665,
  "PANW.BA": 4930,
  "PATH.BA": 7970,
  "PBI.BA": 14950,
  "PBR.BA": 16000,
  "PCAR.BA": 40675,
  "PCRF.BA": 0,
  "PDD.BA": 5370,
  "PEP.BA": 9530,
  "PETR3.BA": 7980,
  "PFE.BA": 7870,
  "PG.BA": 13050,
  "PHG.BA": 6140,
  "PINS.BA": 6690,
  "PKS.BA": 24300,
  "PLTR.BA": 63400,
  "PM.BA": 12900,
  "PSO.BA": 0,
  "PSQ.BA": 5320,
  "PSX.BA": 27425,
  "PYPL.BA": 11700,
  "QCOM.BA": 17950,
  "QQQ.BA": 35600,
  "RACE.BA": 7510,
  "RBLX.BA": 71850,
  "RCTB4.BA": 0,
  "RGTI.BA": 8150,
  "RIO.BA": 9380,
  "RIOT.BA": 5150,
  "ROKU.BA": 8770,
  "ROST.BA": 40775,
  "RTX.BA": 38150,
  "SAN.BA": 42375,
  "SAP.BA": 64200,
  "SATL.BA": 4545,
  "SBS.BA": 51250,
  "SBSP3.BA": 26025,
  "SBUX.BA": 9820,
  "SCCO.BA": 62450,
  "SCHW.BA": 0,
  "SDA.BA": 1540,
  "SE.BA": 6330,
  "SH.BA": 6310,
  "SHEL.BA": 45150,
  "SHOP.BA": 1365,
  "SID.BA": 15000,
  "SIEGY.BA": 6695.81591797,
  "SLB.BA": 14975,
  "SLV.BA": 7330,
  "SMH.BA": 7470,
  "SMSN.BA": 13143.82421875,
  "SNA.BA": 66650,
  "SNAP.BA": 12100,
  "SNOW.BA": 9060,
  "SONY.BA": 3830,
  "SPCE.BA": 8100,
  "SPGI.BA": 14825,
  "SPOT.BA": 32450,
  "SPXL.BA": 9050,
  "SPY.BA": 39850,
  "STLA.BA": 2435,
  "STNE.BA": 6350,
  "SUZ.BA": 11625,
  "SUZB3.BA": 11775,
  "SWKS.BA": 4550,
  "SYY.BA": 12250,
  "T.BA": 11525,
  "TCOM.BA": 40150,
  "TEAM.BA": 5120,
  "TEFO.BA": 816,
  "TEM.BA": 5960,
  "TEN.BA": 47750,
  "TGT.BA": 5470,
  "TIIAY.BA": 0,
  "TIMB.BA": 23925,
  "TIMS3.BA": 5110,
  "TJX.BA": 7120,
  "TM.BA": 14475,
  "TMO.BA": 24250,
  "TMUS.BA": 8900,
  "TRIP.BA": 11575,
  "TRVV.BA": 53300,
  "TSLA.BA": 26500,
  "TSM.BA": 33775,
  "TTE.BA": 26350,
  "TTM.BA": 8651,
  "TV.BA": 914,
  "TWLO.BA": 4480,
  "TXN.BA": 55850,
  "TXR.BA": 9990,
  "UAL.BA": 22075,
  "UBER.BA": 58850,
  "UGP.BA": 3855,
  "UL.BA": 25725,
  "UNH.BA": 11300,
  "UNP.BA": 14750,
  "UPST.BA": 19000,
  "URA.BA": 10000,
  "URBN.BA": 44850,
  "USB.BA": 11700,
  "V.BA": 24675,
  "VALE.BA": 6200,
  "VALE3.BA": 12300,
  "VEA.BA": 7210,
  "VIG.BA": 6720,
  "VIST.BA": 19375,
  "VIV.BA": 14325,
  "VIVT3.BA": 7100,
  "VOD.BA": 13750,
  "VRSN.BA": 60000,
  "VRTX.BA": 5900,
  "VST.BA": 9440,
  "VZ.BA": 13225,
  "WBA.BA": 4885,
  "WBO.BA": 2195,
  "WEGE3.BA": 9260,
  "WFC.BA": 20225,
  "WMT.BA": 6790,
  "X.BA": 21550,
  "XLB.BA": 6350,
  "XLC.BA": 7130,
  "XLE.BA": 55650,
  "XLF.BA": 33050,
  "XLI.BA": 6830,
  "XLK.BA": 7200,
  "XLP.BA": 6420,
  "XLRE.BA": 5890,
  "XLU.BA": 6980,
  "XLV.BA": 5870,
  "XLY.BA": 6500,
  "XOM.BA": 14425,
  "XP.BA": 5840,
  "XPEV.BA": 5700,
  "XROX.BA": 6200,
  "XYZ.BA": 4225,
  "YELP.BA": 21900,
  "YZCA.BA": 0.007,
  "ZM.BA": 2015,
  "ALUA.BA": 717,
  "ALUAC.BA": 0.55000001,
  "ALUAD.BA": 0.56300002,
  "BBAR.BA": 6430,
  "BBARC.BA": 5,
  "BBARD.BA": 5.05000019,
  "BMA.BA": 8400,
  "BMA.C.BA": 6.57000017,
  "BMA.D.BA": 6.63999987,
  "BYMA.BA": 194.75,
  "BYMAC.BA": 0.15000001,
  "BYMAD.BA": 0.153,
  "CEPU.BA": 1450,
  "COME.BA": 117.25,
  "CRES.BA": 1395,
  "CRESC.BA": 0.32300001,
  "EDN.BA": 1620,
  "EDNC.BA": 1.23500001,
  "GGAL.BA": 6080,
  "GGALC.BA": 4.75,
  "GGALD.BA": 4.76999998,
  "IRSAC.BA": 0,
  "IRSAD.BA": 1.41999996,
  "LOMA.BA": 2755,
  "LOMAD.BA": 2.18499994,
  "MIRG.BA": 21350,
  "PAMP.BA": 3715,
  "SUPV.BA": 2580,
  "SUPVD.BA": 2.00500011,
  "TECO2.BA": 2315,
  "TECOC.BA": 1.60000002,
  "TGNO4.BA": 2915,
  "TGSU2.BA": 6600,
  "TRAN.BA": 2340,
  "TXAR.BA": 655,
  "TXARD.BA": 0.51200002,
  "VALO.BA": 334.5,
  "VALOC.BA": 0.27900001,
  "VALOD.BA": 0.264,