{
  "AAL.BA": 9105,
  "AAP.BA": 6310,
  "AAPL.BA": 19950,
  "ABBV.BA": 36380,
  "ABEV.BA": 10110,
  "ABEV3.BA": 3390,
  "ABNB.BA": 12480,
  "ABT.BA": 51750,
  "ACN.BA": 5240,
  "ACWI.BA": 8365,
  "ADBE.BA": 12360,
  "ADGO.BA": 12220,
  "ADI.BA": 24250,
  "ADP.BA": 76250,
  "ADS.BA": 3942.14794922,
  "AEG.BA": 12190,
  "AEM.BA": 43200,
  "AHP.BA": 28.79999924,
  "AI.BA": 6005,
  "AIG.BA": 26160,
  "AKO.B.BA": 35400,
  "AMAT.BA": 66025,
  "AMD.BA": 33060,
  "AMGN.BA": 15330,
  "AMX.BA": 32240,
  "AMZN.BA": 2401,
  "ANF.BA": 118425,
  "ARCO.BA": 20890,
  "ARKK.BA": 13980,
  "ARM.BA": 9110,
  "ASML.BA": 10700,
  "ASR.BA": 24660,
  "AVGO.BA": 13440,
  "AVY.BA": 13990,
  "AXP.BA": 34100,
  "AZN.BA": 67025,
  "B.BA": 25880,
  "BA.BA": 14430,
  "BA.C.BA": 19600,
  "BABA.BA": 31420,
  "BAK.BA": 1987,
  "BAS.BA": 3197.76855469,
  "BAYN.BA": 3323.26293945,
  "BB.BA": 2396,
  "BBD.BA": 4852.5,
  "BBDC3.BA": 4162.5,
  "BBV.BA": 28900,
  "BCS.BA": 31800,
  "BHP.BA": 43140,
  "BIDU.BA": 19650,
  "BIIB.BA": 18330,
  "BIOX.BA": 2020,
  "BITF.BA": 27000,
  "BK.BA": 83325,
  "BKNG.BA": 12250,
  "BKR.BA": 10640,
  "BMY.BA": 23220,
  "BNG.BA": 26240,
  "BP.BA": 10860,
  "BPA11.BA": 13240,
  "BRFS.BA": 18200,
  "BRKB.BA": 35580,
  "BSBR.BA": 8205,
  "BSN.BA": 613.31298828,
  "C.BA": 50725,
  "CAAP.BA": 108900,
  "CAH.BA": 81425,
  "CAJ.BA": 4045.5,
  "CAR.BA": 8910,
  "CAT.BA": 37960,
  "CCL.BA": 14770,
  "CDE.BA": 29220,
  "CEG.BA": 12470,
  "CIBR.BA": 11910,
  "CL.BA": 41080,
  "CLS.BA": 18510,
  "COIN.BA": 21660,
  "COST.BA": 29640,
  "CRM.BA": 20790,
  "CSCO.BA": 21530,
  "CSNA3.BA": 2473,
  "CVS.BA": 8440,
  "CVX.BA": 15070,
  "CX.BA": 14200,
  "DAL.BA": 11040,
  "DD.BA": 24410,
  "DE.BA": 17980,
  "DECK.BA": 6130,
  "DEO.BA": 24900,
  "DESP.BA": 22600,
  "DHR.BA": 6045,
  "DIA.BA": 36280,
  "DISN.BA": 14590,
  "DOCU.BA": 4965,
  "DOW.BA": 5865,
  "DTEA.BA": 0,
  "E.BA": 13810,
  "EA.BA": 22230,
  "EBAY.BA": 72450,
  "EBR.BA": 59975,
  "EEM.BA": 16850,
  "EFA.BA": 8200,
  "EFX.BA": 23140,
  "ELP.BA": 42680,
  "EOAN.BA": 236.04100037,
  "EQNR.BA": 6600,
  "ERIC.BA": 6565,
  "ERJ.BA": 90200,
  "ETHA.BA": 10570,
  "ETSY.BA": 6920,
  "EWJ.BA": 9135,
  "EWZ.BA": 23130,
  "F.BA": 18540,
  "FCX.BA": 21200,
  "FDX.BA": 37780,
  "FMCC.BA": 0,
  "FMX.BA": 24490,
  "FNMA.BA": 20000,
  "FSLR.BA": 19700,
  "FXI.BA": 12780,
  "GDX.BA": 12020,
  "GE.BA": 58950,
  "GFI.BA": 65125,
  "GGB.BA": 19850,
  "GILD.BA": 45500,
  "GLD.BA": 11440,
  "GLOB.BA": 5105,
  "GLW.BA": 32960,
  "GM.BA": 14830,
  "GOOGL.BA": 6585,
  "GPRK.BA": 9870,
  "GRMN.BA": 133000,
  "GS.BA": 94375,
  "GSK.BA": 16890,
  "GT.BA": 5755,
  "HAL.BA": 18880,
  "HAPV3.BA": 10170,
  "HD.BA": 18870,
  "HDB.BA": 27180,
  "HHPD.BA": 0,
  "HL.BA": 18640,
  "HMC.BA": 49620,
  "HMY.BA": 28600,
  "HNPIY.BA": 6140,
  "HOG.BA": 14000,
  "HON.BA": 40720,
  "HPQ.BA": 41440,
  "HSBC.BA": 55250,
  "HSY.BA": 14450,
  "HUT.BA": 325075,
  "HWM.BA": 298150,
  "IBB.BA": 8700,
  "IBIT.BA": 10780,
  "IBM.BA": 30540,
  "IBN.BA": 48420,
  "IEMG.BA": 8685,
  "IEUR.BA": 9745,
  "IFF.BA": 7795,
  "IJH.BA": 8435,
  "INFY.BA": 25440,
  "ING.BA": 12710,
  "INTC.BA": 11590,
  "IP.BA": 17810,
  "ISRG.BA": 7720,
  "ITA.BA": 6665,
  "ITUB.BA": 10780,
  "ITUB3.BA": 9495,
  "IVE.BA": 8115,
  "IVW.BA": 9450,
  "IWDA.BA": 0,
  "IWM.BA": 38040,
  "JBSS3.BA": 8320,
  "JCI.BA": 82400,
  "JD.BA": 13550,
  "JMIA.BA": 18470,
  "JNJ.BA": 19570,
  "JOYY.BA": 18090,
  "JPM.BA": 31980,
  "KB.BA": 63725,
  "KEP.BA": 19750,
  "KGC.BA": 39300,
  "KMB.BA": 31820,
  "KO.BA": 20810,
  "KOFM.BA": 64150,
  "LAC.BA": 12880,
  "LAR.BA": 7860,
  "LFC.BA": 1074.5,
  "LLY.BA": 23450,
  "LMT.BA": 39960,
  "LRCX.BA": 3885,
  "LVS.BA": 40020,
  "LYG.BA": 3522.5,
  "MA.BA": 27400,
  "MBG.BA": 3807.20898438,
  "MBT.BA": 650,
  "MCD.BA": 19240,
  "MDLZ.BA": 6520,
  "MDT.BA": 38360,
  "MELI.BA": 28280,
  "META.BA": 46280,
  "MFG.BA": 9850,
  "MGLU3.BA": 2580,
  "MMC.BA": 19890,
  "MMM.BA": 24180,
  "MO.BA": 25960,
  "MOS.BA": 11010,
  "MRK.BA": 27200,
  "MRNA.BA": 2241,
  "MRVL.BA": 9690,
  "MSFT.BA": 27240,
  "MSI.BA": 35720,
  "MSTR.BA": 25760,
  "MU.BA": 57750,
  "MUFG.BA": 23730,
  "MUX.BA": 13870,
  "NATU3.BA": 2394,
  "NEC1.BA": 0,
  "NEM.BA": 45260,
  "NFLX.BA": 38700,
  "NG.BA": 62925,
  "NGG.BA": 56125,
  "NIO.BA": 2895,
  "NKE.BA": 8950,
  "NLM.BA": 0,
  "NMR.BA": 11000,
  "NOKA.BA": 7900,
  "NOW.BA": 8180,
  "NSAN.BA": 1545,
  "NTCO.BA": 6200,
  "NTES.BA": 16690,
  "NU.BA": 11790,
  "NUE.BA": 13210,
  "NVDA.BA": 12040,
  "NVS.BA": 51200,
  "NXE.BA": 13770,
  "ORAN.BA": 13200,
  "ORCL.BA": 147825,
  "ORLY.BA": 710.5,
  "OXY.BA": 14130,
  "PAAS.BA": 20490,
  "PAC.BA": 22460,
  "PAGS.BA": 4657.5,
  "PANW.BA": 6590,
  "PATH.BA": 11550,
  "PBI.BA": 17150,
  "PBR.BA": 19160,
  "PCAR.BA": 50275,
  "PCRF.BA": 0,
  "PDD.BA": 8330,
  "PEP.BA": 12210,
  "PETR3.BA": 9580,
  "PFE.BA": 10250,
  "PG.BA": 15860,
  "PHG.BA": 8660,
  "PINS.BA": 7010,
  "PKS.BA": 24860,
  "PLTR.BA": 94850,
  "PM.BA": 13420,
  "PSO.BA": 0,
  "PSQ.BA": 6030,
  "PSX.BA": 34360,
  "PYPL.BA": 14500,
  "QCOM.BA": 23420,
  "QQQ.BA": 47120,
  "RACE.BA": 9215,
  "RBLX.BA": 97175,
  "RCTB4.BA": 0,
  "RGTI.BA": 34280,
  "RIO.BA": 12940,
  "RIOT.BA": 11160,
  "ROKU.BA": 12190,
  "ROST.BA": 58000,
  "RTX.BA": 53000,
  "SAN.BA": 62300,
  "SAP.BA": 71275,
  "SATL.BA": 5675,
  "SBS.BA": 72200,
  "SBSP3.BA": 36520,
  "SBUX.BA": 10540,
  "SCCO.BA": 99375,
  "SCHW.BA": 0,
  "SDA.BA": 1799,
  "SE.BA": 9310,
  "SH.BA": 7180,
  "SHEL.BA": 58450,
  "SHOP.BA": 2358,
  "SI.BA": 22.45000076,
  "SID.BA": 20010,
  "SIEGY.BA": 6695.81591797,
  "SLB.BA": 17850,
  "SLV.BA": 11260,
  "SMH.BA": 10530,
  "SMSN.BA": 13143.82421875,
  "SNA.BA": 87300,
  "SNAP.BA": 12810,
  "SNOW.BA": 12250,
  "SONY.BA": 5800,
  "SPCE.BA": 12480,
  "SPGI.BA": 16690,
  "SPOT.BA": 37760,
  "SPXL.BA": 13350,
  "SPY.BA": 52175,
  "STLA.BA": 3365,
  "STNE.BA": 9170,
  "SUZ.BA": 14250,
  "SUZB3.BA": 14140,
  "SWKS.BA": 5900,
  "SYY.BA": 15590,
  "T.BA": 13580,
  "TCOM.BA": 55925,
  "TEAM.BA": 4977.5,
  "TEFO.BA": 967.5,
  "TEM.BA": 12060,
  "TEN.BA": 56800,
  "TGT.BA": 5815,
  "TIIAY.BA": 0,
  "TIMB.BA": 33360,
  "TIMS3.BA": 6600,
  "TJX.BA": 10000,
  "TM.BA": 20830,
  "TMO.BA": 38300,
  "TMUS.BA": 10920,
  "TQQQ.BA": 6580,
  "TRIP.BA": 12260,
  "TRVV.BA": 72175,
  "TSLA.BA": 45220,
  "TSM.BA": 51025,
  "TTE.BA": 30960,
  "TTM.BA": 8651,
  "TV.BA": 1290,
  "TWLO.BA": 4670,
  "TXN.BA": 55175,
  "TXR.BA": 14010,
  "UAL.BA": 30180,
  "UBER.BA": 76300,
  "UGP.BA": 6005,
  "UL.BA": 30480,
  "UNH.BA": 17200,
  "UNP.BA": 18110,
  "UPST.BA": 16200,
  "URA.BA": 15980,
  "URBN.BA": 54650,
  "USB.BA": 14830,
  "USO.BA": 7615,
  "V.BA": 30500,
  "VALE.BA": 8610,
  "VALE3.BA": 17200,
  "VEA.BA": 9465,
  "VIG.BA": 8695,
  "VIST.BA": 17940,
  "VIV.BA": 18700,
  "VIVT3.BA": 9385,
  "VOD.BA": 17490,
  "VRSN.BA": 69975,
  "VRTX.BA": 6355,
  "VST.BA": 12020,
  "VXX.BA": 10520,
  "VZ.BA": 16150,
  "WBA.BA": 5360,
  "WBO.BA": 3225,
  "WEGE3.BA": 10470,
  "WFC.BA": 25200,
  "WMT.BA": 8900,
  "X.BA": 21550,
  "XLB.BA": 7755,
  "XLC.BA": 9540,
  "XLE.BA": 69625,
  "XLF.BA": 41940,
  "XLI.BA": 8605,
  "XLK.BA": 9700,
  "XLP.BA": 7620,
  "XLRE.BA": 7200,
  "XLU.BA": 9370,
  "XLV.BA": 7760,
  "XLY.BA": 8530,
  "XOM.BA": 17770,
  "XP.BA": 6430,
  "XPEV.BA": 9185,
  "XROX.BA": 5650,
  "XYZ.BA": 6135,
  "YELP.BA": 24420,
  "YZCA.BA": 0.007,
  "ZM.BA": 2637.5,
  "ALUA.BA": 698.5,
  "ALUAC.BA": 0.49000001,
  "ALUAD.BA": 0.47,
  "BBAR.BA": 4140,
  "BBARC.BA": 2.71499991,
  "BBARD.BA": 2.73000002,
  "BMA.BA": 6620,
  "BMA.C.BA": 3.94000006,
  "BMA.D.BA": 4.30000019,
  "BYMA.BA": 175.75,
  "BYMAC.BA": 0.12,
  "BYMAD.BA": 0.118,
  "CEPU.BA": 1200,
  "COME.BA": 31.29999924,
  "CRES.BA": 1445,
  "CRESC.BA": 0.875,
  "EDN.BA": 1206,
  "EDNC.BA": 0.78100002,
  "EDND.BA": 0.78299999,
  "GGAL.BA": 4340,
  "GGALC.BA": 2.84500003,
  "GGALD.BA": 2.81999993,
  "IRSAC.BA": 1.17999995,
  "IRSAD.BA": 1.14999998,
  "LOMA.BA": 2336,
  "LOMAD.BA": 1.54499996,
  "MIRG.BA": 15425,
  "PAMP.BA": 3730,
  "SUPV.BA": 1515,