{
  "AAL.BA": 8070,
  "AAP.BA": 5630,
  "AAPL.BA": 13675,
  "ABBV.BA": 24525,
  "ABEV.BA": 9090,
  "ABEV3.BA": 3045,
  "ABNB.BA": 12050,
  "ABT.BA": 40050,
  "ACN.BA": 4885,
  "ADBE.BA": 10775,
  "ADGO.BA": 12250,
  "ADI.BA": 20850,
  "ADP.BA": 65100,
  "ADS.BA": 3942.14794922,
  "AEG.BA": 9130,
  "AEM.BA": 25375,
  "AHP.BA": 28.79999924,
  "AI.BA": 7450,
  "AIG.BA": 21075,
  "AKO.B.BA": 29875,
  "AMAT.BA": 49300,
  "AMD.BA": 20325,
  "AMGN.BA": 12750,
  "AMX.BA": 22250,
  "AMZN.BA": 2040,
  "ANF.BA": 121550,
  "ARCO.BA": 18925,
  "ARKK.BA": 10050,
  "ARM.BA": 7880,
  "ASML.BA": 6530,
  "ASR.BA": 20250,
  "AVGO.BA": 9420,
  "AVY.BA": 12825,
  "AXP.BA": 26675,
  "AZN.BA": 44625,
  "B.BA": 13400,
  "BA.BA": 12400,
  "BA.C.BA": 15325,
  "BABA.BA": 17325,
  "BAK.BA": 1980,
  "BAS.BA": 3197.76855469,
  "BAYN.BA": 3323.26293945,
  "BB.BA": 1675,
  "BBD.BA": 3630,
  "BBDC3.BA": 3160,
  "BBV.BA": 19200,
  "BCS.BA": 24550,
  "BHP.BA": 33650,
  "BIDU.BA": 10375,
  "BIIB.BA": 12425,
  "BIOX.BA": 4730,
  "BITF.BA": 6780,
  "BK.BA": 64050,
  "BKNG.BA": 10425,
  "BKR.BA": 7330,
  "BMY.BA": 20500,
  "BNG.BA": 19300,
  "BP.BA": 8260,
  "BPA11.BA": 9270,
  "BRFS.BA": 13975,
  "BRKB.BA": 27925,
  "BSBR.BA": 6280,
  "BSN.BA": 613.31298828,
  "C.BA": 40400,
  "CAAP.BA": 103000,
  "CAH.BA": 68700,
  "CAJ.BA": 4045.5,
  "CAR.BA": 9570,
  "CAT.BA": 26775,
  "CBRD.BA": 459,
  "CCL.BA": 12725,
  "CDE.BA": 11725,
  "CEG.BA": 9290,
  "CIBR.BA": 9640,
  "CL.BA": 37575,
  "CLS.BA": 10350,
  "COIN.BA": 20075,
  "COST.BA": 25725,
  "CRM.BA": 18925,
  "CSCO.BA": 17675,
  "CSNA3.BA": 1805,
  "CVS.BA": 5440,
  "CVX.BA": 11975,
  "CX.BA": 9850,
  "DAL.BA": 9100,
  "DD.BA": 19600,
  "DE.BA": 16150,
  "DECK.BA": 5290,
  "DEO.BA": 22350,
  "DESP.BA": 22600,
  "DHR.BA": 4540,
  "DIA.BA": 28700,
  "DISN.BA": 13050,
  "DOCU.BA": 4650,
  "DOW.BA": 6100,
  "DTEA.BA": 0,
  "E.BA": 10625,
  "EA.BA": 13900,
  "EBAY.BA": 50750,
  "EBR.BA": 36150,
  "EEM.BA": 12750,
  "EFX.BA": 21250,
  "ELP.BA": 32925,
  "EOAN.BA": 236.04100037,
  "EQNR.BA": 5550,
  "ERIC.BA": 4800,
  "ERJ.BA": 63850,
  "ETHA.BA": 6970,
  "ETSY.BA": 4800,
  "EWJ.BA": 6670,
  "EWZ.BA": 17450,
  "F.BA": 14450,
  "FCX.BA": 19350,
  "FDX.BA": 29275,
  "FMCC.BA": 0,
  "FMX.BA": 21450,
  "FMX.B.BA": 0,
  "FNMA.BA": 13000,
  "FSLR.BA": 12650,
  "FXI.BA": 9870,
  "GE.BA": 42650,
  "GFI.BA": 31375,
  "GGB.BA": 14750,
  "GILD.BA": 35025,
  "GLD.BA": 8000,
  "GLOB.BA": 6040,
  "GLW.BA": 17475,
  "GM.BA": 11450,
  "GOOGL.BA": 4125,
  "GPRK.BA": 8630,
  "GRMN.BA": 98750,
  "GS.BA": 70550,
  "GSK.BA": 11725,
  "GT.BA": 6920,
  "HAL.BA": 13775,
  "HAPV3.BA": 7660,
  "HD.BA": 14550,
  "HDB.BA": 48875,
  "HHPD.BA": 0,
  "HL.BA": 7490,
  "HMC.BA": 38825,
  "HMY.BA": 18100,
  "HNPIY.BA": 6140,
  "HOG.BA": 10150,
  "HON.BA": 38250,
  "HPQ.BA": 32400,
  "HSBC.BA": 40800,
  "HSY.BA": 10525,
  "HUT.BA": 140050,
  "HWM.BA": 247550,
  "IBB.BA": 6200,
  "IBIT.BA": 8650,
  "IBM.BA": 24750,
  "IBN.BA": 43150,
  "IEUR.BA": 7730,
  "IFF.BA": 8180,
  "IJH.BA": 6870,
  "INFY.BA": 23525,
  "ING.BA": 9810,
  "INTC.BA": 6000,
  "IP.BA": 16275,
  "ISRG.BA": 7410,
  "ITUB.BA": 8140,
  "ITUB3.BA": 7300,
  "IVE.BA": 6370,
  "IVW.BA": 7260,
  "IWM.BA": 28800,
  "JBSS3.BA": 8320,
  "JCI.BA": 61900,
  "JD.BA": 11000,
  "JMIA.BA": 6020,
  "JNJ.BA": 14150,
  "JOYY.BA": 13925,
  "JPM.BA": 25125,
  "KB.BA": 52700,
  "KEP.BA": 16950,
  "KGC.BA": 19800,
  "KMB.BA": 27525,
  "KO.BA": 18125,
  "KOFM.BA": 58750,
  "LAC.BA": 4210,
  "LAR.BA": 3490,
  "LFC.BA": 1074.5,
  "LLY.BA": 17875,
  "LMT.BA": 30000,
  "LMT.B.BA": 0,
  "LRCX.BA": 2310,
  "LVS.BA": 31600,
  "LYG.BA": 2700,
  "MA.BA": 21775,
  "MBG.BA": 3807.20898438,
  "MBT.BA": 650,
  "MCD.BA": 16000,
  "MDLZ.BA": 6030,
  "MDT.BA": 28975,
  "MELI.BA": 26100,
  "META.BA": 38025,
  "MFG.BA": 7200,
  "MGLU3.BA": 1830,
  "MMC.BA": 17200,
  "MMM.BA": 19950,
  "MO.BA": 18800,
  "MOS.BA": 9370,
  "MRK.BA": 20725,
  "MRNA.BA": 2115,
  "MRVL.BA": 6920,
  "MSFT.BA": 22025,
  "MSI.BA": 27200,
  "MSTR.BA": 27575,
  "MU.BA": 29675,
  "MUFG.BA": 17250,
  "MUX.BA": 7030,
  "NEC1.BA": 0,
  "NEM.BA": 25075,
  "NFLX.BA": 32675,
  "NG.BA": 28000,
  "NGG.BA": 46325,
  "NIO.BA": 1420,
  "NKE.BA": 7810,
  "NLM.BA": 0,
  "NMR.BA": 8130,
  "NOKA.BA": 6180,
  "NOW.BA": 7230,
  "NSAN.BA": 1545,
  "NTCO.BA": 6200,
  "NTCO3.BA": 2495,
  "NTES.BA": 12625,
  "NU.BA": 8480,
  "NUE.BA": 11350,
  "NVDA.BA": 9300,
  "NVS.BA": 36950,
  "NXE.BA": 8910,
  "ORAN.BA": 13200,
  "ORCL.BA": 106150,
  "ORLY.BA": 536,
  "OXY.BA": 11325,
  "PAAS.BA": 12100,
  "PAC.BA": 18325,
  "PAGS.BA": 3425,
  "PANW.BA": 5050,
  "PATH.BA": 8130,
  "PBI.BA": 15500,
  "PBR.BA": 15600,
  "PCAR.BA": 40500,
  "PCRF.BA": 0,
  "PDD.BA": 5630,
  "PEP.BA": 10300,
  "PETR3.BA": 7850,
  "PFE.BA": 7920,
  "PG.BA": 13425,
  "PHG.BA": 6350,
  "PINS.BA": 6890,
  "PKS.BA": 23950,
  "PLTR.BA": 66300,
  "PM.BA": 12875,
  "PSO.BA": 0,
  "PSQ.BA": 5370,
  "PSX.BA": 27200,
  "PYPL.BA": 12000,
  "QCOM.BA": 18250,
  "QQQ.BA": 36400,
  "RACE.BA": 7870,
  "RBLX.BA": 80500,
  "RCTB4.BA": 0,
  "RGTI.BA": 11100,
  "RIO.BA": 9790,
  "RIOT.BA": 5930,
  "ROKU.BA": 9270,
  "ROST.BA": 42075,
  "RTX.BA": 39275,
  "SAN.BA": 43575,
  "SAP.BA": 66000,
  "SATL.BA": 4520,
  "SBS.BA": 51050,
  "SBSP3.BA": 25450,
  "SBUX.BA": 10125,
  "SCCO.BA": 62600,
  "SCHW.BA": 0,
  "SDA.BA": 1530,
  "SE.BA": 6830,
  "SH.BA": 6360,
  "SHEL.BA": 45575,
  "SHOP.BA": 1520,
  "SID.BA": 14500,
  "SIEGY.BA": 6695.81591797,
  "SLB.BA": 14400,
  "SLV.BA": 7480,
  "SMH.BA": 7500,
  "SMSN.BA": 13143.82421875,
  "SNA.BA": 72600,
  "SNAP.BA": 13000,
  "SNOW.BA": 9370,
  "SONY.BA": 3860,
  "SPCE.BA": 10000,
  "SPGI.BA": 15075,
  "SPOT.BA": 32100,
  "SPXL.BA": 9350,
  "SPY.BA": 40675,
  "STLA.BA": 2395,
  "STNE.BA": 5910,
  "SUZ.BA": 11700,
  "SUZB3.BA": 11600,
  "SWKS.BA": 4505,
  "SYY.BA": 12675,
  "T.BA": 11650,
  "TCOM.BA": 41100,
  "TEAM.BA": 5380,
  "TEFO.BA": 824,
  "TEM.BA": 6550,
  "TEN.BA": 47500,
  "TGT.BA": 5570,
  "TIIAY.BA": 0,
  "TIMB.BA": 23575,
  "TIMS3.BA": 5110,
  "TJX.BA": 7200,
  "TM.BA": 14600,
  "TMO.BA": 24350,
  "TMUS.BA": 8830,
  "TRIP.BA": 11300,
  "TRVV.BA": 57450,
  "TSLA.BA": 28450,
  "TSM.BA": 34675,
  "TTE.BA": 26550,
  "TTM.BA": 8651,
  "TV.BA": 885,
  "TWLO.BA": 4715,
  "TXN.BA": 56100,
  "TXR.BA": 9820,
  "UAL.BA": 23900,
  "UBER.BA": 58750,
  "UGP.BA": 3655,
  "UL.BA": 25775,
  "UNH.BA": 11100,
  "UNP.BA": 14575,
  "UPST.BA": 20300,
  "URA.BA": 10575,
  "URBN.BA": 46625,
  "USB.BA": 11875,
  "V.BA": 25100,
  "VALE.BA": 6320,
  "VALE3.BA": 12750,
  "VEA.BA": 7360,
  "VIG.BA": 6860,
  "VIST.BA": 19250,
  "VIV.BA": 14350,
  "VIVT3.BA": 7100,
  "VOD.BA": 14150,
  "VRSN.BA": 61100,
  "VRTX.BA": 5880,
  "VST.BA": 9580,
  "VZ.BA": 13250,
  "WBA.BA": 4950,
  "WBO.BA": 2215,
  "WEGE3.BA": 9770,
  "WFC.BA": 20875,
  "WMT.BA": 6820,
  "X.BA": 21550,
  "XLB.BA": 6470,
  "XLC.BA": 7250,
  "XLE.BA": 55650,
  "XLF.BA": 34125,
  "XLI.BA": 7000,
  "XLK.BA": 7330,
  "XLP.BA": 6570,
  "XLRE.BA": 6040,
  "XLU.BA": 7210,
  "XLV.BA": 5910,
  "XLY.BA": 6670,
  "XOM.BA": 13950,
  "XP.BA": 5560,
  "XPEV.BA": 5930,
  "XROX.BA": 6530,
  "XYZ.BA": 4735,
  "YELP.BA": 22225,
  "YZCA.BA": 0.007,
  "ZM.BA": 2045,
  "ALUA.BA": 723,
  "ALUAC.BA": 0.54699999,
  "ALUAD.BA": 0.55900002,
  "BBAR.BA": 6480,
  "BBARC.BA": 5.05999994,
  "BBARD.BA": 5.03999996,
  "BMA.BA": 8370,
  "BMA.C.BA": 6.46000004,
  "BMA.D.BA": 6.5,
  "BYMA.BA": 193.75,
  "BYMAC.BA": 0.152,
  "BYMAD.BA": 0.15000001,
  "CEPU.BA": 1475,
  "COME.BA": 114.5,
  "CRES.BA": 1410,
  "CRESC.BA": 0.32300001,
  "EDN.BA": 1625,
  "EDNC.BA": 1.25,
  "GGAL.BA": 6100,
  "GGALC.BA": 4.71999979,
  "GGALD.BA": 4.7249999,
  "IRSAC.BA": 0,
  "IRSAD.BA": 1.46000004,
  "LOMA.BA": 2735,
  "LOMAD.BA": 2.13499999,
  "MIRG.BA": 21775,
  "PAMP.BA": 3695,
  "SUPV.BA": 2515,
  "SUPVD.BA": 1.95500004,
  "TECO2.BA": 2350,
  "TECOC.BA": 1.78999996,
  "TGNO4.BA": 2990,
  "TGSU2.BA": 6730,
  "TRAN.BA": 2385,
  "TXAR.BA": 657,
  "TXARD.BA": 0.50999999,
  "VALO.BA": 337.5,
  "VALOC.BA": 0.26199999,