{
  "AAL.BA": 7440,
  "AAP.BA": 5360,
  "AAPL.BA": 13800,
  "ABBV.BA": 24500,
  "ABEV.BA": 9180,
  "ABEV3.BA": 3075,
  "ABNB.BA": 12100,
  "ABT.BA": 40875,
  "ACN.BA": 4870,
  "ADBE.BA": 10875,
  "ADGO.BA": 12175,
  "ADI.BA": 19525,
  "ADP.BA": 66450,
  "ADS.BA": 3942.14794922,
  "AEG.BA": 9370,
  "AEM.BA": 27250,
  "AHP.BA": 28.79999924,
  "AI.BA": 6730,
  "AIG.BA": 20675,
  "AKO.B.BA": 27625,
  "AMAT.BA": 47850,
  "AMD.BA": 21450,
  "AMGN.BA": 13150,
  "AMX.BA": 23750,
  "AMZN.BA": 2075,
  "ANF.BA": 118800,
  "ARCO.BA": 18550,
  "ARKK.BA": 9920,
  "ARM.BA": 7870,
  "ASML.BA": 6300,
  "ASR.BA": 19550,
  "AVGO.BA": 9600,
  "AVY.BA": 12700,
  "AXP.BA": 26850,
  "AZN.BA": 46900,
  "B.BA": 14025,
  "BA.BA": 12475,
  "BA.C.BA": 15675,
  "BABA.BA": 17200,
  "BAK.BA": 2125,
  "BAS.BA": 3197.76855469,
  "BAYN.BA": 3323.26293945,
  "BB.BA": 1660,
  "BBD.BA": 3580,
  "BBDC3.BA": 3130,
  "BBV.BA": 19950,
  "BCS.BA": 25350,
  "BHP.BA": 34250,
  "BIDU.BA": 10625,
  "BIIB.BA": 13025,
  "BIOX.BA": 4825,
  "BITF.BA": 7980,
  "BK.BA": 65100,
  "BKNG.BA": 10200,
  "BKR.BA": 8310,
  "BMY.BA": 20875,
  "BNG.BA": 19875,
  "BP.BA": 8270,
  "BPA11.BA": 9110,
  "BRFS.BA": 14425,
  "BRKB.BA": 28425,
  "BSBR.BA": 6140,
  "BSN.BA": 613.31298828,
  "C.BA": 41275,
  "CAAP.BA": 104400,
  "CAH.BA": 67650,
  "CAJ.BA": 4045.5,
  "CAR.BA": 10200,
  "CAT.BA": 27950,
  "CBRD.BA": 459,
  "CCL.BA": 12675,
  "CDE.BA": 12000,
  "CEG.BA": 9360,
  "CIBR.BA": 9650,
  "CL.BA": 37850,
  "CLS.BA": 10975,
  "COIN.BA": 18725,
  "COST.BA": 25125,
  "CRM.BA": 19300,
  "CSCO.BA": 17700,
  "CSNA3.BA": 1965,
  "CVS.BA": 5320,
  "CVX.BA": 12475,
  "CX.BA": 10775,
  "DAL.BA": 8810,
  "DD.BA": 19500,
  "DE.BA": 16700,
  "DECK.BA": 6060,
  "DEO.BA": 22975,
  "DESP.BA": 22600,
  "DHR.BA": 4900,
  "DIA.BA": 28950,
  "DISN.BA": 13050,
  "DOCU.BA": 4660,
  "DOW.BA": 5480,
  "DTEA.BA": 0,
  "E.BA": 11200,
  "EA.BA": 13925,
  "EBAY.BA": 52750,
  "EBR.BA": 35550,
  "EEM.BA": 12800,
  "EFX.BA": 19900,
  "ELP.BA": 32450,
  "EOAN.BA": 236.04100037,
  "EQNR.BA": 5440,
  "ERIC.BA": 4835,
  "ERJ.BA": 61750,
  "ETHA.BA": 7140,
  "ETSY.BA": 4990,
  "EWJ.BA": 6990,
  "EWZ.BA": 17375,
  "F.BA": 14750,
  "FCX.BA": 19275,
  "FDX.BA": 31350,
  "FMCC.BA": 0,
  "FMX.BA": 21175,
  "FMX.B.BA": 0,
  "FNMA.BA": 10900,
  "FSLR.BA": 13250,
  "FXI.BA": 9980,
  "GE.BA": 43825,
  "GFI.BA": 31875,
  "GGB.BA": 15700,
  "GILD.BA": 37575,
  "GLD.BA": 7950,
  "GLOB.BA": 6680,
  "GLW.BA": 17825,
  "GM.BA": 11450,
  "GOOGL.BA": 4285,
  "GPRK.BA": 8670,
  "GRMN.BA": 101450,
  "GS.BA": 72400,
  "GSK.BA": 12200,
  "GT.BA": 7010,
  "HAL.BA": 14600,
  "HAPV3.BA": 7510,
  "HD.BA": 15075,
  "HDB.BA": 50200,
  "HHPD.BA": 0,
  "HL.BA": 7950,
  "HMC.BA": 42650,
  "HMY.BA": 18125,
  "HNPIY.BA": 6140,
  "HOG.BA": 10525,
  "HON.BA": 36150,
  "HPQ.BA": 33125,
  "HSBC.BA": 41925,
  "HSY.BA": 11450,
  "HUT.BA": 131700,
  "HWM.BA": 244750,
  "IBB.BA": 6490,
  "IBIT.BA": 8570,
  "IBM.BA": 22325,
  "IBN.BA": 43925,
  "IEUR.BA": 7850,
  "IFF.BA": 8200,
  "IJH.BA": 6930,
  "INFY.BA": 22400,
  "ING.BA": 10275,
  "INTC.BA": 5360,
  "IP.BA": 17500,
  "ISRG.BA": 7150,
  "ITUB.BA": 8190,
  "ITUB3.BA": 7240,
  "IVE.BA": 6460,
  "IVW.BA": 7330,
  "IWM.BA": 28900,
  "JBSS3.BA": 8320,
  "JCI.BA": 61900,
  "JD.BA": 10675,
  "JMIA.BA": 6270,
  "JNJ.BA": 14450,
  "JOYY.BA": 13225,
  "JPM.BA": 25650,
  "KB.BA": 55500,
  "KEP.BA": 17850,
  "KGC.BA": 20750,
  "KMB.BA": 27300,
  "KO.BA": 17875,
  "KOFM.BA": 55000,
  "LAC.BA": 3955,
  "LAR.BA": 4130,
  "LFC.BA": 1074.5,
  "LLY.BA": 18700,
  "LMT.BA": 27225,
  "LRCX.BA": 2220,
  "LVS.BA": 33775,
  "LYG.BA": 2750,
  "MA.BA": 22275,
  "MBG.BA": 3807.20898438,
  "MBT.BA": 650,
  "MCD.BA": 16025,
  "MDLZ.BA": 6040,
  "MDT.BA": 30000,
  "MELI.BA": 25375,
  "META.BA": 38300,
  "MFG.BA": 7910,
  "MGLU3.BA": 1750,
  "MMC.BA": 17000,
  "MMM.BA": 19475,
  "MO.BA": 19275,
  "MOS.BA": 9540,
  "MRK.BA": 21900,
  "MRNA.BA": 2305,
  "MRVL.BA": 6880,
  "MSFT.BA": 22125,
  "MSI.BA": 27625,
  "MSTR.BA": 26300,
  "MU.BA": 28700,
  "MUFG.BA": 18900,
  "MUX.BA": 7350,
  "NATU3.BA": 2105,
  "NEC1.BA": 0,
  "NEM.BA": 28225,
  "NFLX.BA": 31725,
  "NG.BA": 27850,
  "NGG.BA": 46425,
  "NIO.BA": 1580,
  "NKE.BA": 8210,
  "NLM.BA": 0,
  "NMR.BA": 8710,
  "NOKA.BA": 5590,
  "NOW.BA": 7270,
  "NSAN.BA": 1545,
  "NTCO.BA": 6200,
  "NTES.BA": 12425,
  "NU.BA": 8230,
  "NUE.BA": 11725,
  "NVDA.BA": 9320,
  "NVS.BA": 37975,
  "NXE.BA": 9210,
  "ORAN.BA": 13200,
  "ORCL.BA": 105550,
  "ORLY.BA": 570,
  "OXY.BA": 11525,
  "PAAS.BA": 12525,
  "PAC.BA": 18050,
  "PAGS.BA": 3500,
  "PANW.BA": 5250,
  "PATH.BA": 7860,
  "PBI.BA": 15825,
  "PBR.BA": 16275,
  "PCAR.BA": 43650,
  "PCRF.BA": 0,
  "PDD.BA": 6130,
  "PEP.BA": 10300,
  "PETR3.BA": 8160,
  "PFE.BA": 7990,
  "PG.BA": 13625,
  "PHG.BA": 6730,
  "PINS.BA": 6950,
  "PKS.BA": 25725,
  "PLTR.BA": 68350,
  "PM.BA": 11550,
  "PSO.BA": 0,
  "PSQ.BA": 5310,
  "PSX.BA": 26850,
  "PYPL.BA": 12600,
  "QCOM.BA": 18575,
  "QQQ.BA": 36575,
  "RACE.BA": 8020,
  "RBLX.BA": 76700,
  "RCTB4.BA": 0,
  "RGTI.BA": 10000,
  "RIO.BA": 10125,
  "RIOT.BA": 6270,
  "ROKU.BA": 8920,
  "ROST.BA": 44525,
  "RTX.BA": 40425,
  "SAN.BA": 46325,
  "SAP.BA": 61800,
  "SATL.BA": 4555,
  "SBS.BA": 49850,
  "SBSP3.BA": 24725,
  "SBUX.BA": 10150,
  "SCCO.BA": 63400,
  "SCHW.BA": 0,
  "SDA.BA": 1505,
  "SE.BA": 6330,
  "SH.BA": 6260,
  "SHEL.BA": 46450,
  "SHOP.BA": 1490,
  "SID.BA": 15750,
  "SIEGY.BA": 6695.81591797,
  "SLB.BA": 15300,
  "SLV.BA": 7460,
  "SMH.BA": 7440,
  "SMSN.BA": 13143.82421875,
  "SNA.BA": 70900,
  "SNAP.BA": 12550,
  "SNOW.BA": 9460,
  "SONY.BA": 3995,
  "SPCE.BA": 10600,
  "SPGI.BA": 15325,
  "SPOT.BA": 31950,
  "SPXL.BA": 9730,
  "SPY.BA": 41125,
  "STLA.BA": 2605,
  "STNE.BA": 5770,
  "SUZ.BA": 12225,
  "SUZB3.BA": 12225,
  "SWKS.BA": 4220,
  "SYY.BA": 12900,
  "T.BA": 12100,
  "TCOM.BA": 41525,
  "TEAM.BA": 5560,
  "TEFO.BA": 857,
  "TEM.BA": 6920,
  "TEN.BA": 49050,
  "TGT.BA": 5720,
  "TIIAY.BA": 0,
  "TIMB.BA": 23175,
  "TIMS3.BA": 4590,
  "TJX.BA": 7390,
  "TM.BA": 16150,
  "TMO.BA": 28000,
  "TMUS.BA": 9470,
  "TRIP.BA": 11450,
  "TRVV.BA": 56250,
  "TSLA.BA": 27175,
  "TSM.BA": 35225,
  "TTE.BA": 26025,
  "TTM.BA": 8651,
  "TV.BA": 1000,
  "TWLO.BA": 4685,
  "TXN.BA": 47775,
  "TXR.BA": 10225,
  "UAL.BA": 23500,
  "UBER.BA": 58800,
  "UGP.BA": 3880,
  "UL.BA": 25975,
  "UNH.BA": 10975,
  "UNP.BA": 14525,
  "UPST.BA": 21600,
  "URA.BA": 10800,
  "URBN.BA": 48550,
  "USB.BA": 11900,
  "V.BA": 25600,
  "VALE.BA": 6450,
  "VALE3.BA": 12775,
  "VEA.BA": 7470,
  "VIG.BA": 6930,
  "VIST.BA": 19125,
  "VIV.BA": 14275,
  "VIVT3.BA": 7170,
  "VOD.BA": 14650,
  "VRSN.BA": 65700,
  "VRTX.BA": 6010,
  "VST.BA": 9500,
  "VZ.BA": 13875,
  "WBA.BA": 4970,
  "WBO.BA": 2165,
  "WEGE3.BA": 8790,
  "WFC.BA": 21700,
  "WMT.BA": 6980,
  "X.BA": 21550,
  "XLB.BA": 6600,
  "XLC.BA": 7280,
  "XLE.BA": 56150,
  "XLF.BA": 34425,
  "XLI.BA": 7160,
  "XLK.BA": 7340,
  "XLP.BA": 6550,
  "XLRE.BA": 6120,
  "XLU.BA": 7270,
  "XLV.BA": 6050,
  "XLY.BA": 6720,
  "XOM.BA": 14275,
  "XP.BA": 5330,
  "XPEV.BA": 6080,
  "XROX.BA": 7860,
  "XYZ.BA": 5200,
  "YELP.BA": 22450,
  "YZCA.BA": 0.007,
  "ZM.BA": 2050,
  "ALUA.BA": 711,
  "ALUAC.BA": 0.54400003,
  "ALUAD.BA": 0.55400002,
  "BBAR.BA": 6850,
  "BBARC.BA": 5.0999999,
  "BBARD.BA": 5.32000017,
  "BMA.BA": 9190,
  "BMA.C.BA": 7.3499999,
  "BMA.D.BA": 7.17999983,
  "BYMA.BA": 192.75,
  "BYMAC.BA": 0.161,
  "BYMAD.BA": 0.15099999,
  "CEPU.BA": 1565,
  "COME.BA": 116,
  "CRES.BA": 1475,
  "CRESC.BA": 0.32300001,
  "EDN.BA": 1715,
  "EDNC.BA": 1.255,
  "GGAL.BA": 6640,
  "GGALC.BA": 5.09000015,
  "GGALD.BA": 5.17999983,
  "IRSAC.BA": 0,
  "IRSAD.BA": 1.54499996,
  "LOMA.BA": 3010,
  "LOMAD.BA": 2.39499998,
  "MIRG.BA": 22800,
  "PAMP.BA": 3840,
  "SUPV.BA": 2660,
  "SUPVD.BA": 2.06999993,
  "TECO2.BA": 2445,
  "TECOC.BA": 1.78999996,
  "TGNO4.BA": 3280,
  "TGSU2.BA": 7150,
  "TRAN.BA": 2545,
  "TXAR.BA": 660,
  "TXARD.BA": 0.514,
  "VALO.BA": 352.5,
  "VALOC.BA": 0.25760001,
  "VALOD.BA": 0.271,