{
  "AAL.BA": 8360,
  "AAP.BA": 5340,
  "AAPL.BA": 15250,
  "ABBV.BA": 26850,
  "ABEV.BA": 8630,
  "ABEV3.BA": 2965,
  "ABNB.BA": 10900,
  "ABT.BA": 42300,
  "ACN.BA": 4310,
  "ACWI.BA": 6750,
  "ADBE.BA": 10400,
  "ADGO.BA": 11975,
  "ADI.BA": 20575,
  "ADP.BA": 65750,
  "ADS.BA": 3942.14794922,
  "AEG.BA": 9880,
  "AEM.BA": 28900,
  "AHP.BA": 28.79999924,
  "AI.BA": 4735,
  "AIG.BA": 20950,
  "AKO.B.BA": 31675,
  "AMAT.BA": 49675,
  "AMD.BA": 23725,
  "AMGN.BA": 12650,
  "AMX.BA": 24675,
  "AMZN.BA": 2110,
  "ANF.BA": 128200,
  "ARCO.BA": 19625,
  "ARKK.BA": 10050,
  "ARM.BA": 7150,
  "ASML.BA": 6790,
  "ASR.BA": 20825,
  "AVGO.BA": 10475,
  "AVY.BA": 12975,
  "AXP.BA": 26875,
  "AZN.BA": 51300,
  "B.BA": 15500,
  "BA.BA": 12800,
  "BA.C.BA": 15575,
  "BABA.BA": 17775,
  "BAK.BA": 1900,
  "BAS.BA": 3197.76855469,
  "BAYN.BA": 3323.26293945,
  "BB.BA": 1585,
  "BBD.BA": 3845,
  "BBDC3.BA": 3370,
  "BBV.BA": 24875,
  "BCS.BA": 26975,
  "BHP.BA": 35200,
  "BIDU.BA": 10525,
  "BIIB.BA": 13550,
  "BIOX.BA": 3925,
  "BITF.BA": 8300,
  "BK.BA": 67650,
  "BKNG.BA": 10275,
  "BKR.BA": 8080,
  "BMY.BA": 20925,
  "BNG.BA": 21525,
  "BP.BA": 8890,
  "BPA11.BA": 10725,
  "BRFS.BA": 13425,
  "BRKB.BA": 28550,
  "BSBR.BA": 6510,
  "BSN.BA": 613.31298828,
  "C.BA": 41675,
  "CAAP.BA": 111450,
  "CAH.BA": 65850,
  "CAJ.BA": 4045.5,
  "CAR.BA": 7990,
  "CAT.BA": 27400,
  "CBRD.BA": 459,
  "CCL.BA": 13100,
  "CDE.BA": 15100,
  "CEG.BA": 9550,
  "CIBR.BA": 9430,
  "CL.BA": 37000,
  "CLS.BA": 12900,
  "COIN.BA": 15725,
  "COST.BA": 26675,
  "CRM.BA": 17000,
  "CSCO.BA": 18150,
  "CSNA3.BA": 1730,
  "CVS.BA": 5910,
  "CVX.BA": 12750,
  "CX.BA": 11100,
  "DAL.BA": 9600,
  "DD.BA": 19250,
  "DE.BA": 15750,
  "DECK.BA": 5450,
  "DEO.BA": 24075,
  "DESP.BA": 22600,
  "DHR.BA": 5070,
  "DIA.BA": 29375,
  "DISN.BA": 12700,
  "DOCU.BA": 4120,
  "DOW.BA": 5100,
  "DTEA.BA": 0,
  "E.BA": 11550,
  "EA.BA": 16800,
  "EBAY.BA": 64550,
  "EBR.BA": 42875,
  "EEM.BA": 13025,
  "EFA.BA": 6690,
  "EFX.BA": 20225,
  "ELP.BA": 35475,
  "EOAN.BA": 236.04100037,
  "EQNR.BA": 5280,
  "ERIC.BA": 4960,
  "ERJ.BA": 78250,
  "ETHA.BA": 9030,
  "ETSY.BA": 5580,
  "EWJ.BA": 7390,
  "EWZ.BA": 18250,
  "F.BA": 15000,
  "FCX.BA": 18450,
  "FDX.BA": 30350,
  "FMCC.BA": 0,
  "FMX.BA": 18475,
  "FMX.B.BA": 0,
  "FNMA.BA": 15000,
  "FSLR.BA": 13125,
  "FXI.BA": 10050,
  "GDX.BA": 7580,
  "GE.BA": 44250,
  "GFI.BA": 38975,
  "GGB.BA": 15450,
  "GILD.BA": 38900,
  "GLD.BA": 8050,
  "GLOB.BA": 5690,
  "GLW.BA": 21500,
  "GM.BA": 12275,
  "GOOGL.BA": 4570,
  "GPRK.BA": 8690,
  "GRMN.BA": 102850,
  "GS.BA": 75450,
  "GSK.BA": 12625,
  "GT.BA": 5600,
  "HAL.BA": 14025,
  "HAPV3.BA": 9290,
  "HD.BA": 16375,
  "HDB.BA": 48225,
  "HHPD.BA": 0,
  "HL.BA": 10000,
  "HMC.BA": 43600,
  "HMY.BA": 19925,
  "HNPIY.BA": 6140,
  "HOG.BA": 11925,
  "HON.BA": 35700,
  "HPQ.BA": 35425,
  "HSBC.BA": 42775,
  "HSY.BA": 11150,
  "HUT.BA": 155550,
  "HWM.BA": 231050,
  "IBB.BA": 6680,
  "IBIT.BA": 8800,
  "IBM.BA": 20725,
  "IBN.BA": 42725,
  "IEMG.BA": 6790,
  "IEUR.BA": 7970,
  "IFF.BA": 7190,
  "IJH.BA": 7000,
  "INFY.BA": 21425,
  "ING.BA": 10950,
  "INTC.BA": 6240,
  "IP.BA": 15500,
  "ISRG.BA": 7180,
  "ITUB.BA": 9110,
  "ITUB3.BA": 8070,
  "IVE.BA": 6600,
  "IVW.BA": 7610,
  "IWM.BA": 29900,
  "JBSS3.BA": 8320,
  "JCI.BA": 68150,
  "JD.BA": 10400,
  "JMIA.BA": 10075,
  "JNJ.BA": 15275,
  "JOYY.BA": 13250,
  "JPM.BA": 25700,
  "KB.BA": 55100,
  "KEP.BA": 18025,
  "KGC.BA": 24850,
  "KMB.BA": 29075,
  "KO.BA": 18200,
  "KOFM.BA": 54700,
  "LAC.BA": 3765,
  "LAR.BA": 4385,
  "LFC.BA": 1074.5,
  "LLY.BA": 15975,
  "LMT.BA": 28600,
  "LRCX.BA": 2500,
  "LVS.BA": 35575,
  "LYG.BA": 3015,
  "MA.BA": 23225,
  "MBG.BA": 3807.20898438,
  "MBT.BA": 650,
  "MCD.BA": 16825,
  "MDLZ.BA": 5380,
  "MDT.BA": 30150,
  "MELI.BA": 25375,
  "META.BA": 42750,
  "MFG.BA": 8500,
  "MGLU3.BA": 1650,
  "MMC.BA": 16950,
  "MMM.BA": 20600,
  "MO.BA": 21425,
  "MOS.BA": 8420,
  "MRK.BA": 21750,
  "MRNA.BA": 1855,
  "MRVL.BA": 7400,
  "MSFT.BA": 22850,
  "MSI.BA": 30175,
  "MSTR.BA": 24400,
  "MU.BA": 32875,
  "MUFG.BA": 20150,
  "MUX.BA": 6850,
  "NATU3.BA": 2155,
  "NEC1.BA": 0,
  "NEM.BA": 29800,
  "NFLX.BA": 33600,
  "NG.BA": 31375,
  "NGG.BA": 46925,
  "NIO.BA": 1460,
  "NKE.BA": 8360,
  "NLM.BA": 0,
  "NMR.BA": 9480,
  "NOKA.BA": 5380,
  "NOW.BA": 6480,
  "NSAN.BA": 1545,
  "NTCO.BA": 6200,
  "NTES.BA": 12175,
  "NU.BA": 7850,
  "NUE.BA": 11850,
  "NVDA.BA": 9940,
  "NVS.BA": 40125,
  "NXE.BA": 8810,
  "ORAN.BA": 13200,
  "ORCL.BA": 106950,
  "ORLY.BA": 607,
  "OXY.BA": 11725,
  "PAAS.BA": 13750,
  "PAC.BA": 19950,
  "PAGS.BA": 3845,
  "PANW.BA": 4560,
  "PATH.BA": 7060,
  "PBI.BA": 14700,
  "PBR.BA": 15825,
  "PCAR.BA": 43550,
  "PCRF.BA": 0,
  "PDD.BA": 6000,
  "PEP.BA": 10800,
  "PETR3.BA": 8070,
  "PFE.BA": 8200,
  "PG.BA": 13425,
  "PHG.BA": 7110,
  "PINS.BA": 6810,
  "PKS.BA": 23950,
  "PLTR.BA": 79200,
  "PM.BA": 12075,
  "PSO.BA": 0,
  "PSQ.BA": 5290,
  "PSX.BA": 26875,
  "PYPL.BA": 11375,
  "QCOM.BA": 18825,
  "QQQ.BA": 38025,
  "RACE.BA": 7120,
  "RBLX.BA": 82200,
  "RCTB4.BA": 0,
  "RGTI.BA": 11750,
  "RIO.BA": 9970,
  "RIOT.BA": 5320,
  "ROKU.BA": 8850,
  "ROST.BA": 48700,
  "RTX.BA": 40375,
  "SAN.BA": 50500,
  "SAP.BA": 60800,
  "SATL.BA": 4880,
  "SBS.BA": 56800,
  "SBSP3.BA": 26750,
  "SBUX.BA": 10150,
  "SCCO.BA": 63500,
  "SCHW.BA": 0,
  "SDA.BA": 1500,
  "SE.BA": 7090,
  "SH.BA": 6290,
  "SHEL.BA": 47000,
  "SHOP.BA": 1770,
  "SID.BA": 14000,
  "SIEGY.BA": 6695.81591797,
  "SLB.BA": 14475,
  "SLV.BA": 7560,
  "SMH.BA": 7940,
  "SMSN.BA": 13143.82421875,
  "SNA.BA": 70800,
  "SNAP.BA": 9280,
  "SNOW.BA": 8540,
  "SONY.BA": 4530,
  "SPCE.BA": 7930,
  "SPGI.BA": 16350,
  "SPOT.BA": 32700,
  "SPXL.BA": 10150,
  "SPY.BA": 42275,
  "STLA.BA": 2525,
  "STNE.BA": 6670,
  "SUZ.BA": 13050,
  "SUZB3.BA": 13450,
  "SWKS.BA": 4700,
  "SYY.BA": 13250,
  "T.BA": 12500,
  "TCOM.BA": 39450,
  "TEAM.BA": 4590,
  "TEFO.BA": 904,
  "TEM.BA": 7820,
  "TEN.BA": 47200,
  "TGT.BA": 5650,
  "TIIAY.BA": 0,
  "TIMB.BA": 27025,
  "TIMS3.BA": 5450,
  "TJX.BA": 7734.48974609,
  "TM.BA": 16750,
  "TMO.BA": 28975,
  "TMUS.BA": 9800,
  "TRIP.BA": 11850,
  "TRVV.BA": 58500,
  "TSLA.BA": 29275,
  "TSM.BA": 35025,
  "TTE.BA": 26900,
  "TTM.BA": 8651,
  "TV.BA": 1040,
  "TWLO.BA": 3655,
  "TXN.BA": 50850,
  "TXR.BA": 10525,
  "UAL.BA": 25900,
  "UBER.BA": 60000,
  "UGP.BA": 4280,
  "UL.BA": 26650,
  "UNH.BA": 10775,
  "UNP.BA": 14475,
  "UPST.BA": 16775,
  "URA.BA": 10250,
  "URBN.BA": 50900,
  "USB.BA": 12300,
  "USO.BA": 6470,
  "V.BA": 25150,
  "VALE.BA": 6470,
  "VALE3.BA": 13025,
  "VEA.BA": 7690,
  "VIG.BA": 7070,
  "VIST.BA": 18050,
  "VIV.BA": 16150,
  "VIVT3.BA": 8050,
  "VOD.BA": 15200,
  "VRSN.BA": 58250,
  "VRTX.BA": 5070,
  "VST.BA": 10250,
  "VZ.BA": 14225,
  "WBA.BA": 5230,
  "WBO.BA": 2465,
  "WEGE3.BA": 9130,
  "WFC.BA": 20825,
  "WMT.BA": 7330,
  "X.BA": 21550,
  "XLB.BA": 6580,
  "XLC.BA": 7700,
  "XLE.BA": 56000,
  "XLF.BA": 34650,
  "XLI.BA": 7050,
  "XLK.BA": 7610,
  "XLP.BA": 6730,
  "XLRE.BA": 5950,
  "XLU.BA": 7520,
  "XLV.BA": 6070,
  "XLY.BA": 7020,
  "XOM.BA": 13950,
  "XP.BA": 5680,
  "XPEV.BA": 6320,
  "XROX.BA": 5460,
  "XYZ.BA": 5010,
  "YELP.BA": 20400,
  "YZCA.BA": 0.007,
  "ZM.BA": 2005,
  "ALUA.BA": 708,
  "ALUAC.BA": 0.53899997,
  "ALUAD.BA": 0.53600001,
  "BBAR.BA": 6860,
  "BBARC.BA": 5.53999996,
  "BBARD.BA": 5.28000021,
  "BMA.BA": 9040,
  "BMA.C.BA": 7.42999983,
  "BMA.D.BA": 6.98000002,
  "BYMA.BA": 195.5,
  "BYMAC.BA": 0.15000001,
  "BYMAD.BA": 0.149,
  "CEPU.BA": 1555,
  "COME.BA": 58.79999924,
  "CRES.BA": 1410,
  "CRESC.BA": 0.32300001,
  "EDN.BA": 1805,
  "EDNC.BA": 1.42499995,
  "EDND.BA": 1.39999998,
  "GGAL.BA": 6450,
  "GGALC.BA": 4.92999983,
  "GGALD.BA": 4.98500013,
  "IRSAC.BA": 1.58000004,
  "IRSAD.BA": 1.59500003,
  "LOMA.BA": 2815,
  "LOMAD.BA": 2.16000009,
  "MIRG.BA": 21625,
  "PAMP.BA": 3910,
  "SUPV.BA": 2600,
  "SUPVD.BA": 2.00999999,
  "TECO2.BA": 2565,
  "TECOC.BA": 2.00500011,