{
  "AAL.BA": 7210,
  "AAP.BA": 4310,
  "AAPL.BA": 13175,
  "ABBV.BA": 23675,
  "ABEV.BA": 9280,
  "ABEV3.BA": 3180,
  "ABNB.BA": 11200,
  "ABT.BA": 41625,
  "ACN.BA": 4990,
  "ADBE.BA": 10700,
  "ADGO.BA": 11350,
  "ADI.BA": 20300,
  "ADP.BA": 63150,
  "ADS.BA": 3942.14794922,
  "AEG.BA": 8950,
  "AEM.BA": 24500,
  "AHP.BA": 28.79999924,
  "AI.BA": 6420,
  "AIG.BA": 20375,
  "AKO.B.BA": 30050,
  "AMAT.BA": 47100,
  "AMD.BA": 17150,
  "AMGN.BA": 12275,
  "AMX.BA": 22425,
  "AMZN.BA": 1900,
  "ANF.BA": 110750,
  "ARCO.BA": 19400,
  "ARKK.BA": 8750,
  "ARM.BA": 6990,
  "ASML.BA": 6780,
  "ASR.BA": 19975,
  "AVGO.BA": 8570,
  "AVY.BA": 12675,
  "AXP.BA": 26975,
  "AZN.BA": 44150,
  "B.BA": 13125,
  "BA.BA": 10950,
  "BA.C.BA": 15050,
  "BABA.BA": 15275,
  "BAK.BA": 2085,
  "BAS.BA": 3197.76855469,
  "BAYN.BA": 3323.26293945,
  "BB.BA": 1725,
  "BBD.BA": 3785,
  "BBDC3.BA": 3180,
  "BBV.BA": 19100,
  "BCS.BA": 22175,
  "BHP.BA": 31350,
  "BIDU.BA": 9730,
  "BIIB.BA": 12750,
  "BIOX.BA": 6120,
  "BITF.BA": 6230,
  "BK.BA": 57000,
  "BKNG.BA": 9910,
  "BKR.BA": 6980,
  "BMY.BA": 19725,
  "BNG.BA": 20200,
  "BP.BA": 7730,
  "BPA11.BA": 9390,
  "BRFS.BA": 13400,
  "BRKB.BA": 27050,
  "BSBR.BA": 6770,
  "BSN.BA": 613.31298828,
  "C.BA": 35900,
  "CAAP.BA": 101250,
  "CAH.BA": 66850,
  "CAJ.BA": 4045.5,
  "CAR.BA": 8450,
  "CAT.BA": 24650,
  "CBRD.BA": 459,
  "CCL.BA": 12200,
  "CDE.BA": 11200,
  "CEG.BA": 8460,
  "CIBR.BA": 9260,
  "CL.BA": 38150,
  "CLS.BA": 9580,
  "COIN.BA": 16275,
  "COST.BA": 25400,
  "CRM.BA": 18525,
  "CSCO.BA": 16975,
  "CSNA3.BA": 1775,
  "CVS.BA": 5480,
  "CVX.BA": 11450,
  "CX.BA": 8930,
  "DAL.BA": 7740,
  "DD.BA": 18100,
  "DE.BA": 16150,
  "DECK.BA": 5280,
  "DEO.BA": 21700,
  "DESP.BA": 22600,
  "DHR.BA": 4655,
  "DIA.BA": 27575,
  "DISN.BA": 12725,
  "DOCU.BA": 4335,
  "DOW.BA": 5890,
  "DTEA.BA": 0,
  "E.BA": 10300,
  "EA.BA": 13875,
  "EBAY.BA": 46975,
  "EBR.BA": 36950,
  "EEM.BA": 12050,
  "EFX.BA": 20375,
  "ELP.BA": 33100,
  "EOAN.BA": 236.04100037,
  "EQNR.BA": 5230,
  "ERIC.BA": 5280,
  "ERJ.BA": 73550,
  "ETHA.BA": 4880,
  "ETSY.BA": 4090,
  "EWJ.BA": 6610,
  "EWZ.BA": 17925,
  "F.BA": 14575,
  "FCX.BA": 18900,
  "FDX.BA": 29600,
  "FMCC.BA": 0,
  "FMX.BA": 22000,
  "FMX.B.BA": 0,
  "FNMA.BA": 13000,
  "FSLR.BA": 11825,
  "FXI.BA": 9100,
  "GE.BA": 37925,
  "GFI.BA": 29925,
  "GGB.BA": 15125,
  "GILD.BA": 34525,
  "GLD.BA": 7680,
  "GLOB.BA": 6280,
  "GLW.BA": 16325,
  "GM.BA": 10850,
  "GOOGL.BA": 3805,
  "GPRK.BA": 8720,
  "GRMN.BA": 88100,
  "GS.BA": 68300,
  "GSK.BA": 11900,
  "GT.BA": 6840,
  "HAL.BA": 13400,
  "HAPV3.BA": 7870,
  "HD.BA": 14450,
  "HDB.BA": 47275,
  "HHPD.BA": 0,
  "HL.BA": 7440,
  "HMC.BA": 36750,
  "HMY.BA": 17725,
  "HNPIY.BA": 6140,
  "HOG.BA": 10450,
  "HON.BA": 37000,
  "HPQ.BA": 31975,
  "HSBC.BA": 37550,
  "HSY.BA": 10450,
  "HUT.BA": 130400,
  "HWM.BA": 216900,
  "IBB.BA": 5970,
  "IBIT.BA": 7740,
  "IBM.BA": 23800,
  "IBN.BA": 41625,
  "IEUR.BA": 7490,
  "IFF.BA": 7850,
  "IJH.BA": 6570,
  "INFY.BA": 23425,
  "ING.BA": 9230,
  "INTC.BA": 5430,
  "IP.BA": 15550,
  "ISRG.BA": 7330,
  "ITUB.BA": 8470,
  "ITUB3.BA": 7590,
  "IVE.BA": 6140,
  "IVW.BA": 6780,
  "IWM.BA": 27375,
  "JBSS3.BA": 8320,
  "JCI.BA": 61900,
  "JD.BA": 10075,
  "JMIA.BA": 5370,
  "JNJ.BA": 12875,
  "JOYY.BA": 12650,
  "JPM.BA": 24150,
  "KB.BA": 52200,
  "KEP.BA": 16300,
  "KGC.BA": 19350,
  "KMB.BA": 27400,
  "KO.BA": 17575,
  "KOFM.BA": 60350,
  "LAC.BA": 3345,
  "LAR.BA": 2895,
  "LFC.BA": 1074.5,
  "LLY.BA": 17225,
  "LMT.BA": 28700,
  "LMT.B.BA": 0,
  "LRCX.BA": 2165,
  "LVS.BA": 29500,
  "LYG.BA": 2510,
  "MA.BA": 21100,
  "MBG.BA": 3807.20898438,
  "MBT.BA": 650,
  "MCD.BA": 15250,
  "MDLZ.BA": 5740,
  "MDT.BA": 27325,
  "MELI.BA": 25425,
  "META.BA": 36875,
  "MFG.BA": 6930,
  "MGLU3.BA": 2045,
  "MMC.BA": 16550,
  "MMM.BA": 19075,
  "MO.BA": 18300,
  "MOS.BA": 9350,
  "MRK.BA": 20400,
  "MRNA.BA": 1975,
  "MRVL.BA": 6570,
  "MSFT.BA": 20300,
  "MSI.BA": 26075,
  "MSTR.BA": 24900,
  "MU.BA": 30150,
  "MUFG.BA": 17050,
  "MUX.BA": 6780,
  "NEC1.BA": 0,
  "NEM.BA": 24875,
  "NFLX.BA": 33225,
  "NG.BA": 22025,
  "NGG.BA": 43825,
  "NIO.BA": 1075,
  "NKE.BA": 7910,
  "NLM.BA": 0,
  "NMR.BA": 8100,
  "NOKA.BA": 6410,
  "NOW.BA": 7300,
  "NSAN.BA": 1545,
  "NTCO.BA": 6200,
  "NTCO3.BA": 2450,
  "NTES.BA": 11750,
  "NU.BA": 8360,
  "NUE.BA": 10800,
  "NVDA.BA": 8120,
  "NVS.BA": 38450,
  "NXE.BA": 8440,
  "ORAN.BA": 13200,
  "ORCL.BA": 94400,
  "ORLY.BA": 520,
  "OXY.BA": 10875,
  "PAAS.BA": 11875,
  "PAC.BA": 18250,
  "PAGS.BA": 3900,
  "PANW.BA": 4870,
  "PATH.BA": 7990,
  "PBI.BA": 13900,
  "PBR.BA": 16075,
  "PCAR.BA": 40975,
  "PCRF.BA": 0,
  "PDD.BA": 5130,
  "PEP.BA": 9410,
  "PETR3.BA": 8050,
  "PFE.BA": 7850,
  "PG.BA": 13325,
  "PHG.BA": 6060,
  "PINS.BA": 6270,
  "PKS.BA": 22300,
  "PLTR.BA": 54550,
  "PM.BA": 12200,
  "PSO.BA": 0,
  "PSQ.BA": 5210,
  "PSX.BA": 26075,
  "PYPL.BA": 11800,
  "QCOM.BA": 18250,
  "QQQ.BA": 34150,
  "RACE.BA": 7320,
  "RBLX.BA": 63650,
  "RCTB4.BA": 0,
  "RGTI.BA": 8060,
  "RIO.BA": 9310,
  "RIOT.BA": 5000,
  "ROKU.BA": 8280,
  "ROST.BA": 40725,
  "RTX.BA": 35900,
  "SAN.BA": 42025,
  "SAP.BA": 61600,
  "SATL.BA": 4375,
  "SBS.BA": 52900,
  "SBSP3.BA": 26325,
  "SBUX.BA": 9750,
  "SCCO.BA": 65600,
  "SCHW.BA": 0,
  "SDA.BA": 1560,
  "SE.BA": 5790,
  "SH.BA": 6120,
  "SHEL.BA": 44775,
  "SHOP.BA": 1320,
  "SID.BA": 14975,
  "SIEGY.BA": 6695.81591797,
  "SLB.BA": 14800,
  "SLV.BA": 6890,
  "SMH.BA": 6990,
  "SMSN.BA": 13143.82421875,
  "SNA.BA": 66200,
  "SNAP.BA": 11625,
  "SNOW.BA": 8940,
  "SONY.BA": 3995,
  "SPCE.BA": 7010,
  "SPGI.BA": 14525,
  "SPOT.BA": 31475,
  "SPXL.BA": 8720,
  "SPY.BA": 38475,
  "STLA.BA": 2535,
  "STNE.BA": 6600,
  "SUZ.BA": 11725,
  "SUZB3.BA": 11650,
  "SWKS.BA": 4520,
  "SYY.BA": 12075,
  "T.BA": 11675,
  "TCOM.BA": 36625,
  "TEAM.BA": 5460,
  "TEFO.BA": 811,
  "TEM.BA": 6150,
  "TEN.BA": 47975,
  "TGT.BA": 5440,
  "TIIAY.BA": 0,
  "TIMB.BA": 24950,
  "TIMS3.BA": 4930,
  "TJX.BA": 7100,
  "TM.BA": 14200,
  "TMO.BA": 24125,
  "TMUS.BA": 9350,
  "TRIP.BA": 9270,
  "TRVV.BA": 53300,
  "TSLA.BA": 25975,
  "TSM.BA": 32125,
  "TTE.BA": 26150,
  "TTM.BA": 8651,
  "TV.BA": 942,
  "TWLO.BA": 4000,
  "TXN.BA": 53450,
  "TXR.BA": 9870,
  "UAL.BA": 20125,
  "UBER.BA": 57000,
  "UGP.BA": 4100,
  "UL.BA": 25400,
  "UNH.BA": 11550,
  "UNP.BA": 14650,
  "UPST.BA": 18100,
  "URA.BA": 9370,
  "URBN.BA": 45150,
  "USB.BA": 11725,
  "V.BA": 24400,
  "VALE.BA": 6350,
  "VALE3.BA": 12750,
  "VEA.BA": 7090,
  "VIG.BA": 6580,
  "VIST.BA": 20050,
  "VIV.BA": 14425,
  "VIVT3.BA": 7110,
  "VOD.BA": 13200,
  "VRSN.BA": 58300,
  "VRTX.BA": 5600,
  "VST.BA": 8900,
  "VZ.BA": 13550,
  "WBA.BA": 4725,
  "WBO.BA": 1945,
  "WEGE3.BA": 9620,
  "WFC.BA": 20425,
  "WMT.BA": 6720,
  "X.BA": 21550,
  "XLB.BA": 6310,
  "XLC.BA": 7040,
  "XLE.BA": 53800,
  "XLF.BA": 32550,
  "XLI.BA": 6560,
  "XLK.BA": 6830,
  "XLP.BA": 6370,
  "XLRE.BA": 5770,
  "XLU.BA": 6730,
  "XLV.BA": 5800,
  "XLY.BA": 6360,
  "XOM.BA": 13800,
  "XP.BA": 6050,
  "XPEV.BA": 5670,
  "XROX.BA": 7180,
  "XYZ.BA": 4285,
  "YELP.BA": 20650,
  "YZCA.BA": 0.007,
  "ZM.BA": 2030,
  "ALUA.BA": 736,
  "ALUAC.BA": 0.59200001,
  "ALUAD.BA": 0.59399998,
  "BBAR.BA": 6680,
  "BBARC.BA": 5.46000004,
  "BBARD.BA": 5.3499999,
  "BMA.BA": 8570,
  "BMA.C.BA": 6.92999983,
  "BMA.D.BA": 7,
  "BYMA.BA": 198.25,
  "BYMAC.BA": 0.162,
  "BYMAD.BA": 0.162,
  "CEPU.BA": 1460,
  "COME.BA": 123.25,
  "CRES.BA": 1350,
  "CRESC.BA": 0.32300001,
  "EDN.BA": 1630,
  "EDNC.BA": 1.34500003,
  "GGAL.BA": 6230,
  "GGALC.BA": 5.05999994,
  "GGALD.BA": 5.03000021,
  "IRSAC.BA": 0,
  "IRSAD.BA": 1.45000005,
  "LOMA.BA": 2785,
  "LOMAD.BA": 2.25999999,
  "MIRG.BA": 20800,
  "PAMP.BA": 3500,
  "SUPV.BA": 2635,
  "SUPVD.BA": 2.1400001,
  "TECO2.BA": 2220,
  "TECOC.BA": 1.60000002,
  "TGNO4.BA": 2845,
  "TGSU2.BA": 6520,
  "TRAN.BA": 2105,
  "TXAR.BA": 638,
  "TXARD.BA": 0.51300001,
  "VALO.BA": 340.5,
  "VALOC.BA": 0.27399999,
  "VALOD.BA": 0.273,