{
  "AAL.BA": 8800,
  "AAP.BA": 6760,
  "AAPL.BA": 19620,
  "ABBV.BA": 35680,
  "ABEV.BA": 9970,
  "ABEV3.BA": 3437.5,
  "ABNB.BA": 12190,
  "ABT.BA": 51350,
  "ACN.BA": 4997.5,
  "ACWI.BA": 8200,
  "ADBE.BA": 12030,
  "ADGO.BA": 11850,
  "ADI.BA": 24630,
  "ADP.BA": 74125,
  "ADS.BA": 3942.14794922,
  "AEG.BA": 12080,
  "AEM.BA": 43140,
  "AHP.BA": 28.79999924,
  "AI.BA": 5850,
  "AIG.BA": 24760,
  "AKO.B.BA": 35900,
  "AMAT.BA": 66175,
  "AMD.BA": 25100,
  "AMGN.BA": 15180,
  "AMX.BA": 32000,
  "AMZN.BA": 2327,
  "ANF.BA": 128250,
  "ARCO.BA": 20180,
  "ARKK.BA": 13530,
  "ARM.BA": 8545,
  "ASML.BA": 10790,
  "ASR.BA": 24130,
  "AVGO.BA": 13240,
  "AVY.BA": 13870,
  "AXP.BA": 33580,
  "AZN.BA": 64825,
  "B.BA": 25840,
  "BA.BA": 13700,
  "BA.C.BA": 19290,
  "BABA.BA": 31880,
  "BAK.BA": 1899,
  "BAS.BA": 3197.76855469,
  "BAYN.BA": 3323.26293945,
  "BB.BA": 2280,
  "BBD.BA": 4830,
  "BBDC3.BA": 4200,
  "BBV.BA": 29340,
  "BCS.BA": 31900,
  "BHP.BA": 42380,
  "BIDU.BA": 19720,
  "BIIB.BA": 18820,
  "BIOX.BA": 2061,
  "BITF.BA": 22920,
  "BK.BA": 81300,
  "BKNG.BA": 12100,
  "BKR.BA": 10500,
  "BMY.BA": 23110,
  "BNG.BA": 25660,
  "BP.BA": 10370,
  "BPA11.BA": 13560,
  "BRFS.BA": 18200,
  "BRKB.BA": 34640,
  "BSBR.BA": 8305,
  "BSN.BA": 613.31298828,
  "C.BA": 49540,
  "CAAP.BA": 109200,
  "CAH.BA": 78525,
  "CAJ.BA": 4045.5,
  "CAR.BA": 9060,
  "CAT.BA": 37900,
  "CCL.BA": 14430,
  "CDE.BA": 28620,
  "CEG.BA": 12250,
  "CIBR.BA": 11730,
  "CL.BA": 39760,
  "CLS.BA": 17910,
  "COIN.BA": 21400,
  "COST.BA": 29140,
  "CRM.BA": 20380,
  "CSCO.BA": 20760,
  "CSNA3.BA": 2324,
  "CVS.BA": 7505,
  "CVX.BA": 14650,
  "CX.BA": 13830,
  "DAL.BA": 11050,
  "DD.BA": 24310,
  "DE.BA": 17680,
  "DECK.BA": 6285,
  "DEO.BA": 24490,
  "DESP.BA": 22600,
  "DHR.BA": 6090,
  "DIA.BA": 35700,
  "DISN.BA": 14300,
  "DOCU.BA": 4820,
  "DOW.BA": 6070,
  "DTEA.BA": 0,
  "E.BA": 13430,
  "EA.BA": 21770,
  "EBAY.BA": 70325,
  "EBR.BA": 59825,
  "EEM.BA": 16570,
  "EFA.BA": 8075,
  "EFX.BA": 22590,
  "ELP.BA": 43560,
  "EOAN.BA": 236.04100037,
  "EQNR.BA": 6400,
  "ERIC.BA": 6435,
  "ERJ.BA": 87600,
  "ETHA.BA": 10430,
  "ETSY.BA": 6885,
  "EWJ.BA": 8915,
  "EWZ.BA": 23090,
  "F.BA": 19180,
  "FCX.BA": 20150,
  "FDX.BA": 37300,
  "FMCC.BA": 0,
  "FMX.BA": 24210,
  "FNMA.BA": 24400,
  "FSLR.BA": 19510,
  "FXI.BA": 12640,
  "GDX.BA": 11720,
  "GE.BA": 56725,
  "GFI.BA": 64300,
  "GGB.BA": 19910,
  "GILD.BA": 43020,
  "GLD.BA": 10910,
  "GLOB.BA": 5105,
  "GLW.BA": 31920,
  "GM.BA": 15290,
  "GOOGL.BA": 6425,
  "GPRK.BA": 9945,
  "GRMN.BA": 130850,
  "GS.BA": 92325,
  "GSK.BA": 16420,
  "GT.BA": 5850,
  "HAL.BA": 18540,
  "HAPV3.BA": 10750,
  "HD.BA": 18830,
  "HDB.BA": 26000,
  "HHPD.BA": 0,
  "HL.BA": 18150,
  "HMC.BA": 47940,
  "HMY.BA": 27720,
  "HNPIY.BA": 6140,
  "HOG.BA": 14360,
  "HON.BA": 39880,
  "HPQ.BA": 40640,
  "HSBC.BA": 54875,
  "HSY.BA": 14180,
  "HUT.BA": 305575,
  "HWM.BA": 289300,
  "IBB.BA": 8550,
  "IBIT.BA": 10650,
  "IBM.BA": 29320,
  "IBN.BA": 46940,
  "IEMG.BA": 8530,
  "IEUR.BA": 9640,
  "IFF.BA": 7915,
  "IJH.BA": 8375,
  "INFY.BA": 24670,
  "ING.BA": 13120,
  "INTC.BA": 11250,
  "IP.BA": 18040,
  "ISRG.BA": 8440,
  "ITA.BA": 6420,
  "ITUB.BA": 10860,
  "ITUB3.BA": 9735,
  "IVE.BA": 7940,
  "IVW.BA": 9255,
  "IWDA.BA": 0,
  "IWM.BA": 37460,
  "JBSS3.BA": 8320,
  "JCI.BA": 84000,
  "JD.BA": 13470,
  "JMIA.BA": 17680,
  "JNJ.BA": 19200,
  "JOYY.BA": 17880,
  "JPM.BA": 31440,
  "KB.BA": 63250,
  "KEP.BA": 19680,
  "KGC.BA": 38080,
  "KMB.BA": 31240,
  "KO.BA": 20340,
  "KOFM.BA": 62000,
  "LAC.BA": 13760,
  "LAR.BA": 6325,
  "LFC.BA": 1074.5,
  "LLY.BA": 22870,
  "LMT.BA": 38500,
  "LRCX.BA": 3950,
  "LVS.BA": 38940,
  "LYG.BA": 3475,
  "MA.BA": 26860,
  "MBG.BA": 3807.20898438,
  "MBT.BA": 650,
  "MCD.BA": 19060,
  "MDLZ.BA": 6390,
  "MDT.BA": 37120,
  "MELI.BA": 27660,
  "META.BA": 45320,
  "MFG.BA": 10030,
  "MGLU3.BA": 2622.5,
  "MMC.BA": 19210,
  "MMM.BA": 24150,
  "MO.BA": 25040,
  "MOS.BA": 10480,
  "MRK.BA": 27160,
  "MRNA.BA": 2294,
  "MRVL.BA": 9350,
  "MSFT.BA": 26340,
  "MSI.BA": 34600,
  "MSTR.BA": 26720,
  "MU.BA": 57300,
  "MUFG.BA": 24040,
  "MUX.BA": 13250,
  "NATU3.BA": 2530,
  "NEC1.BA": 0,
  "NEM.BA": 44260,
  "NFLX.BA": 36660,
  "NG.BA": 61200,
  "NGG.BA": 56050,
  "NIO.BA": 2937.5,
  "NKE.BA": 9150,
  "NLM.BA": 0,
  "NMR.BA": 11010,
  "NOKA.BA": 7495,
  "NOW.BA": 8100,
  "NSAN.BA": 1545,
  "NTCO.BA": 6200,
  "NTES.BA": 16570,
  "NU.BA": 11640,
  "NUE.BA": 13090,
  "NVDA.BA": 11940,
  "NVS.BA": 50525,
  "NXE.BA": 13400,
  "ORAN.BA": 13200,
  "ORCL.BA": 145850,
  "ORLY.BA": 728.5,
  "OXY.BA": 13650,
  "PAAS.BA": 19850,
  "PAC.BA": 21950,
  "PAGS.BA": 4765,
  "PANW.BA": 6345,
  "PATH.BA": 9815,
  "PBI.BA": 16800,
  "PBR.BA": 18870,
  "PCAR.BA": 49560,
  "PCRF.BA": 0,
  "PDD.BA": 8215,
  "PEP.BA": 12050,
  "PETR3.BA": 9485,
  "PFE.BA": 10440,
  "PG.BA": 15460,
  "PHG.BA": 8575,
  "PINS.BA": 6975,
  "PKS.BA": 24840,
  "PLTR.BA": 88250,
  "PM.BA": 12950,
  "PSO.BA": 0,
  "PSQ.BA": 5875,
  "PSX.BA": 33760,
  "PYPL.BA": 13180,
  "QCOM.BA": 23480,
  "QQQ.BA": 45980,
  "RACE.BA": 9205,
  "RBLX.BA": 93925,
  "RCTB4.BA": 0,
  "RGTI.BA": 30580,
  "RIO.BA": 12550,
  "RIOT.BA": 9910,
  "ROKU.BA": 12140,
  "ROST.BA": 58050,
  "RTX.BA": 50950,
  "SAN.BA": 62925,
  "SAP.BA": 68575,
  "SATL.BA": 5360,
  "SBS.BA": 72825,
  "SBSP3.BA": 36340,
  "SBUX.BA": 11000,
  "SCCO.BA": 98350,
  "SCHW.BA": 0,
  "SDA.BA": 1818,
  "SE.BA": 8870,
  "SH.BA": 7025,
  "SHEL.BA": 55850,
  "SHOP.BA": 2303,
  "SI.BA": 22.45000076,
  "SID.BA": 18850,
  "SIEGY.BA": 6695.81591797,
  "SLB.BA": 17330,
  "SLV.BA": 11070,
  "SMH.BA": 10300,
  "SMSN.BA": 13143.82421875,
  "SNA.BA": 88350,
  "SNAP.BA": 12930,
  "SNOW.BA": 11940,
  "SONY.BA": 5535,
  "SPCE.BA": 13090,
  "SPGI.BA": 16300,
  "SPOT.BA": 37240,
  "SPXL.BA": 13100,
  "SPY.BA": 51050,
  "STLA.BA": 3252.5,
  "STNE.BA": 9135,
  "SUZ.BA": 14470,
  "SUZB3.BA": 14440,
  "SWKS.BA": 6000,
  "SYY.BA": 15870,
  "T.BA": 13760,
  "TCOM.BA": 55725,
  "TEAM.BA": 4897.5,
  "TEFO.BA": 950.5,
  "TEM.BA": 11620,
  "TEN.BA": 55425,
  "TGT.BA": 5670,
  "TIIAY.BA": 0,
  "TIMB.BA": 33760,
  "TIMS3.BA": 6790,
  "TJX.BA": 10000,
  "TM.BA": 19740,
  "TMO.BA": 37680,
  "TMUS.BA": 10660,
  "TQQQ.BA": 6365,
  "TRIP.BA": 12140,
  "TRVV.BA": 72175,
  "TSLA.BA": 43600,
  "TSM.BA": 49740,
  "TTE.BA": 30280,
  "TTM.BA": 8651,
  "TV.BA": 1283,
  "TWLO.BA": 4367.5,
  "TXN.BA": 55000,
  "TXR.BA": 13740,
  "UAL.BA": 29140,
  "UBER.BA": 73675,
  "UGP.BA": 5930,
  "UL.BA": 30060,
  "UNH.BA": 16650,
  "UNP.BA": 17970,
  "UPST.BA": 15920,
  "URA.BA": 15140,
  "URBN.BA": 55475,
  "USB.BA": 14680,
  "USO.BA": 7255,
  "V.BA": 29700,
  "VALE.BA": 8405,
  "VALE3.BA": 16810,
  "VEA.BA": 9330,
  "VIG.BA": 8525,
  "VIST.BA": 17570,
  "VIV.BA": 18970,
  "VIVT3.BA": 9575,
  "VOD.BA": 17350,
  "VRSN.BA": 69100,
  "VRTX.BA": 6105,
  "VST.BA": 11910,
  "VXX.BA": 10150,
  "VZ.BA": 16660,
  "WBA.BA": 5360,
  "WBO.BA": 3210,
  "WEGE3.BA": 10990,
  "WFC.BA": 24530,
  "WMT.BA": 8655,
  "X.BA": 21550,
  "XLB.BA": 7625,
  "XLC.BA": 9360,
  "XLE.BA": 67675,
  "XLF.BA": 41040,
  "XLI.BA": 8395,
  "XLK.BA": 9455,
  "XLP.BA": 7455,
  "XLRE.BA": 7155,
  "XLU.BA": 9040,
  "XLV.BA": 7635,
  "XLY.BA": 8445,
  "XOM.BA": 17210,
  "XP.BA": 6595,
  "XPEV.BA": 8775,
  "XROX.BA": 5705,
  "XYZ.BA": 5850,
  "YELP.BA": 24360,
  "YZCA.BA": 0.007,
  "ZM.BA": 2625,
  "ALUA.BA": 759,
  "ALUAC.BA": 0.458,
  "ALUAD.BA": 0.51800001,
  "BBAR.BA": 4212.5,
  "BBARC.BA": 2.71499991,
  "BBARD.BA": 2.80999994,
  "BMA.BA": 6525,
  "BMA.C.BA": 3.94000006,
  "BMA.D.BA": 4.35500002,
  "BYMA.BA": 180.25,
  "BYMAC.BA": 0.12,
  "BYMAD.BA": 0.118,
  "CEPU.BA": 1214,
  "COME.BA": 32.49000168,
  "CRES.BA": 1434,
  "CRESC.BA": 0.875,
  "EDN.BA": 1191,
  "EDNC.BA": 0.78100002,
  "EDND.BA": 0.79000002,
  "GGAL.BA": 4375,
  "GGALC.BA": 2.75999999,
  "GGALD.BA": 2.95000005,
  "IRSAC.BA": 1.17999995,
  "IRSAD.BA": 1.17499995,
  "LOMA.BA": 2273,
  "LOMAD.BA": 1.52999997,
  "MIRG.BA": 15650,
  "PAMP.BA": 3707.5,