{
  "AAL.BA": 8690,
  "AAP.BA": 5850,
  "AAPL.BA": 15400,
  "ABBV.BA": 26625,
  "ABEV.BA": 8740,
  "ABEV3.BA": 2990,
  "ABNB.BA": 11000,
  "ABT.BA": 42750,
  "ACN.BA": 4445,
  "ACWI.BA": 6770,
  "ADBE.BA": 10575,
  "ADGO.BA": 12250,
  "ADI.BA": 20950,
  "ADP.BA": 67100,
  "ADS.BA": 3942.14794922,
  "AEG.BA": 9830,
  "AEM.BA": 29400,
  "AHP.BA": 28.79999924,
  "AI.BA": 4910,
  "AIG.BA": 21175,
  "AKO.B.BA": 31450,
  "AMAT.BA": 50350,
  "AMD.BA": 24400,
  "AMGN.BA": 12800,
  "AMX.BA": 25275,
  "AMZN.BA": 2065,
  "ANF.BA": 134550,
  "ARCO.BA": 20075,
  "ARKK.BA": 10325,
  "ARM.BA": 7000,
  "ASML.BA": 6860,
  "ASR.BA": 21450,
  "AVGO.BA": 10475,
  "AVY.BA": 13150,
  "AXP.BA": 27075,
  "AZN.BA": 51700,
  "B.BA": 15700,
  "BA.BA": 12825,
  "BA.C.BA": 15600,
  "BABA.BA": 18650,
  "BAK.BA": 1970,
  "BAS.BA": 3197.76855469,
  "BAYN.BA": 3323.26293945,
  "BB.BA": 1670,
  "BBD.BA": 3925,
  "BBDC3.BA": 3415,
  "BBV.BA": 24800,
  "BCS.BA": 26950,
  "BHP.BA": 36275,
  "BIDU.BA": 10950,
  "BIIB.BA": 13800,
  "BIOX.BA": 4135,
  "BITF.BA": 8360,
  "BK.BA": 67650,
  "BKNG.BA": 10300,
  "BKR.BA": 8100,
  "BMY.BA": 21125,
  "BNG.BA": 22025,
  "BP.BA": 9030,
  "BPA11.BA": 10775,
  "BRFS.BA": 13875,
  "BRKB.BA": 28775,
  "BSBR.BA": 6580,
  "BSN.BA": 613.31298828,
  "C.BA": 41800,
  "CAAP.BA": 115650,
  "CAH.BA": 65300,
  "CAJ.BA": 4045.5,
  "CAR.BA": 8200,
  "CAT.BA": 27300,
  "CBRD.BA": 459,
  "CCL.BA": 13425,
  "CDE.BA": 15550,
  "CEG.BA": 9690,
  "CIBR.BA": 9660,
  "CL.BA": 38100,
  "CLS.BA": 13450,
  "COIN.BA": 16050,
  "COST.BA": 26925,
  "CRM.BA": 17425,
  "CSCO.BA": 18650,
  "CSNA3.BA": 1830,
  "CVS.BA": 5560,
  "CVX.BA": 12850,
  "CX.BA": 11550,
  "DAL.BA": 9800,
  "DD.BA": 19550,
  "DE.BA": 16950,
  "DECK.BA": 5650,
  "DEO.BA": 24425,
  "DESP.BA": 22600,
  "DHR.BA": 5140,
  "DIA.BA": 29775,
  "DISN.BA": 12875,
  "DOCU.BA": 4265,
  "DOW.BA": 5050,
  "DTEA.BA": 0,
  "E.BA": 11650,
  "EA.BA": 16925,
  "EBAY.BA": 66600,
  "EBR.BA": 43825,
  "EEM.BA": 13375,
  "EFA.BA": 6760,
  "EFX.BA": 20850,
  "ELP.BA": 36250,
  "EOAN.BA": 236.04100037,
  "EQNR.BA": 5380,
  "ERIC.BA": 5080,
  "ERJ.BA": 77750,
  "ETHA.BA": 9490,
  "ETSY.BA": 5800,
  "EWJ.BA": 7510,
  "EWZ.BA": 18600,
  "F.BA": 15175,
  "FCX.BA": 18750,
  "FDX.BA": 30575,
  "FMCC.BA": 0,
  "FMX.BA": 18925,
  "FMX.B.BA": 0,
  "FNMA.BA": 14300,
  "FSLR.BA": 13625,
  "FXI.BA": 10325,
  "GDX.BA": 7700,
  "GE.BA": 44400,
  "GFI.BA": 40050,
  "GGB.BA": 15975,
  "GILD.BA": 39825,
  "GLD.BA": 8190,
  "GLOB.BA": 5840,
  "GLW.BA": 21700,
  "GM.BA": 12250,
  "GOOGL.BA": 4595,
  "GPRK.BA": 8880,
  "GRMN.BA": 104150,
  "GS.BA": 76050,
  "GSK.BA": 12950,
  "GT.BA": 5670,
  "HAL.BA": 14050,
  "HAPV3.BA": 8570,
  "HD.BA": 16800,
  "HDB.BA": 49075,
  "HHPD.BA": 0,
  "HL.BA": 10225,
  "HMC.BA": 44250,
  "HMY.BA": 20425,
  "HNPIY.BA": 6140,
  "HOG.BA": 12100,
  "HON.BA": 36425,
  "HPQ.BA": 35900,
  "HSBC.BA": 43075,
  "HSY.BA": 11350,
  "HUT.BA": 147750,
  "HWM.BA": 233850,
  "IBB.BA": 6730,
  "IBIT.BA": 9240,
  "IBM.BA": 21200,
  "IBN.BA": 43300,
  "IEMG.BA": 6940,
  "IEUR.BA": 8060,
  "IFF.BA": 7310,
  "IJH.BA": 7110,
  "INFY.BA": 21675,
  "ING.BA": 10950,
  "INTC.BA": 5860,
  "IP.BA": 16100,
  "ISRG.BA": 7090,
  "ITUB.BA": 9240,
  "ITUB3.BA": 8250,
  "IVE.BA": 6710,
  "IVW.BA": 7670,
  "IWM.BA": 30575,
  "JBSS3.BA": 8320,
  "JCI.BA": 68150,
  "JD.BA": 10800,
  "JMIA.BA": 9890,
  "JNJ.BA": 15400,
  "JOYY.BA": 13575,
  "JPM.BA": 25575,
  "KB.BA": 55100,
  "KEP.BA": 18800,
  "KGC.BA": 25250,
  "KMB.BA": 29650,
  "KO.BA": 18650,
  "KOFM.BA": 56550,
  "LAC.BA": 3910,
  "LAR.BA": 4600,
  "LFC.BA": 1074.5,
  "LLY.BA": 15625,
  "LMT.BA": 29200,
  "LRCX.BA": 2505,
  "LVS.BA": 35800,
  "LYG.BA": 2995,
  "MA.BA": 23050,
  "MBG.BA": 3807.20898438,
  "MBT.BA": 650,
  "MCD.BA": 16825,
  "MDLZ.BA": 5490,
  "MDT.BA": 30650,
  "MELI.BA": 25700,
  "META.BA": 43050,
  "MFG.BA": 8420,
  "MGLU3.BA": 1670,
  "MMC.BA": 17375,
  "MMM.BA": 21175,
  "MO.BA": 21725,
  "MOS.BA": 8530,
  "MRK.BA": 21900,
  "MRNA.BA": 1885,
  "MRVL.BA": 7500,
  "MSFT.BA": 22950,
  "MSI.BA": 31000,
  "MSTR.BA": 25775,
  "MU.BA": 32925,
  "MUFG.BA": 19875,
  "MUX.BA": 6950,
  "NATU3.BA": 2145,
  "NEC1.BA": 0,
  "NEM.BA": 30175,
  "NFLX.BA": 33200,
  "NG.BA": 31200,
  "NGG.BA": 46775,
  "NIO.BA": 1530,
  "NKE.BA": 8540,
  "NLM.BA": 0,
  "NMR.BA": 9530,
  "NOKA.BA": 5550,
  "NOW.BA": 6640,
  "NSAN.BA": 1545,
  "NTCO.BA": 6200,
  "NTES.BA": 12750,
  "NU.BA": 8200,
  "NUE.BA": 12025,
  "NVDA.BA": 9980,
  "NVS.BA": 40100,
  "NXE.BA": 9100,
  "ORAN.BA": 13200,
  "ORCL.BA": 107500,
  "ORLY.BA": 619,
  "OXY.BA": 11800,
  "PAAS.BA": 13925,
  "PAC.BA": 20150,
  "PAGS.BA": 4125,
  "PANW.BA": 4680,
  "PATH.BA": 7270,
  "PBI.BA": 15375,
  "PBR.BA": 16125,
  "PCAR.BA": 44400,
  "PCRF.BA": 0,
  "PDD.BA": 6200,
  "PEP.BA": 10975,
  "PETR3.BA": 8340,
  "PFE.BA": 8300,
  "PG.BA": 13725,
  "PHG.BA": 7250,
  "PINS.BA": 6770,
  "PKS.BA": 24800,
  "PLTR.BA": 81350,
  "PM.BA": 12200,
  "PSO.BA": 0,
  "PSQ.BA": 5320,
  "PSX.BA": 27000,
  "PYPL.BA": 11650,
  "QCOM.BA": 18800,
  "QQQ.BA": 38325,
  "RACE.BA": 7200,
  "RBLX.BA": 83700,
  "RCTB4.BA": 0,
  "RGTI.BA": 11475,
  "RIO.BA": 10500,
  "RIOT.BA": 5100,
  "ROKU.BA": 8990,
  "ROST.BA": 49625,
  "RTX.BA": 41175,
  "SAN.BA": 50400,
  "SAP.BA": 61600,
  "SATL.BA": 4765,
  "SBS.BA": 58700,
  "SBSP3.BA": 27025,
  "SBUX.BA": 10425,
  "SCCO.BA": 65650,
  "SCHW.BA": 0,
  "SDA.BA": 1505,
  "SE.BA": 7160,
  "SH.BA": 6350,
  "SHEL.BA": 48150,
  "SHOP.BA": 1860,
  "SID.BA": 14850,
  "SIEGY.BA": 6695.81591797,
  "SLB.BA": 14725,
  "SLV.BA": 7710,
  "SMH.BA": 8000,
  "SMSN.BA": 13143.82421875,
  "SNA.BA": 73800,
  "SNAP.BA": 9690,
  "SNOW.BA": 8680,
  "SONY.BA": 4640,
  "SPCE.BA": 8050,
  "SPGI.BA": 16600,
  "SPOT.BA": 32825,
  "SPXL.BA": 10225,
  "SPY.BA": 42625,
  "STLA.BA": 2575,
  "STNE.BA": 6880,
  "SUZ.BA": 13275,
  "SUZB3.BA": 13450,
  "SWKS.BA": 4645,
  "SYY.BA": 13525,
  "T.BA": 12550,
  "TCOM.BA": 40875,
  "TEAM.BA": 4625,
  "TEFO.BA": 899,
  "TEM.BA": 7620,
  "TEN.BA": 47475,
  "TGT.BA": 5790,
  "TIIAY.BA": 0,
  "TIMB.BA": 26875,
  "TIMS3.BA": 5340,
  "TJX.BA": 7760,
  "TM.BA": 17100,
  "TMO.BA": 29325,
  "TMUS.BA": 10025,
  "TRIP.BA": 12000,
  "TRVV.BA": 59500,
  "TSLA.BA": 30075,
  "TSM.BA": 35450,
  "TTE.BA": 27150,
  "TTM.BA": 8651,
  "TV.BA": 1050,
  "TWLO.BA": 3735,
  "TXN.BA": 51150,
  "TXR.BA": 10950,
  "UAL.BA": 26350,
  "UBER.BA": 60200,
  "UGP.BA": 4145,
  "UL.BA": 27550,
  "UNH.BA": 10900,
  "UNP.BA": 14825,
  "UPST.BA": 17675,
  "URA.BA": 10400,
  "URBN.BA": 52650,
  "USB.BA": 12350,
  "USO.BA": 6420,
  "V.BA": 25175,
  "VALE.BA": 6660,
  "VALE3.BA": 13375,
  "VEA.BA": 7780,
  "VIG.BA": 7130,
  "VIST.BA": 19000,
  "VIV.BA": 16150,
  "VIVT3.BA": 8050,
  "VOD.BA": 15375,
  "VRSN.BA": 59100,
  "VRTX.BA": 5180,
  "VST.BA": 10500,
  "VZ.BA": 14425,
  "WBA.BA": 5220,
  "WBO.BA": 2260,
  "WEGE3.BA": 9180,
  "WFC.BA": 20675,
  "WMT.BA": 7390,
  "X.BA": 21550,
  "XLB.BA": 6710,
  "XLC.BA": 7710,
  "XLE.BA": 56700,
  "XLF.BA": 34900,
  "XLI.BA": 7180,
  "XLK.BA": 7730,
  "XLP.BA": 6830,
  "XLRE.BA": 6100,
  "XLU.BA": 7650,
  "XLV.BA": 6090,
  "XLY.BA": 7100,
  "XOM.BA": 14175,
  "XP.BA": 5750,
  "XPEV.BA": 6650,
  "XROX.BA": 5700,
  "XYZ.BA": 5110,
  "YELP.BA": 21125,
  "YZCA.BA": 0.007,
  "ZM.BA": 2020,
  "ALUA.BA": 714,
  "ALUAC.BA": 0.54000002,
  "ALUAD.BA": 0.54400003,
  "BBAR.BA": 7220,
  "BBARC.BA": 5.53999996,
  "BBARD.BA": 5.42000008,
  "BMA.BA": 9420,
  "BMA.C.BA": 7.42999983,
  "BMA.D.BA": 7.28000021,
  "BYMA.BA": 204.75,
  "BYMAC.BA": 0.156,
  "BYMAD.BA": 0.15800001,
  "CEPU.BA": 1630,
  "COME.BA": 60.90000153,
  "CRES.BA": 1475,
  "CRESC.BA": 0.32300001,
  "EDN.BA": 1940,
  "EDNC.BA": 1.42499995,
  "EDND.BA": 1.46000004,
  "GGAL.BA": 6830,
  "GGALC.BA": 5.25,
  "GGALD.BA": 5.21000004,
  "IRSAC.BA": 1.58000004,
  "IRSAD.BA": 1.61500001,
  "LOMA.BA": 2885,
  "LOMAD.BA": 2.19000006,
  "MIRG.BA": 22425,
  "PAMP.BA": 4030,
  "SUPV.BA": 2875,
  "SUPVD.BA": 2.19499993,
  "TECO2.BA": 2795,
  "TECOC.BA": 2.00500011,
  "TGN4C.BA": 2.55500007,