{
  "AAL.BA": 6900,
  "AAP.BA": 4455,
  "AAPL.BA": 12175,
  "ABBV.BA": 22650,
  "ABEV.BA": 8820,
  "ABEV3.BA": 3000,
  "ABNB.BA": 11225,
  "ABT.BA": 40525,
  "ACN.BA": 5100,
  "ADBE.BA": 11350,
  "ADGO.BA": 10850,
  "ADI.BA": 17825,
  "ADP.BA": 64900,
  "ADS.BA": 3942.14794922,
  "AEG.BA": 8680,
  "AEM.BA": 23650,
  "AHP.BA": 28.79999924,
  "AI.BA": 6320,
  "AIG.BA": 20775,
  "AKO.B.BA": 30000,
  "AMAT.BA": 40400,
  "AMD.BA": 14075,
  "AMGN.BA": 11625,
  "AMX.BA": 19925,
  "AMZN.BA": 1765,
  "ANF.BA": 98100,
  "ARCO.BA": 18025,
  "ARKK.BA": 7210,
  "ARM.BA": 5890,
  "ASML.BA": 6240,
  "ASR.BA": 19500,
  "AVGO.BA": 7740,
  "AVY.BA": 11775,
  "AXP.BA": 24175,
  "AZN.BA": 43450,
  "B.BA": 11775,
  "BA.BA": 10400,
  "BA.C.BA": 13425,
  "BABA.BA": 15825,
  "BAK.BA": 2200,
  "BAS.BA": 3197.76855469,
  "BAYN.BA": 3323.26293945,
  "BB.BA": 1640,
  "BBD.BA": 3450,
  "BBDC3.BA": 2870,
  "BBV.BA": 18175,
  "BCS.BA": 21775,
  "BHP.BA": 29700,
  "BIDU.BA": 9310,
  "BIIB.BA": 12225,
  "BIOX.BA": 6020,
  "BITF.BA": 5430,
  "BK.BA": 53850,
  "BKNG.BA": 9340,
  "BKR.BA": 6310,
  "BMY.BA": 19400,
  "BNG.BA": 17825,
  "BP.BA": 7010,
  "BPA11.BA": 8310,
  "BRFS.BA": 13100,
  "BRKB.BA": 27025,
  "BSBR.BA": 6200,
  "BSN.BA": 613.31298828,
  "C.BA": 31150,
  "CAAP.BA": 96650,
  "CAH.BA": 61500,
  "CAJ.BA": 4045.5,
  "CAR.BA": 5400,
  "CAT.BA": 21275,
  "CBRD.BA": 459,
  "CCL.BA": 9600,
  "CDE.BA": 11325,
  "CEG.BA": 7640,
  "CIBR.BA": 8840,
  "CL.BA": 36100,
  "CLS.BA": 7130,
  "COIN.BA": 11250,
  "COST.BA": 25400,
  "CRM.BA": 18100,
  "CSCO.BA": 15675,
  "CSNA3.BA": 1780,
  "CVS.BA": 5080,
  "CVX.BA": 10500,
  "CX.BA": 8110,
  "DAL.BA": 7520,
  "DD.BA": 16075,
  "DE.BA": 15675,
  "DECK.BA": 5220,
  "DEO.BA": 21025,
  "DESP.BA": 22600,
  "DHR.BA": 4325,
  "DIA.BA": 25650,
  "DISN.BA": 11350,
  "DOCU.BA": 4140,
  "DOW.BA": 5620,
  "DTEA.BA": 0,
  "E.BA": 9100,
  "EA.BA": 12875,
  "EBAY.BA": 46725,
  "EBR.BA": 35600,
  "EEM.BA": 11250,
  "EFX.BA": 20200,
  "ELP.BA": 32050,
  "EOAN.BA": 236.04100037,
  "EQNR.BA": 4655,
  "ERIC.BA": 5100,
  "ERJ.BA": 55850,
  "ETHA.BA": 4580,
  "ETSY.BA": 4745,
  "EWJ.BA": 6340,
  "EWZ.BA": 16500,
  "F.BA": 12200,
  "FCX.BA": 16775,
  "FDX.BA": 26225,
  "FMCC.BA": 0,
  "FMX.BA": 21100,
  "FMX.B.BA": 0,
  "FNMA.BA": 13000,
  "FSLR.BA": 10975,
  "FXI.BA": 8690,
  "GE.BA": 38400,
  "GFI.BA": 29450,
  "GGB.BA": 14200,
  "GILD.BA": 33275,
  "GLD.BA": 7350,
  "GLOB.BA": 6660,
  "GLW.BA": 15300,
  "GM.BA": 9440,
  "GOOGL.BA": 3575,
  "GPRK.BA": 8330,
  "GRMN.BA": 82200,
  "GS.BA": 56850,
  "GSK.BA": 12325,
  "GT.BA": 6330,
  "HAL.BA": 11975,
  "HAPV3.BA": 580,
  "HD.BA": 13950,
  "HDB.BA": 46225,
  "HHPD.BA": 0,
  "HL.BA": 7530,
  "HMC.BA": 34500,
  "HMY.BA": 17625,
  "HNPIY.BA": 6140,
  "HOG.BA": 9870,
  "HON.BA": 34525,
  "HPQ.BA": 29850,
  "HSBC.BA": 35850,
  "HSY.BA": 9240,
  "HUT.BA": 106300,
  "HWM.BA": 211850,
  "IBB.BA": 5630,
  "IBIT.BA": 7160,
  "IBM.BA": 21500,
  "IBN.BA": 41025,
  "IEUR.BA": 7250,
  "IFF.BA": 7650,
  "IJH.BA": 6090,
  "INFY.BA": 21875,
  "ING.BA": 8410,
  "INTC.BA": 4860,
  "IP.BA": 14275,
  "ISRG.BA": 7050,
  "ITUB.BA": 7800,
  "ITUB3.BA": 6990,
  "IVE.BA": 5750,
  "IVW.BA": 6340,
  "IWM.BA": 25250,
  "JBSS3.BA": 8320,
  "JCI.BA": 60950,
  "JD.BA": 9820,
  "JMIA.BA": 4080,
  "JNJ.BA": 12400,
  "JOYY.BA": 11500,
  "JPM.BA": 21250,
  "KB.BA": 46800,
  "KEP.BA": 12950,
  "KGC.BA": 18150,
  "KMB.BA": 26675,
  "KO.BA": 17100,
  "KOFM.BA": 56950,
  "LAC.BA": 3205,
  "LAR.BA": 2390,
  "LFC.BA": 1074.5,
  "LLY.BA": 16500,
  "LMT.BA": 28700,
  "LMT.B.BA": 0,
  "LRCX.BA": 1865,
  "LVS.BA": 24050,
  "LYG.BA": 2530,
  "MA.BA": 21425,
  "MBG.BA": 3807.20898438,
  "MBT.BA": 650,
  "MCD.BA": 15425,
  "MDLZ.BA": 5290,
  "MDT.BA": 26025,
  "MELI.BA": 24500,
  "META.BA": 34850,
  "MFG.BA": 6630,
  "MGLU3.BA": 2125,
  "MMC.BA": 17075,
  "MMM.BA": 17600,
  "MO.BA": 17775,
  "MOS.BA": 8400,
  "MRK.BA": 18925,
  "MRNA.BA": 1675,
  "MRVL.BA": 5900,
  "MSFT.BA": 18800,
  "MSI.BA": 25175,
  "MSTR.BA": 22575,
  "MU.BA": 26450,
  "MUFG.BA": 16625,
  "MUX.BA": 5480,
  "NEC1.BA": 0,
  "NEM.BA": 21100,
  "NFLX.BA": 31075,
  "NG.BA": 20250,
  "NGG.BA": 42825,
  "NIO.BA": 1085,
  "NKE.BA": 6270,
  "NLM.BA": 0,
  "NMR.BA": 7370,
  "NOKA.BA": 6520,
  "NOW.BA": 7110,
  "NSAN.BA": 1545,
  "NTCO.BA": 6200,
  "NTCO3.BA": 2175,
  "NTES.BA": 10825,
  "NU.BA": 7230,
  "NUE.BA": 9150,
  "NVDA.BA": 7090,
  "NVS.BA": 35250,
  "NXE.BA": 7450,
  "ORAN.BA": 13200,
  "ORCL.BA": 69000,
  "ORLY.BA": 7200,
  "OXY.BA": 10200,
  "PAAS.BA": 11325,
  "PAC.BA": 17250,
  "PAGS.BA": 3430,
  "PANW.BA": 4770,
  "PATH.BA": 7950,
  "PBI.BA": 12175,
  "PBR.BA": 13500,
  "PCAR.BA": 37450,
  "PCRF.BA": 0,
  "PDD.BA": 4790,
  "PEP.BA": 8640,
  "PETR3.BA": 6810,
  "PFE.BA": 7040,
  "PG.BA": 13150,
  "PHG.BA": 5630,
  "PINS.BA": 5850,
  "PKS.BA": 19000,
  "PLTR.BA": 49825,
  "PM.BA": 12050,
  "PSO.BA": 0,
  "PSQ.BA": 5280,
  "PSX.BA": 22750,
  "PYPL.BA": 10875,
  "QCOM.BA": 16250,
  "QQQ.BA": 31775,
  "RACE.BA": 6950,
  "RBLX.BA": 57200,
  "RCTB4.BA": 0,
  "RGTI.BA": 6970,
  "RIO.BA": 8830,
  "RIOT.BA": 3945,
  "ROKU.BA": 6910,
  "ROST.BA": 42450,
  "RTX.BA": 33725,
  "SAN.BA": 38525,
  "SAP.BA": 62050,
  "SATL.BA": 4270,
  "SBS.BA": 49275,
  "SBSP3.BA": 23925,
  "SBUX.BA": 8840,
  "SCCO.BA": 57950,
  "SCHW.BA": 0,
  "SDA.BA": 1580,
  "SE.BA": 6250,
  "SH.BA": 6170,
  "SHEL.BA": 40800,
  "SHOP.BA": 1220,
  "SID.BA": 14150,
  "SIEGY.BA": 6695.81591797,
  "SLB.BA": 13550,
  "SLV.BA": 6560,
  "SMH.BA": 6120,
  "SMSN.BA": 13143.82421875,
  "SNA.BA": 63450,
  "SNAP.BA": 9890,
  "SNOW.BA": 8470,
  "SONY.BA": 3985,
  "SPCE.BA": 8410,
  "SPGI.BA": 13925,
  "SPOT.BA": 30450,
  "SPXL.BA": 7630,
  "SPY.BA": 35975,
  "STLA.BA": 2350,
  "STNE.BA": 5380,
  "SUZ.BA": 11575,
  "SUZB3.BA": 11125,
  "SWKS.BA": 4005,
  "SYY.BA": 11200,
  "T.BA": 11175,
  "TCOM.BA": 37250,
  "TEAM.BA": 5490,
  "TEFO.BA": 798,
  "TEM.BA": 6140,
  "TEN.BA": 41650,
  "TGT.BA": 4795,
  "TIIAY.BA": 0,
  "TIMB.BA": 21325,
  "TIMS3.BA": 4335,
  "TJX.BA": 7200,
  "TM.BA": 14825,
  "TMO.BA": 22050,
  "TMUS.BA": 8850,
  "TRIP.BA": 8480,
  "TRVV.BA": 54500,
  "TSLA.BA": 23825,
  "TSM.BA": 27325,
  "TTE.BA": 23675,
  "TTM.BA": 8651,
  "TV.BA": 773,
  "TWLO.BA": 4055,
  "TXN.BA": 46475,
  "TXR.BA": 8580,
  "UAL.BA": 19750,
  "UBER.BA": 51350,
  "UGP.BA": 3465,
  "UL.BA": 25175,
  "UNH.BA": 10875,
  "UNP.BA": 13350,
  "UPST.BA": 12850,
  "URA.BA": 7980,
  "URBN.BA": 43350,
  "USB.BA": 10725,
  "V.BA": 24675,
  "VALE.BA": 5680,
  "VALE3.BA": 11200,
  "VEA.BA": 6760,
  "VIG.BA": 6180,
  "VIST.BA": 19675,
  "VIV.BA": 12300,
  "VIVT3.BA": 6050,
  "VOD.BA": 11925,
  "VRSN.BA": 55550,
  "VRTX.BA": 5280,
  "VST.BA": 7870,
  "VZ.BA": 13100,
  "WBA.BA": 4475,
  "WBO.BA": 1895,
  "WEGE3.BA": 9310,
  "WFC.BA": 18225,
  "WMT.BA": 6530,
  "X.BA": 21500,
  "XLB.BA": 5840,
  "XLC.BA": 6520,
  "XLE.BA": 49975,
  "XLF.BA": 30775,
  "XLI.BA": 6220,
  "XLK.BA": 6230,
  "XLP.BA": 6140,
  "XLRE.BA": 5600,
  "XLU.BA": 6490,
  "XLV.BA": 5580,
  "XLY.BA": 5930,
  "XOM.BA": 12450,
  "XP.BA": 5850,
  "XPEV.BA": 5850,
  "XROX.BA": 6160,
  "XYZ.BA": 3805,
  "YELP.BA": 22500,
  "YZCA.BA": 0.007,
  "ZM.BA": 2050,
  "ALUA.BA": 708,
  "ALUAC.BA": 0.26300001,
  "ALUAD.BA": 0.594,
  "BBAR.BA": 7060,
  "BBARC.BA": 6.9000001,
  "BBARD.BA": 5.96,
  "BMA.BA": 9120,
  "BMA.C.BA": 9.64999962,
  "BMA.D.BA": 7.7,
  "BYMA.BA": 210,
  "BYMAC.BA": 0.183,
  "BYMAD.BA": 0.177,
  "CEPU.BA": 1480,
  "COME.BA": 145.75,
  "CRES.BA": 1345,
  "CRESC.BA": 0.32300001,
  "EDN.BA": 1865,
  "EDNC.BA": 0,
  "GGAL.BA": 6570,
  "GGALC.BA": 5.55000019,
  "GGALD.BA": 5.52,
  "LOMA.BA": 2920,
  "LOMAD.BA": 2.47,
  "MIRG.BA": 20650,
  "PAMP.BA": 3550,
  "SUPV.BA": 2885,
  "SUPVD.BA": 2.43,
  "TECO2.BA": 2290,
  "TECOC.BA": 1.60000002,
  "TGNO4.BA": 3250,
  "TGSU2.BA": 6310,
  "TRAN.BA": 2480,
  "TXAR.BA": 638,
  "TXARD.BA": 0.549,
  "VALO.BA": 366,
  "VALOC.BA": 0.34999999,
  "VALOD.BA": 0.31,
  "YPFD.BA": 40975,
  "YPFDC.BA": 34.54999924,
  "YPFDD.BA": 34.35
}