{
  "AAL.BA": 11190,
  "AAP.BA": 5605,
  "AAPL.BA": 20940,
  "ABBV.BA": 33740,
  "ABEV.BA": 10890,
  "ABEV3.BA": 3720,
  "ABNB.BA": 12160,
  "ABT.BA": 46260,
  "ACN.BA": 5250,
  "ACWI.BA": 8160,
  "ADBE.BA": 11750,
  "ADGO.BA": 12720,
  "ADI.BA": 28380,
  "ADP.BA": 66100,
  "ADS.BA": 3942.14794922,
  "AEG.BA": 11860,
  "AEM.BA": 41800,
  "AHP.BA": 28.79999924,
  "AI.BA": 4600,
  "AIG.BA": 23300,
  "AKO.B.BA": 42000,
  "ALAB.BA": 5540,
  "AMAT.BA": 80925,
  "AMD.BA": 33460,
  "AMGN.BA": 16290,
  "AMX.BA": 32740,
  "AMZN.BA": 2381,
  "ANF.BA": 143650,
  "ARCO.BA": 22630,
  "ARKK.BA": 12340,
  "ARM.BA": 7845,
  "ASML.BA": 11380,
  "ASR.BA": 22920,
  "ASTS.BA": 7445,
  "AVGO.BA": 15450,
  "AVY.BA": 15000,
  "AXP.BA": 36620,
  "AZN.BA": 68450,
  "B.BA": 30320,
  "BA.BA": 12710,
  "BA.C.BA": 20330,
  "BABA.BA": 25940,
  "BAK.BA": 2143,
  "BAS.BA": 3197.76855469,
  "BAYN.BA": 3323.26293945,
  "BB.BA": 2190,
  "BBD.BA": 4840,
  "BBDC3.BA": 4250,
  "BBV.BA": 32980,
  "BCS.BA": 34960,
  "BHP.BA": 44580,
  "BIDU.BA": 17130,
  "BIIB.BA": 21190,
  "BIOX.BA": 2328,
  "BITF.BA": 21740,
  "BK.BA": 86375,
  "BKNG.BA": 10870,
  "BKR.BA": 10500,
  "BMY.BA": 25920,
  "BNG.BA": 28420,
  "BP.BA": 10890,
  "BPA11.BA": 15920,
  "BRFS.BA": 18200,
  "BRKB.BA": 33980,
  "BSBR.BA": 9200,
  "BSN.BA": 613.31298828,
  "C.BA": 54800,
  "CAAP.BA": 153400,
  "CAH.BA": 100200,
  "CAJ.BA": 4045.5,
  "CAR.BA": 7805,
  "CAT.BA": 45840,
  "CCL.BA": 13010,
  "CDE.BA": 24000,
  "CEG.BA": 12040,
  "CIBR.BA": 11350,
  "CL.BA": 38780,
  "CLS.BA": 24490,
  "COIN.BA": 15170,
  "COST.BA": 27900,
  "CRM.BA": 21610,
  "CRWV.BA": 4832.5,
  "CSCO.BA": 23660,
  "CSNA3.BA": 2446,
  "CVS.BA": 7565,
  "CVX.BA": 13990,
  "CX.BA": 16320,
  "DAL.BA": 12300,
  "DD.BA": 12220,
  "DE.BA": 18160,
  "DECK.BA": 6000,
  "DEO.BA": 21890,
  "DESP.BA": 22600,
  "DHR.BA": 6330,
  "DIA.BA": 36100,
  "DISN.BA": 13600,
  "DOCU.BA": 4540,
  "DOW.BA": 5815,
  "DTEA.BA": 0,
  "E.BA": 14080,
  "EA.BA": 21860,
  "EBAY.BA": 62325,
  "ECL.BA": 7040,
  "EEM.BA": 16450,
  "EFA.BA": 8060,
  "EFX.BA": 20100,
  "ELP.BA": 46240,
  "EMBJ.BA": 93575,
  "EOAN.BA": 236.04100037,
  "EQNR.BA": 5800,
  "ERIC.BA": 7155,
  "ETHA.BA": 7135,
  "ETSY.BA": 5020,
  "EWJ.BA": 9020,
  "EWZ.BA": 24010,
  "F.BA": 19810,
  "FCX.BA": 22270,
  "FDX.BA": 41500,
  "FMCC.BA": 0,
  "FMX.BA": 25320,
  "FNMA.BA": 17100,
  "FSLR.BA": 21870,
  "FXI.BA": 11680,
  "GDX.BA": 11940,
  "GE.BA": 53775,
  "GFI.BA": 63725,
  "GGB.BA": 20550,
  "GILD.BA": 45820,
  "GLD.BA": 11660,
  "GLOB.BA": 5825,
  "GLW.BA": 32220,
  "GM.BA": 19000,
  "GOOGL.BA": 8120,
  "GPRK.BA": 10850,
  "GRMN.BA": 102650,
  "GS.BA": 100225,
  "GSK.BA": 18200,
  "GT.BA": 6375,
  "HAL.BA": 21510,
  "HAPV3.BA": 4125,
  "HD.BA": 16100,
  "HDB.BA": 27080,
  "HHPD.BA": 0,
  "HL.BA": 24170,
  "HMC.BA": 44480,
  "HMY.BA": 28600,
  "HNPIY.BA": 6140,
  "HOG.BA": 11800,
  "HON.BA": 36000,
  "HOOD.BA": 6885,
  "HPQ.BA": 39100,
  "HSBC.BA": 53700,
  "HSY.BA": 13020,
  "HUT.BA": 323050,
  "HWM.BA": 286225,
  "IBB.BA": 9365,
  "IBIT.BA": 7765,
  "IBM.BA": 31000,
  "IBN.BA": 46500,
  "IEMG.BA": 8505,
  "IEUR.BA": 9500,
  "IFF.BA": 8495,
  "IJH.BA": 8400,
  "INFY.BA": 26680,
  "ING.BA": 13180,
  "INTC.BA": 12200,
  "IP.BA": 14850,
  "IREN.BA": 5750,
  "ISRG.BA": 9640,
  "ITA.BA": 6115,
  "ITUB.BA": 11350,
  "ITUB3.BA": 10740,
  "IVE.BA": 7930,
  "IVW.BA": 9375,
  "IWDA.BA": 0,
  "IWM.BA": 37820,
  "JBSS3.BA": 8320,
  "JCI.BA": 83425,
  "JD.BA": 11030,
  "JMIA.BA": 18100,
  "JNJ.BA": 20380,
  "JOYY.BA": 19300,
  "JPM.BA": 31800,
  "KB.BA": 68050,
  "KEP.BA": 26540,
  "KGC.BA": 41000,
  "KMB.BA": 26060,
  "KO.BA": 21250,
  "KOFM.BA": 67725,
  "LAC.BA": 8020,
  "LAR.BA": 7850,
  "LFC.BA": 1074.5,
  "LLY.BA": 26760,
  "LMT.BA": 34180,
  "LRCX.BA": 4327.5,
  "LREN3.BA": 3922.5,
  "LVS.BA": 50075,
  "LYG.BA": 3887.5,
  "MA.BA": 25020,
  "MBG.BA": 3807.20898438,
  "MBT.BA": 650,
  "MCD.BA": 19430,
  "MDLZ.BA": 5560,
  "MDT.BA": 38380,
  "MELI.BA": 26180,
  "META.BA": 41660,
  "MFG.BA": 11150,
  "MGLU3.BA": 2930,
  "MMC.BA": 17190,
  "MMM.BA": 24560,
  "MO.BA": 21940,
  "MOS.BA": 7105,
  "MRK.BA": 29880,
  "MRNA.BA": 2179,
  "MRVL.BA": 9825,
  "MSFT.BA": 24680,
  "MSI.BA": 28340,
  "MSTR.BA": 13740,
  "MU.BA": 73975,
  "MUFG.BA": 24500,
  "MUX.BA": 14200,
  "NATU3.BA": 2295,
  "NEC1.BA": 0,
  "NEM.BA": 45160,
  "NFLX.BA": 3052.5,
  "NG.BA": 59150,
  "NGG.BA": 56975,
  "NIO.BA": 1887,
  "NKE.BA": 7980,
  "NLM.BA": 0,
  "NMR.BA": 11790,
  "NOKA.BA": 9255,
  "NOW.BA": 7505,
  "NSAN.BA": 1545,
  "NTCO.BA": 6200,
  "NTES.BA": 15050,
  "NU.BA": 12380,
  "NUE.BA": 15050,
  "NVDA.BA": 11690,
  "NVS.BA": 50200,
  "NXE.BA": 14400,
  "OKLO.BA": 5565,
  "ORAN.BA": 13200,
  "ORCL.BA": 110500,
  "ORLY.BA": 653.5,
  "OXY.BA": 12540,
  "PAAS.BA": 22050,
  "PAC.BA": 21610,
  "PAGS.BA": 5005,
  "PANW.BA": 6000,
  "PATH.BA": 14170,
  "PBI.BA": 14890,
  "PBR.BA": 18200,
  "PCAR.BA": 55350,
  "PCRF.BA": 0,
  "PDD.BA": 7100,
  "PEP.BA": 12280,
  "PETR3.BA": 9430,
  "PFE.BA": 9795,
  "PG.BA": 14000,
  "PHG.BA": 8205,
  "PINS.BA": 5700,
  "PKS.BA": 26820,
  "PLTR.BA": 90250,
  "PM.BA": 12450,
  "PSO.BA": 0,
  "PSQ.BA": 5640,
  "PSX.BA": 35440,
  "PYPL.BA": 11440,
  "QCOM.BA": 23880,
  "QQQ.BA": 47040,
  "RACE.BA": 7000,
  "RBLX.BA": 73125,
  "RCTB4.BA": 0,
  "RGTI.BA": 21040,
  "RIO.BA": 13700,
  "RIOT.BA": 7515,
  "RKLB.BA": 6415,
  "ROKU.BA": 11750,
  "ROST.BA": 66950,
  "RTX.BA": 51550,
  "SAN.BA": 67300,
  "SAP.BA": 61475,
  "SATL.BA": 2665,
  "SBS.BA": 75000,
  "SBSP3.BA": 40780,
  "SBUX.BA": 10740,
  "SCCO.BA": 106725,
  "SCHW.BA": 0,
  "SDA.BA": 1526,
  "SE.BA": 6050,
  "SH.BA": 6900,
  "SHEL.BA": 54500,
  "SHOP.BA": 2201,
  "SI.BA": 22.45000076,
  "SID.BA": 19150,
  "SIEGY.BA": 6695.81591797,
  "SLB.BA": 19460,
  "SLV.BA": 13390,
  "SMH.BA": 11120,
  "SMSN.BA": 13143.82421875,
  "SNA.BA": 87700,
  "SNAP.BA": 11820,
  "SNOW.BA": 11300,
  "SONY.BA": 5195,
  "SPCE.BA": 12800,
  "SPGI.BA": 16850,
  "SPHQ.BA": 8040,
  "SPOT.BA": 30620,
  "SPXL.BA": 13440,
  "SPY.BA": 51450,
  "STLA.BA": 3700,
  "STNE.BA": 7500,
  "SUZ.BA": 14110,
  "SUZB3.BA": 14140,
  "SWKS.BA": 5195,
  "SYY.BA": 13800,
  "T.BA": 12450,
  "TCOM.BA": 54375,
  "TEAM.BA": 5215,
  "TEFO.BA": 766.5,
  "TEM.BA": 9705,
  "TEN.BA": 61225,
  "TGT.BA": 5750,
  "TIIAY.BA": 0,
  "TIMB.BA": 33600,
  "TIMS3.BA": 6755,
  "TJX.BA": 10320,
  "TM.BA": 19640,
  "TMO.BA": 39200,
  "TMUS.BA": 9700,
  "TQQQ.BA": 3360,
  "TRIP.BA": 11450,
  "TRVV.BA": 70575,
  "TSLA.BA": 43920,
  "TSM.BA": 50225,
  "TTE.BA": 32680,
  "TTM.BA": 8651,
  "TV.BA": 1363,
  "TWLO.BA": 5340,
  "TXN.BA": 55650,
  "TXR.BA": 13940,
  "UAL.BA": 31640,
  "UBER.BA": 69300,
  "UGP.BA": 5785,
  "UL.BA": 30100,
  "UNH.BA": 14750,
  "UNP.BA": 17850,
  "UPST.BA": 14030,
  "URA.BA": 14380,
  "URBN.BA": 58350,
  "USB.BA": 15520,
  "USO.BA": 7090,
  "V.BA": 27460,
  "VALE.BA": 9440,
  "VALE3.BA": 19400,
  "VEA.BA": 9300,
  "VIG.BA": 8595,
  "VIST.BA": 26360,
  "VIV.BA": 18500,
  "VIVT3.BA": 9980,
  "VOD.BA": 18890,
  "VRSN.BA": 62900,
  "VRTX.BA": 6785,
  "VST.BA": 9670,
  "VXX.BA": 9400,
  "VZ.BA": 15670,
  "WBA.BA": 5360,
  "WBO.BA": 2582.5,
  "WEGE3.BA": 12930,
  "WFC.BA": 27200,
  "WMT.BA": 9520,
  "X.BA": 21550,
  "XLB.BA": 3722.5,
  "XLC.BA": 9290,
  "XLE.BA": 34200,
  "XLF.BA": 40440,
  "XLI.BA": 8310,
  "XLK.BA": 4820,
  "XLP.BA": 7380,
  "XLRE.BA": 6810,
  "XLU.BA": 4280,
  "XLV.BA": 7860,
  "XLY.BA": 4137.5,
  "XOM.BA": 17620,
  "XP.BA": 6720,
  "XPEV.BA": 7590,
  "XROX.BA": 4175,
  "XYZ.BA": 4560,
  "YELP.BA": 22500,
  "YZCA.BA": 0.007,
  "ZM.BA": 2815,
  "ALUA.BA": 1060,
  "ALUAC.BA": 0.69,
  "ALUAD.BA": 0.74400002,
  "BBAR.BA": 8350,
  "BBARC.BA": 2.63070011,
  "BBARD.BA": 5.69999981,
  "BMA.BA": 13160,
  "BMA.C.BA": 9.10999966,
  "BMA.D.BA": 9.18,
  "BYMA.BA": 299.25,
  "BYMAC.BA": 0.2,
  "BYMAD.BA": 0.201,
  "CEPU.BA": 2575,
  "COME.BA": 72.5,
  "CRES.BA": 1779,
  "CRESC.BA": 1.11500001,
  "EDN.BA": 2487,
  "EDNC.BA": 1.66999996,
  "EDND.BA": 1.70000005,
  "GGAL.BA": 7640,
  "GGALC.BA": 5.28999996,
  "GGALD.BA": 5.2,