{
  "AAL.BA": 10100,
  "AAP.BA": 6040,
  "AAPL.BA": 23720,
  "ABBV.BA": 34780,
  "ABEV.BA": 14120,
  "ABEV3.BA": 4795,
  "ABNB.BA": 13420,
  "ABT.BA": 34800,
  "ACN.BA": 3567.5,
  "ACWI.BA": 9095,
  "ADBE.BA": 8630,
  "ADGO.BA": 17650,
  "ADI.BA": 41560,
  "ADP.BA": 58625,
  "ADS.BA": 3942.14794922,
  "AEG.BA": 12550,
  "AEM.BA": 41680,
  "AHP.BA": 28.79999924,
  "AI.BA": 3060,
  "AIG.BA": 22620,
  "AKO.B.BA": 43000,
  "ALAB.BA": 11330,
  "AMAT.BA": 142600,
  "AMD.BA": 72625,
  "AMGN.BA": 17890,
  "AMX.BA": 38100,
  "AMZN.BA": 2650,
  "ANET.BA": 8055,
  "ANF.BA": 116225,
  "ARCO.BA": 24690,
  "ARKK.BA": 11430,
  "ARM.BA": 19920,
  "ASML.BA": 17370,
  "ASR.BA": 21780,
  "ASTS.BA": 9570,
  "AVGO.BA": 15290,
  "AVY.BA": 13020,
  "AXIA.BA": 59450,
  "AXP.BA": 31220,
  "AZN.BA": 70050,
  "B.BA": 30260,
  "BA.BA": 13650,
  "BA.C.BA": 20260,
  "BABA.BA": 20600,
  "BAK.BA": 2697.5,
  "BAS.BA": 1770.88269043,
  "BAYN.BA": 3323.26293945,
  "BB.BA": 4700,
  "BBD.BA": 5120,
  "BBDC3.BA": 4510,
  "BBV.BA": 33940,
  "BCS.BA": 37240,
  "BHP.BA": 63500,
  "BIDU.BA": 16810,
  "BIIB.BA": 23340,
  "BIOX.BA": 672,
  "BKNG.BA": 379,
  "BKR.BA": 13950,
  "BMNR.BA": 3032.5,
  "BMY.BA": 29100,
  "BNG.BA": 38420,
  "BNY.BA": 108600,
  "BP.BA": 13180,
  "BPA11.BA": 15250,
  "BRFS.BA": 18200,
  "BRKB.BA": 33760,
  "BSBR.BA": 7935,
  "BSN.BA": 613.31298828,
  "BX.BA": 5800,
  "C.BA": 66575,
  "CAAP.BA": 154550,
  "CAH.BA": 104800,
  "CAJ.BA": 4045.5,
  "CAR.BA": 9945,
  "CAT.BA": 69525,
  "CBRD.BA": 459,
  "CCJ.BA": 6980,
  "CCL.BA": 14010,
  "CDE.BA": 24850,
  "CEG.BA": 8670,
  "CIBR.BA": 13250,
  "CL.BA": 44580,
  "CLS.BA": 29380,
  "COIN.BA": 8450,
  "COP.BA": 7155,
  "COPX.BA": 8945,
  "COST.BA": 31100,
  "CRM.BA": 15600,
  "CRWD.BA": 13220,
  "CRWV.BA": 5615,
  "CSCO.BA": 37740,
  "CSNA3.BA": 1844,
  "CVS.BA": 9740,
  "CVX.BA": 17730,
  "CX.BA": 19050,
  "DAL.BA": 15010,
  "DD.BA": 14270,
  "DE.BA": 22330,
  "DECK.BA": 6555,
  "DEO.BA": 20120,
  "DESP.BA": 22600,
  "DHR.BA": 5170,
  "DIA.BA": 38920,
  "DISN.BA": 12580,
  "DOCU.BA": 3265,
  "DOW.BA": 8535,
  "DTEA.BA": 0,
  "E.BA": 20480,
  "EA.BA": 22040,
  "EBAY.BA": 82975,
  "ECL.BA": 6970,
  "EEM.BA": 19900,
  "EFA.BA": 8695,
  "EFX.BA": 16060,
  "ELPC.BA": 51550,
  "EMBJ.BA": 86300,
  "EOAN.BA": 236.04100037,
  "EQNR.BA": 9300,
  "ERIC.BA": 9815,
  "ESGU.BA": 8235,
  "ETHA.BA": 3657.5,
  "ETSY.BA": 6365,
  "EWJ.BA": 9945,
  "EWY.BA": 5565,
  "EWZ.BA": 25800,
  "F.BA": 22500,
  "FCX.BA": 32120,
  "FDX.BA": 50125,
  "FISV.BA": 7390,
  "FMCC.BA": 11900,
  "FMX.BA": 30860,
  "FNMA.BA": 10500,
  "FSLR.BA": 23710,
  "FXI.BA": 10570,
  "GDX.BA": 12130,
  "GE.BA": 62300,
  "GFI.BA": 56125,
  "GGB.BA": 28000,
  "GILD.BA": 49600,
  "GLD.BA": 12050,
  "GLNG.BA": 7800,
  "GLOB.BA": 3180,
  "GLW.BA": 69625,
  "GM.BA": 20770,
  "GOOGL.BA": 9680,
  "GPRK.BA": 16150,
  "GRMN.BA": 120300,
  "GS.BA": 123425,
  "GSK.BA": 19580,
  "GT.BA": 4272.5,
  "HAL.BA": 30400,
  "HAPV3.BA": 3325,
  "HD.BA": 14720,
  "HDB.BA": 17890,
  "HHPD.BA": 0,
  "HIMS.BA": 9860,
  "HL.BA": 22570,
  "HMC.BA": 40440,
  "HMY.BA": 23930,
  "HNPIY.BA": 6140,
  "HOG.BA": 12230,
  "HON.BA": 41200,
  "HOOD.BA": 4267.5,
  "HPQ.BA": 38100,
  "HSBC.BA": 69500,
  "HSY.BA": 13390,
  "HUT.BA": 34680,
  "HWM.BA": 386375,
  "IBB.BA": 9585,
  "IBIT.BA": 5250,
  "IBM.BA": 28640,
  "IBN.BA": 39480,
  "ICLN.BA": 6515,
  "IEMG.BA": 10100,
  "IEUR.BA": 10310,
  "IFF.BA": 9180,
  "IJH.BA": 9445,
  "ILF.BA": 8380,
  "INFY.BA": 18890,
  "ING.BA": 15340,
  "INTC.BA": 31140,
  "IP.BA": 12770,
  "IREN.BA": 6800,
  "ISRG.BA": 7100,
  "ITA.BA": 7005,
  "ITUB.BA": 11430,
  "ITUB3.BA": 11940,
  "IVE.BA": 8640,
  "IVV.BA": 1647,
  "IVW.BA": 10370,
  "IWDA.BA": 0,
  "IWM.BA": 43180,
  "JBSS3.BA": 8320,
  "JCI.BA": 114850,
  "JD.BA": 10970,
  "JMIA.BA": 10330,
  "JNJ.BA": 23670,
  "JOYY.BA": 20500,
  "JPM.BA": 31380,
  "KB.BA": 78800,
  "KEEL.BA": 38680,
  "KEP.BA": 18650,
  "KGC.BA": 40200,
  "KMB.BA": 24670,
  "KO.BA": 24230,
  "KOFM.BA": 80700,
  "LAC.BA": 7010,
  "LAR.BA": 13470,
  "LFC.BA": 1074.5,
  "LLY.BA": 31260,
  "LMT.BA": 39680,
  "LND.BA": 5595,
  "LRCX.BA": 8525,
  "LREN3.BA": 4432.5,
  "LVS.BA": 38440,
  "LYG.BA": 4045,
  "MA.BA": 22500,
  "MBG.BA": 3807.20898438,
  "MBT.BA": 650,
  "MCD.BA": 17600,
  "MDLZ.BA": 6255,
  "MDT.BA": 31140,
  "MELI.BA": 20450,
  "META.BA": 38600,
  "MFG.BA": 14660,
  "MGLU3.BA": 1614,
  "MMM.BA": 23300,
  "MO.BA": 27460,
  "MOS.BA": 6725,
  "MP.BA": 9170,
  "MRK.BA": 37360,
  "MRNA.BA": 3840,
  "MRSH.BA": 15580,
  "MRVL.BA": 30900,
  "MSFT.BA": 21260,
  "MSI.BA": 30940,
  "MSTR.BA": 8975,
  "MU.BA": 277375,
  "MUFG.BA": 30320,
  "MUX.BA": 14150,
  "NATU3.BA": 2852.5,
  "NBIS.BA": 12750,
  "NEC1.BA": 0,
  "NEE.BA": 6825,
  "NEM.BA": 51350,
  "NFLX.BA": 2580,
  "NG.BA": 45240,
  "NGG.BA": 62150,
  "NIO.BA": 2030,
  "NKE.BA": 5410,
  "NLM.BA": 0,
  "NMR.BA": 12940,
  "NOKA.BA": 22560,
  "NOW.BA": 992.5,
  "NSAN.BA": 1545,
  "NTCO.BA": 6200,
  "NTES.BA": 12870,
  "NU.BA": 9160,
  "NUE.BA": 24360,
  "NVDA.BA": 13190,
  "NVO.BA": 9440,
  "NVS.BA": 56275,
  "NXE.BA": 16500,
  "O.BA": 7110,
  "OKLO.BA": 3202.5,
  "ONDS.BA": 8080,
  "ORAN.BA": 13200,
  "ORCL.BA": 109425,
  "ORLY.BA": 600,
  "OXY.BA": 17420,
  "PAAS.BA": 24460,
  "PAC.BA": 22670,
  "PAGS.BA": 4342.5,
  "PANW.BA": 8330,
  "PATH.BA": 8405,
  "PBI.BA": 25860,
  "PBR.BA": 26980,
  "PCAR.BA": 59525,
  "PCRF.BA": 0,
  "PDD.BA": 5205,
  "PEP.BA": 12110,
  "PETR3.BA": 13490,
  "PFE.BA": 9925,
  "PG.BA": 14770,
  "PHG.BA": 7940,
  "PINS.BA": 4537.5,
  "PKS.BA": 31200,
  "PLTR.BA": 69150,
  "PM.BA": 15000,
  "PSO.BA": 0,
  "PSQ.BA": 4920,
  "PSX.BA": 46440,
  "PYPL.BA": 7890,
  "QCOM.BA": 30620,
  "QQQ.BA": 54450,
  "RACE.BA": 6350,
  "RBLX.BA": 31480,
  "RCTB4.BA": 0,
  "RGTI.BA": 15840,
  "RIO.BA": 19200,
  "RIOT.BA": 12260,
  "RKLB.BA": 14100,
  "ROKU.BA": 14380,
  "ROST.BA": 88250,
  "RTX.BA": 55175,
  "SAN.BA": 74950,
  "SAP.BA": 46920,
  "SATL.BA": 10890,
  "SBS.BA": 16280,
  "SBSP3.BA": 8155,
  "SBUX.BA": 12110,
  "SCCO.BA": 133100,
  "SCHW.BA": 0,
  "SDA.BA": 850,
  "SE.BA": 4090,
  "SH.BA": 6315,
  "SHEL.BA": 65125,
  "SHOP.BA": 1540,
  "SI.BA": 22.45000076,
  "SID.BA": 14670,
  "SIEGY.BA": 6695.81591797,
  "SLB.BA": 28040,
  "SLV.BA": 15710,
  "SMH.BA": 17750,
  "SMSN.BA": 13143.82421875,
  "SNA.BA": 95175,
  "SNAP.BA": 8740,
  "SNDK.BA": 14480,
  "SNOW.BA": 11930,
  "SONY.BA": 4147.5,
  "SPCE.BA": 13120,
  "SPGI.BA": 14210,
  "SPHQ.BA": 9305,
  "SPOT.BA": 26460,
  "SPXL.BA": 16450,
  "SPY.BA": 18850,
  "STLA.BA": 2177,
  "STNE.BA": 5340,
  "SUZ.BA": 12420,
  "SUZB3.BA": 12250,
  "SWKS.BA": 5100,
  "SYY.BA": 14300,
  "T.BA": 11490,
  "TCOM.BA": 35900,
  "TEAM.BA": 3117.5,
  "TEFO.BA": 727.5,
  "TEM.BA": 6010,
  "TEN.BA": 94700,
  "TGT.BA": 7730,
  "TIIAY.BA": 0,
  "TIMB.BA": 32720,
  "TIMS3.BA": 6585,
  "TJX.BA": 10550,
  "TM.BA": 17920,
  "TMO.BA": 32640,
  "TMUS.BA": 8330,
  "TQQQ.BA": 4702.5,
  "TRIP.BA": 9025,
  "TRVV.BA": 73775,
  "TSLA.BA": 40340,
  "TSM.BA": 71050,
  "TTE.BA": 45020,
  "TTM.BA": 8651,
  "TV.BA": 1320,
  "TWLO.BA": 9770,
  "TXN.BA": 87625,
  "TXR.BA": 18320,
  "UAL.BA": 31920,
  "UBER.BA": 53475,
  "UGP.BA": 7285,
  "UL.BA": 28460,
  "UNH.BA": 18460,
  "UNP.BA": 20500,
  "UPST.BA": 8940,
  "URA.BA": 14000,
  "URBN.BA": 56600,
  "USB.BA": 16900,
  "USO.BA": 13450,
  "V.BA": 27140,
  "VALE.BA": 11630,
  "VALE3.BA": 23270,
  "VEA.BA": 10620,
  "VIG.BA": 9155,
  "VIST.BA": 37980,
  "VIV.BA": 19540,
  "VIVT3.BA": 10110,
  "VOD.BA": 22370,
  "VRSN.BA": 74000,
  "VRTX.BA": 6745,
  "VST.BA": 8735,
  "VXX.BA": 7505,
  "VZ.BA": 17170,
  "WBA.BA": 5360,
  "WBO.BA": 1950,
  "WEGE3.BA": 13490,
  "WFC.BA": 24840,
  "WMT.BA": 10150,
  "X.BA": 21550,
  "XLB.BA": 4292.5,
  "XLC.BA": 8930,
  "XLE.BA": 43940,
  "XLF.BA": 39580,
  "XLI.BA": 9500,
  "XLK.BA": 6055,
  "XLP.BA": 7935,
  "XLRE.BA": 7560,
  "XLU.BA": 4495,
  "XLV.BA": 8095,
  "XLY.BA": 4085,
  "XME.BA": 6085,
  "XOM.BA": 22750,
  "XP.BA": 5865,
  "XPEV.BA": 6070,
  "XROX.BA": 5105,
  "XYZ.BA": 5145,
  "YELP.BA": 17590,