{
  "AAL.BA": 7820,
  "AAP.BA": 5790,
  "AAPL.BA": 14275,
  "ABBV.BA": 26225,
  "ABEV.BA": 8990,
  "ABEV3.BA": 3115,
  "ABNB.BA": 11600,
  "ABT.BA": 43700,
  "ACN.BA": 4425,
  "ACWI.BA": 6740,
  "ADBE.BA": 10500,
  "ADGO.BA": 12100,
  "ADI.BA": 19600,
  "ADP.BA": 67050,
  "ADS.BA": 3942.14794922,
  "AEG.BA": 9660,
  "AEM.BA": 30075,
  "AHP.BA": 28.79999924,
  "AI.BA": 6230,
  "AIG.BA": 21100,
  "AKO.B.BA": 31200,
  "AMAT.BA": 47625,
  "AMD.BA": 21775,
  "AMGN.BA": 12725,
  "AMX.BA": 24250,
  "AMZN.BA": 2055,
  "ANF.BA": 137550,
  "ARCO.BA": 18225,
  "ARKK.BA": 9900,
  "ARM.BA": 6790,
  "ASML.BA": 6330,
  "ASR.BA": 20925,
  "AVGO.BA": 10375,
  "AVY.BA": 12400,
  "AXP.BA": 26225,
  "AZN.BA": 49075,
  "B.BA": 15175,
  "BA.BA": 12575,
  "BA.C.BA": 15125,
  "BABA.BA": 18000,
  "BAK.BA": 2115,
  "BAS.BA": 3197.76855469,
  "BAYN.BA": 3323.26293945,
  "BB.BA": 1640,
  "BBD.BA": 3815,
  "BBDC3.BA": 3365,
  "BBV.BA": 23650,
  "BCS.BA": 26200,
  "BHP.BA": 34525,
  "BIDU.BA": 10500,
  "BIIB.BA": 13325,
  "BIOX.BA": 4545,
  "BITF.BA": 8410,
  "BK.BA": 68200,
  "BKNG.BA": 10750,
  "BKR.BA": 8200,
  "BMY.BA": 20000,
  "BNG.BA": 21650,
  "BP.BA": 9030,
  "BPA11.BA": 9650,
  "BRFS.BA": 14150,
  "BRKB.BA": 28475,
  "BSBR.BA": 6460,
  "BSN.BA": 613.31298828,
  "C.BA": 41075,
  "CAAP.BA": 110900,
  "CAH.BA": 69700,
  "CAJ.BA": 4045.5,
  "CAR.BA": 8040,
  "CAT.BA": 28525,
  "CBRD.BA": 459,
  "CCL.BA": 13050,
  "CDE.BA": 13175,
  "CEG.BA": 10050,
  "CIBR.BA": 9770,
  "CL.BA": 37700,
  "CLS.BA": 13250,
  "COIN.BA": 15025,
  "COST.BA": 27000,
  "CRM.BA": 18475,
  "CSCO.BA": 18525,
  "CSNA3.BA": 1820,
  "CVS.BA": 5530,
  "CVX.BA": 12800,
  "CX.BA": 11175,
  "DAL.BA": 9020,
  "DD.BA": 18975,
  "DE.BA": 17075,
  "DECK.BA": 5660,
  "DEO.BA": 23800,
  "DESP.BA": 22600,
  "DHR.BA": 4850,
  "DIA.BA": 29575,
  "DISN.BA": 12850,
  "DOCU.BA": 4545,
  "DOW.BA": 4755,
  "DTEA.BA": 0,
  "E.BA": 11475,
  "EA.BA": 15500,
  "EBAY.BA": 61800,
  "EBR.BA": 38425,
  "EEM.BA": 13150,
  "EFA.BA": 6590,
  "EFX.BA": 20125,
  "ELP.BA": 35075,
  "EOAN.BA": 236.04100037,
  "EQNR.BA": 5500,
  "ERIC.BA": 4910,
  "ERJ.BA": 76150,
  "ETHA.BA": 7440,
  "ETSY.BA": 4670,
  "EWJ.BA": 7280,
  "EWZ.BA": 18300,
  "F.BA": 14975,
  "FCX.BA": 17725,
  "FDX.BA": 30425,
  "FMCC.BA": 0,
  "FMX.BA": 19675,
  "FMX.B.BA": 0,
  "FNMA.BA": 11225,
  "FSLR.BA": 13775,
  "FXI.BA": 10075,
  "GDX.BA": 7660,
  "GE.BA": 45475,
  "GFI.BA": 41125,
  "GGB.BA": 15300,
  "GILD.BA": 36850,
  "GLD.BA": 8300,
  "GLOB.BA": 5860,
  "GLW.BA": 21325,
  "GM.BA": 11675,
  "GOOGL.BA": 4490,
  "GPRK.BA": 8630,
  "GRMN.BA": 102200,
  "GS.BA": 74400,
  "GSK.BA": 12350,
  "GT.BA": 6700,
  "HAL.BA": 14225,
  "HAPV3.BA": 8760,
  "HD.BA": 16125,
  "HDB.BA": 50600,
  "HHPD.BA": 0,
  "HL.BA": 8190,
  "HMC.BA": 43225,
  "HMY.BA": 21425,
  "HNPIY.BA": 6140,
  "HOG.BA": 10725,
  "HON.BA": 36600,
  "HPQ.BA": 33525,
  "HSBC.BA": 41925,
  "HSY.BA": 11950,
  "HUT.BA": 137700,
  "HWM.BA": 242600,
  "IBB.BA": 6500,
  "IBIT.BA": 8760,
  "IBM.BA": 22500,
  "IBN.BA": 44100,
  "IEMG.BA": 6810,
  "IEUR.BA": 7950,
  "IFF.BA": 7420,
  "IJH.BA": 7000,
  "INFY.BA": 21500,
  "ING.BA": 10550,
  "INTC.BA": 5450,
  "IP.BA": 15425,
  "ISRG.BA": 7000,
  "ITUB.BA": 8880,
  "ITUB3.BA": 8200,
  "IVE.BA": 6590,
  "IVW.BA": 7620,
  "IWM.BA": 29375,
  "JBSS3.BA": 8320,
  "JCI.BA": 68150,
  "JD.BA": 10475,
  "JMIA.BA": 6130,
  "JNJ.BA": 15250,
  "JOYY.BA": 13575,
  "JPM.BA": 25925,
  "KB.BA": 55500,
  "KEP.BA": 19900,
  "KGC.BA": 24950,
  "KMB.BA": 30375,
  "KO.BA": 18550,
  "KOFM.BA": 55950,
  "LAC.BA": 3425,
  "LAR.BA": 3510,
  "LFC.BA": 1074.5,
  "LLY.BA": 17825,
  "LMT.BA": 29100,
  "LRCX.BA": 2270,
  "LVS.BA": 35150,
  "LYG.BA": 2880,
  "MA.BA": 22975,
  "MBG.BA": 3807.20898438,
  "MBT.BA": 650,
  "MCD.BA": 17125,
  "MDLZ.BA": 5540,
  "MDT.BA": 29900,
  "MELI.BA": 25850,
  "META.BA": 42975,
  "MFG.BA": 8100,
  "MGLU3.BA": 1830,
  "MMC.BA": 17075,
  "MMM.BA": 20225,
  "MO.BA": 21150,
  "MOS.BA": 8310,
  "MRK.BA": 21200,
  "MRNA.BA": 1890,
  "MRVL.BA": 7170,
  "MSFT.BA": 23400,
  "MSI.BA": 29450,
  "MSTR.BA": 25575,
  "MU.BA": 29100,
  "MUFG.BA": 18875,
  "MUX.BA": 7210,
  "NATU3.BA": 2215,
  "NEC1.BA": 0,
  "NEM.BA": 30225,
  "NFLX.BA": 32825,
  "NG.BA": 30725,
  "NGG.BA": 48275,
  "NIO.BA": 1530,
  "NKE.BA": 8390,
  "NLM.BA": 0,
  "NMR.BA": 9130,
  "NOKA.BA": 5460,
  "NOW.BA": 7050,
  "NSAN.BA": 1545,
  "NTCO.BA": 6200,
  "NTES.BA": 12600,
  "NU.BA": 8170,
  "NUE.BA": 11550,
  "NVDA.BA": 9970,
  "NVS.BA": 37925,
  "NXE.BA": 9410,
  "ORAN.BA": 13200,
  "ORCL.BA": 114100,
  "ORLY.BA": 632,
  "OXY.BA": 11400,
  "PAAS.BA": 13050,
  "PAC.BA": 20000,
  "PAGS.BA": 3670,
  "PANW.BA": 4620,
  "PATH.BA": 7510,
  "PBI.BA": 15175,
  "PBR.BA": 17350,
  "PCAR.BA": 43300,
  "PCRF.BA": 0,
  "PDD.BA": 6080,
  "PEP.BA": 10450,
  "PETR3.BA": 8740,
  "PFE.BA": 8010,
  "PG.BA": 13650,
  "PHG.BA": 6980,
  "PINS.BA": 7470,
  "PKS.BA": 24000,
  "PLTR.BA": 79650,
  "PM.BA": 12400,
  "PSO.BA": 0,
  "PSQ.BA": 5480,
  "PSX.BA": 26650,
  "PYPL.BA": 11550,
  "QCOM.BA": 17725,
  "QQQ.BA": 37850,
  "RACE.BA": 7130,
  "RBLX.BA": 89450,
  "RCTB4.BA": 0,
  "RGTI.BA": 10600,
  "RIO.BA": 10075,
  "RIOT.BA": 5210,
  "ROKU.BA": 8760,
  "ROST.BA": 48925,
  "RTX.BA": 41625,
  "SAN.BA": 47450,
  "SAP.BA": 64950,
  "SATL.BA": 4585,
  "SBS.BA": 53350,
  "SBSP3.BA": 26400,
  "SBUX.BA": 9930,
  "SCCO.BA": 63550,
  "SCHW.BA": 0,
  "SDA.BA": 1465,
  "SE.BA": 6170,
  "SH.BA": 6500,
  "SHEL.BA": 48200,
  "SHOP.BA": 1910,
  "SID.BA": 14225,
  "SIEGY.BA": 6695.81591797,
  "SLB.BA": 14650,
  "SLV.BA": 7660,
  "SMH.BA": 7680,
  "SMSN.BA": 13143.82421875,
  "SNA.BA": 71950,
  "SNAP.BA": 10400,
  "SNOW.BA": 9330,
  "SONY.BA": 4170,
  "SPCE.BA": 10225,
  "SPGI.BA": 16650,
  "SPOT.BA": 31800,
  "SPXL.BA": 9800,
  "SPY.BA": 42275,
  "STLA.BA": 2380,
  "STNE.BA": 5990,
  "SUZ.BA": 12550,
  "SUZB3.BA": 12450,
  "SWKS.BA": 4285,
  "SYY.BA": 13525,
  "T.BA": 12200,
  "TCOM.BA": 41300,
  "TEAM.BA": 5280,
  "TEFO.BA": 889,
  "TEM.BA": 6200,
  "TEN.BA": 47275,
  "TGT.BA": 5870,
  "TIIAY.BA": 0,
  "TIMB.BA": 26475,
  "TIMS3.BA": 5380,
  "TJX.BA": 7870,
  "TM.BA": 16450,
  "TMO.BA": 27325,
  "TMUS.BA": 9680,
  "TRIP.BA": 11075,
  "TRVV.BA": 59450,
  "TSLA.BA": 28450,
  "TSM.BA": 34300,
  "TTE.BA": 26800,
  "TTM.BA": 8651,
  "TV.BA": 1070,
  "TWLO.BA": 4850,
  "TXN.BA": 49725,
  "TXR.BA": 10325,
  "UAL.BA": 23700,
  "UBER.BA": 59550,
  "UGP.BA": 4125,
  "UL.BA": 27100,
  "UNH.BA": 9970,
  "UNP.BA": 15100,
  "UPST.BA": 17875,
  "URA.BA": 11025,
  "URBN.BA": 53250,
  "USB.BA": 11825,
  "USO.BA": 6550,
  "V.BA": 25200,
  "VALE.BA": 6570,
  "VALE3.BA": 13350,
  "VEA.BA": 7680,
  "VIG.BA": 7100,
  "VIST.BA": 20325,
  "VIV.BA": 16050,
  "VIVT3.BA": 7610,
  "VOD.BA": 15025,
  "VRSN.BA": 60650,
  "VRTX.BA": 5100,
  "VST.BA": 10300,
  "VZ.BA": 14175,
  "WBA.BA": 5240,
  "WBO.BA": 2155,
  "WEGE3.BA": 9190,
  "WFC.BA": 20700,
  "WMT.BA": 7660,
  "X.BA": 21550,
  "XLB.BA": 6480,
  "XLC.BA": 7550,
  "XLE.BA": 56700,
  "XLF.BA": 34650,
  "XLI.BA": 7210,
  "XLK.BA": 7650,
  "XLP.BA": 6840,
  "XLRE.BA": 6170,
  "XLU.BA": 7630,
  "XLV.BA": 6020,
  "XLY.BA": 6960,
  "XOM.BA": 14225,
  "XP.BA": 5730,
  "XPEV.BA": 6410,
  "XROX.BA": 5550,
  "XYZ.BA": 5060,
  "YELP.BA": 22850,
  "YZCA.BA": 0.007,
  "ZM.BA": 2070,
  "ALUA.BA": 725,
  "ALUAC.BA": 0.53500003,
  "ALUAD.BA": 0.56400001,
  "BBAR.BA": 7640,
  "BBARC.BA": 5.0999999,
  "BBARD.BA": 5.73000002,
  "BMA.BA": 10050,
  "BMA.C.BA": 7.42999983,
  "BMA.D.BA": 7.44999981,
  "BYMA.BA": 208.5,
  "BYMAC.BA": 0.156,
  "BYMAD.BA": 0.15800001,
  "CEPU.BA": 1725,
  "COME.BA": 139.25,
  "CRES.BA": 1550,
  "CRESC.BA": 0.32300001,
  "EDN.BA": 2075,
  "EDNC.BA": 1.255,
  "EDND.BA": 1.54999995,
  "GGAL.BA": 7070,
  "GGALC.BA": 5.21999979,
  "GGALD.BA": 5.28000021,
  "IRSAC.BA": 1.58000004,
  "IRSAD.BA": 1.60000002,
  "LOMA.BA": 3340,
  "LOMAD.BA": 2.45499992,
  "MIRG.BA": 24800,
  "PAMP.BA": 4385,
  "SUPV.BA": 3115,
  "SUPVD.BA": 2.32999992,
  "TECO2.BA": 2610,
  "TECOC.BA": 1.78999996,
  "TGN4C.BA": 2.55500007,