{
  "AAL.BA": 8930,
  "AAP.BA": 5920,
  "AAPL.BA": 15625,
  "ABBV.BA": 28225,
  "ABEV.BA": 9040,
  "ABEV3.BA": 3010,
  "ABNB.BA": 11775,
  "ABT.BA": 44550,
  "ACN.BA": 4650,
  "ACWI.BA": 7010,
  "ADBE.BA": 11000,
  "ADGO.BA": 11375,
  "ADI.BA": 23075,
  "ADP.BA": 68500,
  "ADS.BA": 3942.14794922,
  "AEG.BA": 10650,
  "AEM.BA": 31625,
  "AHP.BA": 28.79999924,
  "AI.BA": 4695,
  "AIG.BA": 22300,
  "AKO.B.BA": 33100,
  "AMAT.BA": 44675,
  "AMD.BA": 22675,
  "AMGN.BA": 12975,
  "AMX.BA": 27125,
  "AMZN.BA": 2155,
  "ANF.BA": 130500,
  "ARCO.BA": 18925,
  "ARKK.BA": 10225,
  "ARM.BA": 7170,
  "ASML.BA": 7150,
  "ASR.BA": 22375,
  "AVGO.BA": 10400,
  "AVY.BA": 13075,
  "AXP.BA": 29175,
  "AZN.BA": 54150,
  "B.BA": 17950,
  "BA.BA": 13375,
  "BA.C.BA": 17075,
  "BABA.BA": 18450,
  "BAK.BA": 2360,
  "BAS.BA": 3197.76855469,
  "BAYN.BA": 3323.26293945,
  "BB.BA": 1755,
  "BBD.BA": 4090,
  "BBDC3.BA": 3490,
  "BBV.BA": 24325,
  "BCS.BA": 27400,
  "BHP.BA": 37875,
  "BIDU.BA": 11025,
  "BIIB.BA": 14225,
  "BIOX.BA": 3660,
  "BITF.BA": 9040,
  "BK.BA": 71550,
  "BKNG.BA": 11000,
  "BKR.BA": 8500,
  "BMY.BA": 21575,
  "BNG.BA": 22975,
  "BP.BA": 9500,
  "BPA11.BA": 10925,
  "BRFS.BA": 14875,
  "BRKB.BA": 30625,
  "BSBR.BA": 7030,
  "BSN.BA": 613.31298828,
  "C.BA": 43975,
  "CAAP.BA": 112200,
  "CAH.BA": 67700,
  "CAJ.BA": 4045.5,
  "CAR.BA": 8160,
  "CAT.BA": 29475,
  "CCL.BA": 14700,
  "CDE.BA": 17025,
  "CEG.BA": 9570,
  "CIBR.BA": 9950,
  "CL.BA": 38125,
  "CLS.BA": 13725,
  "COIN.BA": 15525,
  "COST.BA": 26825,
  "CRM.BA": 18825,
  "CSCO.BA": 18550,
  "CSNA3.BA": 1875,
  "CVS.BA": 6250,
  "CVX.BA": 13525,
  "CX.BA": 12050,
  "DAL.BA": 10400,
  "DD.BA": 21100,
  "DE.BA": 16700,
  "DECK.BA": 6360,
  "DEO.BA": 25250,
  "DESP.BA": 22600,
  "DHR.BA": 5170,
  "DIA.BA": 30925,
  "DISN.BA": 13325,
  "DOCU.BA": 4625,
  "DOW.BA": 5570,
  "DTEA.BA": 0,
  "E.BA": 11500,
  "EA.BA": 16800,
  "EBAY.BA": 63400,
  "EBR.BA": 43700,
  "EEM.BA": 13575,
  "EFA.BA": 6940,
  "EFX.BA": 21150,
  "ELP.BA": 36600,
  "EOAN.BA": 236.04100037,
  "EQNR.BA": 5700,
  "ERIC.BA": 5340,
  "ERJ.BA": 75900,
  "ETHA.BA": 9400,
  "ETSY.BA": 4615,
  "EWJ.BA": 7640,
  "EWZ.BA": 19675,
  "F.BA": 16150,
  "FCX.BA": 19875,
  "FDX.BA": 31475,
  "FMCC.BA": 0,
  "FMX.BA": 19725,
  "FMX.B.BA": 0,
  "FNMA.BA": 14400,
  "FSLR.BA": 14450,
  "FXI.BA": 10350,
  "GDX.BA": 8360,
  "GE.BA": 46425,
  "GFI.BA": 44750,
  "GGB.BA": 16500,
  "GILD.BA": 38750,
  "GLD.BA": 8500,
  "GLOB.BA": 5090,
  "GLW.BA": 22875,
  "GM.BA": 13275,
  "GOOGL.BA": 4845,
  "GPRK.BA": 8730,
  "GRMN.BA": 106450,
  "GS.BA": 78500,
  "GSK.BA": 13500,
  "GT.BA": 5820,
  "HAL.BA": 15100,
  "HAPV3.BA": 9990,
  "HD.BA": 17275,
  "HDB.BA": 49000,
  "HHPD.BA": 0,
  "HL.BA": 10950,
  "HMC.BA": 46025,
  "HMY.BA": 19875,
  "HNPIY.BA": 6140,
  "HOG.BA": 13175,
  "HON.BA": 37650,
  "HPQ.BA": 37000,
  "HSBC.BA": 43875,
  "HSY.BA": 11800,
  "HUT.BA": 179500,
  "HWM.BA": 239000,
  "IBB.BA": 6990,
  "IBIT.BA": 8650,
  "IBM.BA": 22225,
  "IBN.BA": 43325,
  "IEMG.BA": 7050,
  "IEUR.BA": 8250,
  "IFF.BA": 7570,
  "IJH.BA": 7380,
  "INFY.BA": 23575,
  "ING.BA": 11050,
  "INTC.BA": 6740,
  "IP.BA": 16375,
  "ISRG.BA": 7030,
  "ITUB.BA": 9410,
  "ITUB3.BA": 8430,
  "IVE.BA": 6930,
  "IVW.BA": 7870,
  "IWM.BA": 32100,
  "JBSS3.BA": 8320,
  "JCI.BA": 68650,
  "JD.BA": 10500,
  "JMIA.BA": 12450,
  "JNJ.BA": 16000,
  "JOYY.BA": 14600,
  "JPM.BA": 27175,
  "KB.BA": 53650,
  "KEP.BA": 18200,
  "KGC.BA": 27350,
  "KMB.BA": 29525,
  "KO.BA": 18700,
  "KOFM.BA": 58750,
  "LAC.BA": 4025,
  "LAR.BA": 4425,
  "LFC.BA": 1074.5,
  "LLY.BA": 17750,
  "LMT.BA": 30825,
  "LRCX.BA": 2505,
  "LVS.BA": 38400,
  "LYG.BA": 3050,
  "MA.BA": 24250,
  "MBG.BA": 3807.20898438,
  "MBT.BA": 650,
  "MCD.BA": 17650,
  "MDLZ.BA": 5600,
  "MDT.BA": 31275,
  "MELI.BA": 27275,
  "META.BA": 42250,
  "MFG.BA": 8910,
  "MGLU3.BA": 1800,
  "MMC.BA": 17575,
  "MMM.BA": 21250,
  "MO.BA": 22450,
  "MOS.BA": 9090,
  "MRK.BA": 22925,
  "MRNA.BA": 1785,
  "MRVL.BA": 7260,
  "MSFT.BA": 22925,
  "MSI.BA": 31575,
  "MSTR.BA": 23250,
  "MU.BA": 31975,
  "MUFG.BA": 20825,
  "MUX.BA": 7440,
  "NATU3.BA": 2270,
  "NEC1.BA": 0,
  "NEM.BA": 32725,
  "NFLX.BA": 34575,
  "NG.BA": 35625,
  "NGG.BA": 48750,
  "NIO.BA": 2150,
  "NKE.BA": 8830,
  "NLM.BA": 0,
  "NMR.BA": 9830,
  "NOKA.BA": 5900,
  "NOW.BA": 7030,
  "NSAN.BA": 1545,
  "NTCO.BA": 6200,
  "NTES.BA": 13125,
  "NU.BA": 9900,
  "NUE.BA": 12775,
  "NVDA.BA": 10300,
  "NVS.BA": 43150,
  "NXE.BA": 9880,
  "ORAN.BA": 13200,
  "ORCL.BA": 106600,
  "ORLY.BA": 633,
  "OXY.BA": 12750,
  "PAAS.BA": 14975,
  "PAC.BA": 20575,
  "PAGS.BA": 3900,
  "PANW.BA": 5090,
  "PATH.BA": 7610,
  "PBI.BA": 16725,
  "PBR.BA": 16550,
  "PCAR.BA": 45825,
  "PCRF.BA": 0,
  "PDD.BA": 6650,
  "PEP.BA": 11125,
  "PETR3.BA": 8310,
  "PFE.BA": 8510,
  "PG.BA": 14250,
  "PHG.BA": 7520,
  "PINS.BA": 7040,
  "PKS.BA": 24200,
  "PLTR.BA": 70500,
  "PM.BA": 12400,
  "PSO.BA": 0,
  "PSQ.BA": 5540,
  "PSX.BA": 29975,
  "PYPL.BA": 11850,
  "QCOM.BA": 19700,
  "QQQ.BA": 38975,
  "RACE.BA": 7690,
  "RBLX.BA": 83800,
  "RCTB4.BA": 0,
  "RGTI.BA": 10450,
  "RIO.BA": 10500,
  "RIOT.BA": 6130,
  "ROKU.BA": 10025,
  "ROST.BA": 50900,
  "RTX.BA": 43450,
  "SAN.BA": 50900,
  "SAP.BA": 62350,
  "SATL.BA": 4945,
  "SBS.BA": 59150,
  "SBSP3.BA": 26750,
  "SBUX.BA": 9950,
  "SCCO.BA": 65400,
  "SCHW.BA": 0,
  "SDA.BA": 1695,
  "SE.BA": 7800,
  "SH.BA": 6510,
  "SHEL.BA": 50000,
  "SHOP.BA": 1780,
  "SI.BA": 22.45000076,
  "SID.BA": 15075,
  "SIEGY.BA": 6695.81591797,
  "SLB.BA": 16225,
  "SLV.BA": 7920,
  "SMH.BA": 8090,
  "SMSN.BA": 13143.82421875,
  "SNA.BA": 74950,
  "SNAP.BA": 9520,
  "SNOW.BA": 9070,
  "SONY.BA": 4735,
  "SPCE.BA": 8340,
  "SPGI.BA": 16650,
  "SPOT.BA": 33575,
  "SPXL.BA": 10625,
  "SPY.BA": 43975,
  "STLA.BA": 2580,
  "STNE.BA": 7170,
  "SUZ.BA": 13325,
  "SUZB3.BA": 13175,
  "SWKS.BA": 4880,
  "SYY.BA": 13575,
  "T.BA": 13075,
  "TCOM.BA": 44300,
  "TEAM.BA": 4980,
  "TEFO.BA": 914,
  "TEM.BA": 8310,
  "TEN.BA": 48950,
  "TGT.BA": 5510,
  "TIIAY.BA": 0,
  "TIMB.BA": 28950,
  "TIMS3.BA": 5830,
  "TJX.BA": 8400,
  "TM.BA": 17725,
  "TMO.BA": 30200,
  "TMUS.BA": 10325,
  "TRIP.BA": 11650,
  "TRVV.BA": 61400,
  "TSLA.BA": 31625,
  "TSM.BA": 36125,
  "TTE.BA": 28000,
  "TTM.BA": 8651,
  "TV.BA": 1225,
  "TWLO.BA": 3875,
  "TXN.BA": 55650,
  "TXR.BA": 11100,
  "UAL.BA": 28400,
  "UBER.BA": 64700,
  "UGP.BA": 4660,
  "UL.BA": 28350,
  "UNH.BA": 12500,
  "UNP.BA": 15000,
  "UPST.BA": 18825,
  "URA.BA": 10775,
  "URBN.BA": 53100,
  "USB.BA": 13200,
  "USO.BA": 6780,
  "V.BA": 26425,
  "VALE.BA": 6930,
  "VALE3.BA": 13575,
  "VEA.BA": 8000,
  "VIG.BA": 7360,
  "VIST.BA": 17600,
  "VIV.BA": 17050,
  "VIVT3.BA": 8670,
  "VOD.BA": 16275,
  "VRSN.BA": 61550,
  "VRTX.BA": 5200,
  "VST.BA": 10175,
  "VZ.BA": 14950,
  "WBA.BA": 5360,
  "WBO.BA": 2505,
  "WEGE3.BA": 9380,
  "WFC.BA": 22400,
  "WMT.BA": 7240,
  "X.BA": 21550,
  "XLB.BA": 6970,
  "XLC.BA": 7970,
  "XLE.BA": 60600,
  "XLF.BA": 36600,
  "XLI.BA": 7450,
  "XLK.BA": 7820,
  "XLP.BA": 6870,
  "XLRE.BA": 6380,
  "XLU.BA": 7700,
  "XLV.BA": 6420,
  "XLY.BA": 7400,
  "XOM.BA": 15275,
  "XP.BA": 5780,
  "XPEV.BA": 7710,
  "XROX.BA": 5230,
  "XYZ.BA": 5380,
  "YELP.BA": 21525,
  "YZCA.BA": 0.007,
  "ZM.BA": 2340,
  "ALUA.BA": 737,
  "ALUAC.BA": 0.52100003,
  "ALUAD.BA": 0.54100001,
  "BBAR.BA": 5520,
  "BBARC.BA": 4.60739994,
  "BBARD.BA": 4.0999999,
  "BMA.BA": 7650,
  "BMA.C.BA": 7.04939985,
  "BMA.D.BA": 5.67999983,
  "BYMA.BA": 181.5,
  "BYMAC.BA": 0.13699999,
  "BYMAD.BA": 0.133,
  "CEPU.BA": 1400,
  "COME.BA": 43.90000153,
  "CRES.BA": 1395,
  "CRESC.BA": 0.32300001,
  "EDN.BA": 1435,
  "EDNC.BA": 1.42499995,
  "EDND.BA": 1.04499996,
  "GGAL.BA": 5420,
  "GGALC.BA": 4.05000019,
  "GGALD.BA": 4.06500006,
  "IRSAC.BA": 1.58000004,
  "IRSAD.BA": 1.41999996,
  "LOMA.BA": 2550,
  "LOMAD.BA": 1.88,
  "MIRG.BA": 18875,
  "PAMP.BA": 3590,
  "SUPV.BA": 2150,
  "SUPVD.BA": 1.58000004,
  "TECO2.BA": 2290,
  "TECOC.BA": 1.745,
  "TGN4C.BA": 2.70499992,