{
  "AAL.BA": 11190,
  "AAP.BA": 6525,
  "AAPL.BA": 21800,
  "ABBV.BA": 34120,
  "ABEV.BA": 14650,
  "ABEV3.BA": 4940,
  "ABNB.BA": 13230,
  "ABT.BA": 32920,
  "ACN.BA": 3407.5,
  "ACWI.BA": 8965,
  "ADBE.BA": 6970,
  "ADGO.BA": 17440,
  "ADI.BA": 41620,
  "ADP.BA": 56425,
  "ADS.BA": 3942.14794922,
  "AEG.BA": 12660,
  "AEM.BA": 40600,
  "AHP.BA": 28.79999924,
  "AI.BA": 3257.5,
  "AIG.BA": 22450,
  "AKO.B.BA": 41000,
  "ALAB.BA": 12530,
  "AMAT.BA": 170275,
  "AMD.BA": 76800,
  "AMGN.BA": 17750,
  "AMX.BA": 41460,
  "AMZN.BA": 2484,
  "ANET.BA": 8445,
  "ANF.BA": 135325,
  "ARCO.BA": 26480,
  "ARKK.BA": 11340,
  "ARM.BA": 21230,
  "ASML.BA": 19070,
  "ASR.BA": 21540,
  "ASTS.BA": 8255,
  "AVGO.BA": 14670,
  "AVY.BA": 13300,
  "AXIA.BA": 61600,
  "AXP.BA": 32500,
  "AZN.BA": 66925,
  "B.BA": 30080,
  "BA.BA": 13720,
  "BA.C.BA": 20960,
  "BABA.BA": 18740,
  "BAK.BA": 2755,
  "BAS.BA": 1770.88269043,
  "BAYN.BA": 3323.26293945,
  "BB.BA": 4567.5,
  "BBD.BA": 5225,
  "BBDC3.BA": 4547.5,
  "BBV.BA": 34880,
  "BCS.BA": 38060,
  "BHP.BA": 68100,
  "BIDU.BA": 15790,
  "BIIB.BA": 22960,
  "BIOX.BA": 642,
  "BKNG.BA": 362.75,
  "BKR.BA": 13500,
  "BMNR.BA": 3022.5,
  "BMY.BA": 28360,
  "BNG.BA": 37800,
  "BNY.BA": 107725,
  "BP.BA": 12740,
  "BPA11.BA": 14990,
  "BRFS.BA": 18200,
  "BRKB.BA": 33220,
  "BSBR.BA": 8150,
  "BSN.BA": 613.31298828,
  "BX.BA": 6120,
  "C.BA": 69775,
  "CAAP.BA": 158075,
  "CAH.BA": 111225,
  "CAJ.BA": 4045.5,
  "CAR.BA": 10730,
  "CAT.BA": 68275,
  "CBRD.BA": 459,
  "CCJ.BA": 6565,
  "CCL.BA": 14520,
  "CDE.BA": 25560,
  "CEG.BA": 8440,
  "CIBR.BA": 12750,
  "CL.BA": 44620,
  "CLS.BA": 29560,
  "COIN.BA": 8900,
  "COP.BA": 6970,
  "COPX.BA": 9210,
  "COST.BA": 30660,
  "CRM.BA": 13820,
  "CRWD.BA": 12940,
  "CRWV.BA": 5585,
  "CSCO.BA": 36200,
  "CSNA3.BA": 1808,
  "CVS.BA": 9910,
  "CVX.BA": 17450,
  "CX.BA": 19470,
  "DAL.BA": 15570,
  "DD.BA": 14450,
  "DE.BA": 21580,
  "DECK.BA": 6810,
  "DEO.BA": 20390,
  "DESP.BA": 22600,
  "DHR.BA": 4980,
  "DIA.BA": 38400,
  "DISN.BA": 12470,
  "DOCU.BA": 3045,
  "DOW.BA": 8445,
  "DTEA.BA": 0,
  "E.BA": 20140,
  "EA.BA": 21670,
  "EBAY.BA": 81175,
  "ECL.BA": 7075,
  "EEM.BA": 20230,
  "EFA.BA": 8565,
  "EFX.BA": 15310,
  "ELPC.BA": 52050,
  "EMBJ.BA": 86425,
  "EOAN.BA": 236.04100037,
  "EQNR.BA": 8925,
  "ERIC.BA": 9220,
  "ESGU.BA": 8110,
  "ETHA.BA": 3737.5,
  "ETSY.BA": 6475,
  "EWJ.BA": 9820,
  "EWY.BA": 5940,
  "EWZ.BA": 26000,
  "F.BA": 22140,
  "FCX.BA": 33960,
  "FDX.BA": 50525,
  "FISV.BA": 7360,
  "FMCC.BA": 11900,
  "FMX.BA": 32380,
  "FNMA.BA": 10700,
  "FSLR.BA": 22260,
  "FXI.BA": 10440,
  "GDX.BA": 11970,
  "GE.BA": 62625,
  "GFI.BA": 54375,
  "GGB.BA": 28500,
  "GILD.BA": 46620,
  "GLD.BA": 11580,
  "GLNG.BA": 7655,
  "GLOB.BA": 3107.5,
  "GLW.BA": 67150,
  "GM.BA": 20390,
  "GOOGL.BA": 9290,
  "GPRK.BA": 16730,
  "GRMN.BA": 118150,
  "GS.BA": 122325,
  "GSK.BA": 19890,
  "GT.BA": 4790,
  "HAL.BA": 29620,
  "HAPV3.BA": 3400,
  "HD.BA": 15380,
  "HDB.BA": 18130,
  "HHPD.BA": 0,
  "HIMS.BA": 10060,
  "HL.BA": 22910,
  "HMC.BA": 39680,
  "HMY.BA": 23680,
  "HNPIY.BA": 6140,
  "HOG.BA": 12770,
  "HON.BA": 41200,
  "HOOD.BA": 4820,
  "HPQ.BA": 37760,
  "HSBC.BA": 69200,
  "HSY.BA": 12990,
  "HUT.BA": 35580,
  "HWM.BA": 395625,
  "IBB.BA": 9445,
  "IBIT.BA": 5380,
  "IBM.BA": 27220,
  "IBN.BA": 41640,
  "ICLN.BA": 6250,
  "IEMG.BA": 10210,
  "IEUR.BA": 10280,
  "IFF.BA": 9755,
  "IJH.BA": 9480,
  "ILF.BA": 8580,
  "INFY.BA": 17510,
  "ING.BA": 14350,
  "INTC.BA": 37340,
  "IP.BA": 13550,
  "IREN.BA": 7460,
  "ISRG.BA": 6950,
  "ITA.BA": 6975,
  "ITUB.BA": 11990,
  "ITUB3.BA": 12370,
  "IVE.BA": 8500,
  "IVV.BA": 1619,
  "IVW.BA": 10100,
  "IWDA.BA": 0,
  "IWM.BA": 43660,
  "JBSS3.BA": 8320,
  "JCI.BA": 114551.046875,
  "JD.BA": 10670,
  "JMIA.BA": 10640,
  "JNJ.BA": 24000,
  "JOYY.BA": 20280,
  "JPM.BA": 32000,
  "KB.BA": 77275,
  "KEEL.BA": 42060,
  "KEP.BA": 19060,
  "KGC.BA": 38240,
  "KMB.BA": 25480,
  "KO.BA": 24610,
  "KOFM.BA": 81875,
  "LAC.BA": 6775,
  "LAR.BA": 14380,
  "LFC.BA": 1074.5,
  "LLY.BA": 30340,
  "LMT.BA": 40320,
  "LND.BA": 5610,
  "LRCX.BA": 9795,
  "LREN3.BA": 4567.5,
  "LVS.BA": 37780,
  "LYG.BA": 4097.5,
  "MA.BA": 22240,
  "MBG.BA": 3807.20898438,
  "MBT.BA": 650,
  "MCD.BA": 17800,
  "MDLZ.BA": 6280,
  "MDT.BA": 29880,
  "MELI.BA": 19860,
  "META.BA": 35300,
  "MFG.BA": 14440,
  "MGLU3.BA": 1554,
  "MMM.BA": 23690,
  "MO.BA": 26460,
  "MOS.BA": 6735,
  "MP.BA": 8640,
  "MRK.BA": 35340,
  "MRNA.BA": 3942.5,
  "MRSH.BA": 15820,
  "MRVL.BA": 30180,
  "MSFT.BA": 19490,
  "MSI.BA": 30860,
  "MSTR.BA": 9245,
  "MU.BA": 294650,
  "MUFG.BA": 30180,
  "MUX.BA": 14210,
  "NATU3.BA": 2481,
  "NBIS.BA": 12860,
  "NEC1.BA": 0,
  "NEE.BA": 6785,
  "NEM.BA": 49940,
  "NFLX.BA": 2507.5,
  "NG.BA": 44720,
  "NGG.BA": 61350,
  "NIO.BA": 1952,
  "NKE.BA": 5610,
  "NLM.BA": 0,
  "NMR.BA": 12970,
  "NOKA.BA": 22170,
  "NOW.BA": 895,
  "NSAN.BA": 1545,
  "NTCO.BA": 6200,
  "NTES.BA": 13450,
  "NU.BA": 9105,
  "NUE.BA": 24930,
  "NVDA.BA": 12780,
  "NVO.BA": 9365,
  "NVS.BA": 57275,
  "NXE.BA": 15100,
  "O.BA": 7225,
  "OKLO.BA": 3062.5,
  "ONDS.BA": 6975,
  "ORAN.BA": 13200,
  "ORCL.BA": 91750,
  "ORLY.BA": 604.5,
  "OXY.BA": 16950,
  "PAAS.BA": 24070,
  "PAC.BA": 22160,
  "PAGS.BA": 4437.5,
  "PANW.BA": 8400,
  "PATH.BA": 7880,
  "PBI.BA": 25940,
  "PBR.BA": 27380,
  "PCAR.BA": 59250,
  "PCRF.BA": 0,
  "PDD.BA": 4895,
  "PEP.BA": 11980,
  "PETR3.BA": 13680,
  "PFE.BA": 9770,
  "PG.BA": 14920,
  "PHG.BA": 7880,
  "PINS.BA": 4335,
  "PKS.BA": 31680,
  "PLTR.BA": 63950,
  "PM.BA": 15230,
  "PSO.BA": 0,
  "PSQ.BA": 4812.5,
  "PSX.BA": 44640,
  "PYPL.BA": 7780,
  "QCOM.BA": 28840,
  "QQQ.BA": 53950,
  "RACE.BA": 6380,
  "RBLX.BA": 32360,
  "RCTB4.BA": 0,
  "RGTI.BA": 15750,
  "RIO.BA": 19730,
  "RIOT.BA": 13310,
  "RKLB.BA": 12790,
  "ROKU.BA": 16550,
  "ROST.BA": 89750,
  "RTX.BA": 55000,
  "SAN.BA": 77000,
  "SAP.BA": 40980,
  "SATL.BA": 10020,
  "SBS.BA": 16440,
  "SBSP3.BA": 8240,
  "SBUX.BA": 12830,
  "SCCO.BA": 141450,
  "SCHW.BA": 0,
  "SDA.BA": 613,
  "SE.BA": 3892.5,
  "SH.BA": 6260,
  "SHEL.BA": 64125,
  "SHOP.BA": 1508,
  "SI.BA": 22.45000076,
  "SID.BA": 14740,
  "SIEGY.BA": 6695.81591797,
  "SLB.BA": 28200,
  "SLV.BA": 15270,
  "SMH.BA": 18580,
  "SMSN.BA": 13143.82421875,
  "SNA.BA": 96675,
  "SNAP.BA": 7795,
  "SNDK.BA": 17540,
  "SNOW.BA": 11580,
  "SONY.BA": 3837.5,
  "SPCE.BA": 11720,
  "SPCX.BA": 4827.5,
  "SPGI.BA": 13990,
  "SPHQ.BA": 9350,
  "SPOT.BA": 25660,
  "SPXL.BA": 15950,
  "SPY.BA": 18520,
  "STLA.BA": 2050,
  "STNE.BA": 5635,
  "SUZ.BA": 12340,
  "SUZB3.BA": 12410,
  "SWKS.BA": 5200,
  "SYY.BA": 14790,
  "T.BA": 11780,
  "TCOM.BA": 34920,
  "TEAM.BA": 2802.5,
  "TEFO.BA": 727.5,
  "TEM.BA": 5990,
  "TEN.BA": 94025,
  "TGT.BA": 8410,
  "TIIAY.BA": 0,
  "TIMB.BA": 32900,
  "TIMS3.BA": 6710,
  "TJX.BA": 11250,
  "TM.BA": 17510,
  "TMO.BA": 31860,
  "TMUS.BA": 8595,
  "TQQQ.BA": 4640,
  "TRIP.BA": 9320,
  "TRVV.BA": 76250,
  "TSLA.BA": 40360,
  "TSM.BA": 70375,
  "TTE.BA": 43840,
  "TTM.BA": 8651,
  "TV.BA": 1419,
  "TWLO.BA": 8490,
  "TXN.BA": 90350,
  "TXR.BA": 18500,
  "UAL.BA": 34540,
  "UBER.BA": 51425,
  "UGP.BA": 7300,
  "UL.BA": 29460,
  "UNH.BA": 18350,
  "UNP.BA": 20400,
  "UPST.BA": 9080,
  "URA.BA": 13590,
  "URBN.BA": 57475,
  "USB.BA": 17600,
  "USO.BA": 12490,
  "V.BA": 26820,
  "VALE.BA": 11690,
  "VALE3.BA": 23370,
  "VEA.BA": 10730,
  "VIG.BA": 9070,
  "VIST.BA": 36040,
  "VIV.BA": 19930,
  "VIVT3.BA": 9900,
  "VOD.BA": 23250,
  "VRSN.BA": 69700,
  "VRTX.BA": 6605,
  "VST.BA": 8535,
  "VXX.BA": 7260,
  "VZ.BA": 17970,
  "WBA.BA": 5360,
  "WBO.BA": 1913,
  "WEGE3.BA": 12520,
  "WFC.BA": 25120,
  "WMT.BA": 10070,
  "X.BA": 21550,
  "XLB.BA": 4350,
  "XLC.BA": 8785,
  "XLE.BA": 43040,
  "XLF.BA": 39960,
  "XLI.BA": 9430,
  "XLK.BA": 6015,
  "XLP.BA": 8040,
  "XLRE.BA": 7545,
  "XLU.BA": 4450,
  "XLV.BA": 7950,
  "XLY.BA": 4070,
  "XME.BA": 6015,
  "XOM.BA": 21940,
  "XP.BA": 5985,
  "XPEV.BA": 5405,
  "XROX.BA": 5205,