{
  "AAL.BA": 7030,
  "AAP.BA": 4470,
  "AAPL.BA": 12250,
  "ABBV.BA": 22775,
  "ABEV.BA": 8970,
  "ABEV3.BA": 2965,
  "ABNB.BA": 11250,
  "ABT.BA": 39975,
  "ACN.BA": 5040,
  "ADBE.BA": 11350,
  "ADGO.BA": 10900,
  "ADI.BA": 17725,
  "ADP.BA": 65250,
  "ADS.BA": 3942.14794922,
  "AEG.BA": 8700,
  "AEM.BA": 23525,
  "AHP.BA": 28.79999924,
  "AI.BA": 6240,
  "AIG.BA": 20950,
  "AKO.B.BA": 30050,
  "AMAT.BA": 40000,
  "AMD.BA": 13950,
  "AMGN.BA": 11600,
  "AMX.BA": 20375,
  "AMZN.BA": 1780,
  "ANF.BA": 99650,
  "ARCO.BA": 18000,
  "ARKK.BA": 7300,
  "ARM.BA": 5730,
  "ASML.BA": 6200,
  "ASR.BA": 19150,
  "AVGO.BA": 7570,
  "AVY.BA": 12000,
  "AXP.BA": 24125,
  "AZN.BA": 43575,
  "B.BA": 11875,
  "BA.BA": 10500,
  "BA.C.BA": 13475,
  "BABA.BA": 15925,
  "BAK.BA": 2225,
  "BAS.BA": 3197.76855469,
  "BAYN.BA": 3323.26293945,
  "BB.BA": 1630,
  "BBD.BA": 3450,
  "BBDC3.BA": 2910,
  "BBV.BA": 18100,
  "BCS.BA": 21850,
  "BHP.BA": 29725,
  "BIDU.BA": 9340,
  "BIIB.BA": 12225,
  "BIOX.BA": 6050,
  "BITF.BA": 5350,
  "BK.BA": 54050,
  "BKNG.BA": 9430,
  "BKR.BA": 6620,
  "BMY.BA": 19325,
  "BNG.BA": 17825,
  "BP.BA": 7010,
  "BPA11.BA": 8640,
  "BRFS.BA": 12975,
  "BRKB.BA": 26925,
  "BSBR.BA": 6150,
  "BSN.BA": 613.31298828,
  "C.BA": 31275,
  "CAAP.BA": 98150,
  "CAH.BA": 61600,
  "CAJ.BA": 4045.5,
  "CAR.BA": 5640,
  "CAT.BA": 21150,
  "CBRD.BA": 459,
  "CCL.BA": 9690,
  "CDE.BA": 11150,
  "CEG.BA": 7990,
  "CIBR.BA": 8830,
  "CL.BA": 36150,
  "CLS.BA": 7260,
  "COIN.BA": 11150,
  "COST.BA": 25275,
  "CRM.BA": 18275,
  "CSCO.BA": 15800,
  "CSNA3.BA": 1750,
  "CVS.BA": 4800,
  "CVX.BA": 10525,
  "CX.BA": 8030,
  "DAL.BA": 7630,
  "DD.BA": 16300,
  "DE.BA": 15500,
  "DECK.BA": 5250,
  "DEO.BA": 21025,
  "DESP.BA": 22600,
  "DHR.BA": 4330,
  "DIA.BA": 25650,
  "DISN.BA": 11350,
  "DOCU.BA": 4105,
  "DOW.BA": 5700,
  "DTEA.BA": 0,
  "E.BA": 9140,
  "EA.BA": 12775,
  "EBAY.BA": 47025,
  "EBR.BA": 35450,
  "EEM.BA": 11275,
  "EFX.BA": 20025,
  "ELP.BA": 31975,
  "EOAN.BA": 236.04100037,
  "EQNR.BA": 4850,
  "ERIC.BA": 5090,
  "ERJ.BA": 55700,
  "ETHA.BA": 4520,
  "ETSY.BA": 4750,
  "EWJ.BA": 6340,
  "EWZ.BA": 16650,
  "F.BA": 12225,
  "FCX.BA": 16600,
  "FDX.BA": 26375,
  "FMCC.BA": 0,
  "FMX.BA": 21050,
  "FMX.B.BA": 0,
  "FNMA.BA": 13000,
  "FSLR.BA": 11050,
  "FXI.BA": 8780,
  "GE.BA": 38200,
  "GFI.BA": 29375,
  "GGB.BA": 14200,
  "GILD.BA": 33675,
  "GLD.BA": 7330,
  "GLOB.BA": 6690,
  "GLW.BA": 15175,
  "GM.BA": 9460,
  "GOOGL.BA": 3595,
  "GPRK.BA": 8380,
  "GRMN.BA": 82750,
  "GS.BA": 56750,
  "GSK.BA": 12300,
  "GT.BA": 6330,
  "HAL.BA": 12325,
  "HAPV3.BA": 582,
  "HD.BA": 13725,
  "HDB.BA": 46375,
  "HHPD.BA": 0,
  "HL.BA": 7480,
  "HMC.BA": 35025,
  "HMY.BA": 17450,
  "HNPIY.BA": 6140,
  "HOG.BA": 9850,
  "HON.BA": 34200,
  "HPQ.BA": 30175,
  "HSBC.BA": 36000,
  "HSY.BA": 9250,
  "HUT.BA": 111300,
  "HWM.BA": 210350,
  "IBB.BA": 5650,
  "IBIT.BA": 7100,
  "IBM.BA": 21425,
  "IBN.BA": 41025,
  "IEUR.BA": 7230,
  "IFF.BA": 7650,
  "IJH.BA": 6080,
  "INFY.BA": 21850,
  "ING.BA": 8470,
  "INTC.BA": 4810,
  "IP.BA": 14200,
  "ISRG.BA": 7350,
  "ITUB.BA": 7890,
  "ITUB3.BA": 6880,
  "IVE.BA": 5740,
  "IVW.BA": 6340,
  "IWM.BA": 25400,
  "JBSS3.BA": 8320,
  "JCI.BA": 60950,
  "JD.BA": 9920,
  "JMIA.BA": 4060,
  "JNJ.BA": 12400,
  "JOYY.BA": 11525,
  "JPM.BA": 21200,
  "KB.BA": 46800,
  "KEP.BA": 12950,
  "KGC.BA": 18025,
  "KMB.BA": 26675,
  "KO.BA": 17100,
  "KOFM.BA": 58000,
  "LAC.BA": 3215,
  "LAR.BA": 2360,
  "LFC.BA": 1074.5,
  "LLY.BA": 16475,
  "LMT.BA": 28925,
  "LMT.B.BA": 0,
  "LRCX.BA": 1845,
  "LVS.BA": 24050,
  "LYG.BA": 2520,
  "MA.BA": 21375,
  "MBG.BA": 3807.20898438,
  "MBT.BA": 650,
  "MCD.BA": 15300,
  "MDLZ.BA": 5270,
  "MDT.BA": 26125,
  "MELI.BA": 24700,
  "META.BA": 34775,
  "MFG.BA": 6640,
  "MGLU3.BA": 2085,
  "MMC.BA": 17200,
  "MMM.BA": 17500,
  "MO.BA": 17825,
  "MOS.BA": 8330,
  "MRK.BA": 18950,
  "MRNA.BA": 1730,
  "MRVL.BA": 5850,
  "MSFT.BA": 18750,
  "MSI.BA": 25075,
  "MSTR.BA": 22325,
  "MU.BA": 26025,
  "MUFG.BA": 16625,
  "MUX.BA": 5580,
  "NEC1.BA": 0,
  "NEM.BA": 20875,
  "NFLX.BA": 31025,
  "NG.BA": 20175,
  "NGG.BA": 42450,
  "NIO.BA": 1085,
  "NKE.BA": 6250,
  "NLM.BA": 0,
  "NMR.BA": 7450,
  "NOKA.BA": 6460,
  "NOW.BA": 7200,
  "NSAN.BA": 1545,
  "NTCO.BA": 6200,
  "NTCO3.BA": 2190,
  "NTES.BA": 10800,
  "NU.BA": 7270,
  "NUE.BA": 9090,
  "NVDA.BA": 7070,
  "NVS.BA": 35400,
  "NXE.BA": 7640,
  "ORAN.BA": 13200,
  "ORCL.BA": 69600,
  "ORLY.BA": 7600,
  "OXY.BA": 10175,
  "PAAS.BA": 11400,
  "PAC.BA": 18000,
  "PAGS.BA": 3525,
  "PANW.BA": 4770,
  "PATH.BA": 7900,
  "PBI.BA": 12175,
  "PBR.BA": 13575,
  "PCAR.BA": 37300,
  "PCRF.BA": 0,
  "PDD.BA": 4830,
  "PEP.BA": 8660,
  "PETR3.BA": 6800,
  "PFE.BA": 7010,
  "PG.BA": 13075,
  "PHG.BA": 5640,
  "PINS.BA": 5800,
  "PKS.BA": 19025,
  "PLTR.BA": 50900,
  "PM.BA": 12125,
  "PSO.BA": 0,
  "PSQ.BA": 5290,
  "PSX.BA": 22775,
  "PYPL.BA": 11025,
  "QCOM.BA": 16225,
  "QQQ.BA": 31775,
  "RACE.BA": 6980,
  "RBLX.BA": 57450,
  "RCTB4.BA": 0,
  "RGTI.BA": 6790,
  "RIO.BA": 8860,
  "RIOT.BA": 3930,
  "ROKU.BA": 7150,
  "ROST.BA": 43050,
  "RTX.BA": 33425,
  "SAN.BA": 38550,
  "SAP.BA": 61950,
  "SATL.BA": 4155,
  "SBS.BA": 49275,
  "SBSP3.BA": 23925,
  "SBUX.BA": 8970,
  "SCCO.BA": 57200,
  "SCHW.BA": 0,
  "SDA.BA": 1650,
  "SE.BA": 6180,
  "SH.BA": 6170,
  "SHEL.BA": 40675,
  "SHOP.BA": 1245,
  "SID.BA": 14300,
  "SIEGY.BA": 6695.81591797,
  "SLB.BA": 13500,
  "SLV.BA": 6530,
  "SMH.BA": 6080,
  "SMSN.BA": 13143.82421875,
  "SNA.BA": 64100,
  "SNAP.BA": 9880,
  "SNOW.BA": 8390,
  "SONY.BA": 3975,
  "SPCE.BA": 7730,
  "SPGI.BA": 13850,
  "SPOT.BA": 30400,
  "SPXL.BA": 7640,
  "SPY.BA": 35925,
  "STLA.BA": 2370,
  "STNE.BA": 5460,
  "SUZ.BA": 11450,
  "SUZB3.BA": 11725,
  "SWKS.BA": 4030,
  "SYY.BA": 11200,
  "T.BA": 11175,
  "TCOM.BA": 36025,
  "TEAM.BA": 5450,
  "TEFO.BA": 783,
  "TEM.BA": 6210,
  "TEN.BA": 41525,
  "TGT.BA": 4865,
  "TIIAY.BA": 0,
  "TIMB.BA": 21575,
  "TIMS3.BA": 4340,
  "TJX.BA": 7200,
  "TM.BA": 14725,
  "TMO.BA": 21900,
  "TMUS.BA": 8900,
  "TRIP.BA": 8470,
  "TRVV.BA": 54750,
  "TSLA.BA": 23550,
  "TSM.BA": 27350,
  "TTE.BA": 23650,
  "TTM.BA": 8651,
  "TV.BA": 799,
  "TWLO.BA": 4055,
  "TXN.BA": 46075,
  "TXR.BA": 8680,
  "UAL.BA": 20175,
  "UBER.BA": 51350,
  "UGP.BA": 3505,
  "UL.BA": 25225,
  "UNH.BA": 11000,
  "UNP.BA": 13400,
  "UPST.BA": 13000,
  "URA.BA": 8080,
  "URBN.BA": 41850,
  "USB.BA": 10725,
  "V.BA": 24625,
  "VALE.BA": 5690,
  "VALE3.BA": 11250,
  "VEA.BA": 6720,
  "VIG.BA": 6180,
  "VIST.BA": 19875,
  "VIV.BA": 12300,
  "VIVT3.BA": 6010,
  "VOD.BA": 11850,
  "VRSN.BA": 56900,
  "VRTX.BA": 5350,
  "VST.BA": 8000,
  "VZ.BA": 13125,
  "WBA.BA": 4470,
  "WBO.BA": 1910,
  "WEGE3.BA": 9330,
  "WFC.BA": 18250,
  "WMT.BA": 6470,
  "X.BA": 21250,
  "XLB.BA": 5830,
  "XLC.BA": 6560,
  "XLE.BA": 50000,
  "XLF.BA": 30700,
  "XLI.BA": 6190,
  "XLK.BA": 6230,
  "XLP.BA": 6100,
  "XLRE.BA": 5590,
  "XLU.BA": 6510,
  "XLV.BA": 5550,
  "XLY.BA": 5920,
  "XOM.BA": 12475,
  "XP.BA": 5880,
  "XPEV.BA": 5860,
  "XROX.BA": 6140,
  "XYZ.BA": 3885,
  "YELP.BA": 22175,
  "YZCA.BA": 0.007,
  "ZM.BA": 2030,
  "ALUA.BA": 707,
  "ALUAC.BA": 0.26300001,
  "ALUAD.BA": 0.59399998,
  "BBAR.BA": 7180,
  "BBARC.BA": 6.9000001,
  "BBARD.BA": 6,
  "BMA.BA": 9200,
  "BMA.C.BA": 9.64999962,
  "BMA.D.BA": 7.76000023,
  "BYMA.BA": 210,
  "BYMAC.BA": 0.17299999,
  "BYMAD.BA": 0.171,
  "CEPU.BA": 1490,
  "COME.BA": 148.25,
  "CRES.BA": 1340,
  "CRESC.BA": 0.32300001,
  "EDN.BA": 1895,
  "EDNC.BA": 0,
  "GGAL.BA": 6630,
  "GGALC.BA": 5.5999999,
  "GGALD.BA": 5.57999992,
  "LOMA.BA": 2880,
  "LOMAD.BA": 2.45000005,
  "MIRG.BA": 20600,
  "PAMP.BA": 3550,
  "SUPV.BA": 2920,
  "SUPVD.BA": 2.4849999,
  "TECO2.BA": 2360,
  "TECOC.BA": 1.60000002,
  "TGNO4.BA": 3245,
  "TGSU2.BA": 6390,
  "TRAN.BA": 2370,
  "TXAR.BA": 645,
  "TXARD.BA": 0.542,
  "VALO.BA": 364,
  "VALOC.BA": 0.34999999,
  "VALOD.BA": 0.308,
  "YPFD.BA": 41175,
  "YPFDC.BA": 34.70000076,
  "YPFDD.BA": 34.59999847
}