{
  "AAL.BA": 7330,
  "AAP.BA": 5410,
  "AAPL.BA": 13650,
  "ABBV.BA": 24325,
  "ABEV.BA": 9230,
  "ABEV3.BA": 3070,
  "ABNB.BA": 12025,
  "ABT.BA": 40150,
  "ACN.BA": 4775,
  "ADBE.BA": 10800,
  "ADGO.BA": 11975,
  "ADI.BA": 19175,
  "ADP.BA": 65200,
  "ADS.BA": 3942.14794922,
  "AEG.BA": 9280,
  "AEM.BA": 26725,
  "AHP.BA": 28.79999924,
  "AI.BA": 6650,
  "AIG.BA": 20275,
  "AKO.B.BA": 28050,
  "AMAT.BA": 48100,
  "AMD.BA": 20675,
  "AMGN.BA": 13100,
  "AMX.BA": 23375,
  "AMZN.BA": 2050,
  "ANF.BA": 119900,
  "ARCO.BA": 18325,
  "ARKK.BA": 9650,
  "ARM.BA": 7600,
  "ASML.BA": 6330,
  "ASR.BA": 19550,
  "AVGO.BA": 9420,
  "AVY.BA": 12700,
  "AXP.BA": 26250,
  "AZN.BA": 47050,
  "B.BA": 13750,
  "BA.BA": 12375,
  "BA.C.BA": 15450,
  "BABA.BA": 17125,
  "BAK.BA": 2080,
  "BAS.BA": 3197.76855469,
  "BAYN.BA": 3323.26293945,
  "BB.BA": 1660,
  "BBD.BA": 3610,
  "BBDC3.BA": 3055,
  "BBV.BA": 19400,
  "BCS.BA": 24825,
  "BHP.BA": 34475,
  "BIDU.BA": 10575,
  "BIIB.BA": 13025,
  "BIOX.BA": 4720,
  "BITF.BA": 7910,
  "BK.BA": 63800,
  "BKNG.BA": 10375,
  "BKR.BA": 8090,
  "BMY.BA": 20825,
  "BNG.BA": 19600,
  "BP.BA": 8220,
  "BPA11.BA": 9270,
  "BRFS.BA": 14475,
  "BRKB.BA": 27950,
  "BSBR.BA": 6100,
  "BSN.BA": 613.31298828,
  "C.BA": 40550,
  "CAAP.BA": 102600,
  "CAH.BA": 67450,
  "CAJ.BA": 4045.5,
  "CAR.BA": 10175,
  "CAT.BA": 27350,
  "CBRD.BA": 459,
  "CCL.BA": 12700,
  "CDE.BA": 11950,
  "CEG.BA": 9090,
  "CIBR.BA": 9460,
  "CL.BA": 37600,
  "CLS.BA": 10525,
  "COIN.BA": 18800,
  "COST.BA": 24800,
  "CRM.BA": 18950,
  "CSCO.BA": 17400,
  "CSNA3.BA": 2020,
  "CVS.BA": 5300,
  "CVX.BA": 12400,
  "CX.BA": 10500,
  "DAL.BA": 8760,
  "DD.BA": 19025,
  "DE.BA": 16350,
  "DECK.BA": 5340,
  "DEO.BA": 22500,
  "DESP.BA": 22600,
  "DHR.BA": 4795,
  "DIA.BA": 28475,
  "DISN.BA": 12925,
  "DOCU.BA": 4640,
  "DOW.BA": 5320,
  "DTEA.BA": 0,
  "E.BA": 10875,
  "EA.BA": 13925,
  "EBAY.BA": 52500,
  "EBR.BA": 35800,
  "EEM.BA": 12625,
  "EFX.BA": 19600,
  "ELP.BA": 32800,
  "EOAN.BA": 236.04100037,
  "EQNR.BA": 5500,
  "ERIC.BA": 4765,
  "ERJ.BA": 60900,
  "ETHA.BA": 7240,
  "ETSY.BA": 5070,
  "EWJ.BA": 6990,
  "EWZ.BA": 17300,
  "F.BA": 14350,
  "FCX.BA": 18925,
  "FDX.BA": 30150,
  "FMCC.BA": 0,
  "FMX.BA": 20625,
  "FMX.B.BA": 0,
  "FNMA.BA": 10900,
  "FSLR.BA": 12775,
  "FXI.BA": 9900,
  "GE.BA": 42600,
  "GFI.BA": 31425,
  "GGB.BA": 15775,
  "GILD.BA": 36075,
  "GLD.BA": 7920,
  "GLOB.BA": 6280,
  "GLW.BA": 17750,
  "GM.BA": 11125,
  "GOOGL.BA": 4215,
  "GPRK.BA": 8720,
  "GRMN.BA": 98350,
  "GS.BA": 70500,
  "GSK.BA": 12075,
  "GT.BA": 7250,
  "HAL.BA": 14300,
  "HAPV3.BA": 7390,
  "HD.BA": 14825,
  "HDB.BA": 49600,
  "HHPD.BA": 0,
  "HL.BA": 7850,
  "HMC.BA": 42800,
  "HMY.BA": 18100,
  "HNPIY.BA": 6140,
  "HOG.BA": 10225,
  "HON.BA": 35775,
  "HPQ.BA": 32800,
  "HSBC.BA": 41450,
  "HSY.BA": 11150,
  "HUT.BA": 135200,
  "HWM.BA": 238850,
  "IBB.BA": 6420,
  "IBIT.BA": 8640,
  "IBM.BA": 22125,
  "IBN.BA": 43575,
  "IEUR.BA": 7800,
  "IFF.BA": 8050,
  "IJH.BA": 6800,
  "INFY.BA": 22525,
  "ING.BA": 10025,
  "INTC.BA": 5780,
  "IP.BA": 17550,
  "ISRG.BA": 6910,
  "ITUB.BA": 8070,
  "ITUB3.BA": 7140,
  "IVE.BA": 6400,
  "IVW.BA": 7230,
  "IWM.BA": 28475,
  "JBSS3.BA": 8320,
  "JCI.BA": 61900,
  "JD.BA": 10650,
  "JMIA.BA": 6270,
  "JNJ.BA": 14400,
  "JOYY.BA": 13550,
  "JPM.BA": 25225,
  "KB.BA": 57550,
  "KEP.BA": 17650,
  "KGC.BA": 20175,
  "KMB.BA": 27100,
  "KO.BA": 17625,
  "KOFM.BA": 55450,
  "LAC.BA": 4085,
  "LAR.BA": 3920,
  "LFC.BA": 1074.5,
  "LLY.BA": 18350,
  "LMT.BA": 26925,
  "LRCX.BA": 2220,
  "LVS.BA": 32275,
  "LYG.BA": 2680,
  "MA.BA": 21875,
  "MBG.BA": 3807.20898438,
  "MBT.BA": 650,
  "MCD.BA": 15675,
  "MDLZ.BA": 5950,
  "MDT.BA": 29400,
  "MELI.BA": 25475,
  "META.BA": 38075,
  "MFG.BA": 7870,
  "MGLU3.BA": 1760,
  "MMC.BA": 16675,
  "MMM.BA": 19000,
  "MO.BA": 18950,
  "MOS.BA": 9550,
  "MRK.BA": 21475,
  "MRNA.BA": 2275,
  "MRVL.BA": 6760,
  "MSFT.BA": 21725,
  "MSI.BA": 27075,
  "MSTR.BA": 26550,
  "MU.BA": 28500,
  "MUFG.BA": 18800,
  "MUX.BA": 7360,
  "NATU3.BA": 2495,
  "NEC1.BA": 0,
  "NEM.BA": 26175,
  "NFLX.BA": 31400,
  "NG.BA": 28750,
  "NGG.BA": 46025,
  "NIO.BA": 1545,
  "NKE.BA": 7990,
  "NLM.BA": 0,
  "NMR.BA": 8560,
  "NOKA.BA": 5570,
  "NOW.BA": 7410,
  "NSAN.BA": 1545,
  "NTCO.BA": 6200,
  "NTES.BA": 12350,
  "NU.BA": 8140,
  "NUE.BA": 11250,
  "NVDA.BA": 9220,
  "NVS.BA": 37375,
  "NXE.BA": 9320,
  "ORAN.BA": 13200,
  "ORCL.BA": 103050,
  "ORLY.BA": 560,
  "OXY.BA": 11350,
  "PAAS.BA": 12475,
  "PAC.BA": 17750,
  "PAGS.BA": 3400,
  "PANW.BA": 5140,
  "PATH.BA": 7810,
  "PBI.BA": 15450,
  "PBR.BA": 16150,
  "PCAR.BA": 43200,
  "PCRF.BA": 0,
  "PDD.BA": 6050,
  "PEP.BA": 10250,
  "PETR3.BA": 8080,
  "PFE.BA": 8070,
  "PG.BA": 13475,
  "PHG.BA": 6560,
  "PINS.BA": 6890,
  "PKS.BA": 25500,
  "PLTR.BA": 65850,
  "PM.BA": 11425,
  "PSO.BA": 0,
  "PSQ.BA": 5270,
  "PSX.BA": 26450,
  "PYPL.BA": 12425,
  "QCOM.BA": 18400,
  "QQQ.BA": 36100,
  "RACE.BA": 7910,
  "RBLX.BA": 75400,
  "RCTB4.BA": 0,
  "RGTI.BA": 10175,
  "RIO.BA": 10150,
  "RIOT.BA": 6250,
  "ROKU.BA": 8790,
  "ROST.BA": 43650,
  "RTX.BA": 39700,
  "SAN.BA": 45525,
  "SAP.BA": 61050,
  "SATL.BA": 4530,
  "SBS.BA": 50850,
  "SBSP3.BA": 24925,
  "SBUX.BA": 9960,
  "SCCO.BA": 63650,
  "SCHW.BA": 0,
  "SDA.BA": 1495,
  "SE.BA": 6230,
  "SH.BA": 6160,
  "SHEL.BA": 46175,
  "SHOP.BA": 1455,
  "SID.BA": 16050,
  "SIEGY.BA": 6695.81591797,
  "SLB.BA": 15000,
  "SLV.BA": 7530,
  "SMH.BA": 7360,
  "SMSN.BA": 13143.82421875,
  "SNA.BA": 70000,
  "SNAP.BA": 12350,
  "SNOW.BA": 9000,
  "SONY.BA": 4025,
  "SPCE.BA": 11050,
  "SPGI.BA": 15025,
  "SPOT.BA": 31000,
  "SPXL.BA": 9510,
  "SPY.BA": 40475,
  "STLA.BA": 2460,
  "STNE.BA": 5670,
  "SUZ.BA": 11925,
  "SUZB3.BA": 11850,
  "SWKS.BA": 4250,
  "SYY.BA": 12700,
  "T.BA": 11850,
  "TCOM.BA": 41050,
  "TEAM.BA": 5400,
  "TEFO.BA": 846,
  "TEM.BA": 6710,
  "TEN.BA": 48650,
  "TGT.BA": 5630,
  "TIIAY.BA": 0,
  "TIMB.BA": 23075,
  "TIMS3.BA": 4535,
  "TJX.BA": 7150,
  "TM.BA": 16300,
  "TMO.BA": 27500,
  "TMUS.BA": 9480,
  "TRIP.BA": 11500,
  "TRVV.BA": 55850,
  "TSLA.BA": 26025,
  "TSM.BA": 34275,
  "TTE.BA": 25850,
  "TTM.BA": 8651,
  "TV.BA": 1005,
  "TWLO.BA": 4650,
  "TXN.BA": 47350,
  "TXR.BA": 10025,
  "UAL.BA": 23050,
  "UBER.BA": 58100,
  "UGP.BA": 3760,
  "UL.BA": 26000,
  "UNH.BA": 10800,
  "UNP.BA": 14125,
  "UPST.BA": 21050,
  "URA.BA": 10775,
  "URBN.BA": 46600,
  "USB.BA": 11800,
  "V.BA": 25125,
  "VALE.BA": 6530,
  "VALE3.BA": 12950,
  "VEA.BA": 7400,
  "VIG.BA": 6830,
  "VIST.BA": 18600,
  "VIV.BA": 14125,
  "VIVT3.BA": 6980,
  "VOD.BA": 14600,
  "VRSN.BA": 61000,
  "VRTX.BA": 5990,
  "VST.BA": 9620,
  "VZ.BA": 13800,
  "WBA.BA": 4900,
  "WBO.BA": 2170,
  "WEGE3.BA": 8400,
  "WFC.BA": 21375,
  "WMT.BA": 6860,
  "X.BA": 21550,
  "XLB.BA": 6480,
  "XLC.BA": 7310,
  "XLE.BA": 55750,
  "XLF.BA": 33825,
  "XLI.BA": 6960,
  "XLK.BA": 7260,
  "XLP.BA": 6500,
  "XLRE.BA": 6090,
  "XLU.BA": 7160,
  "XLV.BA": 5980,
  "XLY.BA": 6590,
  "XOM.BA": 14150,
  "XP.BA": 5280,
  "XPEV.BA": 6070,
  "XROX.BA": 7510,
  "XYZ.BA": 5050,
  "YELP.BA": 22450,
  "YZCA.BA": 0.007,
  "ZM.BA": 2060,
  "ALUA.BA": 692,
  "ALUAC.BA": 0.54400003,
  "ALUAD.BA": 0.546,
  "BBAR.BA": 6680,
  "BBARC.BA": 5.0999999,
  "BBARD.BA": 5.23000002,
  "BMA.BA": 8930,
  "BMA.C.BA": 6.57999992,
  "BMA.D.BA": 7.03000021,
  "BYMA.BA": 192.75,
  "BYMAC.BA": 0.154,
  "BYMAD.BA": 0.152,
  "CEPU.BA": 1520,
  "COME.BA": 111,
  "CRES.BA": 1435,
  "CRESC.BA": 0.32300001,
  "EDN.BA": 1635,
  "EDNC.BA": 1.255,
  "GGAL.BA": 6500,
  "GGALC.BA": 5.09000015,
  "GGALD.BA": 5.0999999,
  "IRSAC.BA": 0,
  "IRSAD.BA": 1.49000001,
  "LOMA.BA": 2955,
  "LOMAD.BA": 2.33500004,
  "MIRG.BA": 22400,
  "PAMP.BA": 3780,
  "SUPV.BA": 2605,
  "SUPVD.BA": 2.04500008,
  "TECO2.BA": 2360,
  "TECOC.BA": 1.78999996,
  "TGNO4.BA": 2990,
  "TGSU2.BA": 6860,
  "TRAN.BA": 2370,
  "TXAR.BA": 631,
  "TXARD.BA": 0.493,
  "VALO.BA": 331.5,
  "VALOC.BA": 0.25799999,
  "VALOD.BA": 0.25999999,