{
  "AAL.BA": 10120,
  "AAP.BA": 6370,
  "AAPL.BA": 22060,
  "ABBV.BA": 33980,
  "ABEV.BA": 14020,
  "ABEV3.BA": 4755,
  "ABNB.BA": 13020,
  "ABT.BA": 33540,
  "ACN.BA": 3447.5,
  "ACWI.BA": 8865,
  "ADBE.BA": 8035,
  "ADGO.BA": 16920,
  "ADI.BA": 39460,
  "ADP.BA": 58125,
  "ADS.BA": 3942.14794922,
  "AEG.BA": 12600,
  "AEM.BA": 38340,
  "AHP.BA": 28.79999924,
  "AI.BA": 3232.5,
  "AIG.BA": 22600,
  "AKO.B.BA": 40000,
  "ALAB.BA": 11340,
  "AMAT.BA": 150525,
  "AMD.BA": 68350,
  "AMGN.BA": 16980,
  "AMX.BA": 38400,
  "AMZN.BA": 2487,
  "ANET.BA": 7880,
  "ANF.BA": 128325,
  "ARCO.BA": 25300,
  "ARKK.BA": 11090,
  "ARM.BA": 17390,
  "ASML.BA": 17940,
  "ASR.BA": 20730,
  "ASTS.BA": 8830,
  "AVGO.BA": 14430,
  "AVY.BA": 13130,
  "AXIA.BA": 58775,
  "AXP.BA": 31640,
  "AZN.BA": 67400,
  "B.BA": 28060,
  "BA.BA": 13100,
  "BA.C.BA": 20650,
  "BABA.BA": 19400,
  "BAK.BA": 2755,
  "BAS.BA": 1770.88269043,
  "BAYN.BA": 3323.26293945,
  "BB.BA": 4430,
  "BBD.BA": 4977.5,
  "BBDC3.BA": 4420,
  "BBV.BA": 33220,
  "BCS.BA": 35720,
  "BHP.BA": 62900,
  "BIDU.BA": 16150,
  "BIIB.BA": 22620,
  "BIOX.BA": 663.5,
  "BKNG.BA": 363,
  "BKR.BA": 13400,
  "BMNR.BA": 2942.5,
  "BMY.BA": 27980,
  "BNG.BA": 38940,
  "BNY.BA": 105850,
  "BP.BA": 12970,
  "BPA11.BA": 14140,
  "BRFS.BA": 18200,
  "BRKB.BA": 33240,
  "BSBR.BA": 7980,
  "BSN.BA": 613.31298828,
  "BX.BA": 5990,
  "C.BA": 67175,
  "CAAP.BA": 150650,
  "CAH.BA": 108550,
  "CAJ.BA": 4045.5,
  "CAR.BA": 10870,
  "CAT.BA": 64700,
  "CBRD.BA": 459,
  "CCJ.BA": 6240,
  "CCL.BA": 13010,
  "CDE.BA": 23420,
  "CEG.BA": 8135,
  "CIBR.BA": 12540,
  "CL.BA": 45260,
  "CLS.BA": 27440,
  "COIN.BA": 8640,
  "COP.BA": 7255,
  "COPX.BA": 8370,
  "COST.BA": 30880,
  "CRM.BA": 14350,
  "CRWD.BA": 12370,
  "CRWV.BA": 5355,
  "CSCO.BA": 35860,
  "CSNA3.BA": 1802,
  "CVS.BA": 9745,
  "CVX.BA": 17930,
  "CX.BA": 18130,
  "DAL.BA": 14500,
  "DD.BA": 13580,
  "DE.BA": 21150,
  "DECK.BA": 6670,
  "DEO.BA": 20050,
  "DESP.BA": 22600,
  "DHR.BA": 5160,
  "DIA.BA": 37740,
  "DISN.BA": 12470,
  "DOCU.BA": 3090,
  "DOW.BA": 8635,
  "DTEA.BA": 0,
  "E.BA": 20540,
  "EA.BA": 21870,
  "EBAY.BA": 80850,
  "ECL.BA": 6895,
  "EEM.BA": 19500,
  "EFA.BA": 8540,
  "EFX.BA": 15620,
  "ELPC.BA": 50675,
  "EMBJ.BA": 81375,
  "EOAN.BA": 236.04100037,
  "EQNR.BA": 9595,
  "ERIC.BA": 8785,
  "ESGU.BA": 7985,
  "ETHA.BA": 3687.5,
  "ETSY.BA": 6500,
  "EWJ.BA": 9620,
  "EWY.BA": 5430,
  "EWZ.BA": 25520,
  "F.BA": 21500,
  "FCX.BA": 31320,
  "FDX.BA": 48260,
  "FISV.BA": 7320,
  "FMCC.BA": 11900,
  "FMX.BA": 30920,
  "FNMA.BA": 10640,
  "FSLR.BA": 20910,
  "FXI.BA": 10470,
  "GDX.BA": 11150,
  "GE.BA": 60300,
  "GFI.BA": 50625,
  "GGB.BA": 27280,
  "GILD.BA": 45880,
  "GLD.BA": 11300,
  "GLNG.BA": 7710,
  "GLOB.BA": 3077.5,
  "GLW.BA": 63325,
  "GM.BA": 19940,
  "GOOGL.BA": 9280,
  "GPRK.BA": 16670,
  "GRMN.BA": 116325,
  "GS.BA": 116600,
  "GSK.BA": 19350,
  "GT.BA": 4395,
  "HAL.BA": 30000,
  "HAPV3.BA": 3335,
  "HD.BA": 15020,
  "HDB.BA": 17590,
  "HHPD.BA": 0,
  "HIMS.BA": 10550,
  "HL.BA": 21280,
  "HMC.BA": 39560,
  "HMY.BA": 21800,
  "HNPIY.BA": 6140,
  "HOG.BA": 12550,
  "HON.BA": 38840,
  "HOOD.BA": 4520,
  "HPQ.BA": 37160,
  "HSBC.BA": 65200,
  "HSY.BA": 12740,
  "HUT.BA": 31840,
  "HWM.BA": 377250,
  "IBB.BA": 9255,
  "IBIT.BA": 5305,
  "IBM.BA": 27440,
  "IBN.BA": 40460,
  "ICLN.BA": 6015,
  "IEMG.BA": 9890,
  "IEUR.BA": 10170,
  "IFF.BA": 9345,
  "IJH.BA": 9270,
  "ILF.BA": 8335,
  "INFY.BA": 17760,
  "ING.BA": 14490,
  "INTC.BA": 32420,
  "IP.BA": 12060,
  "IREN.BA": 6495,
  "ISRG.BA": 6950,
  "ITA.BA": 6815,
  "ITUB.BA": 11480,
  "ITUB3.BA": 12170,
  "IVE.BA": 8505,
  "IVV.BA": 1598,
  "IVW.BA": 9915,
  "IWDA.BA": 0,
  "IWM.BA": 42620,
  "JBSS3.BA": 8320,
  "JCI.BA": 114850,
  "JD.BA": 10740,
  "JMIA.BA": 10480,
  "JNJ.BA": 24040,
  "JOYY.BA": 20600,
  "JPM.BA": 31220,
  "KB.BA": 77275,
  "KEEL.BA": 39720,
  "KEP.BA": 17970,
  "KGC.BA": 35760,
  "KMB.BA": 25620,
  "KO.BA": 25200,
  "KOFM.BA": 78750,
  "LAC.BA": 6270,
  "LAR.BA": 12210,
  "LFC.BA": 1074.5,
  "LLY.BA": 30700,
  "LMT.BA": 39620,
  "LND.BA": 5545,
  "LRCX.BA": 8685,
  "LREN3.BA": 4335,
  "LVS.BA": 38120,
  "LYG.BA": 3902.5,
  "MA.BA": 22380,
  "MBG.BA": 3807.20898438,
  "MBT.BA": 650,
  "MCD.BA": 17810,
  "MDLZ.BA": 6450,
  "MDT.BA": 30380,
  "MELI.BA": 19960,
  "META.BA": 35980,
  "MFG.BA": 14190,
  "MGLU3.BA": 1617,
  "MMM.BA": 23720,
  "MO.BA": 27500,
  "MOS.BA": 6035,
  "MP.BA": 8080,
  "MRK.BA": 35920,
  "MRNA.BA": 3647.5,
  "MRSH.BA": 15760,
  "MRVL.BA": 27480,
  "MSFT.BA": 20060,
  "MSI.BA": 31120,
  "MSTR.BA": 8740,
  "MU.BA": 272075,
  "MUFG.BA": 29740,
  "MUX.BA": 13060,
  "NATU3.BA": 2577.5,
  "NBIS.BA": 11880,
  "NEC1.BA": 0,
  "NEE.BA": 6770,
  "NEM.BA": 46620,
  "NFLX.BA": 2575,
  "NG.BA": 41020,
  "NGG.BA": 61100,
  "NIO.BA": 1939,
  "NKE.BA": 5525,
  "NLM.BA": 0,
  "NMR.BA": 12950,
  "NOKA.BA": 20200,
  "NOW.BA": 939.5,
  "NSAN.BA": 1545,
  "NTCO.BA": 6200,
  "NTES.BA": 13580,
  "NU.BA": 8780,
  "NUE.BA": 23640,
  "NVDA.BA": 12660,
  "NVO.BA": 9225,
  "NVS.BA": 56175,
  "NXE.BA": 14040,
  "O.BA": 7240,
  "OKLO.BA": 2907.5,
  "ONDS.BA": 7060,
  "ORAN.BA": 13200,
  "ORCL.BA": 100975,
  "ORLY.BA": 598.5,
  "OXY.BA": 17260,
  "PAAS.BA": 22260,
  "PAC.BA": 20980,
  "PAGS.BA": 4300,
  "PANW.BA": 7920,
  "PATH.BA": 8150,
  "PBI.BA": 25480,
  "PBR.BA": 27380,
  "PCAR.BA": 57425,
  "PCRF.BA": 0,
  "PDD.BA": 4940,
  "PEP.BA": 12120,
  "PETR3.BA": 13610,
  "PFE.BA": 9680,
  "PG.BA": 15010,
  "PHG.BA": 8000,
  "PINS.BA": 4702.5,
  "PKS.BA": 29620,
  "PLTR.BA": 65600,
  "PM.BA": 15340,
  "PSO.BA": 0,
  "PSQ.BA": 5070,
  "PSX.BA": 45760,
  "PYPL.BA": 7700,
  "QCOM.BA": 26360,
  "QQQ.BA": 52450,
  "RACE.BA": 6330,
  "RBLX.BA": 31360,
  "RCTB4.BA": 0,
  "RGTI.BA": 14810,
  "RIO.BA": 18690,
  "RIOT.BA": 12080,
  "RKLB.BA": 13210,
  "ROKU.BA": 13790,
  "ROST.BA": 87625,
  "RTX.BA": 53700,
  "SAN.BA": 72050,
  "SAP.BA": 42920,
  "SATL.BA": 9505,
  "SBS.BA": 16190,
  "SBSP3.BA": 7965,
  "SBUX.BA": 12400,
  "SCCO.BA": 126825,
  "SCHW.BA": 0,
  "SDA.BA": 746,
  "SE.BA": 3857.5,
  "SH.BA": 6450,
  "SHEL.BA": 65025,
  "SHOP.BA": 1516,
  "SI.BA": 22.45000076,
  "SID.BA": 14330,
  "SIEGY.BA": 6695.81591797,
  "SLB.BA": 28020,
  "SLV.BA": 14540,
  "SMH.BA": 17300,
  "SMSN.BA": 13143.82421875,
  "SNA.BA": 95450,
  "SNAP.BA": 8045,
  "SNDK.BA": 14570,
  "SNOW.BA": 12060,
  "SONY.BA": 3910,
  "SPCE.BA": 14080,
  "SPGI.BA": 14350,
  "SPHQ.BA": 9105,
  "SPOT.BA": 27160,
  "SPXL.BA": 15150,
  "SPY.BA": 18260,
  "STLA.BA": 2001,
  "STNE.BA": 5360,
  "SUZ.BA": 12070,
  "SUZB3.BA": 12150,
  "SWKS.BA": 5150,
  "SYY.BA": 14830,
  "T.BA": 11680,
  "TCOM.BA": 36200,
  "TEAM.BA": 2912.5,
  "TEFO.BA": 727.5,
  "TEM.BA": 6230,
  "TEN.BA": 92800,
  "TGT.BA": 8015,
  "TIIAY.BA": 0,
  "TIMB.BA": 32580,
  "TIMS3.BA": 6450,
  "TJX.BA": 11570,
  "TM.BA": 17390,
  "TMO.BA": 33120,
  "TMUS.BA": 8380,
  "TQQQ.BA": 4220,
  "TRIP.BA": 8705,
  "TRVV.BA": 75359.703125,
  "TSLA.BA": 38500,
  "TSM.BA": 68750,
  "TTE.BA": 44820,
  "TTM.BA": 8651,
  "TV.BA": 1385,
  "TWLO.BA": 8680,
  "TXN.BA": 85250,
  "TXR.BA": 17870,
  "UAL.BA": 31100,
  "UBER.BA": 52100,
  "UGP.BA": 7330,
  "UL.BA": 29480,
  "UNH.BA": 18590,
  "UNP.BA": 20200,
  "UPST.BA": 9135,
  "URA.BA": 12830,
  "URBN.BA": 54725,
  "USB.BA": 17190,
  "USO.BA": 13540,
  "V.BA": 27100,
  "VALE.BA": 11260,
  "VALE3.BA": 22440,
  "VEA.BA": 10400,
  "VIG.BA": 8990,
  "VIST.BA": 36400,
  "VIV.BA": 19300,
  "VIVT3.BA": 9760,
  "VOD.BA": 22700,
  "VRSN.BA": 72300,
  "VRTX.BA": 6485,
  "VST.BA": 8055,
  "VXX.BA": 8010,
  "VZ.BA": 17710,
  "WBA.BA": 5360,
  "WBO.BA": 1932,
  "WEGE3.BA": 12300,
  "WFC.BA": 24790,
  "WMT.BA": 10100,
  "X.BA": 21550,
  "XLB.BA": 4162.5,
  "XLC.BA": 8840,
  "XLE.BA": 44040,
  "XLF.BA": 39500,
  "XLI.BA": 9155,
  "XLK.BA": 5810,
  "XLP.BA": 8085,
  "XLRE.BA": 7545,
  "XLU.BA": 4415,
  "XLV.BA": 7970,
  "XLY.BA": 3965,
  "XME.BA": 5675,
  "XOM.BA": 22800,
  "XP.BA": 5665,
  "XPEV.BA": 5610,
  "XROX.BA": 4872.5,
  "XYZ.BA": 5020,
  "YELP.BA": 18380,