{
  "AAL.BA": 8870,
  "AAP.BA": 5810,
  "AAPL.BA": 15500,
  "ABBV.BA": 28200,
  "ABEV.BA": 9030,
  "ABEV3.BA": 3015,
  "ABNB.BA": 11625,
  "ABT.BA": 44975,
  "ACN.BA": 4670,
  "ACWI.BA": 7020,
  "ADBE.BA": 11300,
  "ADGO.BA": 11750,
  "ADI.BA": 23125,
  "ADP.BA": 68850,
  "ADS.BA": 3942.14794922,
  "AEG.BA": 10650,
  "AEM.BA": 31050,
  "AHP.BA": 28.79999924,
  "AI.BA": 4680,
  "AIG.BA": 22600,
  "AKO.B.BA": 34000,
  "AMAT.BA": 44150,
  "AMD.BA": 22300,
  "AMGN.BA": 13050,
  "AMX.BA": 27250,
  "AMZN.BA": 2160,
  "ANF.BA": 135600,
  "ARCO.BA": 19000,
  "ARKK.BA": 10300,
  "ARM.BA": 6760,
  "ASML.BA": 7050,
  "ASR.BA": 22125,
  "AVGO.BA": 10325,
  "AVY.BA": 13275,
  "AXP.BA": 28775,
  "AZN.BA": 54350,
  "B.BA": 17925,
  "BA.BA": 12925,
  "BA.C.BA": 16900,
  "BABA.BA": 18825,
  "BAK.BA": 2190,
  "BAS.BA": 3197.76855469,
  "BAYN.BA": 3323.26293945,
  "BB.BA": 1705,
  "BBD.BA": 4115,
  "BBDC3.BA": 3490,
  "BBV.BA": 25450,
  "BCS.BA": 27775,
  "BHP.BA": 37925,
  "BIDU.BA": 11425,
  "BIIB.BA": 14250,
  "BIOX.BA": 3795,
  "BITF.BA": 8340,
  "BK.BA": 70150,
  "BKNG.BA": 11300,
  "BKR.BA": 8600,
  "BMY.BA": 21350,
  "BNG.BA": 24050,
  "BP.BA": 9540,
  "BPA11.BA": 10900,
  "BRFS.BA": 14925,
  "BRKB.BA": 30125,
  "BSBR.BA": 6980,
  "BSN.BA": 613.31298828,
  "C.BA": 43175,
  "CAAP.BA": 112350,
  "CAH.BA": 66350,
  "CAJ.BA": 4045.5,
  "CAR.BA": 8030,
  "CAT.BA": 29500,
  "CCL.BA": 14200,
  "CDE.BA": 16450,
  "CEG.BA": 9430,
  "CIBR.BA": 9860,
  "CL.BA": 38225,
  "CLS.BA": 13175,
  "COIN.BA": 15425,
  "COST.BA": 26700,
  "CRM.BA": 18750,
  "CSCO.BA": 18275,
  "CSNA3.BA": 1785,
  "CVS.BA": 6360,
  "CVX.BA": 13425,
  "CX.BA": 12050,
  "DAL.BA": 10300,
  "DD.BA": 21025,
  "DE.BA": 16675,
  "DECK.BA": 6150,
  "DEO.BA": 25775,
  "DESP.BA": 22600,
  "DHR.BA": 5260,
  "DIA.BA": 30875,
  "DISN.BA": 13400,
  "DOCU.BA": 4600,
  "DOW.BA": 5650,
  "DTEA.BA": 0,
  "E.BA": 11500,
  "EA.BA": 16850,
  "EBAY.BA": 67450,
  "EBR.BA": 43775,
  "EEM.BA": 13725,
  "EFA.BA": 6990,
  "EFX.BA": 21450,
  "ELP.BA": 36800,
  "EOAN.BA": 236.04100037,
  "EQNR.BA": 5680,
  "ERIC.BA": 5380,
  "ERJ.BA": 76450,
  "ETHA.BA": 9170,
  "ETSY.BA": 4920,
  "EWJ.BA": 7710,
  "EWZ.BA": 19550,
  "F.BA": 16100,
  "FCX.BA": 19800,
  "FDX.BA": 31750,
  "FMCC.BA": 0,
  "FMX.BA": 20025,
  "FMX.B.BA": 0,
  "FNMA.BA": 14600,
  "FSLR.BA": 15075,
  "FXI.BA": 10700,
  "GDX.BA": 8180,
  "GE.BA": 45500,
  "GFI.BA": 43950,
  "GGB.BA": 16550,
  "GILD.BA": 38950,
  "GLD.BA": 8460,
  "GLOB.BA": 5150,
  "GLW.BA": 22800,
  "GM.BA": 13200,
  "GOOGL.BA": 4895,
  "GPRK.BA": 8750,
  "GRMN.BA": 105800,
  "GS.BA": 77350,
  "GSK.BA": 13475,
  "GT.BA": 5780,
  "HAL.BA": 15250,
  "HAPV3.BA": 9740,
  "HD.BA": 17400,
  "HDB.BA": 49600,
  "HHPD.BA": 0,
  "HL.BA": 10750,
  "HMC.BA": 46775,
  "HMY.BA": 21400,
  "HNPIY.BA": 6140,
  "HOG.BA": 13100,
  "HON.BA": 37650,
  "HPQ.BA": 37550,
  "HSBC.BA": 44475,
  "HSY.BA": 11775,
  "HUT.BA": 159550,
  "HWM.BA": 233500,
  "IBB.BA": 6940,
  "IBIT.BA": 8610,
  "IBM.BA": 21825,
  "IBN.BA": 44175,
  "IEMG.BA": 7130,
  "IEUR.BA": 8350,
  "IFF.BA": 7620,
  "IJH.BA": 7380,
  "INFY.BA": 23625,
  "ING.BA": 11175,
  "INTC.BA": 6670,
  "IP.BA": 16850,
  "ISRG.BA": 7300,
  "ITUB.BA": 9390,
  "ITUB3.BA": 8360,
  "IVE.BA": 6920,
  "IVW.BA": 7850,
  "IWM.BA": 31675,
  "JBSS3.BA": 8320,
  "JCI.BA": 68650,
  "JD.BA": 10900,
  "JMIA.BA": 11225,
  "JNJ.BA": 16250,
  "JOYY.BA": 14350,
  "JPM.BA": 26825,
  "KB.BA": 53650,
  "KEP.BA": 18725,
  "KGC.BA": 26900,
  "KMB.BA": 29725,
  "KO.BA": 18775,
  "KOFM.BA": 58950,
  "LAC.BA": 3855,
  "LAR.BA": 4460,
  "LFC.BA": 1074.5,
  "LLY.BA": 16900,
  "LMT.BA": 30550,
  "LRCX.BA": 2465,
  "LVS.BA": 38325,
  "LYG.BA": 3125,
  "MA.BA": 24450,
  "MBG.BA": 3807.20898438,
  "MBT.BA": 650,
  "MCD.BA": 17775,
  "MDLZ.BA": 5630,
  "MDT.BA": 31300,
  "MELI.BA": 27300,
  "META.BA": 42850,
  "MFG.BA": 8950,
  "MGLU3.BA": 1805,
  "MMC.BA": 17700,
  "MMM.BA": 21200,
  "MO.BA": 22875,
  "MOS.BA": 9000,
  "MRK.BA": 23250,
  "MRNA.BA": 1835,
  "MRVL.BA": 7120,
  "MSFT.BA": 22950,
  "MSI.BA": 31300,
  "MSTR.BA": 23425,
  "MU.BA": 31725,
  "MUFG.BA": 21150,
  "MUX.BA": 7390,
  "NATU3.BA": 2230,
  "NEC1.BA": 0,
  "NEM.BA": 32300,
  "NFLX.BA": 34550,
  "NG.BA": 34925,
  "NGG.BA": 47400,
  "NIO.BA": 2070,
  "NKE.BA": 8990,
  "NLM.BA": 0,
  "NMR.BA": 9830,
  "NOKA.BA": 5880,
  "NOW.BA": 6960,
  "NSAN.BA": 1545,
  "NTCO.BA": 6200,
  "NTES.BA": 13250,
  "NU.BA": 9710,
  "NUE.BA": 12750,
  "NVDA.BA": 10250,
  "NVS.BA": 42575,
  "NXE.BA": 9670,
  "ORAN.BA": 13200,
  "ORCL.BA": 106850,
  "ORLY.BA": 631,
  "OXY.BA": 12650,
  "PAAS.BA": 14775,
  "PAC.BA": 20800,
  "PAGS.BA": 3915,
  "PANW.BA": 5030,
  "PATH.BA": 7540,
  "PBI.BA": 16950,
  "PBR.BA": 16625,
  "PCAR.BA": 45700,
  "PCRF.BA": 0,
  "PDD.BA": 7000,
  "PEP.BA": 11175,
  "PETR3.BA": 8250,
  "PFE.BA": 8560,
  "PG.BA": 14175,
  "PHG.BA": 7500,
  "PINS.BA": 6920,
  "PKS.BA": 25025,
  "PLTR.BA": 71450,
  "PM.BA": 12600,
  "PSO.BA": 0,
  "PSQ.BA": 5590,
  "PSX.BA": 29450,
  "PYPL.BA": 11800,
  "QCOM.BA": 19425,
  "QQQ.BA": 38875,
  "RACE.BA": 7700,
  "RBLX.BA": 85000,
  "RCTB4.BA": 0,
  "RGTI.BA": 9880,
  "RIO.BA": 10600,
  "RIOT.BA": 6030,
  "ROKU.BA": 9870,
  "ROST.BA": 50400,
  "RTX.BA": 42550,
  "SAN.BA": 52450,
  "SAP.BA": 61500,
  "SATL.BA": 4915,
  "SBS.BA": 60050,
  "SBSP3.BA": 26750,
  "SBUX.BA": 9760,
  "SCCO.BA": 66100,
  "SCHW.BA": 0,
  "SDA.BA": 1620,
  "SE.BA": 8000,
  "SH.BA": 6560,
  "SHEL.BA": 50350,
  "SHOP.BA": 1800,
  "SI.BA": 22.45000076,
  "SID.BA": 14750,
  "SIEGY.BA": 6695.81591797,
  "SLB.BA": 16150,
  "SLV.BA": 7980,
  "SMH.BA": 8030,
  "SMSN.BA": 13143.82421875,
  "SNA.BA": 74600,
  "SNAP.BA": 9580,
  "SNOW.BA": 8860,
  "SONY.BA": 4805,
  "SPCE.BA": 8910,
  "SPGI.BA": 16650,
  "SPOT.BA": 33900,
  "SPXL.BA": 10475,
  "SPY.BA": 43850,
  "STLA.BA": 2700,
  "STNE.BA": 7010,
  "SUZ.BA": 13500,
  "SUZB3.BA": 13475,
  "SWKS.BA": 4910,
  "SYY.BA": 13525,
  "T.BA": 13025,
  "TCOM.BA": 44825,
  "TEAM.BA": 4910,
  "TEFO.BA": 915,
  "TEM.BA": 8640,
  "TEN.BA": 49175,
  "TGT.BA": 5510,
  "TIIAY.BA": 0,
  "TIMB.BA": 28775,
  "TIMS3.BA": 5600,
  "TJX.BA": 8400,
  "TM.BA": 18025,
  "TMO.BA": 30425,
  "TMUS.BA": 10200,
  "TRIP.BA": 11675,
  "TRVV.BA": 61950,
  "TSLA.BA": 31525,
  "TSM.BA": 35725,
  "TTE.BA": 28575,
  "TTM.BA": 8651,
  "TV.BA": 1130,
  "TWLO.BA": 3950,
  "TXN.BA": 56150,
  "TXR.BA": 11400,
  "UAL.BA": 27875,
  "UBER.BA": 64750,
  "UGP.BA": 4510,
  "UL.BA": 28250,
  "UNH.BA": 12600,
  "UNP.BA": 15225,
  "UPST.BA": 18950,
  "URA.BA": 10800,
  "URBN.BA": 52250,
  "USB.BA": 13100,
  "USO.BA": 6870,
  "V.BA": 26425,
  "VALE.BA": 6900,
  "VALE3.BA": 13800,
  "VEA.BA": 8040,
  "VIG.BA": 7360,
  "VIST.BA": 17700,
  "VIV.BA": 17500,
  "VIVT3.BA": 8800,
  "VOD.BA": 16100,
  "VRSN.BA": 60650,
  "VRTX.BA": 5250,
  "VST.BA": 9980,
  "VZ.BA": 15050,
  "WBA.BA": 5430,
  "WBO.BA": 2630,
  "WEGE3.BA": 9500,
  "WFC.BA": 21900,
  "WMT.BA": 7290,
  "X.BA": 21550,
  "XLB.BA": 6960,
  "XLC.BA": 8020,
  "XLE.BA": 60200,
  "XLF.BA": 36300,
  "XLI.BA": 7400,
  "XLK.BA": 7790,
  "XLP.BA": 6920,
  "XLRE.BA": 6390,
  "XLU.BA": 7740,
  "XLV.BA": 6420,
  "XLY.BA": 7400,
  "XOM.BA": 15200,
  "XP.BA": 5690,
  "XPEV.BA": 7840,
  "XROX.BA": 5390,
  "XYZ.BA": 5390,
  "YELP.BA": 22000,
  "YZCA.BA": 0.007,
  "ZM.BA": 2360,
  "ALUA.BA": 712,
  "ALUAC.BA": 0.52100003,
  "ALUAD.BA": 0.52200001,
  "BBAR.BA": 5810,
  "BBARC.BA": 4.61999989,
  "BBARD.BA": 4.26999998,
  "BMA.BA": 8200,
  "BMA.C.BA": 7.09000015,
  "BMA.D.BA": 6.26999998,
  "BYMA.BA": 190,
  "BYMAC.BA": 0.125,
  "BYMAD.BA": 0.139,
  "CEPU.BA": 1395,
  "COME.BA": 47.34999847,
  "CRES.BA": 1425,
  "CRESC.BA": 0.32300001,
  "EDN.BA": 1470,
  "EDNC.BA": 1.42499995,
  "EDND.BA": 1.08000004,
  "GGAL.BA": 5750,
  "GGALC.BA": 4.28000021,
  "GGALD.BA": 4.26000023,
  "IRSAC.BA": 1.58000004,
  "IRSAD.BA": 1.46000004,
  "LOMA.BA": 2690,
  "LOMAD.BA": 1.88499999,
  "MIRG.BA": 19650,
  "PAMP.BA": 3610,
  "SUPV.BA": 2210,
  "SUPVD.BA": 1.65999997,
  "TECO2.BA": 2360,
  "TECOC.BA": 1.745,
  "TGN4C.BA": 2.70499992,