{
  "AAL.BA": 11310,
  "AAP.BA": 5025,
  "AAPL.BA": 20880,
  "ABBV.BA": 33420,
  "ABEV.BA": 10900,
  "ABEV3.BA": 3695,
  "ABNB.BA": 12540,
  "ABT.BA": 45840,
  "ACN.BA": 5385,
  "ACWI.BA": 8200,
  "ADBE.BA": 11770,
  "ADGO.BA": 13150,
  "ADI.BA": 27520,
  "ADP.BA": 64950,
  "ADS.BA": 3942.14794922,
  "AEG.BA": 10750,
  "AEM.BA": 40480,
  "AHP.BA": 28.79999924,
  "AI.BA": 4797.5,
  "AIG.BA": 23070,
  "AKO.B.BA": 42100,
  "ALAB.BA": 5700,
  "AMAT.BA": 80600,
  "AMD.BA": 33120,
  "AMGN.BA": 15790,
  "AMX.BA": 32200,
  "AMZN.BA": 2422,
  "ANF.BA": 155525,
  "ARCO.BA": 21750,
  "ARKK.BA": 12340,
  "ARM.BA": 7820,
  "ASML.BA": 11380,
  "ASR.BA": 23000,
  "ASTS.BA": 7460,
  "AVGO.BA": 15550,
  "AVY.BA": 14630,
  "AXP.BA": 37100,
  "AZN.BA": 68250,
  "B.BA": 30560,
  "BA.BA": 12580,
  "BA.C.BA": 20220,
  "BABA.BA": 26680,
  "BAK.BA": 2226,
  "BAS.BA": 3197.76855469,
  "BAYN.BA": 3323.26293945,
  "BB.BA": 2188,
  "BBD.BA": 4987.5,
  "BBDC3.BA": 4300,
  "BBV.BA": 33380,
  "BCS.BA": 34820,
  "BHP.BA": 45160,
  "BIDU.BA": 17130,
  "BIIB.BA": 19840,
  "BIOX.BA": 2389,
  "BITF.BA": 21930,
  "BK.BA": 88125,
  "BKNG.BA": 10960,
  "BKR.BA": 10200,
  "BMY.BA": 25500,
  "BNG.BA": 27680,
  "BP.BA": 10650,
  "BPA11.BA": 17000,
  "BRFS.BA": 18200,
  "BRKB.BA": 33920,
  "BSBR.BA": 8810,
  "BSN.BA": 613.31298828,
  "C.BA": 55250,
  "CAAP.BA": 154475,
  "CAH.BA": 99175,
  "CAJ.BA": 4045.5,
  "CAR.BA": 7670,
  "CAT.BA": 45240,
  "CCL.BA": 12910,
  "CDE.BA": 23350,
  "CEG.BA": 11630,
  "CIBR.BA": 11320,
  "CL.BA": 38840,
  "CLS.BA": 25440,
  "COIN.BA": 15180,
  "COST.BA": 27760,
  "CRM.BA": 21740,
  "CRWV.BA": 4812.5,
  "CSCO.BA": 23890,
  "CSNA3.BA": 2597.5,
  "CVS.BA": 7925,
  "CVX.BA": 14110,
  "CX.BA": 16400,
  "DAL.BA": 12870,
  "DD.BA": 12300,
  "DE.BA": 17200,
  "DECK.BA": 6005,
  "DEO.BA": 21420,
  "DESP.BA": 22600,
  "DHR.BA": 6275,
  "DIA.BA": 35960,
  "DISN.BA": 13510,
  "DOCU.BA": 4695,
  "DOW.BA": 5925,
  "DTEA.BA": 0,
  "E.BA": 14100,
  "EA.BA": 21870,
  "EBAY.BA": 63175,
  "ECL.BA": 6800,
  "EEM.BA": 16480,
  "EFA.BA": 8005,
  "EFX.BA": 19680,
  "ELP.BA": 45800,
  "EMBJ.BA": 97000,
  "EOAN.BA": 236.04100037,
  "EQNR.BA": 5800,
  "ERIC.BA": 7210,
  "ETHA.BA": 7515,
  "ETSY.BA": 5170,
  "EWJ.BA": 8930,
  "EWZ.BA": 24420,
  "F.BA": 19890,
  "FCX.BA": 22470,
  "FDX.BA": 41900,
  "FMCC.BA": 0,
  "FMX.BA": 26020,
  "FNMA.BA": 17020,
  "FSLR.BA": 21130,
  "FXI.BA": 11770,
  "GDX.BA": 12230,
  "GE.BA": 53325,
  "GFI.BA": 63550,
  "GGB.BA": 21100,
  "GILD.BA": 44780,
  "GLD.BA": 11630,
  "GLOB.BA": 5690,
  "GLW.BA": 34360,
  "GM.BA": 19660,
  "GOOGL.BA": 8230,
  "GPRK.BA": 11020,
  "GRMN.BA": 102125,
  "GS.BA": 101750,
  "GSK.BA": 17850,
  "GT.BA": 6550,
  "HAL.BA": 21520,
  "HAPV3.BA": 4290,
  "HD.BA": 16390,
  "HDB.BA": 26480,
  "HHPD.BA": 0,
  "HL.BA": 25160,
  "HMC.BA": 45640,
  "HMY.BA": 29100,
  "HNPIY.BA": 6140,
  "HOG.BA": 10990,
  "HON.BA": 36020,
  "HOOD.BA": 7020,
  "HPQ.BA": 37960,
  "HSBC.BA": 55425,
  "HSY.BA": 12830,
  "HUT.BA": 334875,
  "HWM.BA": 290325,
  "IBB.BA": 9320,
  "IBIT.BA": 7830,
  "IBM.BA": 30980,
  "IBN.BA": 45460,
  "IEMG.BA": 8470,
  "IEUR.BA": 9540,
  "IFF.BA": 8105,
  "IJH.BA": 8360,
  "INFY.BA": 26900,
  "ING.BA": 13370,
  "INTC.BA": 11920,
  "IP.BA": 14180,
  "IREN.BA": 5655,
  "ISRG.BA": 9595,
  "ITA.BA": 6110,
  "ITUB.BA": 11310,
  "ITUB3.BA": 10700,
  "IVE.BA": 7965,
  "IVW.BA": 9330,
  "IWDA.BA": 0,
  "IWM.BA": 37820,
  "JBSS3.BA": 8320,
  "JCI.BA": 86225,
  "JD.BA": 11160,
  "JMIA.BA": 18830,
  "JNJ.BA": 20420,
  "JOYY.BA": 19470,
  "JPM.BA": 30500,
  "KB.BA": 64650,
  "KEP.BA": 25280,
  "KGC.BA": 40600,
  "KMB.BA": 25900,
  "KO.BA": 21130,
  "KOFM.BA": 68900,
  "LAC.BA": 7785,
  "LAR.BA": 7945,
  "LFC.BA": 1074.5,
  "LLY.BA": 26440,
  "LMT.BA": 34640,
  "LRCX.BA": 4405,
  "LREN3.BA": 3917.5,
  "LVS.BA": 49900,
  "LYG.BA": 3837.5,
  "MA.BA": 24720,
  "MBG.BA": 3807.20898438,
  "MBT.BA": 650,
  "MCD.BA": 19420,
  "MDLZ.BA": 5370,
  "MDT.BA": 37740,
  "MELI.BA": 24770,
  "META.BA": 40820,
  "MFG.BA": 10970,
  "MGLU3.BA": 2817.5,
  "MMC.BA": 17000,
  "MMM.BA": 24900,
  "MO.BA": 21940,
  "MOS.BA": 7065,
  "MRK.BA": 29260,
  "MRNA.BA": 2245,
  "MRVL.BA": 9830,
  "MSFT.BA": 24050,
  "MSI.BA": 27780,
  "MSTR.BA": 14000,
  "MU.BA": 76325,
  "MUFG.BA": 23470,
  "MUX.BA": 14250,
  "NATU3.BA": 2155,
  "NEC1.BA": 0,
  "NEM.BA": 46260,
  "NFLX.BA": 2995,
  "NG.BA": 55800,
  "NGG.BA": 56350,
  "NIO.BA": 1888,
  "NKE.BA": 8080,
  "NLM.BA": 0,
  "NMR.BA": 12170,
  "NOKA.BA": 9280,
  "NOW.BA": 7425,
  "NSAN.BA": 1545,
  "NTCO.BA": 6200,
  "NTES.BA": 14670,
  "NU.BA": 12400,
  "NUE.BA": 15220,
  "NVDA.BA": 11500,
  "NVS.BA": 49280,
  "NXE.BA": 13900,
  "OKLO.BA": 5425,
  "ORAN.BA": 13200,
  "ORCL.BA": 110700,
  "ORLY.BA": 618,
  "OXY.BA": 12460,
  "PAAS.BA": 23890,
  "PAC.BA": 22960,
  "PAGS.BA": 4940,
  "PANW.BA": 5805,
  "PATH.BA": 13780,
  "PBI.BA": 15140,
  "PBR.BA": 18270,
  "PCAR.BA": 55175,
  "PCRF.BA": 0,
  "PDD.BA": 6860,
  "PEP.BA": 12400,
  "PETR3.BA": 9230,
  "PFE.BA": 9560,
  "PG.BA": 14130,
  "PHG.BA": 8075,
  "PINS.BA": 5925,
  "PKS.BA": 27320,
  "PLTR.BA": 93125,
  "PM.BA": 12460,
  "PSO.BA": 0,
  "PSQ.BA": 5665,
  "PSX.BA": 34980,
  "PYPL.BA": 11350,
  "QCOM.BA": 24500,
  "QQQ.BA": 46880,
  "RACE.BA": 6520,
  "RBLX.BA": 72725,
  "RCTB4.BA": 0,
  "RGTI.BA": 20180,
  "RIO.BA": 14090,
  "RIOT.BA": 7620,
  "RKLB.BA": 6725,
  "ROKU.BA": 12000,
  "ROST.BA": 67200,
  "RTX.BA": 51950,
  "SAN.BA": 67225,
  "SAP.BA": 61575,
  "SATL.BA": 2885,
  "SBS.BA": 75500,
  "SBSP3.BA": 40000,
  "SBUX.BA": 10340,
  "SCCO.BA": 105075,
  "SCHW.BA": 0,
  "SDA.BA": 1421,
  "SE.BA": 5900,
  "SH.BA": 6855,
  "SHEL.BA": 54525,
  "SHOP.BA": 2240,
  "SI.BA": 22.45000076,
  "SID.BA": 21030,
  "SIEGY.BA": 6695.81591797,
  "SLB.BA": 19420,
  "SLV.BA": 13810,
  "SMH.BA": 11100,
  "SMSN.BA": 13143.82421875,
  "SNA.BA": 86825,
  "SNAP.BA": 11730,
  "SNOW.BA": 10960,
  "SONY.BA": 5055,
  "SPCE.BA": 11200,
  "SPGI.BA": 16290,
  "SPHQ.BA": 8050,
  "SPOT.BA": 31920,
  "SPXL.BA": 13310,
  "SPY.BA": 51375,
  "STLA.BA": 3530,
  "STNE.BA": 7280,
  "SUZ.BA": 13990,
  "SUZB3.BA": 13550,
  "SWKS.BA": 4995,
  "SYY.BA": 13730,
  "T.BA": 12240,
  "TCOM.BA": 54375,
  "TEAM.BA": 5165,
  "TEFO.BA": 795.5,
  "TEM.BA": 9430,
  "TEN.BA": 60075,
  "TGT.BA": 5890,
  "TIIAY.BA": 0,
  "TIMB.BA": 32400,
  "TIMS3.BA": 6755,
  "TJX.BA": 10450,
  "TM.BA": 20000,
  "TMO.BA": 38800,
  "TMUS.BA": 9130,
  "TQQQ.BA": 3320,
  "TRIP.BA": 11400,
  "TRVV.BA": 70075,
  "TSLA.BA": 44640,
  "TSM.BA": 51025,
  "TTE.BA": 32800,
  "TTM.BA": 8651,
  "TV.BA": 1446,
  "TWLO.BA": 5475,
  "TXN.BA": 54475,
  "TXR.BA": 14010,
  "UAL.BA": 31660,
  "UBER.BA": 64000,
  "UGP.BA": 5860,
  "UL.BA": 30100,
  "UNH.BA": 14680,
  "UNP.BA": 17540,
  "UPST.BA": 13870,
  "URA.BA": 14050,
  "URBN.BA": 59050,
  "USB.BA": 15760,
  "USO.BA": 6960,
  "V.BA": 27380,
  "VALE.BA": 9715,
  "VALE3.BA": 19350,
  "VEA.BA": 9305,
  "VIG.BA": 8535,
  "VIST.BA": 25620,
  "VIV.BA": 18460,
  "VIVT3.BA": 9980,
  "VOD.BA": 18900,
  "VRSN.BA": 60775,
  "VRTX.BA": 6525,
  "VST.BA": 9305,
  "VXX.BA": 9395,
  "VZ.BA": 15030,
  "WBA.BA": 5360,
  "WBO.BA": 2540,
  "WEGE3.BA": 13070,
  "WFC.BA": 26780,
  "WMT.BA": 9660,
  "X.BA": 21550,
  "XLB.BA": 3647.5,
  "XLC.BA": 9255,
  "XLE.BA": 34520,
  "XLF.BA": 40300,
  "XLI.BA": 8310,
  "XLK.BA": 4830,
  "XLP.BA": 7370,
  "XLRE.BA": 6775,
  "XLU.BA": 4270,
  "XLV.BA": 7800,
  "XLY.BA": 4157.5,
  "XOM.BA": 17930,
  "XP.BA": 6665,
  "XPEV.BA": 7485,
  "XROX.BA": 4007.5,
  "XYZ.BA": 4620,
  "YELP.BA": 22410,
  "YZCA.BA": 0.007,
  "ZM.BA": 2832.5,
  "ALUA.BA": 1020,
  "ALUAC.BA": 0.69,
  "ALUAD.BA": 0.697,
  "BBAR.BA": 8360,
  "BBARC.BA": 2.63070011,
  "BBARD.BA": 5.7,
  "BMA.BA": 13500,
  "BMA.C.BA": 9.10999966,
  "BMA.D.BA": 9.23,
  "BYMA.BA": 299.5,
  "BYMAC.BA": 0.2,
  "BYMAD.BA": 0.203,
  "CEPU.BA": 2570,
  "COME.BA": 69,
  "CRES.BA": 1734,
  "CRESC.BA": 1.11500001,
  "EDN.BA": 2495,
  "EDNC.BA": 1.66999996,
  "EDND.BA": 1.71,
  "GGAL.BA": 7505,
  "GGALC.BA": 5,
  "GGALD.BA": 5.12,
  "IRSAC.BA": 1.03009999,