{
  "AAL.BA": 9160,
  "AAP.BA": 5910,
  "AAPL.BA": 15625,
  "ABBV.BA": 27525,
  "ABEV.BA": 9180,
  "ABEV3.BA": 3105,
  "ABNB.BA": 11450,
  "ABT.BA": 47700,
  "ACN.BA": 4750,
  "ACWI.BA": 6920,
  "ADBE.BA": 11000,
  "ADGO.BA": 11425,
  "ADI.BA": 22600,
  "ADP.BA": 67500,
  "ADS.BA": 3942.14794922,
  "AEG.BA": 10625,
  "AEM.BA": 33150,
  "AHP.BA": 28.79999924,
  "AI.BA": 4500,
  "AIG.BA": 22000,
  "AKO.B.BA": 32800,
  "AMAT.BA": 44200,
  "AMD.BA": 22000,
  "AMGN.BA": 12450,
  "AMX.BA": 27075,
  "AMZN.BA": 2170,
  "ANF.BA": 126700,
  "ARCO.BA": 18950,
  "ARKK.BA": 10075,
  "ARM.BA": 7170,
  "ASML.BA": 6970,
  "ASR.BA": 22150,
  "AVGO.BA": 10050,
  "AVY.BA": 12925,
  "AXP.BA": 29925,
  "AZN.BA": 54000,
  "B.BA": 18875,
  "BA.BA": 13775,
  "BA.C.BA": 18000,
  "BABA.BA": 21225,
  "BAK.BA": 2440,
  "BAS.BA": 3197.76855469,
  "BAYN.BA": 3323.26293945,
  "BB.BA": 1740,
  "BBD.BA": 4400,
  "BBDC3.BA": 3525,
  "BBV.BA": 24375,
  "BCS.BA": 26550,
  "BHP.BA": 37900,
  "BIDU.BA": 11900,
  "BIIB.BA": 13100,
  "BIOX.BA": 3685,
  "BITF.BA": 9190,
  "BK.BA": 71600,
  "BKNG.BA": 11300,
  "BKR.BA": 8900,
  "BMY.BA": 22500,
  "BNG.BA": 22850,
  "BP.BA": 9090,
  "BPA11.BA": 11200,
  "BRFS.BA": 15400,
  "BRKB.BA": 31300,
  "BSBR.BA": 7200,
  "BSN.BA": 613.31298828,
  "C.BA": 44400,
  "CAAP.BA": 116350,
  "CAH.BA": 67150,
  "CAJ.BA": 4045.5,
  "CAR.BA": 8200,
  "CAT.BA": 27900,
  "CCL.BA": 14325,
  "CDE.BA": 19000,
  "CEG.BA": 9280,
  "CIBR.BA": 9920,
  "CL.BA": 38375,
  "CLS.BA": 13225,
  "COIN.BA": 15150,
  "COST.BA": 26625,
  "CRM.BA": 19500,
  "CSCO.BA": 19100,
  "CSNA3.BA": 1905,
  "CVS.BA": 6570,
  "CVX.BA": 13375,
  "CX.BA": 12225,
  "DAL.BA": 10400,
  "DD.BA": 20850,
  "DE.BA": 16425,
  "DECK.BA": 6490,
  "DEO.BA": 25175,
  "DESP.BA": 22600,
  "DHR.BA": 5160,
  "DIA.BA": 31250,
  "DISN.BA": 13600,
  "DOCU.BA": 4515,
  "DOW.BA": 5770,
  "DTEA.BA": 0,
  "E.BA": 11500,
  "EA.BA": 16600,
  "EBAY.BA": 61450,
  "EBR.BA": 44800,
  "EEM.BA": 14000,
  "EFA.BA": 6910,
  "EFX.BA": 20775,
  "ELP.BA": 36925,
  "EOAN.BA": 236.04100037,
  "EQNR.BA": 5900,
  "ERIC.BA": 5320,
  "ERJ.BA": 76250,
  "ETHA.BA": 9010,
  "ETSY.BA": 4500,
  "EWJ.BA": 7610,
  "EWZ.BA": 20250,
  "F.BA": 16350,
  "FCX.BA": 20350,
  "FDX.BA": 31175,
  "FMCC.BA": 0,
  "FMX.BA": 19600,
  "FMX.B.BA": 0,
  "FNMA.BA": 14400,
  "FSLR.BA": 15350,
  "FXI.BA": 10475,
  "GDX.BA": 8530,
  "GE.BA": 48000,
  "GFI.BA": 49500,
  "GGB.BA": 16525,
  "GILD.BA": 36450,
  "GLD.BA": 8770,
  "GLOB.BA": 5070,
  "GLW.BA": 22600,
  "GM.BA": 13175,
  "GOOGL.BA": 5030,
  "GPRK.BA": 9030,
  "GRMN.BA": 109100,
  "GS.BA": 77700,
  "GSK.BA": 13375,
  "GT.BA": 5820,
  "HAL.BA": 15350,
  "HAPV3.BA": 10525,
  "HD.BA": 17500,
  "HDB.BA": 48250,
  "HHPD.BA": 0,
  "HL.BA": 11575,
  "HMC.BA": 45075,
  "HMY.BA": 18500,
  "HNPIY.BA": 6140,
  "HOG.BA": 13125,
  "HON.BA": 37075,
  "HPQ.BA": 39150,
  "HSBC.BA": 44500,
  "HSY.BA": 11850,
  "HUT.BA": 183500,
  "HWM.BA": 236050,
  "IBB.BA": 6910,
  "IBIT.BA": 8590,
  "IBM.BA": 21900,
  "IBN.BA": 43025,
  "IEMG.BA": 7030,
  "IEUR.BA": 8500,
  "IFF.BA": 7570,
  "IJH.BA": 7370,
  "INFY.BA": 23500,
  "ING.BA": 10800,
  "INTC.BA": 6520,
  "IP.BA": 16775,
  "ISRG.BA": 7050,
  "ITUB.BA": 9730,
  "ITUB3.BA": 8460,
  "IVE.BA": 6980,
  "IVW.BA": 7710,
  "IWM.BA": 33150,
  "JBSS3.BA": 8320,
  "JCI.BA": 67400,
  "JD.BA": 10675,
  "JMIA.BA": 11800,
  "JNJ.BA": 16400,
  "JOYY.BA": 14600,
  "JPM.BA": 28275,
  "KB.BA": 52000,
  "KEP.BA": 17950,
  "KGC.BA": 28450,
  "KMB.BA": 29400,
  "KO.BA": 19000,
  "KOFM.BA": 57400,
  "LAC.BA": 3930,
  "LAR.BA": 4750,
  "LFC.BA": 1074.5,
  "LLY.BA": 17300,
  "LMT.BA": 31100,
  "LRCX.BA": 2540,
  "LVS.BA": 38950,
  "LYG.BA": 2940,
  "MA.BA": 24175,
  "MBG.BA": 3807.20898438,
  "MBT.BA": 650,
  "MCD.BA": 17975,
  "MDLZ.BA": 5800,
  "MDT.BA": 31425,
  "MELI.BA": 27900,
  "META.BA": 42000,
  "MFG.BA": 8840,
  "MGLU3.BA": 2055,
  "MMC.BA": 17475,
  "MMM.BA": 21000,
  "MO.BA": 22150,
  "MOS.BA": 9020,
  "MRK.BA": 23300,
  "MRNA.BA": 1710,
  "MRVL.BA": 6240,
  "MSFT.BA": 23000,
  "MSI.BA": 31900,
  "MSTR.BA": 23150,
  "MU.BA": 33000,
  "MUFG.BA": 20775,
  "MUX.BA": 7890,
  "NATU3.BA": 2305,
  "NEC1.BA": 0,
  "NEM.BA": 33650,
  "NFLX.BA": 33325,
  "NG.BA": 37250,
  "NGG.BA": 47775,
  "NIO.BA": 2200,
  "NKE.BA": 8870,
  "NLM.BA": 0,
  "NMR.BA": 9750,
  "NOKA.BA": 5790,
  "NOW.BA": 7250,
  "NSAN.BA": 1545,
  "NTCO.BA": 6200,
  "NTES.BA": 13225,
  "NU.BA": 9970,
  "NUE.BA": 13000,
  "NVDA.BA": 9990,
  "NVS.BA": 42700,
  "NXE.BA": 10500,
  "ORAN.BA": 13200,
  "ORCL.BA": 102100,
  "ORLY.BA": 638,
  "OXY.BA": 12300,
  "PAAS.BA": 16600,
  "PAC.BA": 20325,
  "PAGS.BA": 4115,
  "PANW.BA": 5160,
  "PATH.BA": 7530,
  "PBI.BA": 16400,
  "PBR.BA": 16825,
  "PCAR.BA": 45900,
  "PCRF.BA": 0,
  "PDD.BA": 6530,
  "PEP.BA": 11450,
  "PETR3.BA": 8490,
  "PFE.BA": 8390,
  "PG.BA": 14475,
  "PHG.BA": 7500,
  "PINS.BA": 7080,
  "PKS.BA": 23325,
  "PLTR.BA": 68700,
  "PM.BA": 12550,
  "PSO.BA": 0,
  "PSQ.BA": 5500,
  "PSX.BA": 30125,
  "PYPL.BA": 11600,
  "QCOM.BA": 19525,
  "QQQ.BA": 38900,
  "RACE.BA": 7750,
  "RBLX.BA": 85000,
  "RCTB4.BA": 0,
  "RGTI.BA": 11000,
  "RIO.BA": 10525,
  "RIOT.BA": 6100,
  "ROKU.BA": 10125,
  "ROST.BA": 49825,
  "RTX.BA": 42950,
  "SAN.BA": 51900,
  "SAP.BA": 61450,
  "SATL.BA": 5010,
  "SBS.BA": 61200,
  "SBSP3.BA": 26750,
  "SBUX.BA": 10175,
  "SCCO.BA": 65000,
  "SCHW.BA": 0,
  "SDA.BA": 1780,
  "SE.BA": 7870,
  "SH.BA": 6580,
  "SHEL.BA": 50150,
  "SHOP.BA": 1835,
  "SI.BA": 22.45000076,
  "SID.BA": 15475,
  "SIEGY.BA": 6695.81591797,
  "SLB.BA": 16750,
  "SLV.BA": 8540,
  "SMH.BA": 7860,
  "SMSN.BA": 13143.82421875,
  "SNA.BA": 73250,
  "SNAP.BA": 9890,
  "SNOW.BA": 10300,
  "SONY.BA": 4625,
  "SPCE.BA": 8430,
  "SPGI.BA": 16575,
  "SPOT.BA": 32325,
  "SPXL.BA": 10225,
  "SPY.BA": 44700,
  "STLA.BA": 2620,
  "STNE.BA": 7440,
  "SUZ.BA": 13000,
  "SUZB3.BA": 13075,
  "SWKS.BA": 4940,
  "SYY.BA": 13675,
  "T.BA": 13150,
  "TCOM.BA": 49825,
  "TEAM.BA": 5100,
  "TEFO.BA": 904,
  "TEM.BA": 8590,
  "TEN.BA": 48200,
  "TGT.BA": 5600,
  "TIIAY.BA": 0,
  "TIMB.BA": 28475,
  "TIMS3.BA": 5580,
  "TJX.BA": 7900,
  "TM.BA": 17500,
  "TMO.BA": 30275,
  "TMUS.BA": 10325,
  "TRIP.BA": 11800,
  "TRVV.BA": 64000,
  "TSLA.BA": 29850,
  "TSM.BA": 34025,
  "TTE.BA": 28275,
  "TTM.BA": 8651,
  "TV.BA": 1260,
  "TWLO.BA": 3980,
  "TXN.BA": 54850,
  "TXR.BA": 11175,
  "UAL.BA": 28525,
  "UBER.BA": 62600,
  "UGP.BA": 4920,
  "UL.BA": 28500,
  "UNH.BA": 12900,
  "UNP.BA": 15150,
  "UPST.BA": 19775,
  "URA.BA": 11550,
  "URBN.BA": 45450,
  "USB.BA": 13275,
  "USO.BA": 6790,
  "V.BA": 27100,
  "VALE.BA": 7080,
  "VALE3.BA": 13800,
  "VEA.BA": 7980,
  "VIG.BA": 7410,
  "VIST.BA": 17600,
  "VIV.BA": 16800,
  "VIVT3.BA": 8440,
  "VOD.BA": 16125,
  "VRSN.BA": 61600,
  "VRTX.BA": 5220,
  "VST.BA": 9840,
  "VZ.BA": 15100,
  "WBA.BA": 5360,
  "WBO.BA": 2775,
  "WEGE3.BA": 9400,
  "WFC.BA": 22550,
  "WMT.BA": 7490,
  "X.BA": 21550,
  "XLB.BA": 6960,
  "XLC.BA": 7910,
  "XLE.BA": 59650,
  "XLF.BA": 37975,
  "XLI.BA": 7370,
  "XLK.BA": 7350,
  "XLP.BA": 6580,
  "XLRE.BA": 6100,
  "XLU.BA": 7650,
  "XLV.BA": 6260,
  "XLY.BA": 7290,
  "XOM.BA": 15400,
  "XP.BA": 6080,
  "XPEV.BA": 7120,
  "XROX.BA": 5250,
  "XYZ.BA": 5610,
  "YELP.BA": 21475,
  "YZCA.BA": 0.007,
  "ZM.BA": 2355,
  "ALUA.BA": 729,
  "ALUAC.BA": 0.51800001,
  "ALUAD.BA": 0.543,
  "BBAR.BA": 5540,
  "BBARC.BA": 4.60739994,
  "BBARD.BA": 4.065,
  "BMA.BA": 7830,
  "BMA.C.BA": 7.04939985,
  "BMA.D.BA": 5.7,
  "BYMA.BA": 190,
  "BYMAC.BA": 0.13699999,
  "BYMAD.BA": 0.143,
  "CEPU.BA": 1405,
  "COME.BA": 41.7,
  "CRES.BA": 1370,
  "CRESC.BA": 0.32300001,
  "EDN.BA": 1430,
  "EDNC.BA": 1.42499995,
  "EDND.BA": 1.045,
  "GGAL.BA": 5230,
  "GGALC.BA": 3.94000006,
  "GGALD.BA": 3.85,
  "IRSAC.BA": 1.58000004,
  "IRSAD.BA": 1.41,
  "LOMA.BA": 2540,
  "LOMAD.BA": 1.885,
  "MIRG.BA": 18600,
  "PAMP.BA": 3575,
  "SUPV.BA": 2090,
  "SUPVD.BA": 1.52,
  "TECO2.BA": 2400,
  "TECOC.BA": 1.745,
  "TGN4C.BA": 2.70499992,
  "TGN4D.BA": 2.4,
  "TGNO4.BA": 3190,