{
  "AAL.BA": 9830,
  "AAP.BA": 5590,
  "AAPL.BA": 20480,
  "ABBV.BA": 35820,
  "ABEV.BA": 11140,
  "ABEV3.BA": 3725,
  "ABNB.BA": 11630,
  "ABT.BA": 48460,
  "ACN.BA": 5095,
  "ACWI.BA": 7870,
  "ADBE.BA": 11090,
  "ADGO.BA": 11690,
  "ADI.BA": 23400,
  "ADP.BA": 63725,
  "ADS.BA": 3942.14794922,
  "AEG.BA": 11030,
  "AEM.BA": 40100,
  "AHP.BA": 28.79999924,
  "AI.BA": 4005,
  "AIG.BA": 23130,
  "AKO.B.BA": 39720,
  "ALAB.BA": 4800,
  "AMAT.BA": 68150,
  "AMD.BA": 30940,
  "AMGN.BA": 17210,
  "AMX.BA": 34280,
  "AMZN.BA": 2310,
  "ANF.BA": 105100,
  "ARCO.BA": 21830,
  "ARKK.BA": 11210,
  "ARM.BA": 7250,
  "ASML.BA": 10030,
  "ASR.BA": 22580,
  "ASTS.BA": 5215,
  "AVGO.BA": 13320,
  "AVY.BA": 13890,
  "AXP.BA": 35760,
  "AZN.BA": 68450,
  "B.BA": 27560,
  "BA.BA": 11390,
  "BA.C.BA": 19420,
  "BABA.BA": 25720,
  "BAK.BA": 2272,
  "BAS.BA": 3197.76855469,
  "BAYN.BA": 3323.26293945,
  "BB.BA": 2115,
  "BBD.BA": 5260,
  "BBDC3.BA": 4407.5,
  "BBV.BA": 30860,
  "BCS.BA": 30720,
  "BHP.BA": 40060,
  "BIDU.BA": 15240,
  "BIIB.BA": 20260,
  "BIOX.BA": 2280,
  "BITF.BA": 18420,
  "BK.BA": 79600,
  "BKNG.BA": 9910,
  "BKR.BA": 10200,
  "BMY.BA": 23390,
  "BNG.BA": 28600,
  "BP.BA": 10820,
  "BPA11.BA": 14170,
  "BRFS.BA": 18200,
  "BRKB.BA": 34720,
  "BSBR.BA": 9240,
  "BSN.BA": 613.31298828,
  "C.BA": 49520,
  "CAAP.BA": 134450,
  "CAH.BA": 104625,
  "CAJ.BA": 4045.5,
  "CAR.BA": 7740,
  "CAT.BA": 41760,
  "CCL.BA": 12740,
  "CDE.BA": 21080,
  "CEG.BA": 11350,
  "CIBR.BA": 10850,
  "CL.BA": 40680,
  "CLS.BA": 20650,
  "COIN.BA": 13570,
  "COST.BA": 28040,
  "CRM.BA": 19040,
  "CRWV.BA": 3975,
  "CSCO.BA": 23020,
  "CSNA3.BA": 2240,
  "CVS.BA": 7820,
  "CVX.BA": 14210,
  "CX.BA": 15330,
  "DAL.BA": 10420,
  "DD.BA": 11690,
  "DE.BA": 18490,
  "DECK.BA": 5145,
  "DEO.BA": 23280,
  "DESP.BA": 22600,
  "DHR.BA": 6350,
  "DIA.BA": 35100,
  "DISN.BA": 13110,
  "DOCU.BA": 4442.5,
  "DOW.BA": 5650,
  "DTEA.BA": 0,
  "E.BA": 14050,
  "EA.BA": 21620,
  "EBAY.BA": 61250,
  "ECL.BA": 7215,
  "EEM.BA": 16050,
  "EFA.BA": 7755,
  "EFX.BA": 20060,
  "ELP.BA": 46300,
  "EMBJ.BA": 92925,
  "EOAN.BA": 236.04100037,
  "EQNR.BA": 5900,
  "ERIC.BA": 6935,
  "ETHA.BA": 6400,
  "ETSY.BA": 5020,
  "EWJ.BA": 8705,
  "EWZ.BA": 24210,
  "F.BA": 19350,
  "FCX.BA": 20130,
  "FDX.BA": 40800,
  "FMCC.BA": 0,
  "FMX.BA": 23360,
  "FNMA.BA": 15700,
  "FSLR.BA": 20890,
  "FXI.BA": 11660,
  "GDX.BA": 11140,
  "GE.BA": 54000,
  "GFI.BA": 57000,
  "GGB.BA": 20650,
  "GILD.BA": 47500,
  "GLD.BA": 11350,
  "GLOB.BA": 5200,
  "GLW.BA": 29080,
  "GM.BA": 17700,
  "GOOGL.BA": 7730,
  "GPRK.BA": 11660,
  "GRMN.BA": 96350,
  "GS.BA": 88900,
  "GSK.BA": 17810,
  "GT.BA": 6050,
  "HAL.BA": 19300,
  "HAPV3.BA": 4972.5,
  "HD.BA": 16260,
  "HDB.BA": 27480,
  "HHPD.BA": 0,
  "HL.BA": 20080,
  "HMC.BA": 44600,
  "HMY.BA": 25260,
  "HNPIY.BA": 6140,
  "HOG.BA": 11480,
  "HON.BA": 35800,
  "HOOD.BA": 5620,
  "HPQ.BA": 36100,
  "HSBC.BA": 51400,
  "HSY.BA": 13390,
  "HUT.BA": 258150,
  "HWM.BA": 298825,
  "IBB.BA": 9400,
  "IBIT.BA": 7325,
  "IBM.BA": 30180,
  "IBN.BA": 46540,
  "IEMG.BA": 8245,
  "IEUR.BA": 9230,
  "IFF.BA": 8560,
  "IJH.BA": 7800,
  "INFY.BA": 26360,
  "ING.BA": 12160,
  "INTC.BA": 10310,
  "IP.BA": 14300,
  "IREN.BA": 5405,
  "ISRG.BA": 9150,
  "ITA.BA": 6000,
  "ITUB.BA": 11130,
  "ITUB3.BA": 9705,
  "IVE.BA": 7810,
  "IVW.BA": 8885,
  "IWDA.BA": 0,
  "IWM.BA": 35480,
  "JBSS3.BA": 8320,
  "JCI.BA": 85500,
  "JD.BA": 10870,
  "JMIA.BA": 14740,
  "JNJ.BA": 20750,
  "JOYY.BA": 18790,
  "JPM.BA": 29860,
  "KB.BA": 61525,
  "KEP.BA": 24980,
  "KGC.BA": 36940,
  "KMB.BA": 26560,
  "KO.BA": 21950,
  "KOFM.BA": 67175,
  "LAC.BA": 7090,
  "LAR.BA": 7320,
  "LFC.BA": 1074.5,
  "LLY.BA": 28560,
  "LMT.BA": 35260,
  "LRCX.BA": 3835,
  "LREN3.BA": 4190,
  "LVS.BA": 48640,
  "LYG.BA": 3470,
  "MA.BA": 24830,
  "MBG.BA": 3807.20898438,
  "MBT.BA": 650,
  "MCD.BA": 19430,
  "MDLZ.BA": 5700,
  "MDT.BA": 38200,
  "MELI.BA": 24290,
  "META.BA": 37400,
  "MFG.BA": 9640,
  "MGLU3.BA": 2645,
  "MMC.BA": 17130,
  "MMM.BA": 25520,
  "MO.BA": 21940,
  "MOS.BA": 7310,
  "MRK.BA": 30120,
  "MRNA.BA": 1879,
  "MRVL.BA": 8400,
  "MSFT.BA": 23940,
  "MSI.BA": 27860,
  "MSTR.BA": 13300,
  "MU.BA": 61900,
  "MUFG.BA": 23090,
  "MUX.BA": 12350,
  "NATU3.BA": 2155,
  "NEC1.BA": 0,
  "NEM.BA": 41400,
  "NFLX.BA": 3302.5,
  "NG.BA": 49360,
  "NGG.BA": 56275,
  "NIO.BA": 2110,
  "NKE.BA": 7955,
  "NLM.BA": 0,
  "NMR.BA": 10490,
  "NOKA.BA": 8955,
  "NOW.BA": 7045,
  "NSAN.BA": 1545,
  "NTCO.BA": 6200,
  "NTES.BA": 14670,
  "NU.BA": 11920,
  "NUE.BA": 13910,
  "NVDA.BA": 11430,
  "NVS.BA": 48220,
  "NXE.BA": 11000,
  "OKLO.BA": 4657.5,
  "ORAN.BA": 13200,
  "ORCL.BA": 101050,
  "ORLY.BA": 691,
  "OXY.BA": 12470,
  "PAAS.BA": 18550,
  "PAC.BA": 21500,
  "PAGS.BA": 4855,
  "PANW.BA": 5550,
  "PATH.BA": 9815,
  "PBI.BA": 14300,
  "PBR.BA": 19360,
  "PCAR.BA": 51850,
  "PCRF.BA": 0,
  "PDD.BA": 6845,
  "PEP.BA": 12370,
  "PETR3.BA": 9755,
  "PFE.BA": 9600,
  "PG.BA": 15150,
  "PHG.BA": 7995,
  "PINS.BA": 5315,
  "PKS.BA": 26640,
  "PLTR.BA": 78075,
  "PM.BA": 12990,
  "PSO.BA": 0,
  "PSQ.BA": 5965,
  "PSX.BA": 33640,
  "PYPL.BA": 11450,
  "QCOM.BA": 22380,
  "QQQ.BA": 44620,
  "RACE.BA": 7095,
  "RBLX.BA": 68350,
  "RCTB4.BA": 0,
  "RGTI.BA": 17260,
  "RIO.BA": 13150,
  "RIOT.BA": 6400,
  "RKLB.BA": 5025,
  "ROKU.BA": 10570,
  "ROST.BA": 64950,
  "RTX.BA": 50950,
  "SAN.BA": 60300,
  "SAP.BA": 59675,
  "SATL.BA": 2085,
  "SBS.BA": 75225,
  "SBSP3.BA": 38700,
  "SBUX.BA": 10820,
  "SCCO.BA": 91100,
  "SCHW.BA": 0,
  "SDA.BA": 1381,
  "SE.BA": 6185,
  "SH.BA": 7065,
  "SHEL.BA": 55375,
  "SHOP.BA": 2079,
  "SI.BA": 22.45000076,
  "SID.BA": 18030,
  "SIEGY.BA": 6695.81591797,
  "SLB.BA": 18020,
  "SLV.BA": 11500,
  "SMH.BA": 9870,
  "SMSN.BA": 13143.82421875,
  "SNA.BA": 85025,
  "SNAP.BA": 11640,
  "SNOW.BA": 11910,
  "SONY.BA": 5415,
  "SPCE.BA": 10440,
  "SPGI.BA": 16540,
  "SPHQ.BA": 7880,
  "SPOT.BA": 31700,
  "SPXL.BA": 12170,
  "SPY.BA": 49960,
  "STLA.BA": 2975,
  "STNE.BA": 7500,
  "SUZ.BA": 13460,
  "SUZB3.BA": 13240,
  "SWKS.BA": 4450,
  "SYY.BA": 14540,
  "T.BA": 13120,
  "TCOM.BA": 52550,
  "TEAM.BA": 4635,
  "TEFO.BA": 779,
  "TEM.BA": 8860,
  "TEN.BA": 59850,
  "TGT.BA": 5545,
  "TIIAY.BA": 0,
  "TIMB.BA": 33420,
  "TIMS3.BA": 6970,
  "TJX.BA": 10040,
  "TM.BA": 19970,
  "TMO.BA": 40100,
  "TMUS.BA": 9400,
  "TQQQ.BA": 2905,
  "TRIP.BA": 10620,
  "TRVV.BA": 71275,
  "TSLA.BA": 40380,
  "TSM.BA": 46500,
  "TTE.BA": 32420,
  "TTM.BA": 8651,
  "TV.BA": 1402,
  "TWLO.BA": 4970,
  "TXN.BA": 48240,
  "TXR.BA": 13500,
  "UAL.BA": 27540,
  "UBER.BA": 63225,
  "UGP.BA": 6060,
  "UL.BA": 29360,
  "UNH.BA": 14780,
  "UNP.BA": 17040,
  "UPST.BA": 11280,
  "URA.BA": 12560,
  "URBN.BA": 48660,
  "USB.BA": 14290,
  "USO.BA": 6950,
  "V.BA": 27700,
  "VALE.BA": 9060,
  "VALE3.BA": 17840,
  "VEA.BA": 8930,
  "VIG.BA": 8330,
  "VIST.BA": 24470,
  "VIV.BA": 18890,
  "VIVT3.BA": 9450,
  "VOD.BA": 17810,
  "VRSN.BA": 63450,
  "VRTX.BA": 6445,
  "VST.BA": 9825,
  "VXX.BA": 11340,
  "VZ.BA": 15640,
  "WBA.BA": 5360,
  "WBO.BA": 2422,
  "WEGE3.BA": 11820,
  "WFC.BA": 25180,
  "WMT.BA": 8800,
  "X.BA": 21550,
  "XLB.BA": 7290,
  "XLC.BA": 8875,
  "XLE.BA": 67375,
  "XLF.BA": 38980,
  "XLI.BA": 7990,
  "XLK.BA": 8990,
  "XLP.BA": 7375,
  "XLRE.BA": 6845,
  "XLU.BA": 8905,
  "XLV.BA": 8090,
  "XLY.BA": 7855,
  "XOM.BA": 17620,
  "XP.BA": 6570,
  "XPEV.BA": 7650,
  "XROX.BA": 3850,
  "XYZ.BA": 4670,
  "YELP.BA": 21300,
  "YZCA.BA": 0.007,
  "ZM.BA": 2525,
  "ALUA.BA": 996.5,
  "ALUAC.BA": 0.72000003,
  "ALUAD.BA": 0.681,
  "BBAR.BA": 7110,
  "BBARC.BA": 2.64280009,
  "BBARD.BA": 4.89,
  "BMA.BA": 11100,
  "BMA.C.BA": 7.84000015,
  "BMA.D.BA": 7.53,
  "BYMA.BA": 275,
  "BYMAC.BA": 0.197,
  "BYMAD.BA": 0.19,
  "CEPU.BA": 2090,
  "COME.BA": 63.9,
  "CRES.BA": 1658,
  "CRESC.BA": 1.11500001,
  "EDN.BA": 2275,
  "EDNC.BA": 1.66999996,
  "EDND.BA": 1.515,
  "GGAL.BA": 7020,
  "GGALC.BA": 4.88,
  "GGALD.BA": 4.81,
  "IRSAC.BA": 1.03009999,