{
  "AAL.BA": 7110,
  "AAP.BA": 4565,
  "AAPL.BA": 13350,
  "ABBV.BA": 23475,
  "ABEV.BA": 9310,
  "ABEV3.BA": 3150,
  "ABNB.BA": 11300,
  "ABT.BA": 40925,
  "ACN.BA": 5070,
  "ADBE.BA": 10875,
  "ADGO.BA": 11650,
  "ADI.BA": 20900,
  "ADP.BA": 62950,
  "ADS.BA": 3942.14794922,
  "AEG.BA": 8880,
  "AEM.BA": 24975,
  "AHP.BA": 28.79999924,
  "AI.BA": 6600,
  "AIG.BA": 20375,
  "AKO.B.BA": 29725,
  "AMAT.BA": 46750,
  "AMD.BA": 17125,
  "AMGN.BA": 12475,
  "AMX.BA": 22225,
  "AMZN.BA": 1905,
  "ANF.BA": 115000,
  "ARCO.BA": 19600,
  "ARKK.BA": 8900,
  "ARM.BA": 7300,
  "ASML.BA": 6810,
  "ASR.BA": 19975,
  "AVGO.BA": 8830,
  "AVY.BA": 12825,
  "AXP.BA": 27050,
  "AZN.BA": 43000,
  "B.BA": 13175,
  "BA.BA": 11175,
  "BA.C.BA": 15050,
  "BABA.BA": 15050,
  "BAK.BA": 2160,
  "BAS.BA": 3197.76855469,
  "BAYN.BA": 3323.26293945,
  "BB.BA": 1780,
  "BBD.BA": 3890,
  "BBDC3.BA": 3225,
  "BBV.BA": 19950,
  "BCS.BA": 22675,
  "BHP.BA": 32500,
  "BIDU.BA": 9880,
  "BIIB.BA": 12900,
  "BIOX.BA": 5480,
  "BITF.BA": 6290,
  "BK.BA": 55400,
  "BKNG.BA": 9810,
  "BKR.BA": 6910,
  "BMY.BA": 19375,
  "BNG.BA": 19500,
  "BP.BA": 7580,
  "BPA11.BA": 9730,
  "BRFS.BA": 13450,
  "BRKB.BA": 27975,
  "BSBR.BA": 6870,
  "BSN.BA": 613.31298828,
  "C.BA": 36575,
  "CAAP.BA": 103000,
  "CAH.BA": 69300,
  "CAJ.BA": 4045.5,
  "CAR.BA": 9660,
  "CAT.BA": 24475,
  "CBRD.BA": 459,
  "CCL.BA": 12275,
  "CDE.BA": 11200,
  "CEG.BA": 8650,
  "CIBR.BA": 10275,
  "CL.BA": 38200,
  "CLS.BA": 10000,
  "COIN.BA": 15900,
  "COST.BA": 25450,
  "CRM.BA": 19150,
  "CSCO.BA": 17675,
  "CSNA3.BA": 1875,
  "CVS.BA": 5480,
  "CVX.BA": 11625,
  "CX.BA": 8950,
  "DAL.BA": 7820,
  "DD.BA": 18300,
  "DE.BA": 16675,
  "DECK.BA": 5300,
  "DEO.BA": 22100,
  "DESP.BA": 22600,
  "DHR.BA": 4800,
  "DIA.BA": 27750,
  "DISN.BA": 12800,
  "DOCU.BA": 4445,
  "DOW.BA": 5850,
  "DTEA.BA": 0,
  "E.BA": 10550,
  "EA.BA": 13900,
  "EBAY.BA": 48175,
  "EBR.BA": 37775,
  "EEM.BA": 12300,
  "EFX.BA": 21350,
  "ELP.BA": 33700,
  "EOAN.BA": 236.04100037,
  "EQNR.BA": 5400,
  "ERIC.BA": 5200,
  "ERJ.BA": 78500,
  "ETHA.BA": 4790,
  "ETSY.BA": 4325,
  "EWJ.BA": 6920,
  "EWZ.BA": 18325,
  "F.BA": 14475,
  "FCX.BA": 19175,
  "FDX.BA": 30475,
  "FMCC.BA": 0,
  "FMX.BA": 21425,
  "FMX.B.BA": 0,
  "FNMA.BA": 13000,
  "FSLR.BA": 12525,
  "FXI.BA": 9280,
  "GE.BA": 38200,
  "GFI.BA": 30050,
  "GGB.BA": 16050,
  "GILD.BA": 34425,
  "GLD.BA": 7720,
  "GLOB.BA": 6380,
  "GLW.BA": 16000,
  "GM.BA": 10925,
  "GOOGL.BA": 3860,
  "GPRK.BA": 8970,
  "GRMN.BA": 94950,
  "GS.BA": 70450,
  "GSK.BA": 11750,
  "GT.BA": 7030,
  "HAL.BA": 13450,
  "HAPV3.BA": 8170,
  "HD.BA": 14300,
  "HDB.BA": 48100,
  "HHPD.BA": 0,
  "HL.BA": 7450,
  "HMC.BA": 37650,
  "HMY.BA": 18125,
  "HNPIY.BA": 6140,
  "HOG.BA": 10650,
  "HON.BA": 35725,
  "HPQ.BA": 32100,
  "HSBC.BA": 39300,
  "HSY.BA": 10425,
  "HUT.BA": 134250,
  "HWM.BA": 227000,
  "IBB.BA": 6650,
  "IBIT.BA": 7890,
  "IBM.BA": 25150,
  "IBN.BA": 41600,
  "IEUR.BA": 7810,
  "IFF.BA": 8050,
  "IJH.BA": 6680,
  "INFY.BA": 23675,
  "ING.BA": 9260,
  "INTC.BA": 5600,
  "IP.BA": 15475,
  "ISRG.BA": 7480,
  "ITUB.BA": 8880,
  "ITUB3.BA": 8190,
  "IVE.BA": 6400,
  "IVW.BA": 7600,
  "IWM.BA": 27575,
  "JBSS3.BA": 8320,
  "JCI.BA": 61900,
  "JD.BA": 9970,
  "JMIA.BA": 5270,
  "JNJ.BA": 12975,
  "JOYY.BA": 12700,
  "JPM.BA": 24950,
  "KB.BA": 52200,
  "KEP.BA": 16375,
  "KGC.BA": 19975,
  "KMB.BA": 28100,
  "KO.BA": 17825,
  "KOFM.BA": 64950,
  "LAC.BA": 3360,
  "LAR.BA": 3030,
  "LFC.BA": 1074.5,
  "LLY.BA": 17450,
  "LMT.BA": 28425,
  "LMT.B.BA": 0,
  "LRCX.BA": 2150,
  "LVS.BA": 29725,
  "LYG.BA": 2630,
  "MA.BA": 21650,
  "MBG.BA": 3807.20898438,
  "MBT.BA": 650,
  "MCD.BA": 15600,
  "MDLZ.BA": 5760,
  "MDT.BA": 27600,
  "MELI.BA": 25975,
  "META.BA": 37150,
  "MFG.BA": 7020,
  "MGLU3.BA": 2130,
  "MMC.BA": 16825,
  "MMM.BA": 19000,
  "MO.BA": 18900,
  "MOS.BA": 9380,
  "MRK.BA": 20175,
  "MRNA.BA": 1975,
  "MRVL.BA": 6650,
  "MSFT.BA": 20725,
  "MSI.BA": 26200,
  "MSTR.BA": 24875,
  "MU.BA": 30450,
  "MUFG.BA": 17350,
  "MUX.BA": 7290,
  "NEC1.BA": 0,
  "NEM.BA": 25200,
  "NFLX.BA": 34100,
  "NG.BA": 22550,
  "NGG.BA": 43625,
  "NIO.BA": 1085,
  "NKE.BA": 7820,
  "NLM.BA": 0,
  "NMR.BA": 8100,
  "NOKA.BA": 6670,
  "NOW.BA": 7590,
  "NSAN.BA": 1545,
  "NTCO.BA": 6200,
  "NTCO3.BA": 2480,
  "NTES.BA": 11950,
  "NU.BA": 8470,
  "NUE.BA": 10800,
  "NVDA.BA": 8260,
  "NVS.BA": 38700,
  "NXE.BA": 9290,
  "ORAN.BA": 13200,
  "ORCL.BA": 102250,
  "ORLY.BA": 541,
  "OXY.BA": 10875,
  "PAAS.BA": 12300,
  "PAC.BA": 17600,
  "PAGS.BA": 3905,
  "PANW.BA": 4915,
  "PATH.BA": 8300,
  "PBI.BA": 14400,
  "PBR.BA": 16200,
  "PCAR.BA": 40500,
  "PCRF.BA": 0,
  "PDD.BA": 5220,
  "PEP.BA": 9470,
  "PETR3.BA": 8010,
  "PFE.BA": 7890,
  "PG.BA": 13450,
  "PHG.BA": 6290,
  "PINS.BA": 6390,
  "PKS.BA": 24600,
  "PLTR.BA": 56100,
  "PM.BA": 12575,
  "PSO.BA": 0,
  "PSQ.BA": 5280,
  "PSX.BA": 26200,
  "PYPL.BA": 11725,
  "QCOM.BA": 18300,
  "QQQ.BA": 34825,
  "RACE.BA": 7300,
  "RBLX.BA": 65450,
  "RCTB4.BA": 0,
  "RGTI.BA": 8380,
  "RIO.BA": 9230,
  "RIOT.BA": 4890,
  "ROKU.BA": 8350,
  "ROST.BA": 40575,
  "RTX.BA": 37475,
  "SAN.BA": 42000,
  "SAP.BA": 62600,
  "SATL.BA": 4410,
  "SBS.BA": 54000,
  "SBSP3.BA": 26650,
  "SBUX.BA": 9760,
  "SCCO.BA": 66750,
  "SCHW.BA": 0,
  "SDA.BA": 1630,
  "SE.BA": 5680,
  "SH.BA": 6150,
  "SHEL.BA": 44675,
  "SHOP.BA": 1370,
  "SID.BA": 15950,
  "SIEGY.BA": 6695.81591797,
  "SLB.BA": 14500,
  "SLV.BA": 7040,
  "SMH.BA": 8130,
  "SMSN.BA": 13143.82421875,
  "SNA.BA": 69150,
  "SNAP.BA": 11775,
  "SNOW.BA": 9450,
  "SONY.BA": 4035,
  "SPCE.BA": 6880,
  "SPGI.BA": 14525,
  "SPOT.BA": 33425,
  "SPXL.BA": 9140,
  "SPY.BA": 39100,
  "STLA.BA": 2570,
  "STNE.BA": 6760,
  "SUZ.BA": 11775,
  "SUZB3.BA": 11800,
  "SWKS.BA": 4650,
  "SYY.BA": 12500,
  "T.BA": 12125,
  "TCOM.BA": 35175,
  "TEAM.BA": 5660,
  "TEFO.BA": 797,
  "TEM.BA": 6500,
  "TEN.BA": 47250,
  "TGT.BA": 5340,
  "TIIAY.BA": 0,
  "TIMB.BA": 25500,
  "TIMS3.BA": 5110,
  "TJX.BA": 7100,
  "TM.BA": 14700,
  "TMO.BA": 24425,
  "TMUS.BA": 9110,
  "TRIP.BA": 10350,
  "TRVV.BA": 53900,
  "TSLA.BA": 25700,
  "TSM.BA": 33175,
  "TTE.BA": 25550,
  "TTM.BA": 8651,
  "TV.BA": 974,
  "TWLO.BA": 4170,
  "TXN.BA": 52400,
  "TXR.BA": 9880,
  "UAL.BA": 20900,
  "UBER.BA": 59100,
  "UGP.BA": 4100,
  "UL.BA": 25350,
  "UNH.BA": 11650,
  "UNP.BA": 15050,
  "UPST.BA": 18275,
  "URA.BA": 9830,
  "URBN.BA": 45175,
  "USB.BA": 12100,
  "V.BA": 25350,
  "VALE.BA": 6430,
  "VALE3.BA": 12650,
  "VEA.BA": 7680,
  "VIG.BA": 7010,
  "VIST.BA": 19850,
  "VIV.BA": 15250,
  "VIVT3.BA": 7320,
  "VOD.BA": 13500,
  "VRSN.BA": 60300,
  "VRTX.BA": 5900,
  "VST.BA": 9140,
  "VZ.BA": 14025,
  "WBA.BA": 4835,
  "WBO.BA": 1945,
  "WEGE3.BA": 10100,
  "WFC.BA": 20425,
  "WMT.BA": 6740,
  "X.BA": 21550,
  "XLB.BA": 6590,
  "XLC.BA": 7340,
  "XLE.BA": 54500,
  "XLF.BA": 33775,
  "XLI.BA": 6640,
  "XLK.BA": 7130,
  "XLP.BA": 6440,
  "XLRE.BA": 5960,
  "XLU.BA": 7110,
  "XLV.BA": 5950,
  "XLY.BA": 6520,
  "XOM.BA": 13850,
  "XP.BA": 6080,
  "XPEV.BA": 5830,
  "XROX.BA": 6800,
  "XYZ.BA": 4230,
  "YELP.BA": 20650,
  "YZCA.BA": 0.007,
  "ZM.BA": 2070,
  "ALUA.BA": 725,
  "ALUAC.BA": 0.58399999,
  "ALUAD.BA": 0.58899999,
  "BBAR.BA": 6670,
  "BBARC.BA": 5.3499999,
  "BBARD.BA": 5.36999989,
  "BMA.BA": 8580,
  "BMA.C.BA": 6.92999983,
  "BMA.D.BA": 6.9000001,
  "BYMA.BA": 194.25,
  "BYMAC.BA": 0.16500001,
  "BYMAD.BA": 0.15899999,
  "CEPU.BA": 1425,
  "COME.BA": 119,
  "CRES.BA": 1365,
  "CRESC.BA": 0.32300001,
  "EDN.BA": 1630,
  "EDNC.BA": 1.32000005,
  "GGAL.BA": 6250,
  "GGALC.BA": 5.05999994,
  "GGALD.BA": 5.01999998,
  "IRSAC.BA": 0,
  "IRSAD.BA": 1.46500003,
  "LOMA.BA": 2820,
  "LOMAD.BA": 2.27999997,
  "MIRG.BA": 21000,
  "PAMP.BA": 3620,
  "SUPV.BA": 2640,
  "SUPVD.BA": 2.1500001,
  "TECO2.BA": 2200,
  "TECOC.BA": 1.60000002,
  "TGNO4.BA": 2970,
  "TGSU2.BA": 6760,
  "TRAN.BA": 2225,
  "TXAR.BA": 647,
  "TXARD.BA": 0.51999998,
  "VALO.BA": 345,
  "VALOC.BA": 0.27900001,