{
  "AAL.BA": 8570,
  "AAP.BA": 5230,
  "AAPL.BA": 14975,
  "ABBV.BA": 26775,
  "ABEV.BA": 8500,
  "ABEV3.BA": 2880,
  "ABNB.BA": 10950,
  "ABT.BA": 42625,
  "ACN.BA": 4455,
  "ACWI.BA": 6670,
  "ADBE.BA": 10675,
  "ADGO.BA": 10925,
  "ADI.BA": 19950,
  "ADP.BA": 66450,
  "ADS.BA": 3942.14794922,
  "AEG.BA": 9710,
  "AEM.BA": 28225,
  "AHP.BA": 28.79999924,
  "AI.BA": 4500,
  "AIG.BA": 21175,
  "AKO.B.BA": 31000,
  "AMAT.BA": 42250,
  "AMD.BA": 21675,
  "AMGN.BA": 12850,
  "AMX.BA": 24825,
  "AMZN.BA": 2055,
  "ANF.BA": 123950,
  "ARCO.BA": 18750,
  "ARKK.BA": 9670,
  "ARM.BA": 6590,
  "ASML.BA": 6660,
  "ASR.BA": 21375,
  "AVGO.BA": 9800,
  "AVY.BA": 12700,
  "AXP.BA": 26575,
  "AZN.BA": 51650,
  "B.BA": 15575,
  "BA.BA": 12250,
  "BA.C.BA": 15625,
  "BABA.BA": 17400,
  "BAK.BA": 1855,
  "BAS.BA": 3197.76855469,
  "BAYN.BA": 3323.26293945,
  "BB.BA": 1580,
  "BBD.BA": 3700,
  "BBDC3.BA": 3235,
  "BBV.BA": 24575,
  "BCS.BA": 26275,
  "BHP.BA": 35025,
  "BIDU.BA": 10575,
  "BIIB.BA": 13850,
  "BIOX.BA": 3855,
  "BITF.BA": 8400,
  "BK.BA": 65600,
  "BKNG.BA": 10400,
  "BKR.BA": 8000,
  "BMY.BA": 20925,
  "BNG.BA": 20775,
  "BP.BA": 8800,
  "BPA11.BA": 10475,
  "BRFS.BA": 14075,
  "BRKB.BA": 28750,
  "BSBR.BA": 6220,
  "BSN.BA": 613.31298828,
  "C.BA": 40600,
  "CAAP.BA": 107800,
  "CAH.BA": 64550,
  "CAJ.BA": 4045.5,
  "CAR.BA": 7820,
  "CAT.BA": 27025,
  "CBRD.BA": 459,
  "CCL.BA": 12775,
  "CDE.BA": 14650,
  "CEG.BA": 9190,
  "CIBR.BA": 9360,
  "CL.BA": 37225,
  "CLS.BA": 11950,
  "COIN.BA": 14575,
  "COST.BA": 26575,
  "CRM.BA": 17800,
  "CSCO.BA": 17425,
  "CSNA3.BA": 1690,
  "CVS.BA": 5910,
  "CVX.BA": 12350,
  "CX.BA": 11225,
  "DAL.BA": 9850,
  "DD.BA": 19125,
  "DE.BA": 15950,
  "DECK.BA": 5510,
  "DEO.BA": 24675,
  "DESP.BA": 22600,
  "DHR.BA": 5130,
  "DIA.BA": 29200,
  "DISN.BA": 12575,
  "DOCU.BA": 4200,
  "DOW.BA": 5090,
  "DTEA.BA": 0,
  "E.BA": 11400,
  "EA.BA": 15825,
  "EBAY.BA": 64950,
  "EBR.BA": 39300,
  "EEM.BA": 13000,
  "EFA.BA": 6690,
  "EFX.BA": 20400,
  "ELP.BA": 34100,
  "EOAN.BA": 236.04100037,
  "EQNR.BA": 5160,
  "ERIC.BA": 4985,
  "ERJ.BA": 72900,
  "ETHA.BA": 8160,
  "ETSY.BA": 5180,
  "EWJ.BA": 7420,
  "EWZ.BA": 17850,
  "F.BA": 15050,
  "FCX.BA": 17875,
  "FDX.BA": 30225,
  "FMCC.BA": 0,
  "FMX.BA": 18275,
  "FMX.B.BA": 0,
  "FNMA.BA": 14500,
  "FSLR.BA": 15300,
  "FXI.BA": 9930,
  "GDX.BA": 7400,
  "GE.BA": 43300,
  "GFI.BA": 38250,
  "GGB.BA": 15150,
  "GILD.BA": 38325,
  "GLD.BA": 7970,
  "GLOB.BA": 4960,
  "GLW.BA": 20925,
  "GM.BA": 12325,
  "GOOGL.BA": 4510,
  "GPRK.BA": 8060,
  "GRMN.BA": 101150,
  "GS.BA": 72350,
  "GSK.BA": 12875,
  "GT.BA": 5510,
  "HAL.BA": 13750,
  "HAPV3.BA": 8870,
  "HD.BA": 16575,
  "HDB.BA": 48925,
  "HHPD.BA": 0,
  "HL.BA": 9640,
  "HMC.BA": 44250,
  "HMY.BA": 19450,
  "HNPIY.BA": 6140,
  "HOG.BA": 12200,
  "HON.BA": 35200,
  "HPQ.BA": 35100,
  "HSBC.BA": 41625,
  "HSY.BA": 11200,
  "HUT.BA": 143550,
  "HWM.BA": 223850,
  "IBB.BA": 6670,
  "IBIT.BA": 8380,
  "IBM.BA": 20925,
  "IBN.BA": 42975,
  "IEMG.BA": 6750,
  "IEUR.BA": 7930,
  "IFF.BA": 7150,
  "IJH.BA": 6940,
  "INFY.BA": 21625,
  "ING.BA": 10950,
  "INTC.BA": 6570,
  "IP.BA": 15425,
  "ISRG.BA": 7000,
  "ITUB.BA": 8640,
  "ITUB3.BA": 7690,
  "IVE.BA": 6560,
  "IVW.BA": 7430,
  "IWM.BA": 29450,
  "JBSS3.BA": 8320,
  "JCI.BA": 68150,
  "JD.BA": 10125,
  "JMIA.BA": 9970,
  "JNJ.BA": 15400,
  "JOYY.BA": 12850,
  "JPM.BA": 25125,
  "KB.BA": 51050,
  "KEP.BA": 17375,
  "KGC.BA": 24400,
  "KMB.BA": 28875,
  "KO.BA": 18275,
  "KOFM.BA": 54050,
  "LAC.BA": 3680,
  "LAR.BA": 4195,
  "LFC.BA": 1074.5,
  "LLY.BA": 16300,
  "LMT.BA": 28775,
  "LRCX.BA": 2315,
  "LVS.BA": 34825,
  "LYG.BA": 2910,
  "MA.BA": 23025,
  "MBG.BA": 3807.20898438,
  "MBT.BA": 650,
  "MCD.BA": 16825,
  "MDLZ.BA": 5450,
  "MDT.BA": 29200,
  "MELI.BA": 25375,
  "META.BA": 40775,
  "MFG.BA": 8460,
  "MGLU3.BA": 1650,
  "MMC.BA": 17200,
  "MMM.BA": 20075,
  "MO.BA": 21600,
  "MOS.BA": 8420,
  "MRK.BA": 22175,
  "MRNA.BA": 1920,
  "MRVL.BA": 6690,
  "MSFT.BA": 22100,
  "MSI.BA": 29900,
  "MSTR.BA": 21900,
  "MU.BA": 31750,
  "MUFG.BA": 19825,
  "MUX.BA": 6480,
  "NATU3.BA": 2100,
  "NEC1.BA": 0,
  "NEM.BA": 29275,
  "NFLX.BA": 32950,
  "NG.BA": 30675,
  "NGG.BA": 46325,
  "NIO.BA": 1655,
  "NKE.BA": 8330,
  "NLM.BA": 0,
  "NMR.BA": 9580,
  "NOKA.BA": 5460,
  "NOW.BA": 6730,
  "NSAN.BA": 1545,
  "NTCO.BA": 6200,
  "NTES.BA": 11925,
  "NU.BA": 8550,
  "NUE.BA": 11900,
  "NVDA.BA": 9530,
  "NVS.BA": 40775,
  "NXE.BA": 8800,
  "ORAN.BA": 13200,
  "ORCL.BA": 101700,
  "ORLY.BA": 611,
  "OXY.BA": 11425,
  "PAAS.BA": 13325,
  "PAC.BA": 20450,
  "PAGS.BA": 3745,
  "PANW.BA": 4710,
  "PATH.BA": 7160,
  "PBI.BA": 14850,
  "PBR.BA": 15400,
  "PCAR.BA": 43075,
  "PCRF.BA": 0,
  "PDD.BA": 6180,
  "PEP.BA": 10975,
  "PETR3.BA": 8270,
  "PFE.BA": 8220,
  "PG.BA": 13725,
  "PHG.BA": 7150,
  "PINS.BA": 6530,
  "PKS.BA": 23350,
  "PLTR.BA": 68250,
  "PM.BA": 12200,
  "PSO.BA": 0,
  "PSQ.BA": 5370,
  "PSX.BA": 26425,
  "PYPL.BA": 11200,
  "QCOM.BA": 18550,
  "QQQ.BA": 37050,
  "RACE.BA": 7390,
  "RBLX.BA": 76750,
  "RCTB4.BA": 0,
  "RGTI.BA": 9860,
  "RIO.BA": 9850,
  "RIOT.BA": 5180,
  "ROKU.BA": 8900,
  "ROST.BA": 48150,
  "RTX.BA": 40000,
  "SAN.BA": 49450,
  "SAP.BA": 59550,
  "SATL.BA": 4450,
  "SBS.BA": 54450,
  "SBSP3.BA": 26750,
  "SBUX.BA": 9840,
  "SCCO.BA": 61400,
  "SCHW.BA": 0,
  "SDA.BA": 1500,
  "SE.BA": 7300,
  "SH.BA": 6330,
  "SHEL.BA": 46550,
  "SHOP.BA": 1690,
  "SID.BA": 13300,
  "SIEGY.BA": 6695.81591797,
  "SLB.BA": 14400,
  "SLV.BA": 7340,
  "SMH.BA": 7600,
  "SMSN.BA": 13143.82421875,
  "SNA.BA": 70500,
  "SNAP.BA": 9330,
  "SNOW.BA": 8330,
  "SONY.BA": 4590,
  "SPCE.BA": 7630,
  "SPGI.BA": 16075,
  "SPOT.BA": 33475,
  "SPXL.BA": 9830,
  "SPY.BA": 41650,
  "STLA.BA": 2580,
  "STNE.BA": 6490,
  "SUZ.BA": 12475,
  "SUZB3.BA": 12400,
  "SWKS.BA": 4700,
  "SYY.BA": 12875,
  "T.BA": 12525,
  "TCOM.BA": 42250,
  "TEAM.BA": 4620,
  "TEFO.BA": 907,
  "TEM.BA": 7960,
  "TEN.BA": 46675,
  "TGT.BA": 5710,
  "TIIAY.BA": 0,
  "TIMB.BA": 26575,
  "TIMS3.BA": 5420,
  "TJX.BA": 7500,
  "TM.BA": 17250,
  "TMO.BA": 29450,
  "TMUS.BA": 10150,
  "TRIP.BA": 11000,
  "TRVV.BA": 58400,
  "TSLA.BA": 28650,
  "TSM.BA": 33800,
  "TTE.BA": 27050,
  "TTM.BA": 8651,
  "TV.BA": 1065,
  "TWLO.BA": 3720,
  "TXN.BA": 50950,
  "TXR.BA": 10550,
  "UAL.BA": 26650,
  "UBER.BA": 62100,
  "UGP.BA": 4085,
  "UL.BA": 26850,
  "UNH.BA": 12000,
  "UNP.BA": 14575,
  "UPST.BA": 16075,
  "URA.BA": 9630,
  "URBN.BA": 48925,
  "USB.BA": 12025,
  "USO.BA": 6300,
  "V.BA": 24800,
  "VALE.BA": 6310,
  "VALE3.BA": 12675,
  "VEA.BA": 7630,
  "VIG.BA": 7010,
  "VIST.BA": 17475,
  "VIV.BA": 15925,
  "VIVT3.BA": 7960,
  "VOD.BA": 15175,
  "VRSN.BA": 58350,
  "VRTX.BA": 5020,
  "VST.BA": 9700,
  "VZ.BA": 14650,
  "WBA.BA": 5220,
  "WBO.BA": 2420,
  "WEGE3.BA": 8440,
  "WFC.BA": 20100,
  "WMT.BA": 7320,
  "X.BA": 21550,
  "XLB.BA": 6530,
  "XLC.BA": 7560,
  "XLE.BA": 55250,
  "XLF.BA": 34275,
  "XLI.BA": 7050,
  "XLK.BA": 7420,
  "XLP.BA": 6750,
  "XLRE.BA": 6040,
  "XLU.BA": 7450,
  "XLV.BA": 6130,
  "XLY.BA": 6970,
  "XOM.BA": 13975,
  "XP.BA": 5210,
  "XPEV.BA": 6720,
  "XROX.BA": 5130,
  "XYZ.BA": 4850,
  "YELP.BA": 20100,
  "YZCA.BA": 0.007,
  "ZM.BA": 1980,
  "ALUA.BA": 683,
  "ALUAC.BA": 0.52499998,
  "ALUAD.BA": 0.53100002,
  "BBAR.BA": 6500,
  "BBARC.BA": 5.53999996,
  "BBARD.BA": 5.03999996,
  "BMA.BA": 8560,
  "BMA.C.BA": 7.09000015,
  "BMA.D.BA": 6.80999994,
  "BYMA.BA": 194.25,
  "BYMAC.BA": 0.152,
  "BYMAD.BA": 0.148,
  "CEPU.BA": 1435,
  "COME.BA": 55.90000153,
  "CRES.BA": 1385,
  "CRESC.BA": 0.32300001,
  "EDN.BA": 1695,
  "EDNC.BA": 1.42499995,
  "EDND.BA": 1.32000005,
  "GGAL.BA": 6070,
  "GGALC.BA": 4.94500017,
  "GGALD.BA": 4.73999977,
  "IRSAC.BA": 1.58000004,
  "IRSAD.BA": 1.51999998,
  "LOMA.BA": 2635,
  "LOMAD.BA": 2.06500006,
  "MIRG.BA": 20775,
  "PAMP.BA": 3700,
  "SUPV.BA": 2475,
  "SUPVD.BA": 1.90499997,
  "TECO2.BA": 2420,
  "TECOC.BA": 1.95500004,
  "TGN4C.BA": 2.70499992,