{
  "AAL.BA": 7770,
  "AAP.BA": 5710,
  "AAPL.BA": 13450,
  "ABBV.BA": 24500,
  "ABEV.BA": 8990,
  "ABEV3.BA": 3020,
  "ABNB.BA": 11500,
  "ABT.BA": 41825,
  "ACN.BA": 4780,
  "ADBE.BA": 10525,
  "ADGO.BA": 11950,
  "ADI.BA": 20700,
  "ADP.BA": 63950,
  "ADS.BA": 3942.14794922,
  "AEG.BA": 8810,
  "AEM.BA": 25325,
  "AHP.BA": 28.79999924,
  "AI.BA": 6660,
  "AIG.BA": 20825,
  "AKO.B.BA": 30200,
  "AMAT.BA": 50300,
  "AMD.BA": 18650,
  "AMGN.BA": 12550,
  "AMX.BA": 22375,
  "AMZN.BA": 1990,
  "ANF.BA": 113800,
  "ARCO.BA": 19125,
  "ARKK.BA": 9190,
  "ARM.BA": 7100,
  "ASML.BA": 7000,
  "ASR.BA": 19650,
  "AVGO.BA": 8980,
  "AVY.BA": 12900,
  "AXP.BA": 27050,
  "AZN.BA": 45225,
  "B.BA": 13450,
  "BA.BA": 11950,
  "BA.C.BA": 14825,
  "BABA.BA": 15100,
  "BAK.BA": 2275,
  "BAS.BA": 3197.76855469,
  "BAYN.BA": 3323.26293945,
  "BB.BA": 1700,
  "BBD.BA": 3685,
  "BBDC3.BA": 3185,
  "BBV.BA": 19175,
  "BCS.BA": 23475,
  "BHP.BA": 33025,
  "BIDU.BA": 10025,
  "BIIB.BA": 13175,
  "BIOX.BA": 5350,
  "BITF.BA": 6710,
  "BK.BA": 59600,
  "BKNG.BA": 10625,
  "BKR.BA": 7520,
  "BMY.BA": 19875,
  "BNG.BA": 19475,
  "BP.BA": 8280,
  "BPA11.BA": 9840,
  "BRFS.BA": 14850,
  "BRKB.BA": 27500,
  "BSBR.BA": 6420,
  "BSN.BA": 613.31298828,
  "C.BA": 36800,
  "CAAP.BA": 98100,
  "CAH.BA": 68250,
  "CAJ.BA": 4045.5,
  "CAR.BA": 9320,
  "CAT.BA": 25775,
  "CBRD.BA": 459,
  "CCL.BA": 12125,
  "CDE.BA": 12200,
  "CEG.BA": 9070,
  "CIBR.BA": 9250,
  "CL.BA": 38000,
  "CLS.BA": 10250,
  "COIN.BA": 18175,
  "COST.BA": 25650,
  "CRM.BA": 18200,
  "CSCO.BA": 17325,
  "CSNA3.BA": 1835,
  "CVS.BA": 5360,
  "CVX.BA": 12300,
  "CX.BA": 9350,
  "DAL.BA": 8960,
  "DD.BA": 19100,
  "DE.BA": 16275,
  "DECK.BA": 5190,
  "DEO.BA": 21975,
  "DESP.BA": 22600,
  "DHR.BA": 4805,
  "DIA.BA": 28175,
  "DISN.BA": 12675,
  "DOCU.BA": 4260,
  "DOW.BA": 6270,
  "DTEA.BA": 0,
  "E.BA": 10675,
  "EA.BA": 13550,
  "EBAY.BA": 48925,
  "EBR.BA": 36100,
  "EEM.BA": 12275,
  "EFX.BA": 20575,
  "ELP.BA": 32400,
  "EOAN.BA": 236.04100037,
  "EQNR.BA": 5660,
  "ERIC.BA": 5130,
  "ERJ.BA": 68600,
  "ETHA.BA": 5760,
  "ETSY.BA": 4575,
  "EWJ.BA": 6590,
  "EWZ.BA": 17550,
  "F.BA": 14900,
  "FCX.BA": 19550,
  "FDX.BA": 30075,
  "FMCC.BA": 0,
  "FMX.BA": 21400,
  "FMX.B.BA": 0,
  "FNMA.BA": 13000,
  "FSLR.BA": 11500,
  "FXI.BA": 9290,
  "GE.BA": 40650,
  "GFI.BA": 30675,
  "GGB.BA": 15200,
  "GILD.BA": 34775,
  "GLD.BA": 7880,
  "GLOB.BA": 6030,
  "GLW.BA": 16350,
  "GM.BA": 11250,
  "GOOGL.BA": 3955,
  "GPRK.BA": 9070,
  "GRMN.BA": 91250,
  "GS.BA": 68950,
  "GSK.BA": 12200,
  "GT.BA": 7170,
  "HAL.BA": 14600,
  "HAPV3.BA": 7480,
  "HD.BA": 14725,
  "HDB.BA": 48375,
  "HHPD.BA": 0,
  "HL.BA": 8040,
  "HMC.BA": 38925,
  "HMY.BA": 18525,
  "HNPIY.BA": 6140,
  "HOG.BA": 10400,
  "HON.BA": 37425,
  "HPQ.BA": 32400,
  "HSBC.BA": 39150,
  "HSY.BA": 9990,
  "HUT.BA": 138400,
  "HWM.BA": 228650,
  "IBB.BA": 6220,
  "IBIT.BA": 8510,
  "IBM.BA": 24025,
  "IBN.BA": 42225,
  "IEUR.BA": 7660,
  "IFF.BA": 8030,
  "IJH.BA": 6750,
  "INFY.BA": 23225,
  "ING.BA": 9610,
  "INTC.BA": 5960,
  "IP.BA": 16775,
  "ISRG.BA": 7230,
  "ITUB.BA": 7990,
  "ITUB3.BA": 7210,
  "IVE.BA": 6310,
  "IVW.BA": 7060,
  "IWM.BA": 28150,
  "JBSS3.BA": 8320,
  "JCI.BA": 61900,
  "JD.BA": 9890,
  "JMIA.BA": 5530,
  "JNJ.BA": 13300,
  "JOYY.BA": 13650,
  "JPM.BA": 24300,
  "KB.BA": 53900,
  "KEP.BA": 17200,
  "KGC.BA": 19675,
  "KMB.BA": 27425,
  "KO.BA": 17800,
  "KOFM.BA": 56900,
  "LAC.BA": 3585,
  "LAR.BA": 3180,
  "LFC.BA": 1074.5,
  "LLY.BA": 18050,
  "LMT.BA": 29725,
  "LMT.B.BA": 0,
  "LRCX.BA": 2290,
  "LVS.BA": 31575,
  "LYG.BA": 2620,
  "MA.BA": 21175,
  "MBG.BA": 3807.20898438,
  "MBT.BA": 650,
  "MCD.BA": 15825,
  "MDLZ.BA": 5700,
  "MDT.BA": 28650,
  "MELI.BA": 25300,
  "META.BA": 38000,
  "MFG.BA": 7050,
  "MGLU3.BA": 1835,
  "MMC.BA": 16825,
  "MMM.BA": 19750,
  "MO.BA": 18350,
  "MOS.BA": 9230,
  "MRK.BA": 21200,
  "MRNA.BA": 2235,
  "MRVL.BA": 6610,
  "MSFT.BA": 21350,
  "MSI.BA": 26400,
  "MSTR.BA": 27400,
  "MU.BA": 31700,
  "MUFG.BA": 17450,
  "MUX.BA": 6900,
  "NEC1.BA": 0,
  "NEM.BA": 25450,
  "NFLX.BA": 32975,
  "NG.BA": 24400,
  "NGG.BA": 44400,
  "NIO.BA": 1240,
  "NKE.BA": 7680,
  "NLM.BA": 0,
  "NMR.BA": 8120,
  "NOKA.BA": 6340,
  "NOW.BA": 6930,
  "NSAN.BA": 1545,
  "NTCO.BA": 6200,
  "NTCO3.BA": 2495,
  "NTES.BA": 11625,
  "NU.BA": 8190,
  "NUE.BA": 11275,
  "NVDA.BA": 8730,
  "NVS.BA": 38450,
  "NXE.BA": 8350,
  "ORAN.BA": 13200,
  "ORCL.BA": 97800,
  "ORLY.BA": 530,
  "OXY.BA": 11825,
  "PAAS.BA": 12850,
  "PAC.BA": 18225,
  "PAGS.BA": 3700,
  "PANW.BA": 4775,
  "PATH.BA": 7900,
  "PBI.BA": 14050,
  "PBR.BA": 16300,
  "PCAR.BA": 41250,
  "PCRF.BA": 0,
  "PDD.BA": 5330,
  "PEP.BA": 9550,
  "PETR3.BA": 8300,
  "PFE.BA": 8170,
  "PG.BA": 13300,
  "PHG.BA": 6100,
  "PINS.BA": 6420,
  "PKS.BA": 24500,
  "PLTR.BA": 60150,
  "PM.BA": 12725,
  "PSO.BA": 0,
  "PSQ.BA": 5340,
  "PSX.BA": 27825,
  "PYPL.BA": 11375,
  "QCOM.BA": 18200,
  "QQQ.BA": 35300,
  "RACE.BA": 7520,
  "RBLX.BA": 67200,
  "RCTB4.BA": 0,
  "RGTI.BA": 7740,
  "RIO.BA": 9690,
  "RIOT.BA": 5240,
  "ROKU.BA": 8700,
  "ROST.BA": 41750,
  "RTX.BA": 37375,
  "SAN.BA": 42975,
  "SAP.BA": 63800,
  "SATL.BA": 4110,
  "SBS.BA": 50700,
  "SBSP3.BA": 26650,
  "SBUX.BA": 10050,
  "SCCO.BA": 64550,
  "SCHW.BA": 0,
  "SDA.BA": 1520,
  "SE.BA": 5870,
  "SH.BA": 6270,
  "SHEL.BA": 46050,
  "SHOP.BA": 1340,
  "SID.BA": 15475,
  "SIEGY.BA": 6695.81591797,
  "SLB.BA": 15825,
  "SLV.BA": 7410,
  "SMH.BA": 7330,
  "SMSN.BA": 13143.82421875,
  "SNA.BA": 67450,
  "SNAP.BA": 11525,
  "SNOW.BA": 8930,
  "SONY.BA": 3855,
  "SPCE.BA": 7930,
  "SPGI.BA": 14950,
  "SPOT.BA": 32075,
  "SPXL.BA": 9040,
  "SPY.BA": 39675,
  "STLA.BA": 2570,
  "STNE.BA": 6530,
  "SUZ.BA": 11450,
  "SUZB3.BA": 11325,
  "SWKS.BA": 4515,
  "SYY.BA": 12225,
  "T.BA": 11475,
  "TCOM.BA": 39400,
  "TEAM.BA": 5090,
  "TEFO.BA": 810,
  "TEM.BA": 6020,
  "TEN.BA": 49175,
  "TGT.BA": 5540,
  "TIIAY.BA": 0,
  "TIMB.BA": 24200,
  "TIMS3.BA": 5110,
  "TJX.BA": 7100,
  "TM.BA": 14450,
  "TMO.BA": 25200,
  "TMUS.BA": 8730,
  "TRIP.BA": 11400,
  "TRVV.BA": 54000,
  "TSLA.BA": 26550,
  "TSM.BA": 32550,
  "TTE.BA": 26750,
  "TTM.BA": 8651,
  "TV.BA": 904,
  "TWLO.BA": 4015,
  "TXN.BA": 56350,
  "TXR.BA": 10250,
  "UAL.BA": 22275,
  "UBER.BA": 60550,
  "UGP.BA": 4010,
  "UL.BA": 25800,
  "UNH.BA": 11675,
  "UNP.BA": 14900,
  "UPST.BA": 19250,
  "URA.BA": 9500,
  "URBN.BA": 46050,
  "USB.BA": 11950,
  "V.BA": 24500,
  "VALE.BA": 6430,
  "VALE3.BA": 12950,
  "VEA.BA": 7240,
  "VIG.BA": 6740,
  "VIST.BA": 19625,
  "VIV.BA": 14575,
  "VIVT3.BA": 7290,
  "VOD.BA": 13700,
  "VRSN.BA": 59800,
  "VRTX.BA": 5920,
  "VST.BA": 9630,
  "VZ.BA": 13250,
  "WBA.BA": 4855,
  "WBO.BA": 2060,
  "WEGE3.BA": 9060,
  "WFC.BA": 20925,
  "WMT.BA": 6670,
  "X.BA": 21550,
  "XLB.BA": 6480,
  "XLC.BA": 7110,
  "XLE.BA": 56750,
  "XLF.BA": 33150,
  "XLI.BA": 6830,
  "XLK.BA": 7090,
  "XLP.BA": 6430,
  "XLRE.BA": 5890,
  "XLU.BA": 6980,
  "XLV.BA": 5930,
  "XLY.BA": 6570,
  "XOM.BA": 14650,
  "XP.BA": 5820,
  "XPEV.BA": 5510,
  "XROX.BA": 6490,
  "XYZ.BA": 4145,
  "YELP.BA": 22100,
  "YZCA.BA": 0.007,
  "ZM.BA": 1970,
  "ALUA.BA": 683,
  "ALUAC.BA": 0.54000002,
  "ALUAD.BA": 0.53799999,
  "BBAR.BA": 6210,
  "BBARC.BA": 5.3499999,
  "BBARD.BA": 4.9000001,
  "BMA.BA": 8310,
  "BMA.C.BA": 6.63000011,
  "BMA.D.BA": 6.59000015,
  "BYMA.BA": 192,
  "BYMAC.BA": 0.15800001,
  "BYMAD.BA": 0.152,
  "CEPU.BA": 1395,
  "COME.BA": 113,
  "CRES.BA": 1330,
  "CRESC.BA": 0.32300001,
  "EDN.BA": 1590,
  "EDNC.BA": 1.26499999,
  "GGAL.BA": 6000,
  "GGALC.BA": 4.76000023,
  "GGALD.BA": 4.7249999,
  "IRSAC.BA": 0,
  "IRSAD.BA": 1.40499997,
  "LOMA.BA": 2700,
  "LOMAD.BA": 2.13000011,
  "MIRG.BA": 20925,
  "PAMP.BA": 3495,
  "SUPV.BA": 2530,
  "SUPVD.BA": 2,
  "TECO2.BA": 2145,
  "TECOC.BA": 1.60000002,
  "TGNO4.BA": 2745,
  "TGSU2.BA": 6290,
  "TRAN.BA": 2190,
  "TXAR.BA": 622,
  "TXARD.BA": 0.49399999,
  "VALO.BA": 334,
  "VALOC.BA": 0.27900001,
  "VALOD.BA": 0.264,