{
  "AAL.BA": 7520,
  "AAP.BA": 5280,
  "AAPL.BA": 13875,
  "ABBV.BA": 24500,
  "ABEV.BA": 8950,
  "ABEV3.BA": 3000,
  "ABNB.BA": 12250,
  "ABT.BA": 40950,
  "ACN.BA": 4810,
  "ADBE.BA": 10900,
  "ADGO.BA": 12000,
  "ADI.BA": 20025,
  "ADP.BA": 66250,
  "ADS.BA": 3942.14794922,
  "AEG.BA": 9270,
  "AEM.BA": 26725,
  "AHP.BA": 28.79999924,
  "AI.BA": 6690,
  "AIG.BA": 20600,
  "AKO.B.BA": 28250,
  "AMAT.BA": 49500,
  "AMD.BA": 22500,
  "AMGN.BA": 13000,
  "AMX.BA": 23550,
  "AMZN.BA": 2095,
  "ANF.BA": 128100,
  "ARCO.BA": 18475,
  "ARKK.BA": 9990,
  "ARM.BA": 7630,
  "ASML.BA": 6510,
  "ASR.BA": 19475,
  "AVGO.BA": 9780,
  "AVY.BA": 12550,
  "AXP.BA": 26950,
  "AZN.BA": 46625,
  "B.BA": 13825,
  "BA.BA": 12775,
  "BA.C.BA": 15600,
  "BABA.BA": 17625,
  "BAK.BA": 2130,
  "BAS.BA": 3197.76855469,
  "BAYN.BA": 3323.26293945,
  "BB.BA": 1650,
  "BBD.BA": 3555,
  "BBDC3.BA": 3070,
  "BBV.BA": 19875,
  "BCS.BA": 25225,
  "BHP.BA": 33850,
  "BIDU.BA": 10550,
  "BIIB.BA": 12950,
  "BIOX.BA": 4760,
  "BITF.BA": 8270,
  "BK.BA": 65150,
  "BKNG.BA": 10375,
  "BKR.BA": 8530,
  "BMY.BA": 20525,
  "BNG.BA": 19900,
  "BP.BA": 8450,
  "BPA11.BA": 8930,
  "BRFS.BA": 14300,
  "BRKB.BA": 28425,
  "BSBR.BA": 6120,
  "BSN.BA": 613.31298828,
  "C.BA": 41275,
  "CAAP.BA": 104350,
  "CAH.BA": 67450,
  "CAJ.BA": 4045.5,
  "CAR.BA": 10225,
  "CAT.BA": 28100,
  "CBRD.BA": 459,
  "CCL.BA": 12825,
  "CDE.BA": 11825,
  "CEG.BA": 9470,
  "CIBR.BA": 9610,
  "CL.BA": 37425,
  "CLS.BA": 11250,
  "COIN.BA": 18200,
  "COST.BA": 25250,
  "CRM.BA": 19500,
  "CSCO.BA": 17575,
  "CSNA3.BA": 1905,
  "CVS.BA": 5290,
  "CVX.BA": 12675,
  "CX.BA": 10850,
  "DAL.BA": 9010,
  "DD.BA": 19550,
  "DE.BA": 16650,
  "DECK.BA": 5810,
  "DEO.BA": 22575,
  "DESP.BA": 22600,
  "DHR.BA": 4855,
  "DIA.BA": 29100,
  "DISN.BA": 13025,
  "DOCU.BA": 4745,
  "DOW.BA": 5550,
  "DTEA.BA": 0,
  "E.BA": 11075,
  "EA.BA": 14050,
  "EBAY.BA": 51200,
  "EBR.BA": 35150,
  "EEM.BA": 12725,
  "EFX.BA": 19600,
  "ELP.BA": 31950,
  "EOAN.BA": 236.04100037,
  "EQNR.BA": 5740,
  "ERIC.BA": 4785,
  "ERJ.BA": 61700,
  "ETHA.BA": 7460,
  "ETSY.BA": 5090,
  "EWJ.BA": 6900,
  "EWZ.BA": 17200,
  "F.BA": 14575,
  "FCX.BA": 18900,
  "FDX.BA": 31475,
  "FMCC.BA": 0,
  "FMX.BA": 19825,
  "FMX.B.BA": 0,
  "FNMA.BA": 10900,
  "FSLR.BA": 13200,
  "FXI.BA": 9970,
  "GE.BA": 43775,
  "GFI.BA": 31950,
  "GGB.BA": 15375,
  "GILD.BA": 36650,
  "GLD.BA": 7930,
  "GLOB.BA": 6750,
  "GLW.BA": 17925,
  "GM.BA": 11500,
  "GOOGL.BA": 4290,
  "GPRK.BA": 8770,
  "GRMN.BA": 102100,
  "GS.BA": 72200,
  "GSK.BA": 12150,
  "GT.BA": 6900,
  "HAL.BA": 14775,
  "HAPV3.BA": 7420,
  "HD.BA": 15300,
  "HDB.BA": 49750,
  "HHPD.BA": 0,
  "HL.BA": 7730,
  "HMC.BA": 43025,
  "HMY.BA": 17975,
  "HNPIY.BA": 6140,
  "HOG.BA": 10275,
  "HON.BA": 36575,
  "HPQ.BA": 33500,
  "HSBC.BA": 41800,
  "HSY.BA": 11350,
  "HUT.BA": 131800,
  "HWM.BA": 244200,
  "IBB.BA": 6470,
  "IBIT.BA": 8700,
  "IBM.BA": 22775,
  "IBN.BA": 43750,
  "IEUR.BA": 7770,
  "IFF.BA": 8110,
  "IJH.BA": 6960,
  "INFY.BA": 22250,
  "ING.BA": 10125,
  "INTC.BA": 5370,
  "IP.BA": 17975,
  "ISRG.BA": 7190,
  "ITUB.BA": 7980,
  "ITUB3.BA": 7120,
  "IVE.BA": 6460,
  "IVW.BA": 7410,
  "IWM.BA": 29025,
  "JBSS3.BA": 8320,
  "JCI.BA": 61900,
  "JD.BA": 10750,
  "JMIA.BA": 6410,
  "JNJ.BA": 14375,
  "JOYY.BA": 13050,
  "JPM.BA": 25750,
  "KB.BA": 50850,
  "KEP.BA": 18325,
  "KGC.BA": 20300,
  "KMB.BA": 27500,
  "KO.BA": 17675,
  "KOFM.BA": 53800,
  "LAC.BA": 3665,
  "LAR.BA": 3830,
  "LFC.BA": 1074.5,
  "LLY.BA": 18675,
  "LMT.BA": 27350,
  "LRCX.BA": 2265,
  "LVS.BA": 33975,
  "LYG.BA": 2710,
  "MA.BA": 22325,
  "MBG.BA": 3807.20898438,
  "MBT.BA": 650,
  "MCD.BA": 16200,
  "MDLZ.BA": 6030,
  "MDT.BA": 29775,
  "MELI.BA": 25475,
  "META.BA": 38750,
  "MFG.BA": 7670,
  "MGLU3.BA": 1685,
  "MMC.BA": 16775,
  "MMM.BA": 19750,
  "MO.BA": 19050,
  "MOS.BA": 9470,
  "MRK.BA": 21825,
  "MRNA.BA": 2300,
  "MRVL.BA": 7050,
  "MSFT.BA": 22125,
  "MSI.BA": 27975,
  "MSTR.BA": 26275,
  "MU.BA": 28850,
  "MUFG.BA": 18375,
  "MUX.BA": 7000,
  "NATU3.BA": 2055,
  "NEC1.BA": 0,
  "NEM.BA": 27525,
  "NFLX.BA": 31800,
  "NG.BA": 27125,
  "NGG.BA": 45900,
  "NIO.BA": 1565,
  "NKE.BA": 8560,
  "NLM.BA": 0,
  "NMR.BA": 8650,
  "NOKA.BA": 5550,
  "NOW.BA": 7420,
  "NSAN.BA": 1545,
  "NTCO.BA": 6200,
  "NTES.BA": 12200,
  "NU.BA": 8180,
  "NUE.BA": 11775,
  "NVDA.BA": 9540,
  "NVS.BA": 37750,
  "NXE.BA": 9100,
  "ORAN.BA": 13200,
  "ORCL.BA": 107000,
  "ORLY.BA": 567,
  "OXY.BA": 11800,
  "PAAS.BA": 12300,
  "PAC.BA": 17950,
  "PAGS.BA": 3495,
  "PANW.BA": 5290,
  "PATH.BA": 7950,
  "PBI.BA": 15825,
  "PBR.BA": 16250,
  "PCAR.BA": 43650,
  "PCRF.BA": 0,
  "PDD.BA": 6080,
  "PEP.BA": 10225,
  "PETR3.BA": 8070,
  "PFE.BA": 7920,
  "PG.BA": 13600,
  "PHG.BA": 6630,
  "PINS.BA": 7090,
  "PKS.BA": 24900,
  "PLTR.BA": 68300,
  "PM.BA": 11350,
  "PSO.BA": 0,
  "PSQ.BA": 5340,
  "PSX.BA": 27675,
  "PYPL.BA": 12700,
  "QCOM.BA": 18950,
  "QQQ.BA": 36850,
  "RACE.BA": 7900,
  "RBLX.BA": 77950,
  "RCTB4.BA": 0,
  "RGTI.BA": 10050,
  "RIO.BA": 10075,
  "RIOT.BA": 6230,
  "ROKU.BA": 9370,
  "ROST.BA": 45625,
  "RTX.BA": 40400,
  "SAN.BA": 45250,
  "SAP.BA": 61000,
  "SATL.BA": 4565,
  "SBS.BA": 48850,
  "SBSP3.BA": 24725,
  "SBUX.BA": 10100,
  "SCCO.BA": 63150,
  "SCHW.BA": 0,
  "SDA.BA": 1460,
  "SE.BA": 6500,
  "SH.BA": 6290,
  "SHEL.BA": 46775,
  "SHOP.BA": 1540,
  "SID.BA": 15000,
  "SIEGY.BA": 6695.81591797,
  "SLB.BA": 15600,
  "SLV.BA": 7490,
  "SMH.BA": 7540,
  "SMSN.BA": 13143.82421875,
  "SNA.BA": 70500,
  "SNAP.BA": 12575,
  "SNOW.BA": 9460,
  "SONY.BA": 3935,
  "SPCE.BA": 10200,
  "SPGI.BA": 15350,
  "SPOT.BA": 32500,
  "SPXL.BA": 9780,
  "SPY.BA": 41325,
  "STLA.BA": 2515,
  "STNE.BA": 5700,
  "SUZ.BA": 12150,
  "SUZB3.BA": 12175,
  "SWKS.BA": 4360,
  "SYY.BA": 13050,
  "T.BA": 11950,
  "TCOM.BA": 41075,
  "TEAM.BA": 5590,
  "TEFO.BA": 851,
  "TEM.BA": 6700,
  "TEN.BA": 49325,
  "TGT.BA": 5770,
  "TIIAY.BA": 0,
  "TIMB.BA": 23175,
  "TIMS3.BA": 4600,
  "TJX.BA": 7390,
  "TM.BA": 16175,
  "TMO.BA": 28600,
  "TMUS.BA": 9360,
  "TRIP.BA": 11750,
  "TRVV.BA": 54950,
  "TSLA.BA": 28225,
  "TSM.BA": 34950,
  "TTE.BA": 26325,
  "TTM.BA": 8651,
  "TV.BA": 970,
  "TWLO.BA": 4720,
  "TXN.BA": 49100,
  "TXR.BA": 10275,
  "UAL.BA": 24075,
  "UBER.BA": 58700,
  "UGP.BA": 3955,
  "UL.BA": 25650,
  "UNH.BA": 11100,
  "UNP.BA": 14925,
  "UPST.BA": 21325,
  "URA.BA": 10625,
  "URBN.BA": 50450,
  "USB.BA": 11900,
  "V.BA": 25600,
  "VALE.BA": 6380,
  "VALE3.BA": 12600,
  "VEA.BA": 7440,
  "VIG.BA": 6960,
  "VIST.BA": 18925,
  "VIV.BA": 14175,
  "VIVT3.BA": 7150,
  "VOD.BA": 14400,
  "VRSN.BA": 66400,
  "VRTX.BA": 5910,
  "VST.BA": 9820,
  "VZ.BA": 13750,
  "WBA.BA": 5010,
  "WBO.BA": 2180,
  "WEGE3.BA": 8490,
  "WFC.BA": 21500,
  "WMT.BA": 7020,
  "X.BA": 21550,
  "XLB.BA": 6540,
  "XLC.BA": 7290,
  "XLE.BA": 57150,
  "XLF.BA": 34400,
  "XLI.BA": 7130,
  "XLK.BA": 7460,
  "XLP.BA": 6510,
  "XLRE.BA": 6080,
  "XLU.BA": 7260,
  "XLV.BA": 6070,
  "XLY.BA": 6850,
  "XOM.BA": 14450,
  "XP.BA": 5270,
  "XPEV.BA": 6160,
  "XROX.BA": 7650,
  "XYZ.BA": 5200,
  "YELP.BA": 22675,
  "YZCA.BA": 0.007,
  "ZM.BA": 2060,
  "ALUA.BA": 708,
  "ALUAC.BA": 0.55599999,
  "ALUAD.BA": 0.55500001,
  "BBAR.BA": 6800,
  "BBARC.BA": 5.08690023,
  "BBARD.BA": 5.26000023,
  "BMA.BA": 9130,
  "BMA.C.BA": 7.01000023,
  "BMA.D.BA": 7.0999999,
  "BYMA.BA": 194.25,
  "BYMAC.BA": 0.161,
  "BYMAD.BA": 0.15099999,
  "CEPU.BA": 1585,
  "COME.BA": 126,
  "CRES.BA": 1505,
  "CRESC.BA": 0.32300001,
  "EDN.BA": 1855,
  "EDNC.BA": 1.255,
  "GGAL.BA": 6620,
  "GGALC.BA": 5.11999989,
  "GGALD.BA": 5.1500001,
  "IRSAC.BA": 0,
  "IRSAD.BA": 1.56500006,
  "LOMA.BA": 3110,
  "LOMAD.BA": 2.3900001,
  "MIRG.BA": 23050,
  "PAMP.BA": 3875,
  "SUPV.BA": 2605,
  "SUPVD.BA": 2.01999998,
  "TECO2.BA": 2470,
  "TECOC.BA": 1.78999996,
  "TGNO4.BA": 3450,
  "TGSU2.BA": 7220,
  "TRAN.BA": 2625,
  "TXAR.BA": 658,
  "TXARD.BA": 0.51999998,
  "VALO.BA": 353,
  "VALOC.BA": 0.278,
  "VALOD.BA": 0.27399999,