{
  "AAL.BA": 6610,
  "AAP.BA": 4405,
  "AAPL.BA": 11850,
  "ABBV.BA": 22775,
  "ABEV.BA": 8810,
  "ABEV3.BA": 3045,
  "ABNB.BA": 10925,
  "ABT.BA": 40150,
  "ACN.BA": 5040,
  "ADBE.BA": 11175,
  "ADGO.BA": 11025,
  "ADI.BA": 18425,
  "ADP.BA": 61900,
  "ADS.BA": 3942.14794922,
  "AEG.BA": 8540,
  "AEM.BA": 23575,
  "AHP.BA": 28.79999924,
  "AI.BA": 5870,
  "AIG.BA": 20150,
  "AKO.B.BA": 29800,
  "AMAT.BA": 41125,
  "AMD.BA": 14450,
  "AMGN.BA": 11550,
  "AMX.BA": 20325,
  "AMZN.BA": 1765,
  "ANF.BA": 94150,
  "ARCO.BA": 17875,
  "ARKK.BA": 7550,
  "ARM.BA": 6240,
  "ASML.BA": 6420,
  "ASR.BA": 19100,
  "AVGO.BA": 7720,
  "AVY.BA": 11700,
  "AXP.BA": 23725,
  "AZN.BA": 44000,
  "B.BA": 12050,
  "BA.BA": 10625,
  "BA.C.BA": 13275,
  "BABA.BA": 15925,
  "BAK.BA": 2240,
  "BAS.BA": 3197.76855469,
  "BAYN.BA": 3323.26293945,
  "BB.BA": 1635,
  "BBD.BA": 3520,
  "BBDC3.BA": 3010,
  "BBV.BA": 18150,
  "BCS.BA": 21000,
  "BHP.BA": 30100,
  "BIDU.BA": 9500,
  "BIIB.BA": 12250,
  "BIOX.BA": 5480,
  "BITF.BA": 5360,
  "BK.BA": 53400,
  "BKNG.BA": 9150,
  "BKR.BA": 6550,
  "BMY.BA": 19875,
  "BNG.BA": 18025,
  "BP.BA": 7310,
  "BPA11.BA": 8900,
  "BRFS.BA": 13525,
  "BRKB.BA": 26450,
  "BSBR.BA": 6510,
  "BSN.BA": 613.31298828,
  "C.BA": 31225,
  "CAAP.BA": 95250,
  "CAH.BA": 60750,
  "CAJ.BA": 4045.5,
  "CAR.BA": 5810,
  "CAT.BA": 21600,
  "CBRD.BA": 459,
  "CCL.BA": 9630,
  "CDE.BA": 10900,
  "CEG.BA": 7760,
  "CIBR.BA": 8700,
  "CL.BA": 36500,
  "CLS.BA": 7620,
  "COIN.BA": 11025,
  "COST.BA": 24775,
  "CRM.BA": 17575,
  "CSCO.BA": 15325,
  "CSNA3.BA": 1775,
  "CVS.BA": 5240,
  "CVX.BA": 10825,
  "CX.BA": 8280,
  "DAL.BA": 7280,
  "DD.BA": 16575,
  "DE.BA": 15475,
  "DECK.BA": 5180,
  "DEO.BA": 21175,
  "DESP.BA": 22600,
  "DHR.BA": 4540,
  "DIA.BA": 25550,
  "DISN.BA": 11800,
  "DOCU.BA": 4125,
  "DOW.BA": 6090,
  "DTEA.BA": 0,
  "E.BA": 9470,
  "EA.BA": 12575,
  "EBAY.BA": 46400,
  "EBR.BA": 35525,
  "EEM.BA": 11375,
  "EFX.BA": 20150,
  "ELP.BA": 31850,
  "EOAN.BA": 236.04100037,
  "EQNR.BA": 5040,
  "ERIC.BA": 5000,
  "ERJ.BA": 57000,
  "ETHA.BA": 5090,
  "ETSY.BA": 4475,
  "EWJ.BA": 6290,
  "EWZ.BA": 16825,
  "F.BA": 12650,
  "FCX.BA": 16300,
  "FDX.BA": 26775,
  "FMCC.BA": 0,
  "FMX.BA": 20925,
  "FMX.B.BA": 0,
  "FNMA.BA": 13000,
  "FSLR.BA": 11100,
  "FXI.BA": 8930,
  "GE.BA": 36650,
  "GFI.BA": 28850,
  "GGB.BA": 14450,
  "GILD.BA": 32525,
  "GLD.BA": 7360,
  "GLOB.BA": 6700,
  "GLW.BA": 14975,
  "GM.BA": 9940,
  "GOOGL.BA": 3635,
  "GPRK.BA": 8940,
  "GRMN.BA": 83050,
  "GS.BA": 57200,
  "GSK.BA": 12375,
  "GT.BA": 6900,
  "HAL.BA": 13250,
  "HAPV3.BA": 8930,
  "HD.BA": 13375,
  "HDB.BA": 45425,
  "HHPD.BA": 0,
  "HL.BA": 7180,
  "HMC.BA": 34800,
  "HMY.BA": 17075,
  "HNPIY.BA": 6140,
  "HOG.BA": 9920,
  "HON.BA": 33600,
  "HPQ.BA": 29600,
  "HSBC.BA": 35375,
  "HSY.BA": 9510,
  "HUT.BA": 109850,
  "HWM.BA": 203550,
  "IBB.BA": 5670,
  "IBIT.BA": 7360,
  "IBM.BA": 22300,
  "IBN.BA": 40000,
  "IEUR.BA": 7240,
  "IFF.BA": 7800,
  "IJH.BA": 6090,
  "INFY.BA": 22275,
  "ING.BA": 8400,
  "INTC.BA": 4945,
  "IP.BA": 13975,
  "ISRG.BA": 6900,
  "ITUB.BA": 7810,
  "ITUB3.BA": 6810,
  "IVE.BA": 5720,
  "IVW.BA": 6290,
  "IWM.BA": 25450,
  "JBSS3.BA": 8320,
  "JCI.BA": 60950,
  "JD.BA": 10075,
  "JMIA.BA": 3960,
  "JNJ.BA": 12350,
  "JOYY.BA": 11825,
  "JPM.BA": 21275,
  "KB.BA": 47000,
  "KEP.BA": 12275,
  "KGC.BA": 18200,
  "KMB.BA": 26450,
  "KO.BA": 17150,
  "KOFM.BA": 58600,
  "LAC.BA": 3290,
  "LAR.BA": 2380,
  "LFC.BA": 1074.5,
  "LLY.BA": 17175,
  "LMT.BA": 27300,
  "LMT.B.BA": 0,
  "LRCX.BA": 1920,
  "LVS.BA": 25025,
  "LYG.BA": 2460,
  "MA.BA": 21325,
  "MBG.BA": 3807.20898438,
  "MBT.BA": 650,
  "MCD.BA": 15025,
  "MDLZ.BA": 5310,
  "MDT.BA": 26175,
  "MELI.BA": 23725,
  "META.BA": 34400,
  "MFG.BA": 6740,
  "MGLU3.BA": 2060,
  "MMC.BA": 16225,
  "MMM.BA": 17500,
  "MO.BA": 17875,
  "MOS.BA": 8280,
  "MRK.BA": 19075,
  "MRNA.BA": 1740,
  "MRVL.BA": 5770,
  "MSFT.BA": 18750,
  "MSI.BA": 24350,
  "MSTR.BA": 23000,
  "MU.BA": 27575,
  "MUFG.BA": 16125,
  "MUX.BA": 5490,
  "NEC1.BA": 0,
  "NEM.BA": 21075,
  "NFLX.BA": 30275,
  "NG.BA": 20525,
  "NGG.BA": 42525,
  "NIO.BA": 1115,
  "NKE.BA": 6290,
  "NLM.BA": 0,
  "NMR.BA": 7350,
  "NOKA.BA": 6260,
  "NOW.BA": 6980,
  "NSAN.BA": 1545,
  "NTCO.BA": 6200,
  "NTCO3.BA": 2250,
  "NTES.BA": 11275,
  "NU.BA": 7580,
  "NUE.BA": 8690,
  "NVDA.BA": 7090,
  "NVS.BA": 35050,
  "NXE.BA": 7750,
  "ORAN.BA": 13200,
  "ORCL.BA": 70150,
  "ORLY.BA": 685,
  "OXY.BA": 10700,
  "PAAS.BA": 11325,
  "PAC.BA": 18000,
  "PAGS.BA": 3610,
  "PANW.BA": 4625,
  "PATH.BA": 7790,
  "PBI.BA": 12725,
  "PBR.BA": 14400,
  "PCAR.BA": 37250,
  "PCRF.BA": 0,
  "PDD.BA": 4935,
  "PEP.BA": 8600,
  "PETR3.BA": 7210,
  "PFE.BA": 7280,
  "PG.BA": 12900,
  "PHG.BA": 5610,
  "PINS.BA": 5900,
  "PKS.BA": 19350,
  "PLTR.BA": 54100,
  "PM.BA": 12150,
  "PSO.BA": 0,
  "PSQ.BA": 5270,
  "PSX.BA": 23975,
  "PYPL.BA": 11100,
  "QCOM.BA": 17250,
  "QQQ.BA": 31700,
  "RACE.BA": 6890,
  "RBLX.BA": 57100,
  "RCTB4.BA": 0,
  "RGTI.BA": 7440,
  "RIO.BA": 8800,
  "RIOT.BA": 4175,
  "ROKU.BA": 6990,
  "ROST.BA": 40750,
  "RTX.BA": 33750,
  "SAN.BA": 38075,
  "SAP.BA": 59500,
  "SATL.BA": 3980,
  "SBS.BA": 49700,
  "SBSP3.BA": 24875,
  "SBUX.BA": 9450,
  "SCCO.BA": 57600,
  "SCHW.BA": 0,
  "SDA.BA": 1775,
  "SE.BA": 5730,
  "SH.BA": 6120,
  "SHEL.BA": 42375,
  "SHOP.BA": 1260,
  "SID.BA": 14800,
  "SIEGY.BA": 6695.81591797,
  "SLB.BA": 14200,
  "SLV.BA": 6560,
  "SMH.BA": 6210,
  "SMSN.BA": 13143.82421875,
  "SNA.BA": 63800,
  "SNAP.BA": 10200,
  "SNOW.BA": 8260,
  "SONY.BA": 3840,
  "SPCE.BA": 7610,
  "SPGI.BA": 13650,
  "SPOT.BA": 30175,
  "SPXL.BA": 7650,
  "SPY.BA": 35800,
  "STLA.BA": 2470,
  "STNE.BA": 5670,
  "SUZ.BA": 11375,
  "SUZB3.BA": 11700,
  "SWKS.BA": 4150,
  "SYY.BA": 11150,
  "T.BA": 11200,
  "TCOM.BA": 36450,
  "TEAM.BA": 5130,
  "TEFO.BA": 764,
  "TEM.BA": 7040,
  "TEN.BA": 43125,
  "TGT.BA": 4885,
  "TIIAY.BA": 0,
  "TIMB.BA": 22550,
  "TIMS3.BA": 4400,
  "TJX.BA": 7200,
  "TM.BA": 14500,
  "TMO.BA": 22550,
  "TMUS.BA": 8360,
  "TRIP.BA": 8390,
  "TRVV.BA": 52300,
  "TSLA.BA": 25900,
  "TSM.BA": 28300,
  "TTE.BA": 24750,
  "TTM.BA": 8651,
  "TV.BA": 855,
  "TWLO.BA": 3895,
  "TXN.BA": 47500,
  "TXR.BA": 8700,
  "UAL.BA": 18725,
  "UBER.BA": 51450,
  "UGP.BA": 3685,
  "UL.BA": 24950,
  "UNH.BA": 11200,
  "UNP.BA": 13400,
  "UPST.BA": 13850,
  "URA.BA": 8550,
  "URBN.BA": 41275,
  "USB.BA": 10575,
  "V.BA": 24675,
  "VALE.BA": 5730,
  "VALE3.BA": 11600,
  "VEA.BA": 6740,
  "VIG.BA": 6170,
  "VIST.BA": 20750,
  "VIV.BA": 12750,
  "VIVT3.BA": 6250,
  "VOD.BA": 11650,
  "VRSN.BA": 55200,
  "VRTX.BA": 5360,
  "VST.BA": 7620,
  "VZ.BA": 13075,
  "WBA.BA": 4485,
  "WBO.BA": 1915,
  "WEGE3.BA": 9340,
  "WFC.BA": 17850,
  "WMT.BA": 6320,
  "X.BA": 21175,
  "XLB.BA": 5850,
  "XLC.BA": 6570,
  "XLE.BA": 51400,
  "XLF.BA": 30300,
  "XLI.BA": 6120,
  "XLK.BA": 6200,
  "XLP.BA": 6080,
  "XLRE.BA": 5580,
  "XLU.BA": 6450,
  "XLV.BA": 5600,
  "XLY.BA": 5930,
  "XOM.BA": 13000,
  "XP.BA": 6120,
  "XPEV.BA": 6120,
  "XROX.BA": 6550,
  "XYZ.BA": 3805,
  "YELP.BA": 22100,
  "YZCA.BA": 0.007,
  "ZM.BA": 1980,
  "ALUA.BA": 686,
  "ALUAC.BA": 0.60000002,
  "ALUAD.BA": 0.579,
  "BBAR.BA": 7150,
  "BBARC.BA": 6.9000001,
  "BBARD.BA": 6.03000021,
  "BMA.BA": 9280,
  "BMA.C.BA": 9.64999962,
  "BMA.D.BA": 7.84000015,
  "BYMA.BA": 208.5,
  "BYMAC.BA": 0.18000001,
  "BYMAD.BA": 0.177,
  "CEPU.BA": 1470,
  "COME.BA": 144,
  "CRES.BA": 1295,
  "CRESC.BA": 0.32300001,
  "EDN.BA": 1860,
  "EDNC.BA": 0,
  "GGAL.BA": 6690,
  "GGALC.BA": 5.88000011,
  "GGALD.BA": 5.71000004,
  "LOMA.BA": 2865,
  "LOMAD.BA": 2.41499996,
  "MIRG.BA": 21100,
  "PAMP.BA": 3625,
  "SUPV.BA": 2845,
  "SUPVD.BA": 2.40499997,
  "TECO2.BA": 2295,
  "TECOC.BA": 1.60000002,
  "TGNO4.BA": 3265,
  "TGSU2.BA": 6590,
  "TRAN.BA": 2485,
  "TXAR.BA": 637,
  "TXARD.BA": 0.53600001,
  "VALO.BA": 364,
  "VALOC.BA": 0.34999999,
  "VALOD.BA": 0.308,
  "YPFD.BA": 43025,
  "YPFDC.BA": 36.95000076,