{
  "AAL.BA": 6760,
  "AAP.BA": 4225,
  "AAPL.BA": 12025,
  "ABBV.BA": 22275,
  "ABEV.BA": 8710,
  "ABEV3.BA": 2870,
  "ABNB.BA": 10250,
  "ABT.BA": 39775,
  "ACN.BA": 4965,
  "ADBE.BA": 10900,
  "ADGO.BA": 10900,
  "ADI.BA": 17050,
  "ADP.BA": 64800,
  "ADS.BA": 3942.14794922,
  "AEG.BA": 8690,
  "AEM.BA": 24725,
  "AHP.BA": 28.79999924,
  "AI.BA": 5960,
  "AIG.BA": 20400,
  "AKO.B.BA": 30500,
  "AMAT.BA": 37450,
  "AMD.BA": 13650,
  "AMGN.BA": 11425,
  "AMX.BA": 20300,
  "AMZN.BA": 1715,
  "ANF.BA": 93600,
  "ARCO.BA": 17625,
  "ARKK.BA": 6800,
  "ARM.BA": 5630,
  "ASML.BA": 6110,
  "ASR.BA": 19375,
  "AVGO.BA": 7600,
  "AVY.BA": 11600,
  "AXP.BA": 23525,
  "AZN.BA": 42800,
  "B.BA": 12100,
  "BA.BA": 10475,
  "BA.C.BA": 13100,
  "BABA.BA": 15250,
  "BAK.BA": 2195,
  "BAS.BA": 3197.76855469,
  "BAYN.BA": 3323.26293945,
  "BB.BA": 1590,
  "BBD.BA": 3445,
  "BBDC3.BA": 2910,
  "BBV.BA": 18200,
  "BCS.BA": 21450,
  "BHP.BA": 29525,
  "BIDU.BA": 9030,
  "BIIB.BA": 12000,
  "BIOX.BA": 5690,
  "BITF.BA": 5450,
  "BK.BA": 52900,
  "BKNG.BA": 9280,
  "BKR.BA": 6470,
  "BMY.BA": 19400,
  "BNG.BA": 18750,
  "BP.BA": 7020,
  "BPA11.BA": 8310,
  "BRFS.BA": 12775,
  "BRKB.BA": 27250,
  "BSBR.BA": 6170,
  "BSN.BA": 613.31298828,
  "C.BA": 30075,
  "CAAP.BA": 99050,
  "CAH.BA": 61800,
  "CAJ.BA": 4045.5,
  "CAR.BA": 5490,
  "CAT.BA": 20550,
  "CBRD.BA": 459,
  "CCL.BA": 9260,
  "CDE.BA": 10300,
  "CEG.BA": 8330,
  "CIBR.BA": 8680,
  "CL.BA": 36600,
  "CLS.BA": 6980,
  "COIN.BA": 10850,
  "COST.BA": 26225,
  "CRM.BA": 17325,
  "CSCO.BA": 15200,
  "CSNA3.BA": 1730,
  "CVS.BA": 4970,
  "CVX.BA": 10300,
  "CX.BA": 8090,
  "DAL.BA": 7230,
  "DD.BA": 15700,
  "DE.BA": 15100,
  "DECK.BA": 5030,
  "DEO.BA": 21625,
  "DESP.BA": 22600,
  "DHR.BA": 4190,
  "DIA.BA": 25225,
  "DISN.BA": 11175,
  "DOCU.BA": 4840,
  "DOW.BA": 5410,
  "DTEA.BA": 0,
  "E.BA": 9070,
  "EA.BA": 12475,
  "EBAY.BA": 44475,
  "EBR.BA": 34800,
  "EEM.BA": 10975,
  "EFX.BA": 19400,
  "ELP.BA": 31525,
  "EOAN.BA": 236.04100037,
  "EQNR.BA": 4705,
  "ERIC.BA": 5080,
  "ERJ.BA": 54950,
  "ETHA.BA": 4595,
  "ETSY.BA": 4370,
  "EWJ.BA": 6400,
  "EWZ.BA": 16225,
  "F.BA": 11900,
  "FCX.BA": 16000,
  "FDX.BA": 26000,
  "FMCC.BA": 0,
  "FMX.BA": 21225,
  "FMX.B.BA": 0,
  "FNMA.BA": 13000,
  "FSLR.BA": 9950,
  "FXI.BA": 8440,
  "GE.BA": 36800,
  "GFI.BA": 30075,
  "GGB.BA": 13325,
  "GILD.BA": 32525,
  "GLD.BA": 7460,
  "GLOB.BA": 6270,
  "GLW.BA": 14775,
  "GM.BA": 9470,
  "GOOGL.BA": 3490,
  "GPRK.BA": 7890,
  "GRMN.BA": 80400,
  "GS.BA": 54800,
  "GSK.BA": 12375,
  "GT.BA": 6690,
  "HAL.BA": 11925,
  "HAPV3.BA": 600,
  "HD.BA": 13675,
  "HDB.BA": 45250,
  "HHPD.BA": 0,
  "HL.BA": 6720,
  "HMC.BA": 35850,
  "HMY.BA": 18425,
  "HNPIY.BA": 6140,
  "HOG.BA": 9380,
  "HON.BA": 33575,
  "HPQ.BA": 29625,
  "HSBC.BA": 35800,
  "HSY.BA": 9130,
  "HUT.BA": 90750,
  "HWM.BA": 205600,
  "IBB.BA": 5480,
  "IBIT.BA": 7090,
  "IBM.BA": 20950,
  "IBN.BA": 40925,
  "IEUR.BA": 7210,
  "IFF.BA": 7500,
  "IJH.BA": 5980,
  "INFY.BA": 21750,
  "ING.BA": 8480,
  "INTC.BA": 4705,
  "IP.BA": 14425,
  "ISRG.BA": 7210,
  "ITUB.BA": 7770,
  "ITUB3.BA": 6990,
  "IVE.BA": 5670,
  "IVW.BA": 6200,
  "IWM.BA": 24475,
  "JBSS3.BA": 8310,
  "JCI.BA": 60950,
  "JD.BA": 9820,
  "JMIA.BA": 3895,
  "JNJ.BA": 12325,
  "JOYY.BA": 11350,
  "JPM.BA": 21000,
  "KB.BA": 45000,
  "KEP.BA": 13275,
  "KGC.BA": 18775,
  "KMB.BA": 28200,
  "KO.BA": 17175,
  "KOFM.BA": 58400,
  "LAC.BA": 3175,
  "LAR.BA": 2100,
  "LFC.BA": 1074.5,
  "LLY.BA": 15950,
  "LMT.BA": 28550,
  "LMT.B.BA": 0,
  "LRCX.BA": 1740,
  "LVS.BA": 24450,
  "LYG.BA": 2555,
  "MA.BA": 20950,
  "MBG.BA": 3807.20898438,
  "MBT.BA": 650,
  "MCD.BA": 15575,
  "MDLZ.BA": 5350,
  "MDT.BA": 25025,
  "MELI.BA": 25750,
  "META.BA": 33425,
  "MFG.BA": 6680,
  "MGLU3.BA": 2000,
  "MMC.BA": 17475,
  "MMM.BA": 17450,
  "MO.BA": 18025,
  "MOS.BA": 8780,
  "MRK.BA": 18200,
  "MRNA.BA": 1695,
  "MRVL.BA": 5240,
  "MSFT.BA": 18300,
  "MSI.BA": 24950,
  "MSTR.BA": 22175,
  "MU.BA": 23375,
  "MUFG.BA": 16800,
  "MUX.BA": 5160,
  "NEC1.BA": 0,
  "NEM.BA": 22075,
  "NFLX.BA": 30225,
  "NG.BA": 18025,
  "NGG.BA": 43000,
  "NIO.BA": 1060,
  "NKE.BA": 6100,
  "NLM.BA": 0,
  "NMR.BA": 7300,
  "NOKA.BA": 6310,
  "NOW.BA": 7030,
  "NSAN.BA": 1545,
  "NTCO.BA": 6200,
  "NTCO3.BA": 2130,
  "NTES.BA": 10475,
  "NU.BA": 7130,
  "NUE.BA": 8930,
  "NVDA.BA": 6810,
  "NVS.BA": 34750,
  "NXE.BA": 7200,
  "ORAN.BA": 13200,
  "ORCL.BA": 66100,
  "ORLY.BA": 495.33334351,
  "OXY.BA": 9860,
  "PAAS.BA": 10375,
  "PAC.BA": 17400,
  "PAGS.BA": 3635,
  "PANW.BA": 4630,
  "PATH.BA": 7450,
  "PBI.BA": 12225,
  "PBR.BA": 13900,
  "PCAR.BA": 36450,
  "PCRF.BA": 0,
  "PDD.BA": 4615,
  "PEP.BA": 8680,
  "PETR3.BA": 6990,
  "PFE.BA": 7000,
  "PG.BA": 13300,
  "PHG.BA": 5420,
  "PINS.BA": 5420,
  "PKS.BA": 17650,
  "PLTR.BA": 52500,
  "PM.BA": 12125,
  "PSO.BA": 0,
  "PSQ.BA": 5330,
  "PSX.BA": 22650,
  "PYPL.BA": 10525,
  "QCOM.BA": 15850,
  "QQQ.BA": 31200,
  "RACE.BA": 6890,
  "RBLX.BA": 53600,
  "RCTB4.BA": 0,
  "RGTI.BA": 7340,
  "RIO.BA": 8900,
  "RIOT.BA": 3350,
  "ROKU.BA": 6750,
  "ROST.BA": 42350,
  "RTX.BA": 32825,
  "SAN.BA": 38375,
  "SAP.BA": 60400,
  "SATL.BA": 4485,
  "SBS.BA": 49525,
  "SBSP3.BA": 24475,
  "SBUX.BA": 8450,
  "SCCO.BA": 55100,
  "SCHW.BA": 0,
  "SDA.BA": 1600,
  "SE.BA": 6120,
  "SH.BA": 6240,
  "SHEL.BA": 40150,
  "SHOP.BA": 1185,
  "SID.BA": 13925,
  "SIEGY.BA": 6695.81591797,
  "SLB.BA": 13300,
  "SLV.BA": 6290,
  "SMH.BA": 5810,
  "SMSN.BA": 13143.82421875,
  "SNA.BA": 63050,
  "SNAP.BA": 9750,
  "SNOW.BA": 8320,
  "SONY.BA": 3995,
  "SPCE.BA": 7450,
  "SPGI.BA": 13575,
  "SPOT.BA": 28525,
  "SPXL.BA": 7350,
  "SPY.BA": 35375,
  "STLA.BA": 2340,
  "STNE.BA": 5600,
  "SUZ.BA": 10425,
  "SUZB3.BA": 10975,
  "SWKS.BA": 3945,
  "SYY.BA": 10875,
  "T.BA": 11150,
  "TCOM.BA": 37975,
  "TEAM.BA": 5230,
  "TEFO.BA": 781,
  "TEM.BA": 6290,
  "TEN.BA": 42175,
  "TGT.BA": 4650,
  "TIIAY.BA": 0,
  "TIMB.BA": 20625,
  "TIMS3.BA": 4110,
  "TJX.BA": 7037.65087891,
  "TM.BA": 14975,
  "TMO.BA": 21525,
  "TMUS.BA": 8800,
  "TRIP.BA": 8340,
  "TRVV.BA": 55000,
  "TSLA.BA": 27225,
  "TSM.BA": 25800,
  "TTE.BA": 24050,
  "TTM.BA": 8651,
  "TV.BA": 768,
  "TWLO.BA": 3955,
  "TXN.BA": 43825,
  "TXR.BA": 8560,
  "UAL.BA": 19400,
  "UBER.BA": 49825,
  "UGP.BA": 3360,
  "UL.BA": 25175,
  "UNH.BA": 11025,
  "UNP.BA": 13050,
  "UPST.BA": 11425,
  "URA.BA": 7640,
  "URBN.BA": 43475,
  "USB.BA": 10375,
  "V.BA": 24175,
  "VALE.BA": 5530,
  "VALE3.BA": 11150,
  "VEA.BA": 6720,
  "VIG.BA": 6090,
  "VIST.BA": 19600,
  "VIV.BA": 12100,
  "VIVT3.BA": 5990,
  "VOD.BA": 12350,
  "VRSN.BA": 54700,
  "VRTX.BA": 5280,
  "VST.BA": 7680,
  "VZ.BA": 13175,
  "WBA.BA": 4435,
  "WBO.BA": 1815,
  "WEGE3.BA": 8880,
  "WFC.BA": 17775,
  "WMT.BA": 6600,
  "X.BA": 21225,
  "XLB.BA": 5730,
  "XLC.BA": 6370,
  "XLE.BA": 49200,
  "XLF.BA": 30350,
  "XLI.BA": 6050,
  "XLK.BA": 6040,
  "XLP.BA": 6160,
  "XLRE.BA": 5560,
  "XLU.BA": 6560,
  "XLV.BA": 5450,
  "XLY.BA": 5920,
  "XOM.BA": 12250,
  "XP.BA": 5790,
  "XPEV.BA": 5730,
  "XROX.BA": 5750,
  "XYZ.BA": 3665,
  "YELP.BA": 22100,
  "YZCA.BA": 0.007,
  "ZM.BA": 2045,
  "ALUA.BA": 755,
  "ALUAC.BA": 0.26300001,
  "ALUAD.BA": 0.64999998,
  "BBAR.BA": 7490,
  "BBARC.BA": 6.9000001,
  "BBARD.BA": 6.28999996,
  "BMA.BA": 9800,
  "BMA.C.BA": 9.64999962,
  "BMA.D.BA": 8.43999958,
  "BYMA.BA": 211,
  "BYMAC.BA": 0.18000001,
  "BYMAD.BA": 0.17900001,
  "CEPU.BA": 1500,
  "COME.BA": 143.25,
  "CRES.BA": 1450,
  "CRESC.BA": 0.32300001,
  "EDN.BA": 1930,
  "EDNC.BA": 0,
  "GGAL.BA": 6780,
  "GGALC.BA": 5.75,
  "GGALD.BA": 5.73999977,
  "LOMA.BA": 2970,
  "LOMAD.BA": 2.49499989,
  "MIRG.BA": 22825,
  "PAMP.BA": 3585,
  "SUPV.BA": 3045,
  "SUPVD.BA": 2.57500005,
  "TECO2.BA": 2315,
  "TECOC.BA": 1.60000002,
  "TGNO4.BA": 3395,
  "TGSU2.BA": 6690,
  "TRAN.BA": 2715,
  "TXAR.BA": 661,
  "TXARD.BA": 0.56400001,
  "VALO.BA": 338,
  "VALOC.BA": 0.34999999,
  "VALOD.BA": 0.292,
  "YPFD.BA": 41450,
  "YPFDC.BA": 35.04999924,