{
  "AAL.BA": 8910,
  "AAP.BA": 5820,
  "AAPL.BA": 15700,
  "ABBV.BA": 27900,
  "ABEV.BA": 9020,
  "ABEV3.BA": 3100,
  "ABNB.BA": 11675,
  "ABT.BA": 44175,
  "ACN.BA": 4590,
  "ACWI.BA": 6960,
  "ADBE.BA": 10775,
  "ADGO.BA": 11425,
  "ADI.BA": 22800,
  "ADP.BA": 68300,
  "ADS.BA": 3942.14794922,
  "AEG.BA": 10450,
  "AEM.BA": 31125,
  "AHP.BA": 28.79999924,
  "AI.BA": 4675,
  "AIG.BA": 22300,
  "AKO.B.BA": 32875,
  "AMAT.BA": 44525,
  "AMD.BA": 22750,
  "AMGN.BA": 12800,
  "AMX.BA": 27075,
  "AMZN.BA": 2155,
  "ANF.BA": 130300,
  "ARCO.BA": 19200,
  "ARKK.BA": 10200,
  "ARM.BA": 7150,
  "ASML.BA": 7050,
  "ASR.BA": 22075,
  "AVGO.BA": 10725,
  "AVY.BA": 12825,
  "AXP.BA": 29400,
  "AZN.BA": 53950,
  "B.BA": 17625,
  "BA.BA": 13200,
  "BA.C.BA": 17000,
  "BABA.BA": 17925,
  "BAK.BA": 2350,
  "BAS.BA": 3197.76855469,
  "BAYN.BA": 3323.26293945,
  "BB.BA": 1715,
  "BBD.BA": 4155,
  "BBDC3.BA": 3560,
  "BBV.BA": 24400,
  "BCS.BA": 27400,
  "BHP.BA": 37725,
  "BIDU.BA": 11100,
  "BIIB.BA": 13775,
  "BIOX.BA": 3880,
  "BITF.BA": 8980,
  "BK.BA": 71550,
  "BKNG.BA": 10775,
  "BKR.BA": 8920,
  "BMY.BA": 20975,
  "BNG.BA": 22775,
  "BP.BA": 9470,
  "BPA11.BA": 10925,
  "BRFS.BA": 14900,
  "BRKB.BA": 30575,
  "BSBR.BA": 7090,
  "BSN.BA": 613.31298828,
  "C.BA": 43450,
  "CAAP.BA": 116900,
  "CAH.BA": 67250,
  "CAJ.BA": 4045.5,
  "CAR.BA": 8190,
  "CAT.BA": 29200,
  "CCL.BA": 14575,
  "CDE.BA": 16925,
  "CEG.BA": 9600,
  "CIBR.BA": 9980,
  "CL.BA": 37400,
  "CLS.BA": 14375,
  "COIN.BA": 15400,
  "COST.BA": 26500,
  "CRM.BA": 19075,
  "CSCO.BA": 18725,
  "CSNA3.BA": 1900,
  "CVS.BA": 6570,
  "CVX.BA": 13375,
  "CX.BA": 12200,
  "DAL.BA": 10425,
  "DD.BA": 20950,
  "DE.BA": 16600,
  "DECK.BA": 6380,
  "DEO.BA": 25125,
  "DESP.BA": 22600,
  "DHR.BA": 5140,
  "DIA.BA": 30700,
  "DISN.BA": 13150,
  "DOCU.BA": 4630,
  "DOW.BA": 5490,
  "DTEA.BA": 0,
  "E.BA": 11500,
  "EA.BA": 16375,
  "EBAY.BA": 62400,
  "EBR.BA": 44125,
  "EEM.BA": 13500,
  "EFA.BA": 6880,
  "EFX.BA": 20475,
  "ELP.BA": 36925,
  "EOAN.BA": 236.04100037,
  "EQNR.BA": 5450,
  "ERIC.BA": 5310,
  "ERJ.BA": 75950,
  "ETHA.BA": 9060,
  "ETSY.BA": 4530,
  "EWJ.BA": 7640,
  "EWZ.BA": 19800,
  "F.BA": 15775,
  "FCX.BA": 19975,
  "FDX.BA": 31050,
  "FMCC.BA": 0,
  "FMX.BA": 19625,
  "FMX.B.BA": 0,
  "FNMA.BA": 14400,
  "FSLR.BA": 14775,
  "FXI.BA": 10375,
  "GDX.BA": 8250,
  "GE.BA": 46425,
  "GFI.BA": 43200,
  "GGB.BA": 16450,
  "GILD.BA": 37925,
  "GLD.BA": 8480,
  "GLOB.BA": 5030,
  "GLW.BA": 23225,
  "GM.BA": 13075,
  "GOOGL.BA": 4905,
  "GPRK.BA": 8770,
  "GRMN.BA": 107650,
  "GS.BA": 77900,
  "GSK.BA": 13225,
  "GT.BA": 5730,
  "HAL.BA": 15200,
  "HAPV3.BA": 10275,
  "HD.BA": 17100,
  "HDB.BA": 47975,
  "HHPD.BA": 0,
  "HL.BA": 10825,
  "HMC.BA": 45625,
  "HMY.BA": 17000,
  "HNPIY.BA": 6140,
  "HOG.BA": 12900,
  "HON.BA": 37200,
  "HPQ.BA": 38200,
  "HSBC.BA": 43600,
  "HSY.BA": 11500,
  "HUT.BA": 179100,
  "HWM.BA": 236800,
  "IBB.BA": 6910,
  "IBIT.BA": 8580,
  "IBM.BA": 22075,
  "IBN.BA": 42850,
  "IEMG.BA": 7010,
  "IEUR.BA": 8210,
  "IFF.BA": 7500,
  "IJH.BA": 7370,
  "INFY.BA": 22875,
  "ING.BA": 10750,
  "INTC.BA": 6710,
  "IP.BA": 16550,
  "ISRG.BA": 6920,
  "ITUB.BA": 9530,
  "ITUB3.BA": 8530,
  "IVE.BA": 6880,
  "IVW.BA": 7850,
  "IWM.BA": 31875,
  "JBSS3.BA": 8320,
  "JCI.BA": 68650,
  "JD.BA": 10225,
  "JMIA.BA": 12325,
  "JNJ.BA": 15725,
  "JOYY.BA": 13825,
  "JPM.BA": 27050,
  "KB.BA": 53250,
  "KEP.BA": 18100,
  "KGC.BA": 27275,
  "KMB.BA": 28900,
  "KO.BA": 18425,
  "KOFM.BA": 58150,
  "LAC.BA": 3970,
  "LAR.BA": 4590,
  "LFC.BA": 1074.5,
  "LLY.BA": 17575,
  "LMT.BA": 30700,
  "LRCX.BA": 2500,
  "LVS.BA": 38775,
  "LYG.BA": 3000,
  "MA.BA": 24025,
  "MBG.BA": 3807.20898438,
  "MBT.BA": 650,
  "MCD.BA": 17500,
  "MDLZ.BA": 5500,
  "MDT.BA": 31000,
  "MELI.BA": 27700,
  "META.BA": 42150,
  "MFG.BA": 9000,
  "MGLU3.BA": 1945,
  "MMC.BA": 17300,
  "MMM.BA": 21175,
  "MO.BA": 22325,
  "MOS.BA": 9090,
  "MRK.BA": 22350,
  "MRNA.BA": 1745,
  "MRVL.BA": 7470,
  "MSFT.BA": 22875,
  "MSI.BA": 31625,
  "MSTR.BA": 22800,
  "MU.BA": 32875,
  "MUFG.BA": 20775,
  "MUX.BA": 7400,
  "NATU3.BA": 2255,
  "NEC1.BA": 0,
  "NEM.BA": 32675,
  "NFLX.BA": 34475,
  "NG.BA": 34650,
  "NGG.BA": 48750,
  "NIO.BA": 2185,
  "NKE.BA": 8770,
  "NLM.BA": 0,
  "NMR.BA": 9830,
  "NOKA.BA": 5770,
  "NOW.BA": 7290,
  "NSAN.BA": 1545,
  "NTCO.BA": 6200,
  "NTES.BA": 13250,
  "NU.BA": 9940,
  "NUE.BA": 12575,
  "NVDA.BA": 10150,
  "NVS.BA": 42650,
  "NXE.BA": 9970,
  "ORAN.BA": 13200,
  "ORCL.BA": 107950,
  "ORLY.BA": 634,
  "OXY.BA": 12825,
  "PAAS.BA": 14775,
  "PAC.BA": 20600,
  "PAGS.BA": 4025,
  "PANW.BA": 5150,
  "PATH.BA": 7600,
  "PBI.BA": 16275,
  "PBR.BA": 16650,
  "PCAR.BA": 45175,
  "PCRF.BA": 0,
  "PDD.BA": 6590,
  "PEP.BA": 10950,
  "PETR3.BA": 8390,
  "PFE.BA": 8270,
  "PG.BA": 13950,
  "PHG.BA": 7400,
  "PINS.BA": 7050,
  "PKS.BA": 23600,
  "PLTR.BA": 70850,
  "PM.BA": 12425,
  "PSO.BA": 0,
  "PSQ.BA": 5440,
  "PSX.BA": 29800,
  "PYPL.BA": 11750,
  "QCOM.BA": 19650,
  "QQQ.BA": 38900,
  "RACE.BA": 7770,
  "RBLX.BA": 85300,
  "RCTB4.BA": 0,
  "RGTI.BA": 11200,
  "RIO.BA": 10525,
  "RIOT.BA": 6240,
  "ROKU.BA": 10050,
  "ROST.BA": 50000,
  "RTX.BA": 43325,
  "SAN.BA": 51850,
  "SAP.BA": 61850,
  "SATL.BA": 4830,
  "SBS.BA": 59150,
  "SBSP3.BA": 26750,
  "SBUX.BA": 9840,
  "SCCO.BA": 65000,
  "SCHW.BA": 0,
  "SDA.BA": 1675,
  "SE.BA": 7780,
  "SH.BA": 6420,
  "SHEL.BA": 49725,
  "SHOP.BA": 1785,
  "SI.BA": 22.45000076,
  "SID.BA": 15575,
  "SIEGY.BA": 6695.81591797,
  "SLB.BA": 16325,
  "SLV.BA": 7970,
  "SMH.BA": 8070,
  "SMSN.BA": 13143.82421875,
  "SNA.BA": 73300,
  "SNAP.BA": 9550,
  "SNOW.BA": 10800,
  "SONY.BA": 4720,
  "SPCE.BA": 8430,
  "SPGI.BA": 16425,
  "SPOT.BA": 33150,
  "SPXL.BA": 10600,
  "SPY.BA": 43725,
  "STLA.BA": 2580,
  "STNE.BA": 7430,
  "SUZ.BA": 13200,
  "SUZB3.BA": 13075,
  "SWKS.BA": 4990,
  "SYY.BA": 13350,
  "T.BA": 12950,
  "TCOM.BA": 50300,
  "TEAM.BA": 5080,
  "TEFO.BA": 898,
  "TEM.BA": 8260,
  "TEN.BA": 48925,
  "TGT.BA": 5430,
  "TIIAY.BA": 0,
  "TIMB.BA": 28800,
  "TIMS3.BA": 5790,
  "TJX.BA": 8260,
  "TM.BA": 17750,
  "TMO.BA": 29950,
  "TMUS.BA": 10250,
  "TRIP.BA": 11475,
  "TRVV.BA": 60550,
  "TSLA.BA": 31050,
  "TSM.BA": 35575,
  "TTE.BA": 27975,
  "TTM.BA": 8651,
  "TV.BA": 1245,
  "TWLO.BA": 3980,
  "TXN.BA": 55000,
  "TXR.BA": 11125,
  "UAL.BA": 28375,
  "UBER.BA": 64600,
  "UGP.BA": 4970,
  "UL.BA": 27950,
  "UNH.BA": 12400,
  "UNP.BA": 14975,
  "UPST.BA": 19875,
  "URA.BA": 11000,
  "URBN.BA": 46950,
  "USB.BA": 13150,
  "USO.BA": 6770,
  "V.BA": 26200,
  "VALE.BA": 6890,
  "VALE3.BA": 13925,
  "VEA.BA": 7950,
  "VIG.BA": 7320,
  "VIST.BA": 17700,
  "VIV.BA": 16900,
  "VIVT3.BA": 8630,
  "VOD.BA": 16075,
  "VRSN.BA": 61100,
  "VRTX.BA": 5200,
  "VST.BA": 10175,
  "VZ.BA": 14725,
  "WBA.BA": 5360,
  "WBO.BA": 2520,
  "WEGE3.BA": 9400,
  "WFC.BA": 22025,
  "WMT.BA": 7200,
  "X.BA": 21550,
  "XLB.BA": 6900,
  "XLC.BA": 7930,
  "XLE.BA": 60600,
  "XLF.BA": 36175,
  "XLI.BA": 7390,
  "XLK.BA": 7810,
  "XLP.BA": 6770,
  "XLRE.BA": 6300,
  "XLU.BA": 7610,
  "XLV.BA": 6330,
  "XLY.BA": 7330,
  "XOM.BA": 15225,
  "XP.BA": 6250,
  "XPEV.BA": 7340,
  "XROX.BA": 5270,
  "XYZ.BA": 5420,
  "YELP.BA": 21150,
  "YZCA.BA": 0.007,
  "ZM.BA": 2305,
  "ALUA.BA": 697,
  "ALUAC.BA": 0.52100003,
  "ALUAD.BA": 0.54900002,
  "BBAR.BA": 5610,
  "BBARC.BA": 4.60739994,
  "BBARD.BA": 4.21999979,
  "BMA.BA": 7930,
  "BMA.C.BA": 7.04939985,
  "BMA.D.BA": 5.75,
  "BYMA.BA": 187,
  "BYMAC.BA": 0.13699999,
  "BYMAD.BA": 0.14300001,
  "CEPU.BA": 1460,
  "COME.BA": 44.29999924,
  "CRES.BA": 1395,
  "CRESC.BA": 0.32300001,
  "EDN.BA": 1500,
  "EDNC.BA": 1.42499995,
  "EDND.BA": 1.125,
  "GGAL.BA": 5370,
  "GGALC.BA": 4.0999999,
  "GGALD.BA": 4.01000023,
  "IRSAC.BA": 1.58000004,
  "IRSAD.BA": 1.51999998,
  "LOMA.BA": 2505,
  "LOMAD.BA": 1.89499998,
  "MIRG.BA": 19125,
  "PAMP.BA": 3675,
  "SUPV.BA": 2135,
  "SUPVD.BA": 1.61000001,
  "TECO2.BA": 2380,
  "TECOC.BA": 1.745,
  "TGN4C.BA": 2.70499992,