{
  "AAL.BA": 10330,
  "AAP.BA": 6055,
  "AAPL.BA": 23410,
  "ABBV.BA": 32820,
  "ABEV.BA": 14490,
  "ABEV3.BA": 4882.5,
  "ABNB.BA": 13380,
  "ABT.BA": 32740,
  "ACN.BA": 3562.5,
  "ACWI.BA": 9220,
  "ADBE.BA": 8740,
  "ADGO.BA": 19080,
  "ADI.BA": 43400,
  "ADP.BA": 56850,
  "ADS.BA": 3942.14794922,
  "AEG.BA": 12550,
  "AEM.BA": 43840,
  "AHP.BA": 28.79999924,
  "AI.BA": 3210,
  "AIG.BA": 21800,
  "AKO.B.BA": 44500,
  "ALAB.BA": 12170,
  "AMAT.BA": 152300,
  "AMD.BA": 80825,
  "AMGN.BA": 16710,
  "AMX.BA": 39300,
  "AMZN.BA": 2620,
  "ANET.BA": 9155,
  "ANF.BA": 113350,
  "ARCO.BA": 25400,
  "ARKK.BA": 11780,
  "ARM.BA": 22390,
  "ASML.BA": 17820,
  "ASR.BA": 22860,
  "ASTS.BA": 10900,
  "AVGO.BA": 18870,
  "AVY.BA": 13190,
  "AXIA.BA": 60925,
  "AXP.BA": 30460,
  "AZN.BA": 66550,
  "B.BA": 31900,
  "BA.BA": 13460,
  "BA.C.BA": 19300,
  "BABA.BA": 21310,
  "BAK.BA": 3002.5,
  "BAS.BA": 1770.88269043,
  "BAYN.BA": 3323.26293945,
  "BB.BA": 5330,
  "BBD.BA": 5135,
  "BBDC3.BA": 4572.5,
  "BBV.BA": 34280,
  "BCS.BA": 37140,
  "BHP.BA": 69050,
  "BIDU.BA": 18730,
  "BIIB.BA": 22140,
  "BIOX.BA": 728.5,
  "BKNG.BA": 371.75,
  "BKR.BA": 13960,
  "BMNR.BA": 3237.5,
  "BMY.BA": 27360,
  "BNG.BA": 40460,
  "BNY.BA": 105275,
  "BP.BA": 13220,
  "BPA11.BA": 16070,
  "BRFS.BA": 18200,
  "BRKB.BA": 32440,
  "BSBR.BA": 8025,
  "BSN.BA": 613.31298828,
  "BX.BA": 5520,
  "C.BA": 64925,
  "CAAP.BA": 159475,
  "CAH.BA": 98550,
  "CAJ.BA": 4045.5,
  "CAR.BA": 10140,
  "CAT.BA": 70400,
  "CBRD.BA": 459,
  "CCJ.BA": 7435,
  "CCL.BA": 13850,
  "CDE.BA": 27620,
  "CEG.BA": 9040,
  "CIBR.BA": 13940,
  "CL.BA": 43080,
  "CLS.BA": 34760,
  "COIN.BA": 9305,
  "COP.BA": 7135,
  "COPX.BA": 9815,
  "COST.BA": 30180,
  "CRM.BA": 16030,
  "CRWD.BA": 14450,
  "CRWV.BA": 6310,
  "CSCO.BA": 38700,
  "CSNA3.BA": 1987,
  "CVS.BA": 9110,
  "CVX.BA": 17910,
  "CX.BA": 19430,
  "DAL.BA": 14920,
  "DD.BA": 14590,
  "DE.BA": 22320,
  "DECK.BA": 6400,
  "DEO.BA": 19820,
  "DESP.BA": 22600,
  "DHR.BA": 4937.5,
  "DIA.BA": 38380,
  "DISN.BA": 12560,
  "DOCU.BA": 3600,
  "DOW.BA": 8930,
  "DTEA.BA": 0,
  "E.BA": 20540,
  "EA.BA": 21820,
  "EBAY.BA": 81600,
  "ECL.BA": 6960,
  "EEM.BA": 21130,
  "EFA.BA": 8755,
  "EFX.BA": 16510,
  "ELPC.BA": 51500,
  "EMBJ.BA": 83400,
  "EOAN.BA": 236.04100037,
  "EQNR.BA": 9450,
  "ERIC.BA": 10220,
  "ESGU.BA": 8325,
  "ETHA.BA": 4190,
  "ETSY.BA": 6475,
  "EWJ.BA": 10140,
  "EWY.BA": 6415,
  "EWZ.BA": 26240,
  "F.BA": 23990,
  "FCX.BA": 35620,
  "FDX.BA": 49320,
  "FISV.BA": 7305,
  "FMCC.BA": 11900,
  "FMX.BA": 30720,
  "FNMA.BA": 11300,
  "FSLR.BA": 26540,
  "FXI.BA": 10740,
  "GDX.BA": 12990,
  "GE.BA": 59500,
  "GFI.BA": 57925,
  "GGB.BA": 28740,
  "GILD.BA": 48520,
  "GLD.BA": 12300,
  "GLNG.BA": 7800,
  "GLOB.BA": 3275,
  "GLW.BA": 76450,
  "GM.BA": 20900,
  "GOOGL.BA": 9345,
  "GPRK.BA": 17240,
  "GRMN.BA": 120575,
  "GS.BA": 120425,
  "GSK.BA": 18660,
  "GT.BA": 4350,
  "HAL.BA": 30680,
  "HAPV3.BA": 3550,
  "HD.BA": 14640,
  "HDB.BA": 17900,
  "HHPD.BA": 0,
  "HIMS.BA": 9955,
  "HL.BA": 25660,
  "HMC.BA": 41700,
  "HMY.BA": 26060,
  "HNPIY.BA": 6140,
  "HOG.BA": 12160,
  "HON.BA": 44540,
  "HOOD.BA": 4350,
  "HPQ.BA": 39800,
  "HSBC.BA": 70975,
  "HSY.BA": 13420,
  "HUT.BA": 39300,
  "HWM.BA": 379025,
  "IBB.BA": 9270,
  "IBIT.BA": 5665,
  "IBM.BA": 30900,
  "IBN.BA": 38600,
  "ICLN.BA": 7030,
  "IEMG.BA": 10700,
  "IEUR.BA": 10310,
  "IFF.BA": 9080,
  "IJH.BA": 9435,
  "ILF.BA": 8575,
  "INFY.BA": 18810,
  "ING.BA": 15500,
  "INTC.BA": 34020,
  "IP.BA": 12610,
  "IREN.BA": 8385,
  "ISRG.BA": 6850,
  "ITA.BA": 6815,
  "ITUB.BA": 11540,
  "ITUB3.BA": 11980,
  "IVE.BA": 8590,
  "IVV.BA": 1660,
  "IVW.BA": 10590,
  "IWDA.BA": 0,
  "IWM.BA": 43460,
  "JBSS3.BA": 8320,
  "JCI.BA": 109475,
  "JD.BA": 11070,
  "JMIA.BA": 9940,
  "JNJ.BA": 22470,
  "JOYY.BA": 20500,
  "JPM.BA": 29920,
  "KB.BA": 78600,
  "KEEL.BA": 47160,
  "KEP.BA": 19640,
  "KGC.BA": 42920,
  "KMB.BA": 23970,
  "KO.BA": 23650,
  "KOFM.BA": 81050,
  "LAC.BA": 7955,
  "LAR.BA": 15170,
  "LFC.BA": 1074.5,
  "LLY.BA": 29220,
  "LMT.BA": 39400,
  "LND.BA": 5660,
  "LRCX.BA": 9200,
  "LREN3.BA": 4595,
  "LVS.BA": 37940,
  "LYG.BA": 4030,
  "MA.BA": 21330,
  "MBG.BA": 3807.20898438,
  "MBT.BA": 650,
  "MCD.BA": 17240,
  "MDLZ.BA": 6210,
  "MDT.BA": 29040,
  "MELI.BA": 20690,
  "META.BA": 38700,
  "MFG.BA": 14250,
  "MGLU3.BA": 1659,
  "MMM.BA": 23080,
  "MO.BA": 26640,
  "MOS.BA": 7135,
  "MP.BA": 10340,
  "MRK.BA": 35000,
  "MRNA.BA": 3695,
  "MRSH.BA": 14840,
  "MRVL.BA": 33100,
  "MSFT.BA": 21460,
  "MSI.BA": 31260,
  "MSTR.BA": 10050,
  "MU.BA": 320700,
  "MUFG.BA": 29240,
  "MUX.BA": 16270,
  "NATU3.BA": 2780,
  "NBIS.BA": 14450,
  "NEC1.BA": 0,
  "NEE.BA": 6795,
  "NEM.BA": 54475,
  "NFLX.BA": 2565,
  "NG.BA": 49100,
  "NGG.BA": 61275,
  "NIO.BA": 2166,
  "NKE.BA": 5465,
  "NLM.BA": 0,
  "NMR.BA": 12630,
  "NOKA.BA": 25720,
  "NOW.BA": 1061,
  "NSAN.BA": 1545,
  "NTCO.BA": 6200,
  "NTES.BA": 13320,
  "NU.BA": 8540,
  "NUE.BA": 24600,
  "NVDA.BA": 13620,
  "NVO.BA": 9090,
  "NVS.BA": 54175,
  "NXE.BA": 18200,
  "O.BA": 7005,
  "OKLO.BA": 3560,
  "ONDS.BA": 8835,
  "ORAN.BA": 13200,
  "ORCL.BA": 116875,
  "ORLY.BA": 590,
  "OXY.BA": 18100,
  "PAAS.BA": 27020,
  "PAC.BA": 22350,
  "PAGS.BA": 4370,
  "PANW.BA": 8500,
  "PATH.BA": 8700,
  "PBI.BA": 25120,
  "PBR.BA": 27780,
  "PCAR.BA": 58075,
  "PCRF.BA": 0,
  "PDD.BA": 5170,
  "PEP.BA": 11970,
  "PETR3.BA": 13960,
  "PFE.BA": 9570,
  "PG.BA": 14220,
  "PHG.BA": 7650,
  "PINS.BA": 4387.5,
  "PKS.BA": 34540,
  "PLTR.BA": 72950,
  "PM.BA": 14720,
  "PSO.BA": 0,
  "PSQ.BA": 4695,
  "PSX.BA": 46540,
  "PYPL.BA": 8025,
  "QCOM.BA": 34280,
  "QQQ.BA": 56200,
  "RACE.BA": 6280,
  "RBLX.BA": 32380,
  "RCTB4.BA": 0,
  "RGTI.BA": 18570,
  "RIO.BA": 20550,
  "RIOT.BA": 13990,
  "RKLB.BA": 14450,
  "ROKU.BA": 14050,
  "ROST.BA": 85550,
  "RTX.BA": 53000,
  "SAN.BA": 73875,
  "SAP.BA": 45300,
  "SATL.BA": 11970,
  "SBS.BA": 16550,
  "SBSP3.BA": 8225,
  "SBUX.BA": 12190,
  "SCCO.BA": 150050,
  "SCHW.BA": 0,
  "SDA.BA": 949,
  "SE.BA": 4345,
  "SH.BA": 6190,
  "SHEL.BA": 66150,
  "SHOP.BA": 1592,
  "SI.BA": 22.45000076,
  "SID.BA": 16380,
  "SIEGY.BA": 6695.81591797,
  "SLB.BA": 28420,
  "SLV.BA": 16680,
  "SMH.BA": 19260,
  "SMSN.BA": 13143.82421875,
  "SNA.BA": 94650,
  "SNAP.BA": 8495,
  "SNDK.BA": 15960,
  "SNOW.BA": 12410,
  "SONY.BA": 4180,
  "SPCE.BA": 13950,
  "SPGI.BA": 13670,
  "SPHQ.BA": 9310,
  "SPOT.BA": 26240,
  "SPXL.BA": 17080,
  "SPY.BA": 19010,
  "STLA.BA": 2230,
  "STNE.BA": 5270,
  "SUZ.BA": 12170,
  "SUZB3.BA": 12250,
  "SWKS.BA": 5650,
  "SYY.BA": 14070,
  "T.BA": 11850,
  "TCOM.BA": 36020,
  "TEAM.BA": 3280,
  "TEFO.BA": 727.5,
  "TEM.BA": 5900,
  "TEN.BA": 96500,
  "TGT.BA": 7845,
  "TIIAY.BA": 0,
  "TIMB.BA": 32900,
  "TIMS3.BA": 6535,
  "TJX.BA": 10900,
  "TM.BA": 18050,
  "TMO.BA": 32340,
  "TMUS.BA": 8570,
  "TQQQ.BA": 5220,
  "TRIP.BA": 8885,
  "TRVV.BA": 73350,
  "TSLA.BA": 43180,
  "TSM.BA": 74200,
  "TTE.BA": 45300,
  "TTM.BA": 8651,
  "TV.BA": 1306,
  "TWLO.BA": 9120,
  "TXN.BA": 92000,
  "TXR.BA": 18930,
  "UAL.BA": 32180,
  "UBER.BA": 53450,
  "UGP.BA": 7505,
  "UL.BA": 27920,
  "UNH.BA": 17430,
  "UNP.BA": 20050,
  "UPST.BA": 9090,
  "URA.BA": 15200,
  "URBN.BA": 54475,
  "USB.BA": 16090,
  "USO.BA": 14000,
  "V.BA": 25980,
  "VALE.BA": 12260,
  "VALE3.BA": 24310,
  "VEA.BA": 10850,
  "VIG.BA": 9125,
  "VIST.BA": 38900,
  "VIV.BA": 20020,
  "VIVT3.BA": 9730,
  "VOD.BA": 22770,
  "VRSN.BA": 75000,
  "VRTX.BA": 6335,
  "VST.BA": 9070,
  "VXX.BA": 7365,
  "VZ.BA": 17600,
  "WBA.BA": 5360,
  "WBO.BA": 1993,
  "WEGE3.BA": 12670,
  "WFC.BA": 23300,
  "WMT.BA": 9740,
  "X.BA": 21550,
  "XLB.BA": 4325,
  "XLC.BA": 8925,
  "XLE.BA": 44320,
  "XLF.BA": 38140,
  "XLI.BA": 9480,
  "XLK.BA": 6425,
  "XLP.BA": 7740,
  "XLRE.BA": 7350,
  "XLU.BA": 4460,
  "XLV.BA": 7650,
  "XLY.BA": 4115,
  "XME.BA": 6470,
  "XOM.BA": 23120,
  "XP.BA": 5895,
  "XPEV.BA": 6600,
  "XROX.BA": 4872.5,
  "XYZ.BA": 5300,
  "YELP.BA": 17620,