{
  "AAL.BA": 11890,
  "AAP.BA": 6385,
  "AAPL.BA": 22270,
  "ABBV.BA": 32920,
  "ABEV.BA": 14320,
  "ABEV3.BA": 4757.5,
  "ABNB.BA": 13910,
  "ABT.BA": 33520,
  "ACN.BA": 3337.5,
  "ACWI.BA": 9085,
  "ADBE.BA": 7120,
  "ADGO.BA": 15300,
  "ADI.BA": 43080,
  "ADP.BA": 56000,
  "ADS.BA": 3942.14794922,
  "AEG.BA": 12850,
  "AEM.BA": 43480,
  "AHP.BA": 28.79999924,
  "AI.BA": 3215,
  "AIG.BA": 22530,
  "AKO.B.BA": 41000,
  "ALAB.BA": 12720,
  "AMAT.BA": 176325,
  "AMD.BA": 78600,
  "AMGN.BA": 17320,
  "AMX.BA": 39900,
  "AMZN.BA": 2592.5,
  "ANET.BA": 8670,
  "ANF.BA": 137625,
  "ARCO.BA": 26400,
  "ARKK.BA": 11830,
  "ARM.BA": 22300,
  "ASML.BA": 18990,
  "ASR.BA": 22680,
  "ASTS.BA": 8280,
  "AVGO.BA": 14680,
  "AVY.BA": 13290,
  "AXIA.BA": 62650,
  "AXP.BA": 33540,
  "AZN.BA": 66625,
  "B.BA": 31880,
  "BA.BA": 14110,
  "BA.C.BA": 21210,
  "BABA.BA": 18220,
  "BAK.BA": 2467,
  "BAS.BA": 1770.88269043,
  "BAYN.BA": 3323.26293945,
  "BB.BA": 4520,
  "BBD.BA": 5140,
  "BBDC3.BA": 4502.5,
  "BBV.BA": 36380,
  "BCS.BA": 38960,
  "BHP.BA": 69150,
  "BIDU.BA": 15270,
  "BIIB.BA": 22270,
  "BIOX.BA": 629.5,
  "BKNG.BA": 373,
  "BKR.BA": 13700,
  "BMNR.BA": 3082.5,
  "BMY.BA": 27940,
  "BNG.BA": 36000,
  "BNY.BA": 107400,
  "BP.BA": 12300,
  "BPA11.BA": 14990,
  "BRFS.BA": 18200,
  "BRKB.BA": 33720,
  "BSBR.BA": 8045,
  "BSN.BA": 613.31298828,
  "BX.BA": 6350,
  "C.BA": 70900,
  "CAAP.BA": 165500,
  "CAH.BA": 113575,
  "CAJ.BA": 4045.5,
  "CAR.BA": 10750,
  "CAT.BA": 71075,
  "CBRD.BA": 459,
  "CCJ.BA": 6985,
  "CCL.BA": 15150,
  "CDE.BA": 28320,
  "CEG.BA": 8950,
  "CIBR.BA": 12700,
  "CL.BA": 45520,
  "CLS.BA": 28760,
  "COIN.BA": 9325,
  "COP.BA": 6590,
  "COPX.BA": 9550,
  "COST.BA": 30620,
  "CRM.BA": 13530,
  "CRWD.BA": 12850,
  "CRWV.BA": 6445,
  "CSCO.BA": 35740,
  "CSNA3.BA": 1831,
  "CVS.BA": 9970,
  "CVX.BA": 16750,
  "CX.BA": 19360,
  "DAL.BA": 15710,
  "DD.BA": 14660,
  "DE.BA": 21770,
  "DECK.BA": 6740,
  "DEO.BA": 20150,
  "DESP.BA": 22600,
  "DHR.BA": 5020,
  "DIA.BA": 38980,
  "DISN.BA": 12480,
  "DOCU.BA": 3000,
  "DOW.BA": 8065,
  "DTEA.BA": 0,
  "E.BA": 19210,
  "EA.BA": 21660,
  "EBAY.BA": 82425,
  "ECL.BA": 7335,
  "EEM.BA": 20630,
  "EFA.BA": 8690,
  "EFX.BA": 15300,
  "ELPC.BA": 52050,
  "EMBJ.BA": 90075,
  "EOAN.BA": 236.04100037,
  "EQNR.BA": 8475,
  "ERIC.BA": 9220,
  "ESGU.BA": 8155,
  "ETHA.BA": 4002.5,
  "ETSY.BA": 6840,
  "EWJ.BA": 10050,
  "EWY.BA": 6225,
  "EWZ.BA": 25660,
  "F.BA": 21890,
  "FCX.BA": 35000,
  "FDX.BA": 50400,
  "FISV.BA": 6725,
  "FMCC.BA": 11900,
  "FMX.BA": 32380,
  "FNMA.BA": 10800,
  "FSLR.BA": 22300,
  "FXI.BA": 10280,
  "GDX.BA": 12910,
  "GE.BA": 65375,
  "GFI.BA": 59275,
  "GGB.BA": 27780,
  "GILD.BA": 47260,
  "GLD.BA": 11860,
  "GLNG.BA": 7445,
  "GLOB.BA": 3055,
  "GLW.BA": 66725,
  "GM.BA": 21020,
  "GOOGL.BA": 9670,
  "GPRK.BA": 15260,
  "GRMN.BA": 117925,
  "GS.BA": 125750,
  "GSK.BA": 19430,
  "GT.BA": 4830,
  "HAL.BA": 28080,
  "HAPV3.BA": 3350,
  "HD.BA": 15670,
  "HDB.BA": 18830,
  "HHPD.BA": 0,
  "HIMS.BA": 11640,
  "HL.BA": 24940,
  "HMC.BA": 40060,
  "HMY.BA": 26520,
  "HNPIY.BA": 6140,
  "HOG.BA": 12900,
  "HON.BA": 42840,
  "HOOD.BA": 4905,
  "HPQ.BA": 36000,
  "HSBC.BA": 70950,
  "HSY.BA": 12970,
  "HUT.BA": 36620,
  "HWM.BA": 414350,
  "IBB.BA": 9435,
  "IBIT.BA": 5555,
  "IBM.BA": 26920,
  "IBN.BA": 41820,
  "ICLN.BA": 6295,
  "IEMG.BA": 10390,
  "IEUR.BA": 10260,
  "IFF.BA": 9755,
  "IJH.BA": 9525,
  "ILF.BA": 8545,
  "INFY.BA": 17940,
  "ING.BA": 15440,
  "INTC.BA": 36180,
  "IP.BA": 13650,
  "IREN.BA": 7530,
  "ISRG.BA": 7050,
  "ITA.BA": 7135,
  "ITUB.BA": 11780,
  "ITUB3.BA": 12300,
  "IVE.BA": 8580,
  "IVV.BA": 1637,
  "IVW.BA": 10340,
  "IWDA.BA": 0,
  "IWM.BA": 43820,
  "JBSS3.BA": 8320,
  "JCI.BA": 114551.046875,
  "JD.BA": 10540,
  "JMIA.BA": 10920,
  "JNJ.BA": 23200,
  "JOYY.BA": 20210,
  "JPM.BA": 32700,
  "KB.BA": 77275,
  "KEEL.BA": 44600,
  "KEP.BA": 19830,
  "KGC.BA": 41400,
  "KMB.BA": 26000,
  "KO.BA": 24000,
  "KOFM.BA": 80050,
  "LAC.BA": 6715,
  "LAR.BA": 14290,
  "LFC.BA": 1074.5,
  "LLY.BA": 30000,
  "LMT.BA": 39720,
  "LND.BA": 5530,
  "LRCX.BA": 10190,
  "LREN3.BA": 4472.5,
  "LVS.BA": 36920,
  "LYG.BA": 4132.5,
  "MA.BA": 22500,
  "MBG.BA": 3807.20898438,
  "MBT.BA": 650,
  "MCD.BA": 17890,
  "MDLZ.BA": 6085,
  "MDT.BA": 30280,
  "MELI.BA": 20870,
  "META.BA": 37220,
  "MFG.BA": 14440,
  "MGLU3.BA": 1544,
  "MMM.BA": 24130,
  "MO.BA": 26340,
  "MOS.BA": 6650,
  "MP.BA": 8535,
  "MRK.BA": 34140,
  "MRNA.BA": 4180,
  "MRSH.BA": 15600,
  "MRVL.BA": 32380,
  "MSFT.BA": 19640,
  "MSI.BA": 30120,
  "MSTR.BA": 9430,
  "MU.BA": 317500,
  "MUFG.BA": 30260,
  "MUX.BA": 15140,
  "NATU3.BA": 2555,
  "NBIS.BA": 14730,
  "NEC1.BA": 0,
  "NEE.BA": 6840,
  "NEM.BA": 53700,
  "NFLX.BA": 2455,
  "NG.BA": 49780,
  "NGG.BA": 61350,
  "NIO.BA": 1881,
  "NKE.BA": 5645,
  "NLM.BA": 0,
  "NMR.BA": 13260,
  "NOKA.BA": 20850,
  "NOW.BA": 891,
  "NSAN.BA": 1545,
  "NTCO.BA": 6200,
  "NTES.BA": 13250,
  "NU.BA": 9445,
  "NUE.BA": 24420,
  "NVDA.BA": 13070,
  "NVO.BA": 9295,
  "NVS.BA": 56225,
  "NXE.BA": 15420,
  "O.BA": 7125,
  "OKLO.BA": 3155,
  "ONDS.BA": 6915,
  "ORAN.BA": 13200,
  "ORCL.BA": 94750,
  "ORLY.BA": 593,
  "OXY.BA": 15980,
  "PAAS.BA": 25740,
  "PAC.BA": 22160,
  "PAGS.BA": 4427.5,
  "PANW.BA": 8330,
  "PATH.BA": 7830,
  "PBI.BA": 26040,
  "PBR.BA": 25580,
  "PCAR.BA": 60800,
  "PCRF.BA": 0,
  "PDD.BA": 4865,
  "PEP.BA": 12090,
  "PETR3.BA": 12860,
  "PFE.BA": 9700,
  "PG.BA": 15100,
  "PHG.BA": 7990,
  "PINS.BA": 4455,
  "PKS.BA": 32260,
  "PLTR.BA": 65175,
  "PM.BA": 15240,
  "PSO.BA": 0,
  "PSQ.BA": 4727.5,
  "PSX.BA": 42600,
  "PYPL.BA": 8070,
  "QCOM.BA": 30180,
  "QQQ.BA": 55125,
  "RACE.BA": 6645,
  "RBLX.BA": 34780,
  "RCTB4.BA": 0,
  "RGTI.BA": 15930,
  "RIO.BA": 19820,
  "RIOT.BA": 13930,
  "RKLB.BA": 13100,
  "ROKU.BA": 15980,
  "ROST.BA": 88050,
  "RTX.BA": 54850,
  "SAN.BA": 80050,
  "SAP.BA": 41420,
  "SATL.BA": 9465,
  "SBS.BA": 16710,
  "SBSP3.BA": 8240,
  "SBUX.BA": 12590,
  "SCCO.BA": 144400,
  "SCHW.BA": 0,
  "SDA.BA": 629,
  "SE.BA": 4100,
  "SH.BA": 6155,
  "SHEL.BA": 61450,
  "SHOP.BA": 1571,
  "SI.BA": 22.45000076,
  "SID.BA": 14650,
  "SIEGY.BA": 6695.81591797,
  "SLB.BA": 26900,
  "SLV.BA": 15710,
  "SMH.BA": 19000,
  "SMSN.BA": 13143.82421875,
  "SNA.BA": 97225,
  "SNAP.BA": 8235,
  "SNDK.BA": 18120,
  "SNOW.BA": 11780,
  "SONY.BA": 3807.5,
  "SPCE.BA": 9920,
  "SPCX.BA": 6295,
  "SPGI.BA": 14390,
  "SPHQ.BA": 9530,
  "SPOT.BA": 25080,
  "SPXL.BA": 16650,
  "SPY.BA": 18800,
  "STLA.BA": 2074,
  "STNE.BA": 5390,
  "SUZ.BA": 12510,
  "SUZB3.BA": 12660,
  "SWKS.BA": 5300,
  "SYY.BA": 14980,
  "T.BA": 11570,
  "TCOM.BA": 34920,
  "TEAM.BA": 2817.5,
  "TEFO.BA": 727.5,
  "TEM.BA": 6520,
  "TEN.BA": 90650,
  "TGT.BA": 8280,
  "TIIAY.BA": 0,
  "TIMB.BA": 32240,
  "TIMS3.BA": 6470,
  "TJX.BA": 11250,
  "TM.BA": 17850,
  "TMO.BA": 31980,
  "TMUS.BA": 8535,
  "TQQQ.BA": 4927.5,
  "TRIP.BA": 9310,
  "TRVV.BA": 77375,
  "TSLA.BA": 40640,
  "TSM.BA": 71850,
  "TTE.BA": 42140,
  "TTM.BA": 8651,
  "TV.BA": 1461,
  "TWLO.BA": 7925,
  "TXN.BA": 93850,
  "TXR.BA": 18640,
  "UAL.BA": 35840,
  "UBER.BA": 55400,
  "UGP.BA": 6965,
  "UL.BA": 29460,
  "UNH.BA": 18500,
  "UNP.BA": 19890,
  "UPST.BA": 9570,
  "URA.BA": 14380,
  "URBN.BA": 57475,
  "USB.BA": 17500,
  "USO.BA": 11520,
  "V.BA": 27360,
  "VALE.BA": 11960,
  "VALE3.BA": 24050,
  "VEA.BA": 10870,
  "VIG.BA": 9105,
  "VIST.BA": 34400,
  "VIV.BA": 19490,
  "VIVT3.BA": 9900,
  "VOD.BA": 22400,
  "VRSN.BA": 68450,
  "VRTX.BA": 6665,
  "VST.BA": 9110,
  "VXX.BA": 6730,
  "VZ.BA": 17450,
  "WBA.BA": 5360,
  "WBO.BA": 1870,
  "WEGE3.BA": 12520,
  "WFC.BA": 25240,
  "WMT.BA": 10110,
  "X.BA": 21550,
  "XLB.BA": 4355,
  "XLC.BA": 8775,
  "XLE.BA": 41120,
  "XLF.BA": 40480,
  "XLI.BA": 9635,
  "XLK.BA": 6155,
  "XLP.BA": 7970,
  "XLRE.BA": 7475,
  "XLU.BA": 4515,
  "XLV.BA": 7865,
  "XLY.BA": 4127.5,
  "XME.BA": 5970,
  "XOM.BA": 21080,
  "XP.BA": 5855,
  "XPEV.BA": 5215,
  "XROX.BA": 5125,
  "XYZ.BA": 5605,