{
  "AAL.BA": 8315,
  "AAP.BA": 6365,
  "AAPL.BA": 18750,
  "ABBV.BA": 32380,
  "ABEV.BA": 10150,
  "ABEV3.BA": 3385,
  "ABNB.BA": 12140,
  "ABT.BA": 49140,
  "ACN.BA": 4707.5,
  "ACWI.BA": 7760,
  "ADBE.BA": 12040,
  "ADGO.BA": 11760,
  "ADI.BA": 24170,
  "ADP.BA": 71475,
  "ADS.BA": 3942.14794922,
  "AEG.BA": 11490,
  "AEM.BA": 40080,
  "AHP.BA": 28.79999924,
  "AI.BA": 5025,
  "AIG.BA": 22940,
  "AKO.B.BA": 34500,
  "AMAT.BA": 60000,
  "AMD.BA": 23480,
  "AMGN.BA": 13380,
  "AMX.BA": 30600,
  "AMZN.BA": 2246,
  "ANF.BA": 126450,
  "ARCO.BA": 20370,
  "ARKK.BA": 12190,
  "ARM.BA": 7470,
  "ASML.BA": 9550,
  "ASR.BA": 24910,
  "AVGO.BA": 12580,
  "AVY.BA": 13120,
  "AXP.BA": 33560,
  "AZN.BA": 54175,
  "B.BA": 25220,
  "BA.BA": 13580,
  "BA.C.BA": 19230,
  "BABA.BA": 28040,
  "BAK.BA": 1933,
  "BAS.BA": 3197.76855469,
  "BAYN.BA": 3323.26293945,
  "BB.BA": 2403,
  "BBD.BA": 4812.5,
  "BBDC3.BA": 4070,
  "BBV.BA": 28400,
  "BCS.BA": 30200,
  "BHP.BA": 40280,
  "BIDU.BA": 17510,
  "BIIB.BA": 15600,
  "BIOX.BA": 2198,
  "BITF.BA": 18640,
  "BK.BA": 80650,
  "BKNG.BA": 11610,
  "BKR.BA": 9710,
  "BMY.BA": 21580,
  "BNG.BA": 24040,
  "BP.BA": 10430,
  "BPA11.BA": 13080,
  "BRFS.BA": 18200,
  "BRKB.BA": 33460,
  "BSBR.BA": 8015,
  "BSN.BA": 613.31298828,
  "C.BA": 50675,
  "CAAP.BA": 109775,
  "CAH.BA": 75200,
  "CAJ.BA": 4045.5,
  "CAR.BA": 9145,
  "CAT.BA": 34100,
  "CCL.BA": 15050,
  "CDE.BA": 27260,
  "CEG.BA": 10840,
  "CIBR.BA": 11170,
  "CL.BA": 38900,
  "CLS.BA": 17960,
  "COIN.BA": 17000,
  "COST.BA": 28100,
  "CRM.BA": 19900,
  "CSCO.BA": 19700,
  "CSNA3.BA": 2220,
  "CVS.BA": 7030,
  "CVX.BA": 14660,
  "CX.BA": 13230,
  "DAL.BA": 10500,
  "DD.BA": 22420,
  "DE.BA": 17000,
  "DECK.BA": 6215,
  "DEO.BA": 23100,
  "DESP.BA": 22600,
  "DHR.BA": 5010,
  "DIA.BA": 34040,
  "DISN.BA": 13830,
  "DOCU.BA": 5425,
  "DOW.BA": 5630,
  "DTEA.BA": 0,
  "E.BA": 13210,
  "EA.BA": 20350,
  "EBAY.BA": 67050,
  "EBR.BA": 55775,
  "EEM.BA": 15480,
  "EFA.BA": 7560,
  "EFX.BA": 22410,
  "ELP.BA": 41720,
  "EOAN.BA": 236.04100037,
  "EQNR.BA": 6030,
  "ERIC.BA": 6015,
  "ERJ.BA": 89225,
  "ETHA.BA": 8955,
  "ETSY.BA": 5855,
  "EWJ.BA": 8460,
  "EWZ.BA": 22580,
  "F.BA": 17600,
  "FCX.BA": 17560,
  "FDX.BA": 35160,
  "FMCC.BA": 0,
  "FMX.BA": 24160,
  "FNMA.BA": 39660,
  "FSLR.BA": 17920,
  "FXI.BA": 11830,
  "GDX.BA": 10930,
  "GE.BA": 54300,
  "GFI.BA": 59575,
  "GGB.BA": 17950,
  "GILD.BA": 39800,
  "GLD.BA": 10210,
  "GLOB.BA": 4740,
  "GLW.BA": 29040,
  "GM.BA": 14980,
  "GOOGL.BA": 6225,
  "GPRK.BA": 10040,
  "GRMN.BA": 117975,
  "GS.BA": 90875,
  "GSK.BA": 14620,
  "GT.BA": 5800,
  "HAL.BA": 18440,
  "HAPV3.BA": 10110,
  "HD.BA": 18490,
  "HDB.BA": 25000,
  "HHPD.BA": 0,
  "HL.BA": 17140,
  "HMC.BA": 48560,
  "HMY.BA": 26520,
  "HNPIY.BA": 6140,
  "HOG.BA": 14110,
  "HON.BA": 38200,
  "HPQ.BA": 39340,
  "HSBC.BA": 51450,
  "HSY.BA": 13120,
  "HUT.BA": 243475,
  "HWM.BA": 284050,
  "IBB.BA": 7690,
  "IBIT.BA": 9100,
  "IBM.BA": 27900,
  "IBN.BA": 45060,
  "IEMG.BA": 8005,
  "IEUR.BA": 8975,
  "IFF.BA": 7450,
  "IJH.BA": 8030,
  "INFY.BA": 24170,
  "ING.BA": 12410,
  "INTC.BA": 10440,
  "IP.BA": 16700,
  "ISRG.BA": 6920,
  "ITUB.BA": 10600,
  "ITUB3.BA": 9735,
  "IVE.BA": 7560,
  "IVW.BA": 8765,
  "IWDA.BA": 0,
  "IWM.BA": 35520,
  "JBSS3.BA": 8320,
  "JCI.BA": 108185.6171875,
  "JD.BA": 12690,
  "JMIA.BA": 16720,
  "JNJ.BA": 17630,
  "JOYY.BA": 17130,
  "JPM.BA": 31000,
  "KB.BA": 57750,
  "KEP.BA": 19090,
  "KGC.BA": 35160,
  "KMB.BA": 29980,
  "KO.BA": 19310,
  "KOFM.BA": 62200,
  "LAC.BA": 9325,
  "LAR.BA": 5195,
  "LFC.BA": 1074.5,
  "LLY.BA": 19060,
  "LMT.BA": 35780,
  "LRCX.BA": 3380,
  "LVS.BA": 39760,
  "LYG.BA": 3275,
  "MA.BA": 25120,
  "MBG.BA": 3807.20898438,
  "MBT.BA": 650,
  "MCD.BA": 18680,
  "MDLZ.BA": 6185,
  "MDT.BA": 34760,
  "MELI.BA": 30180,
  "META.BA": 45400,
  "MFG.BA": 10100,
  "MGLU3.BA": 3085,
  "MMC.BA": 17470,
  "MMM.BA": 22450,
  "MO.BA": 24180,
  "MOS.BA": 10400,
  "MRK.BA": 23010,
  "MRNA.BA": 1878,
  "MRVL.BA": 8720,
  "MSFT.BA": 25040,
  "MSI.BA": 33380,
  "MSTR.BA": 22740,
  "MU.BA": 46100,
  "MUFG.BA": 23600,
  "MUX.BA": 11450,
  "NATU3.BA": 2620,
  "NEC1.BA": 0,
  "NEM.BA": 41780,
  "NFLX.BA": 36960,
  "NG.BA": 48860,
  "NGG.BA": 52500,
  "NIO.BA": 2577.5,
  "NKE.BA": 8485,
  "NLM.BA": 0,
  "NMR.BA": 11140,
  "NOKA.BA": 6825,
  "NOW.BA": 8025,
  "NSAN.BA": 1545,
  "NTCO.BA": 6200,
  "NTES.BA": 15430,
  "NU.BA": 11570,
  "NUE.BA": 12690,
  "NVDA.BA": 10880,
  "NVS.BA": 45520,
  "NXE.BA": 14350,
  "ORAN.BA": 13200,
  "ORCL.BA": 138825,
  "ORLY.BA": 707.5,
  "OXY.BA": 13940,
  "PAAS.BA": 18710,
  "PAC.BA": 22880,
  "PAGS.BA": 4945,
  "PANW.BA": 5935,
  "PATH.BA": 8940,
  "PBI.BA": 16450,
  "PBR.BA": 19210,
  "PCAR.BA": 49280,
  "PCRF.BA": 0,
  "PDD.BA": 7655,
  "PEP.BA": 11450,
  "PETR3.BA": 9610,
  "PFE.BA": 8730,
  "PG.BA": 14910,
  "PHG.BA": 7790,
  "PINS.BA": 7095,
  "PKS.BA": 24010,
  "PLTR.BA": 86975,
  "PM.BA": 13450,
  "PSO.BA": 0,
  "PSQ.BA": 5735,
  "PSX.BA": 34220,
  "PYPL.BA": 12380,
  "QCOM.BA": 22640,
  "QQQ.BA": 43860,
  "RACE.BA": 8400,
  "RBLX.BA": 99350,
  "RCTB4.BA": 0,
  "RGTI.BA": 22850,
  "RIO.BA": 11920,
  "RIOT.BA": 8610,
  "ROKU.BA": 11310,
  "ROST.BA": 55800,
  "RTX.BA": 48100,
  "SAN.BA": 60900,
  "SAP.BA": 64550,
  "SATL.BA": 4915,
  "SBS.BA": 67250,
  "SBSP3.BA": 38180,
  "SBUX.BA": 10200,
  "SCCO.BA": 86225,
  "SCHW.BA": 0,
  "SDA.BA": 1798,
  "SE.BA": 8445,
  "SH.BA": 6825,
  "SHEL.BA": 53800,
  "SHOP.BA": 1917,
  "SI.BA": 22.45000076,
  "SID.BA": 17600,
  "SIEGY.BA": 6695.81591797,
  "SLB.BA": 17420,
  "SLV.BA": 10250,
  "SMH.BA": 9480,
  "SMSN.BA": 13143.82421875,
  "SNA.BA": 83850,
  "SNAP.BA": 12100,
  "SNOW.BA": 11000,
  "SONY.BA": 5485,
  "SPCE.BA": 10010,
  "SPGI.BA": 15940,
  "SPOT.BA": 37460,
  "SPXL.BA": 12210,
  "SPY.BA": 48620,
  "STLA.BA": 2687.5,
  "STNE.BA": 9230,
  "SUZ.BA": 13620,
  "SUZB3.BA": 13500,
  "SWKS.BA": 5860,
  "SYY.BA": 14980,
  "T.BA": 13810,
  "TCOM.BA": 55875,
  "TEAM.BA": 5230,
  "TEFO.BA": 904.5,
  "TEM.BA": 9625,
  "TEN.BA": 51825,
  "TGT.BA": 5400,
  "TIIAY.BA": 0,
  "TIMB.BA": 31680,
  "TIMS3.BA": 6240,
  "TJX.BA": 12740,
  "TM.BA": 19460,
  "TMO.BA": 31040,
  "TMUS.BA": 10210,
  "TRIP.BA": 12560,
  "TRVV.BA": 67800,
  "TSLA.BA": 42980,
  "TSM.BA": 44600,
  "TTE.BA": 30960,
  "TTM.BA": 8651,
  "TV.BA": 1310,
  "TWLO.BA": 4152.5,
  "TXN.BA": 54325,
  "TXR.BA": 12590,
  "UAL.BA": 28880,
  "UBER.BA": 70475,
  "UGP.BA": 5840,
  "UL.BA": 29100,
  "UNH.BA": 15360,
  "UNP.BA": 17220,
  "UPST.BA": 16820,
  "URA.BA": 14230,
  "URBN.BA": 53575,
  "USB.BA": 14550,
  "USO.BA": 7380,
  "V.BA": 27540,
  "VALE.BA": 7850,
  "VALE3.BA": 15540,
  "VEA.BA": 8740,
  "VIG.BA": 8130,
  "VIST.BA": 17740,
  "VIV.BA": 17990,
  "VIVT3.BA": 8770,
  "VOD.BA": 16770,
  "VRSN.BA": 68450,
  "VRTX.BA": 5630,
  "VST.BA": 11730,
  "VZ.BA": 16000,
  "WBA.BA": 5360,
  "WBO.BA": 2982.5,
  "WEGE3.BA": 9655,
  "WFC.BA": 24970,
  "WMT.BA": 8405,
  "X.BA": 21550,
  "XLB.BA": 7270,
  "XLC.BA": 9150,
  "XLE.BA": 67500,
  "XLF.BA": 39600,
  "XLI.BA": 8030,
  "XLK.BA": 8915,
  "XLP.BA": 7180,
  "XLRE.BA": 6855,
  "XLU.BA": 8505,
  "XLV.BA": 6855,
  "XLY.BA": 8215,
  "XOM.BA": 17240,
  "XP.BA": 6885,
  "XPEV.BA": 8365,
  "XROX.BA": 5470,
  "XYZ.BA": 5420,
  "YELP.BA": 21900,
  "YZCA.BA": 0.007,
  "ZM.BA": 2632.5,
  "ALUA.BA": 662.5,
  "ALUAC.BA": 0.465,
  "ALUAD.BA": 0.46599999,
  "BBAR.BA": 4322.5,
  "BBARC.BA": 3.98749995,
  "BBARD.BA": 3.04999995,
  "BMA.BA": 6570,
  "BMA.C.BA": 3.77489996,
  "BMA.D.BA": 4.57999992,
  "BYMA.BA": 182.75,
  "BYMAC.BA": 0.132,
  "BYMAD.BA": 0.12899999,
  "CEPU.BA": 1272,
  "COME.BA": 31.17000008,
  "CRES.BA": 1343,
  "CRESC.BA": 0.875,
  "EDN.BA": 1211,
  "EDNC.BA": 0.83399999,
  "EDND.BA": 0.84200001,
  "GGAL.BA": 4340,
  "GGALC.BA": 3.0999999,
  "GGALD.BA": 3.03500009,
  "IRSAC.BA": 1.17999995,
  "IRSAD.BA": 1.21000004,
  "LOMA.BA": 2243,
  "LOMAD.BA": 1.55499995,
  "MIRG.BA": 16200,
  "PAMP.BA": 3637.5,
  "SUPV.BA": 1581,
  "SUPVD.BA": 1.13,
  "TECO2.BA": 2159,