{
  "AAL.BA": 10750,
  "AAP.BA": 6100,
  "AAPL.BA": 20600,
  "ABBV.BA": 35640,
  "ABEV.BA": 10300,
  "ABEV3.BA": 3542.5,
  "ABNB.BA": 13380,
  "ABT.BA": 49520,
  "ACN.BA": 5180,
  "ACWI.BA": 8500,
  "ADBE.BA": 12600,
  "ADGO.BA": 12170,
  "ADI.BA": 24890,
  "ADP.BA": 73450,
  "ADS.BA": 3942.14794922,
  "AEG.BA": 11610,
  "AEM.BA": 42600,
  "AHP.BA": 28.79999924,
  "AI.BA": 5575,
  "AIG.BA": 24640,
  "AKO.B.BA": 36020,
  "AMAT.BA": 71800,
  "AMD.BA": 39540,
  "AMGN.BA": 15200,
  "AMX.BA": 35360,
  "AMZN.BA": 2445,
  "ANF.BA": 109850,
  "ARCO.BA": 22500,
  "ARKK.BA": 14010,
  "ARM.BA": 10090,
  "ASML.BA": 11090,
  "ASR.BA": 24000,
  "AVGO.BA": 14270,
  "AVY.BA": 15710,
  "AXP.BA": 37380,
  "AZN.BA": 65250,
  "B.BA": 25360,
  "BA.BA": 14440,
  "BA.C.BA": 20510,
  "BABA.BA": 30360,
  "BAK.BA": 2070,
  "BAS.BA": 3197.76855469,
  "BAYN.BA": 3323.26293945,
  "BB.BA": 2500,
  "BBD.BA": 5220,
  "BBDC3.BA": 4400,
  "BBV.BA": 30660,
  "BCS.BA": 32340,
  "BHP.BA": 43680,
  "BIDU.BA": 17470,
  "BIIB.BA": 18100,
  "BIOX.BA": 2917.5,
  "BITF.BA": 35840,
  "BK.BA": 84600,
  "BKNG.BA": 11560,
  "BKR.BA": 10460,
  "BMY.BA": 22830,
  "BNG.BA": 30580,
  "BP.BA": 10860,
  "BPA11.BA": 13960,
  "BRFS.BA": 18200,
  "BRKB.BA": 35060,
  "BSBR.BA": 8470,
  "BSN.BA": 613.31298828,
  "C.BA": 51550,
  "CAAP.BA": 115900,
  "CAH.BA": 84300,
  "CAJ.BA": 4045.5,
  "CAR.BA": 9420,
  "CAT.BA": 40880,
  "CCL.BA": 15340,
  "CDE.BA": 29180,
  "CEG.BA": 13470,
  "CIBR.BA": 12170,
  "CL.BA": 40740,
  "CLS.BA": 23340,
  "COIN.BA": 20570,
  "COST.BA": 30360,
  "CRM.BA": 22170,
  "CSCO.BA": 22100,
  "CSNA3.BA": 2463,
  "CVS.BA": 8540,
  "CVX.BA": 15220,
  "CX.BA": 14660,
  "DAL.BA": 11970,
  "DD.BA": 25300,
  "DE.BA": 18580,
  "DECK.BA": 5475,
  "DEO.BA": 25080,
  "DESP.BA": 22600,
  "DHR.BA": 6505,
  "DIA.BA": 36960,
  "DISN.BA": 14580,
  "DOCU.BA": 5105,
  "DOW.BA": 6435,
  "DTEA.BA": 0,
  "E.BA": 14470,
  "EA.BA": 22500,
  "EBAY.BA": 76075,
  "EBR.BA": 62525,
  "EEM.BA": 17260,
  "EFA.BA": 8290,
  "EFX.BA": 22950,
  "ELP.BA": 47300,
  "EOAN.BA": 236.04100037,
  "EQNR.BA": 6350,
  "ERIC.BA": 7435,
  "ERJ.BA": 100250,
  "ETHA.BA": 9320,
  "ETSY.BA": 7210,
  "EWJ.BA": 9250,
  "EWZ.BA": 23870,
  "F.BA": 21660,
  "FCX.BA": 21580,
  "FDX.BA": 37760,
  "FMCC.BA": 0,
  "FMX.BA": 24870,
  "FNMA.BA": 20000,
  "FSLR.BA": 20930,
  "FXI.BA": 12690,
  "GDX.BA": 11410,
  "GE.BA": 59475,
  "GFI.BA": 62800,
  "GGB.BA": 21040,
  "GILD.BA": 47300,
  "GLD.BA": 11820,
  "GLOB.BA": 5205,
  "GLW.BA": 34320,
  "GM.BA": 18090,
  "GOOGL.BA": 7000,
  "GPRK.BA": 10690,
  "GRMN.BA": 130925,
  "GS.BA": 94500,
  "GSK.BA": 16980,
  "GT.BA": 5700,
  "HAL.BA": 20780,
  "HAPV3.BA": 9425,
  "HD.BA": 18880,
  "HDB.BA": 28720,
  "HHPD.BA": 0,
  "HL.BA": 20240,
  "HMC.BA": 49460,
  "HMY.BA": 27320,
  "HNPIY.BA": 6140,
  "HOG.BA": 14790,
  "HON.BA": 42280,
  "HPQ.BA": 43200,
  "HSBC.BA": 52500,
  "HSY.BA": 13410,
  "HUT.BA": 374175,
  "HWM.BA": 311275,
  "IBB.BA": 9030,
  "IBIT.BA": 9850,
  "IBM.BA": 32120,
  "IBN.BA": 48880,
  "IEMG.BA": 8900,
  "IEUR.BA": 9885,
  "IFF.BA": 8620,
  "IJH.BA": 8640,
  "INFY.BA": 27360,
  "ING.BA": 12520,
  "INTC.BA": 12010,
  "IP.BA": 19090,
  "ISRG.BA": 9370,
  "ITA.BA": 6815,
  "ITUB.BA": 11050,
  "ITUB3.BA": 9745,
  "IVE.BA": 8240,
  "IVW.BA": 9630,
  "IWDA.BA": 0,
  "IWM.BA": 39060,
  "JBSS3.BA": 8320,
  "JCI.BA": 84050,
  "JD.BA": 12990,
  "JMIA.BA": 17030,
  "JNJ.BA": 19870,
  "JOYY.BA": 18710,
  "JPM.BA": 31340,
  "KB.BA": 63300,
  "KEP.BA": 23840,
  "KGC.BA": 37520,
  "KMB.BA": 31100,
  "KO.BA": 21870,
  "KOFM.BA": 67975,
  "LAC.BA": 10520,
  "LAR.BA": 6990,
  "LFC.BA": 1074.5,
  "LLY.BA": 23150,
  "LMT.BA": 38080,
  "LRCX.BA": 4270,
  "LREN3.BA": 4375,
  "LVS.BA": 44940,
  "LYG.BA": 3555,
  "MA.BA": 27300,
  "MBG.BA": 3807.20898438,
  "MBT.BA": 650,
  "MCD.BA": 19990,
  "MDLZ.BA": 6325,
  "MDT.BA": 36620,
  "MELI.BA": 28220,
  "META.BA": 48160,
  "MFG.BA": 10070,
  "MGLU3.BA": 2377,
  "MMC.BA": 18300,
  "MMM.BA": 26320,
  "MO.BA": 25340,
  "MOS.BA": 9425,
  "MRK.BA": 27380,
  "MRNA.BA": 2204,
  "MRVL.BA": 9455,
  "MSFT.BA": 27340,
  "MSI.BA": 34380,
  "MSTR.BA": 22640,
  "MU.BA": 68625,
  "MUFG.BA": 23110,
  "MUX.BA": 15280,
  "NATU3.BA": 2476,
  "NEC1.BA": 0,
  "NEM.BA": 43520,
  "NFLX.BA": 35700,
  "NG.BA": 53150,
  "NGG.BA": 59700,
  "NIO.BA": 2702.5,
  "NKE.BA": 9005,
  "NLM.BA": 0,
  "NMR.BA": 10860,
  "NOKA.BA": 9860,
  "NOW.BA": 8485,
  "NSAN.BA": 1545,
  "NTCO.BA": 6200,
  "NTES.BA": 16350,
  "NU.BA": 12420,
  "NUE.BA": 13540,
  "NVDA.BA": 12170,
  "NVS.BA": 51025,
  "NXE.BA": 13800,
  "ORAN.BA": 13200,
  "ORCL.BA": 147900,
  "ORLY.BA": 678.5,
  "OXY.BA": 13350,
  "PAAS.BA": 18900,
  "PAC.BA": 21320,
  "PAGS.BA": 4992.5,
  "PANW.BA": 6790,
  "PATH.BA": 12820,
  "PBI.BA": 18360,
  "PBR.BA": 18370,
  "PCAR.BA": 52200,
  "PCRF.BA": 0,
  "PDD.BA": 8355,
  "PEP.BA": 13150,
  "PETR3.BA": 9235,
  "PFE.BA": 9715,
  "PG.BA": 15950,
  "PHG.BA": 9000,
  "PINS.BA": 7605,
  "PKS.BA": 29160,
  "PLTR.BA": 96425,
  "PM.BA": 13710,
  "PSO.BA": 0,
  "PSQ.BA": 5925,
  "PSX.BA": 35220,
  "PYPL.BA": 13680,
  "QCOM.BA": 24070,
  "QQQ.BA": 48380,
  "RACE.BA": 7725,
  "RBLX.BA": 100200,
  "RCTB4.BA": 0,
  "RGTI.BA": 30420,
  "RIO.BA": 13840,
  "RIOT.BA": 11150,
  "ROKU.BA": 11720,
  "ROST.BA": 61000,
  "RTX.BA": 56150,
  "SAN.BA": 60575,
  "SAP.BA": 70175,
  "SATL.BA": 3470,
  "SBS.BA": 76350,
  "SBSP3.BA": 38160,
  "SBUX.BA": 11220,
  "SCCO.BA": 101300,
  "SCHW.BA": 0,
  "SDA.BA": 1525,
  "SE.BA": 7575,
  "SH.BA": 7145,
  "SHEL.BA": 59525,
  "SHOP.BA": 2520,
  "SI.BA": 22.45000076,
  "SID.BA": 20380,
  "SIEGY.BA": 6695.81591797,
  "SLB.BA": 18740,
  "SLV.BA": 11450,
  "SMH.BA": 11040,
  "SMSN.BA": 13143.82421875,
  "SNA.BA": 89525,
  "SNAP.BA": 12450,
  "SNOW.BA": 13510,
  "SONY.BA": 5605,
  "SPCE.BA": 12530,
  "SPGI.BA": 17050,
  "SPOT.BA": 36120,
  "SPXL.BA": 13810,
  "SPY.BA": 53100,
  "STLA.BA": 3387.5,
  "STNE.BA": 9900,
  "SUZ.BA": 14240,
  "SUZB3.BA": 14360,
  "SWKS.BA": 5460,
  "SYY.BA": 15090,
  "T.BA": 13090,
  "TCOM.BA": 57050,
  "TEAM.BA": 5395,
  "TEFO.BA": 1034,
  "TEM.BA": 11670,
  "TEN.BA": 56050,
  "TGT.BA": 6155,
  "TIIAY.BA": 0,
  "TIMB.BA": 35480,
  "TIMS3.BA": 7040,
  "TJX.BA": 10100,
  "TM.BA": 21500,
  "TMO.BA": 40720,
  "TMUS.BA": 10680,
  "TQQQ.BA": 6940,
  "TRIP.BA": 12970,
  "TRVV.BA": 70800,
  "TSLA.BA": 45140,
  "TSM.BA": 51375,
  "TTE.BA": 32540,
  "TTM.BA": 8651,
  "TV.BA": 1226,
  "TWLO.BA": 4915,
  "TXN.BA": 52975,
  "TXR.BA": 14160,
  "UAL.BA": 31040,
  "UBER.BA": 73825,
  "UGP.BA": 6090,
  "UL.BA": 32660,
  "UNH.BA": 17230,
  "UNP.BA": 17000,
  "UPST.BA": 16530,
  "URA.BA": 16190,
  "URBN.BA": 53350,
  "USB.BA": 15140,
  "USO.BA": 7660,
  "V.BA": 30260,
  "VALE.BA": 8945,
  "VALE3.BA": 18010,
  "VEA.BA": 9575,
  "VIG.BA": 8795,
  "VIST.BA": 20880,
  "VIV.BA": 19850,
  "VIVT3.BA": 9835,
  "VOD.BA": 18320,
  "VRSN.BA": 64050,
  "VRTX.BA": 6510,
  "VST.BA": 12170,
  "VXX.BA": 10320,
  "VZ.BA": 15310,
  "WBA.BA": 5360,
  "WBO.BA": 2937.5,
  "WEGE3.BA": 12160,
  "WFC.BA": 26980,
  "WMT.BA": 9255,
  "X.BA": 21550,
  "XLB.BA": 7760,
  "XLC.BA": 9550,
  "XLE.BA": 68900,
  "XLF.BA": 41640,
  "XLI.BA": 8690,
  "XLK.BA": 10030,
  "XLP.BA": 7750,
  "XLRE.BA": 7445,
  "XLU.BA": 9540,
  "XLV.BA": 7910,
  "XLY.BA": 8680,
  "XOM.BA": 18100,
  "XP.BA": 6895,
  "XPEV.BA": 8465,
  "XROX.BA": 5625,
  "XYZ.BA": 6250,
  "YELP.BA": 25960,
  "YZCA.BA": 0.007,
  "ZM.BA": 2822.5,
  "ALUA.BA": 802.5,
  "ALUAC.BA": 0.50999999,
  "ALUAD.BA": 0.51999998,
  "BBAR.BA": 5280,
  "BBARC.BA": 2.65499997,
  "BBARD.BA": 3.375,
  "BMA.BA": 9010,
  "BMA.C.BA": 5.21000004,
  "BMA.D.BA": 5.80000019,
  "BYMA.BA": 191.5,
  "BYMAC.BA": 0.125,
  "BYMAD.BA": 0.123,
  "CEPU.BA": 1499,
  "COME.BA": 33.13999939,
  "CRES.BA": 1463,
  "CRESC.BA": 0.875,
  "EDN.BA": 1509,
  "EDNC.BA": 0.78100002,
  "EDND.BA": 0.94099998,
  "GGAL.BA": 5550,
  "GGALC.BA": 3.56999993,
  "GGALD.BA": 3.5999999,
  "IRSAC.BA": 1.17999995,
  "IRSAD.BA": 1.17999995,
  "LOMA.BA": 2505,
  "LOMAD.BA": 1.61000001,
  "MIRG.BA": 15600,