{
  "AAL.BA": 9525,
  "AAP.BA": 6445,
  "AAPL.BA": 17280,
  "ABBV.BA": 32220,
  "ABEV.BA": 10220,
  "ABEV3.BA": 3502.5,
  "ABNB.BA": 12080,
  "ABT.BA": 49560,
  "ACN.BA": 4715,
  "ACWI.BA": 7735,
  "ADBE.BA": 11740,
  "ADGO.BA": 11900,
  "ADI.BA": 24190,
  "ADP.BA": 72025,
  "ADS.BA": 3942.14794922,
  "AEG.BA": 11450,
  "AEM.BA": 37880,
  "AHP.BA": 28.79999924,
  "AI.BA": 4842.5,
  "AIG.BA": 23280,
  "AKO.B.BA": 36000,
  "AMAT.BA": 49660,
  "AMD.BA": 23390,
  "AMGN.BA": 13610,
  "AMX.BA": 30000,
  "AMZN.BA": 2340,
  "ANF.BA": 129825,
  "ARCO.BA": 20080,
  "ARKK.BA": 11560,
  "ARM.BA": 8205,
  "ASML.BA": 8265,
  "ASR.BA": 25500,
  "AVGO.BA": 13680,
  "AVY.BA": 13640,
  "AXP.BA": 32140,
  "AZN.BA": 58725,
  "B.BA": 21470,
  "BA.BA": 13260,
  "BA.C.BA": 18700,
  "BABA.BA": 25420,
  "BAK.BA": 2443,
  "BAS.BA": 3197.76855469,
  "BAYN.BA": 3323.26293945,
  "BB.BA": 1893,
  "BBD.BA": 4620,
  "BBDC3.BA": 4002.5,
  "BBV.BA": 28060,
  "BCS.BA": 30420,
  "BHP.BA": 39880,
  "BIDU.BA": 15380,
  "BIIB.BA": 16460,
  "BIOX.BA": 3010,
  "BITF.BA": 16350,
  "BK.BA": 78250,
  "BKNG.BA": 11400,
  "BKR.BA": 9850,
  "BMY.BA": 22810,
  "BNG.BA": 24120,
  "BP.BA": 9985,
  "BPA11.BA": 12490,
  "BRFS.BA": 17190,
  "BRKB.BA": 33240,
  "BSBR.BA": 7905,
  "BSN.BA": 613.31298828,
  "C.BA": 48920,
  "CAAP.BA": 114050,
  "CAH.BA": 74975,
  "CAJ.BA": 4045.5,
  "CAR.BA": 8845,
  "CAT.BA": 31880,
  "CCL.BA": 15550,
  "CDE.BA": 22950,
  "CEG.BA": 10680,
  "CIBR.BA": 11100,
  "CL.BA": 40920,
  "CLS.BA": 17920,
  "COIN.BA": 17720,
  "COST.BA": 29740,
  "CRM.BA": 19880,
  "CSCO.BA": 19580,
  "CSNA3.BA": 2118,
  "CVS.BA": 7155,
  "CVX.BA": 14510,
  "CX.BA": 13740,
  "DAL.BA": 11150,
  "DD.BA": 22750,
  "DE.BA": 17450,
  "DECK.BA": 7035,
  "DEO.BA": 25100,
  "DESP.BA": 22600,
  "DHR.BA": 5180,
  "DIA.BA": 33900,
  "DISN.BA": 14250,
  "DOCU.BA": 5385,
  "DOW.BA": 6150,
  "DTEA.BA": 0,
  "E.BA": 12940,
  "EA.BA": 18220,
  "EBAY.BA": 67000,
  "EBR.BA": 51050,
  "EEM.BA": 15460,
  "EFA.BA": 7640,
  "EFX.BA": 23620,
  "ELP.BA": 39240,
  "EOAN.BA": 236.04100037,
  "EQNR.BA": 5930,
  "ERIC.BA": 5835,
  "ERJ.BA": 84725,
  "ETHA.BA": 10450,
  "ETSY.BA": 5410,
  "EWJ.BA": 8510,
  "EWZ.BA": 22210,
  "F.BA": 17300,
  "FCX.BA": 21990,
  "FDX.BA": 33980,
  "FMCC.BA": 0,
  "FMX.BA": 22750,
  "FNMA.BA": 23100,
  "FSLR.BA": 16540,
  "FXI.BA": 12000,
  "GDX.BA": 10310,
  "GE.BA": 51925,
  "GFI.BA": 55725,
  "GGB.BA": 18090,
  "GILD.BA": 42340,
  "GLD.BA": 9930,
  "GLOB.BA": 4597.5,
  "GLW.BA": 28540,
  "GM.BA": 14470,
  "GOOGL.BA": 6130,
  "GPRK.BA": 9270,
  "GRMN.BA": 117850,
  "GS.BA": 88850,
  "GSK.BA": 15090,
  "GT.BA": 6315,
  "HAL.BA": 16410,
  "HAPV3.BA": 10760,
  "HD.BA": 19520,
  "HDB.BA": 25860,
  "HHPD.BA": 0,
  "HL.BA": 16580,
  "HMC.BA": 49760,
  "HMY.BA": 22170,
  "HNPIY.BA": 6140,
  "HOG.BA": 14740,
  "HON.BA": 39020,
  "HPQ.BA": 41300,
  "HSBC.BA": 50650,
  "HSY.BA": 12960,
  "HUT.BA": 239800,
  "HWM.BA": 275500,
  "IBB.BA": 7740,
  "IBIT.BA": 9830,
  "IBM.BA": 24970,
  "IBN.BA": 47400,
  "IEMG.BA": 7955,
  "IEUR.BA": 9070,
  "IFF.BA": 8035,
  "IJH.BA": 8105,
  "INFY.BA": 25020,
  "ING.BA": 12560,
  "INTC.BA": 7125,
  "IP.BA": 17080,
  "ISRG.BA": 7350,
  "ITUB.BA": 10360,
  "ITUB3.BA": 9215,
  "IVE.BA": 7555,
  "IVW.BA": 8810,
  "IWDA.BA": 0,
  "IWM.BA": 35300,
  "JBSS3.BA": 8320,
  "JCI.BA": 75000,
  "JD.BA": 12430,
  "JMIA.BA": 14610,
  "JNJ.BA": 17530,
  "JOYY.BA": 18420,
  "JPM.BA": 30280,
  "KB.BA": 62625,
  "KEP.BA": 19860,
  "KGC.BA": 34520,
  "KMB.BA": 31700,
  "KO.BA": 19830,
  "KOFM.BA": 63275,
  "LAC.BA": 4197.5,
  "LAR.BA": 4500,
  "LFC.BA": 1074.5,
  "LLY.BA": 19950,
  "LMT.BA": 34920,
  "LRCX.BA": 3090,
  "LVS.BA": 39480,
  "LYG.BA": 3362.5,
  "MA.BA": 26000,
  "MBG.BA": 3807.20898438,
  "MBT.BA": 650,
  "MCD.BA": 18860,
  "MDLZ.BA": 6090,
  "MDT.BA": 34860,
  "MELI.BA": 28780,
  "META.BA": 46580,
  "MFG.BA": 9760,
  "MGLU3.BA": 2805,
  "MMC.BA": 18850,
  "MMM.BA": 23320,
  "MO.BA": 24620,
  "MOS.BA": 9920,
  "MRK.BA": 24560,
  "MRNA.BA": 1841,
  "MRVL.BA": 7090,
  "MSFT.BA": 25180,
  "MSI.BA": 35460,
  "MSTR.BA": 24450,
  "MU.BA": 46480,
  "MUFG.BA": 23080,
  "MUX.BA": 10200,
  "NATU3.BA": 2364,
  "NEC1.BA": 0,
  "NEM.BA": 38980,
  "NFLX.BA": 36520,
  "NG.BA": 40860,
  "NGG.BA": 52975,
  "NIO.BA": 2295,
  "NKE.BA": 8990,
  "NLM.BA": 0,
  "NMR.BA": 10970,
  "NOKA.BA": 6615,
  "NOW.BA": 7965,
  "NSAN.BA": 1545,
  "NTCO.BA": 6200,
  "NTES.BA": 16060,
  "NU.BA": 11580,
  "NUE.BA": 13040,
  "NVDA.BA": 10930,
  "NVS.BA": 46000,
  "NXE.BA": 11400,
  "ORAN.BA": 13200,
  "ORCL.BA": 144275,
  "ORLY.BA": 729.5,
  "OXY.BA": 13480,
  "PAAS.BA": 18090,
  "PAC.BA": 23500,
  "PAGS.BA": 4720,
  "PANW.BA": 5790,
  "PATH.BA": 8440,
  "PBI.BA": 16870,
  "PBR.BA": 18640,
  "PCAR.BA": 50725,
  "PCRF.BA": 0,
  "PDD.BA": 7440,
  "PEP.BA": 11820,
  "PETR3.BA": 9325,
  "PFE.BA": 8825,
  "PG.BA": 15590,
  "PHG.BA": 8330,
  "PINS.BA": 7375,
  "PKS.BA": 24950,
  "PLTR.BA": 84250,
  "PM.BA": 13870,
  "PSO.BA": 0,
  "PSQ.BA": 5920,
  "PSX.BA": 32180,
  "PYPL.BA": 12340,
  "QCOM.BA": 21740,
  "QQQ.BA": 43420,
  "RACE.BA": 8340,
  "RBLX.BA": 98625,
  "RCTB4.BA": 0,
  "RGTI.BA": 14170,
  "RIO.BA": 11540,
  "RIOT.BA": 7800,
  "ROKU.BA": 10950,
  "ROST.BA": 54500,
  "RTX.BA": 46240,
  "SAN.BA": 59600,
  "SAP.BA": 63450,
  "SATL.BA": 5665,
  "SBS.BA": 69450,
  "SBSP3.BA": 34140,
  "SBUX.BA": 10090,
  "SCCO.BA": 78775,
  "SCHW.BA": 0,
  "SDA.BA": 1967,
  "SE.BA": 9075,
  "SH.BA": 7000,
  "SHEL.BA": 52650,
  "SHOP.BA": 1975,
  "SI.BA": 22.45000076,
  "SID.BA": 17440,
  "SIEGY.BA": 6695.81591797,
  "SLB.BA": 17500,
  "SLV.BA": 9455,
  "SMH.BA": 9030,
  "SMSN.BA": 13143.82421875,
  "SNA.BA": 82425,
  "SNAP.BA": 10840,
  "SNOW.BA": 10900,
  "SONY.BA": 5400,
  "SPCE.BA": 9785,
  "SPGI.BA": 17940,
  "SPOT.BA": 36680,
  "SPXL.BA": 12030,
  "SPY.BA": 48640,
  "STLA.BA": 2755,
  "STNE.BA": 9020,
  "SUZ.BA": 14010,
  "SUZB3.BA": 13770,
  "SWKS.BA": 5000,
  "SYY.BA": 15090,
  "T.BA": 14580,
  "TCOM.BA": 54750,
  "TEAM.BA": 5495,
  "TEFO.BA": 985.5,
  "TEM.BA": 10610,
  "TEN.BA": 53000,
  "TGT.BA": 5560,
  "TIIAY.BA": 0,
  "TIMB.BA": 31480,
  "TIMS3.BA": 6095,
  "TJX.BA": 9590,
  "TM.BA": 19380,
  "TMO.BA": 32280,
  "TMUS.BA": 10600,
  "TRIP.BA": 13050,
  "TRVV.BA": 68025,
  "TSLA.BA": 38840,
  "TSM.BA": 42680,
  "TTE.BA": 30060,
  "TTM.BA": 8651,
  "TV.BA": 1400,
  "TWLO.BA": 4215,
  "TXN.BA": 53900,
  "TXR.BA": 12740,
  "UAL.BA": 31480,
  "UBER.BA": 70750,
  "UGP.BA": 5620,
  "UL.BA": 30980,
  "UNH.BA": 15840,
  "UNP.BA": 15800,
  "UPST.BA": 18670,
  "URA.BA": 12440,
  "URBN.BA": 50450,
  "USB.BA": 14480,
  "USO.BA": 7210,
  "V.BA": 27940,
  "VALE.BA": 7880,
  "VALE3.BA": 15750,
  "VEA.BA": 8860,
  "VIG.BA": 8200,
  "VIST.BA": 17630,
  "VIV.BA": 18420,
  "VIVT3.BA": 9140,
  "VOD.BA": 17490,
  "VRSN.BA": 70100,
  "VRTX.BA": 5735,
  "VST.BA": 11960,
  "VZ.BA": 16220,
  "WBA.BA": 5360,
  "WBO.BA": 3015,
  "WEGE3.BA": 10080,
  "WFC.BA": 24010,
  "WMT.BA": 8475,
  "X.BA": 21550,
  "XLB.BA": 7550,
  "XLC.BA": 9100,
  "XLE.BA": 65300,
  "XLF.BA": 39800,
  "XLI.BA": 7980,
  "XLK.BA": 8675,
  "XLP.BA": 7430,
  "XLRE.BA": 6975,
  "XLU.BA": 8450,
  "XLV.BA": 7050,
  "XLY.BA": 8175,
  "XOM.BA": 16550,
  "XP.BA": 6955,
  "XPEV.BA": 7700,
  "XROX.BA": 5435,
  "XYZ.BA": 5400,
  "YELP.BA": 22940,
  "YZCA.BA": 0.007,
  "ZM.BA": 2625,
  "ALUA.BA": 666,
  "ALUAC.BA": 0.46799999,
  "ALUAD.BA": 0.45699999,
  "BBAR.BA": 4447.5,
  "BBARC.BA": 4,
  "BBARD.BA": 3.01999998,
  "BMA.BA": 6420,
  "BMA.C.BA": 4.8499999,
  "BMA.D.BA": 4.4000001,
  "BYMA.BA": 165.25,
  "BYMAC.BA": 0.116,
  "BYMAD.BA": 0.115,
  "CEPU.BA": 1260,
  "COME.BA": 33.20999908,
  "CRES.BA": 1254,
  "CRESC.BA": 0.87,
  "EDN.BA": 1248,
  "EDNC.BA": 0.88,
  "EDND.BA": 0.83099997,
  "GGAL.BA": 4410,
  "GGALC.BA": 2.96499991,
  "GGALD.BA": 3.00999999,
  "IRSAC.BA": 1.58000004,
  "IRSAD.BA": 1.21000004,
  "LOMA.BA": 2240,
  "LOMAD.BA": 1.52499998,
  "MIRG.BA": 16925,
  "PAMP.BA": 3512.5,
  "SUPV.BA": 1614,
  "SUPVD.BA": 1.11000001,
  "TECO2.BA": 2088,
  "TECOC.BA": 1.68499994,