{
  "AAL.BA": 10980,
  "AAP.BA": 5760,
  "AAPL.BA": 21490,
  "ABBV.BA": 34800,
  "ABEV.BA": 11800,
  "ABEV3.BA": 4042.5,
  "ABNB.BA": 12050,
  "ABT.BA": 47280,
  "ACN.BA": 5470,
  "ACWI.BA": 8245,
  "ADBE.BA": 11180,
  "ADGO.BA": 12780,
  "ADI.BA": 27820,
  "ADP.BA": 65275,
  "ADS.BA": 3942.14794922,
  "AEG.BA": 11930,
  "AEM.BA": 42680,
  "AHP.BA": 28.79999924,
  "AI.BA": 4507.5,
  "AIG.BA": 23210,
  "AKO.B.BA": 42500,
  "ALAB.BA": 5205,
  "AMAT.BA": 80175,
  "AMD.BA": 32760,
  "AMGN.BA": 17340,
  "AMX.BA": 32500,
  "AMZN.BA": 2441,
  "ANF.BA": 149650,
  "ARCO.BA": 23360,
  "ARKK.BA": 12190,
  "ARM.BA": 7905,
  "ASML.BA": 11710,
  "ASR.BA": 22730,
  "ASTS.BA": 6045,
  "AVGO.BA": 14720,
  "AVY.BA": 14700,
  "AXP.BA": 37240,
  "AZN.BA": 68650,
  "B.BA": 30680,
  "BA.BA": 12690,
  "BA.C.BA": 20390,
  "BABA.BA": 26480,
  "BAK.BA": 2314,
  "BAS.BA": 3197.76855469,
  "BAYN.BA": 3323.26293945,
  "BB.BA": 2094,
  "BBD.BA": 5410,
  "BBDC3.BA": 4677.5,
  "BBV.BA": 33060,
  "BCS.BA": 35060,
  "BHP.BA": 43760,
  "BIDU.BA": 16080,
  "BIIB.BA": 21090,
  "BIOX.BA": 2413,
  "BITF.BA": 23340,
  "BK.BA": 85725,
  "BKNG.BA": 10760,
  "BKR.BA": 10660,
  "BMY.BA": 25700,
  "BNG.BA": 29100,
  "BP.BA": 11240,
  "BPA11.BA": 15790,
  "BRFS.BA": 18200,
  "BRKB.BA": 34780,
  "BSBR.BA": 9760,
  "BSN.BA": 613.31298828,
  "C.BA": 53550,
  "CAAP.BA": 160100,
  "CAH.BA": 100425,
  "CAJ.BA": 4045.5,
  "CAR.BA": 7810,
  "CAT.BA": 44520,
  "CCL.BA": 13090,
  "CDE.BA": 24580,
  "CEG.BA": 12230,
  "CIBR.BA": 11190,
  "CL.BA": 39460,
  "CLS.BA": 23550,
  "COIN.BA": 15460,
  "COST.BA": 29080,
  "CRM.BA": 19960,
  "CRWV.BA": 4355,
  "CSCO.BA": 23450,
  "CSNA3.BA": 2532.5,
  "CVS.BA": 7520,
  "CVX.BA": 14360,
  "CX.BA": 16440,
  "DAL.BA": 12700,
  "DD.BA": 12040,
  "DE.BA": 18100,
  "DECK.BA": 5765,
  "DEO.BA": 23230,
  "DESP.BA": 22600,
  "DHR.BA": 6410,
  "DIA.BA": 36280,
  "DISN.BA": 13310,
  "DOCU.BA": 4865,
  "DOW.BA": 6040,
  "DTEA.BA": 0,
  "E.BA": 14360,
  "EA.BA": 21870,
  "EBAY.BA": 62425,
  "ECL.BA": 7175,
  "EEM.BA": 16370,
  "EFA.BA": 8030,
  "EFX.BA": 19810,
  "ELP.BA": 49640,
  "EMBJ.BA": 98225,
  "EOAN.BA": 236.04100037,
  "EQNR.BA": 5860,
  "ERIC.BA": 7305,
  "ETHA.BA": 7130,
  "ETSY.BA": 5115,
  "EWJ.BA": 8925,
  "EWZ.BA": 25760,
  "F.BA": 19710,
  "FCX.BA": 22600,
  "FDX.BA": 40720,
  "FMCC.BA": 0,
  "FMX.BA": 25600,
  "FNMA.BA": 16100,
  "FSLR.BA": 21680,
  "FXI.BA": 11820,
  "GDX.BA": 12240,
  "GE.BA": 54400,
  "GFI.BA": 61825,
  "GGB.BA": 22190,
  "GILD.BA": 47080,
  "GLD.BA": 11690,
  "GLOB.BA": 5755,
  "GLW.BA": 31400,
  "GM.BA": 18710,
  "GOOGL.BA": 8335,
  "GPRK.BA": 12680,
  "GRMN.BA": 100075,
  "GS.BA": 96950,
  "GSK.BA": 18510,
  "GT.BA": 6630,
  "HAL.BA": 20620,
  "HAPV3.BA": 4187.5,
  "HD.BA": 16960,
  "HDB.BA": 27260,
  "HHPD.BA": 0,
  "HL.BA": 26400,
  "HMC.BA": 44240,
  "HMY.BA": 28720,
  "HNPIY.BA": 6140,
  "HOG.BA": 12300,
  "HON.BA": 36560,
  "HOOD.BA": 6960,
  "HPQ.BA": 38360,
  "HSBC.BA": 54250,
  "HSY.BA": 13090,
  "HUT.BA": 300675,
  "HWM.BA": 293625,
  "IBB.BA": 9650,
  "IBIT.BA": 7960,
  "IBM.BA": 30460,
  "IBN.BA": 46660,
  "IEMG.BA": 8450,
  "IEUR.BA": 9615,
  "IFF.BA": 8530,
  "IJH.BA": 8310,
  "INFY.BA": 26680,
  "ING.BA": 13280,
  "INTC.BA": 13090,
  "IP.BA": 14670,
  "IREN.BA": 5510,
  "ISRG.BA": 9410,
  "ITA.BA": 6060,
  "ITUB.BA": 11960,
  "ITUB3.BA": 11000,
  "IVE.BA": 8040,
  "IVW.BA": 9370,
  "IWDA.BA": 0,
  "IWM.BA": 37620,
  "JBSS3.BA": 8320,
  "JCI.BA": 83425,
  "JD.BA": 11240,
  "JMIA.BA": 17270,
  "JNJ.BA": 20740,
  "JOYY.BA": 18950,
  "JPM.BA": 31340,
  "KB.BA": 68050,
  "KEP.BA": 26320,
  "KGC.BA": 41100,
  "KMB.BA": 26660,
  "KO.BA": 21370,
  "KOFM.BA": 68075,
  "LAC.BA": 7940,
  "LAR.BA": 7715,
  "LFC.BA": 1074.5,
  "LLY.BA": 27880,
  "LMT.BA": 33800,
  "LRCX.BA": 4295,
  "LREN3.BA": 4530,
  "LVS.BA": 50775,
  "LYG.BA": 3892.5,
  "MA.BA": 25340,
  "MBG.BA": 3807.20898438,
  "MBT.BA": 650,
  "MCD.BA": 19390,
  "MDLZ.BA": 5640,
  "MDT.BA": 38340,
  "MELI.BA": 26620,
  "META.BA": 40580,
  "MFG.BA": 10810,
  "MGLU3.BA": 3155,
  "MMC.BA": 17380,
  "MMM.BA": 26100,
  "MO.BA": 22250,
  "MOS.BA": 7330,
  "MRK.BA": 31040,
  "MRNA.BA": 1964,
  "MRVL.BA": 10720,
  "MSFT.BA": 24320,
  "MSI.BA": 28360,
  "MSTR.BA": 14090,
  "MU.BA": 70500,
  "MUFG.BA": 23750,
  "MUX.BA": 14210,
  "NATU3.BA": 2371,
  "NEC1.BA": 0,
  "NEM.BA": 45460,
  "NFLX.BA": 3272.5,
  "NG.BA": 59575,
  "NGG.BA": 57650,
  "NIO.BA": 1801,
  "NKE.BA": 8355,
  "NLM.BA": 0,
  "NMR.BA": 11640,
  "NOKA.BA": 9430,
  "NOW.BA": 7295,
  "NSAN.BA": 1545,
  "NTCO.BA": 6200,
  "NTES.BA": 15120,
  "NU.BA": 13140,
  "NUE.BA": 15520,
  "NVDA.BA": 11380,
  "NVS.BA": 50625,
  "NXE.BA": 13900,
  "OKLO.BA": 5095,
  "ORAN.BA": 13200,
  "ORCL.BA": 104400,
  "ORLY.BA": 654.5,
  "OXY.BA": 12890,
  "PAAS.BA": 22470,
  "PAC.BA": 21930,
  "PAGS.BA": 5235,
  "PANW.BA": 5835,
  "PATH.BA": 11220,
  "PBI.BA": 14880,
  "PBR.BA": 19380,
  "PCAR.BA": 54450,
  "PCRF.BA": 0,
  "PDD.BA": 7130,
  "PEP.BA": 12440,
  "PETR3.BA": 9730,
  "PFE.BA": 9695,
  "PG.BA": 14760,
  "PHG.BA": 8470,
  "PINS.BA": 5935,
  "PKS.BA": 26880,
  "PLTR.BA": 87975,
  "PM.BA": 12790,
  "PSO.BA": 0,
  "PSQ.BA": 5660,
  "PSX.BA": 35120,
  "PYPL.BA": 11580,
  "QCOM.BA": 23890,
  "QQQ.BA": 47120,
  "RACE.BA": 7180,
  "RBLX.BA": 70075,
  "RCTB4.BA": 0,
  "RGTI.BA": 19010,
  "RIO.BA": 13990,
  "RIOT.BA": 7775,
  "RKLB.BA": 5565,
  "ROKU.BA": 10920,
  "ROST.BA": 67675,
  "RTX.BA": 50925,
  "SAN.BA": 65950,
  "SAP.BA": 61425,
  "SATL.BA": 2407,
  "SBS.BA": 79400,
  "SBSP3.BA": 40080,
  "SBUX.BA": 10930,
  "SCCO.BA": 105225,
  "SCHW.BA": 0,
  "SDA.BA": 1527,
  "SE.BA": 6385,
  "SH.BA": 6835,
  "SHEL.BA": 56575,
  "SHOP.BA": 2250,
  "SI.BA": 22.45000076,
  "SID.BA": 20770,
  "SIEGY.BA": 6695.81591797,
  "SLB.BA": 18920,
  "SLV.BA": 13350,
  "SMH.BA": 10980,
  "SMSN.BA": 13143.82421875,
  "SNA.BA": 86875,
  "SNAP.BA": 11550,
  "SNOW.BA": 13430,
  "SONY.BA": 5330,
  "SPCE.BA": 12920,
  "SPGI.BA": 16790,
  "SPHQ.BA": 8100,
  "SPOT.BA": 30180,
  "SPXL.BA": 13540,
  "SPY.BA": 51725,
  "STLA.BA": 3450,
  "STNE.BA": 8055,
  "SUZ.BA": 13910,
  "SUZB3.BA": 13800,
  "SWKS.BA": 4802.5,
  "SYY.BA": 13900,
  "T.BA": 12810,
  "TCOM.BA": 53000,
  "TEAM.BA": 5020,
  "TEFO.BA": 796.5,
  "TEM.BA": 9410,
  "TEN.BA": 61900,
  "TGT.BA": 5795,
  "TIIAY.BA": 0,
  "TIMB.BA": 34280,
  "TIMS3.BA": 7020,
  "TJX.BA": 10100,
  "TM.BA": 19630,
  "TMO.BA": 40140,
  "TMUS.BA": 9460,
  "TQQQ.BA": 3372.5,
  "TRIP.BA": 11480,
  "TRVV.BA": 71275,
  "TSLA.BA": 44900,
  "TSM.BA": 49560,
  "TTE.BA": 33580,
  "TTM.BA": 8651,
  "TV.BA": 1374,
  "TWLO.BA": 5435,
  "TXN.BA": 54750,
  "TXR.BA": 14420,
  "UAL.BA": 32500,
  "UBER.BA": 68450,
  "UGP.BA": 6315,
  "UL.BA": 29920,
  "UNH.BA": 15550,
  "UNP.BA": 17720,
  "UPST.BA": 13500,
  "URA.BA": 14010,
  "URBN.BA": 59875,
  "USB.BA": 15250,
  "USO.BA": 7105,
  "V.BA": 27840,
  "VALE.BA": 10070,
  "VALE3.BA": 20140,
  "VEA.BA": 9320,
  "VIG.BA": 8605,
  "VIST.BA": 26440,
  "VIV.BA": 19510,
  "VIVT3.BA": 9780,
  "VOD.BA": 19030,
  "VRSN.BA": 63300,
  "VRTX.BA": 6880,
  "VST.BA": 10090,
  "VXX.BA": 9510,
  "VZ.BA": 15430,
  "WBA.BA": 5360,
  "WBO.BA": 2607.5,
  "WEGE3.BA": 12940,
  "WFC.BA": 26800,
  "WMT.BA": 9610,
  "X.BA": 21550,
  "XLB.BA": 7490,
  "XLC.BA": 9160,
  "XLE.BA": 69375,
  "XLF.BA": 40460,
  "XLI.BA": 8275,
  "XLK.BA": 9530,
  "XLP.BA": 7440,
  "XLRE.BA": 6860,
  "XLU.BA": 8845,
  "XLV.BA": 8075,
  "XLY.BA": 8390,
  "XOM.BA": 17820,
  "XP.BA": 7295,
  "XPEV.BA": 7045,
  "XROX.BA": 4142.5,
  "XYZ.BA": 4627.5,
  "YELP.BA": 22640,
  "YZCA.BA": 0.007,
  "ZM.BA": 2750,
  "ALUA.BA": 1072,
  "ALUAC.BA": 0.69,
  "ALUAD.BA": 0.73000002,
  "BBAR.BA": 8645,
  "BBARC.BA": 2.63070011,
  "BBARD.BA": 5.86999989,
  "BMA.BA": 13200,
  "BMA.C.BA": 7.80159998,
  "BMA.D.BA": 8.93000031,
  "BYMA.BA": 303.75,
  "BYMAC.BA": 0.205,
  "BYMAD.BA": 0.205,
  "CEPU.BA": 2700,
  "COME.BA": 74.19999695,
  "CRES.BA": 1785,
  "CRESC.BA": 1.11500001,
  "EDN.BA": 2717.5,
  "EDNC.BA": 1.66999996,
  "EDND.BA": 1.82000005,
  "GGAL.BA": 8105,