{
  "AAL.BA": 8665,
  "AAP.BA": 6735,
  "AAPL.BA": 19600,
  "ABBV.BA": 35740,
  "ABEV.BA": 10240,
  "ABEV3.BA": 3432.5,
  "ABNB.BA": 12480,
  "ABT.BA": 51725,
  "ACN.BA": 5065,
  "ACWI.BA": 8215,
  "ADBE.BA": 12330,
  "ADGO.BA": 12020,
  "ADI.BA": 25120,
  "ADP.BA": 75425,
  "ADS.BA": 3942.14794922,
  "AEG.BA": 12270,
  "AEM.BA": 43100,
  "AHP.BA": 28.79999924,
  "AI.BA": 5350,
  "AIG.BA": 24250,
  "AKO.B.BA": 34520,
  "AMAT.BA": 62925,
  "AMD.BA": 24830,
  "AMGN.BA": 14530,
  "AMX.BA": 32360,
  "AMZN.BA": 2355,
  "ANF.BA": 131425,
  "ARCO.BA": 20700,
  "ARKK.BA": 13330,
  "ARM.BA": 8070,
  "ASML.BA": 10220,
  "ASR.BA": 24370,
  "AVGO.BA": 13010,
  "AVY.BA": 13920,
  "AXP.BA": 34200,
  "AZN.BA": 59175,
  "B.BA": 25180,
  "BA.BA": 13830,
  "BA.C.BA": 19890,
  "BABA.BA": 30560,
  "BAK.BA": 1882,
  "BAS.BA": 3197.76855469,
  "BAYN.BA": 3323.26293945,
  "BB.BA": 2480,
  "BBD.BA": 5165,
  "BBDC3.BA": 4425,
  "BBV.BA": 29760,
  "BCS.BA": 31900,
  "BHP.BA": 42940,
  "BIDU.BA": 18440,
  "BIIB.BA": 16600,
  "BIOX.BA": 2134,
  "BITF.BA": 21820,
  "BK.BA": 83700,
  "BKNG.BA": 11730,
  "BKR.BA": 10700,
  "BMY.BA": 23140,
  "BNG.BA": 24940,
  "BP.BA": 10570,
  "BPA11.BA": 13600,
  "BRFS.BA": 18200,
  "BRKB.BA": 35300,
  "BSBR.BA": 8640,
  "BSN.BA": 613.31298828,
  "C.BA": 51925,
  "CAAP.BA": 111525,
  "CAH.BA": 80175,
  "CAJ.BA": 4045.5,
  "CAR.BA": 9450,
  "CAT.BA": 36600,
  "CCL.BA": 14890,
  "CDE.BA": 28600,
  "CEG.BA": 11300,
  "CIBR.BA": 11780,
  "CL.BA": 41200,
  "CLS.BA": 19000,
  "COIN.BA": 19250,
  "COST.BA": 29680,
  "CRM.BA": 20320,
  "CSCO.BA": 21100,
  "CSNA3.BA": 2293,
  "CVS.BA": 7590,
  "CVX.BA": 14980,
  "CX.BA": 13780,
  "DAL.BA": 10790,
  "DD.BA": 23440,
  "DE.BA": 17640,
  "DECK.BA": 6260,
  "DEO.BA": 24530,
  "DESP.BA": 22600,
  "DHR.BA": 5655,
  "DIA.BA": 35640,
  "DISN.BA": 14730,
  "DOCU.BA": 5075,
  "DOW.BA": 5850,
  "DTEA.BA": 0,
  "E.BA": 13500,
  "EA.BA": 22120,
  "EBAY.BA": 69850,
  "EBR.BA": 61200,
  "EEM.BA": 16490,
  "EFA.BA": 8010,
  "EFX.BA": 24610,
  "ELP.BA": 45200,
  "EOAN.BA": 236.04100037,
  "EQNR.BA": 6425,
  "ERIC.BA": 6350,
  "ERJ.BA": 92875,
  "ETHA.BA": 9705,
  "ETSY.BA": 6405,
  "EWJ.BA": 8855,
  "EWZ.BA": 23840,
  "F.BA": 18480,
  "FCX.BA": 20100,
  "FDX.BA": 36080,
  "FMCC.BA": 0,
  "FMX.BA": 25240,
  "FNMA.BA": 56000,
  "FSLR.BA": 18870,
  "FXI.BA": 12710,
  "GDX.BA": 11780,
  "GE.BA": 58050,
  "GFI.BA": 64925,
  "GGB.BA": 19000,
  "GILD.BA": 42900,
  "GLD.BA": 10970,
  "GLOB.BA": 4932.5,
  "GLW.BA": 31720,
  "GM.BA": 15600,
  "GOOGL.BA": 6440,
  "GPRK.BA": 9810,
  "GRMN.BA": 125900,
  "GS.BA": 93950,
  "GSK.BA": 16680,
  "GT.BA": 5750,
  "HAL.BA": 18980,
  "HAPV3.BA": 10390,
  "HD.BA": 19460,
  "HDB.BA": 26200,
  "HHPD.BA": 0,
  "HL.BA": 18540,
  "HMC.BA": 47460,
  "HMY.BA": 27960,
  "HNPIY.BA": 6140,
  "HOG.BA": 14280,
  "HON.BA": 40480,
  "HPQ.BA": 41960,
  "HSBC.BA": 54500,
  "HSY.BA": 13750,
  "HUT.BA": 267425,
  "HWM.BA": 300700,
  "IBB.BA": 8255,
  "IBIT.BA": 10040,
  "IBM.BA": 29020,
  "IBN.BA": 46540,
  "IEMG.BA": 8490,
  "IEUR.BA": 9565,
  "IFF.BA": 7880,
  "IJH.BA": 8405,
  "INFY.BA": 24930,
  "ING.BA": 13330,
  "INTC.BA": 10280,
  "IP.BA": 17840,
  "ISRG.BA": 7770,
  "ITA.BA": 6475,
  "ITUB.BA": 11260,
  "ITUB3.BA": 10010,
  "IVE.BA": 7930,
  "IVW.BA": 9315,
  "IWDA.BA": 0,
  "IWM.BA": 37280,
  "JBSS3.BA": 8320,
  "JCI.BA": 108185.6171875,
  "JD.BA": 13450,
  "JMIA.BA": 17740,
  "JNJ.BA": 19030,
  "JOYY.BA": 17830,
  "JPM.BA": 32360,
  "KB.BA": 63900,
  "KEP.BA": 19910,
  "KGC.BA": 38080,
  "KMB.BA": 31880,
  "KO.BA": 20450,
  "KOFM.BA": 64450,
  "LAC.BA": 8745,
  "LAR.BA": 5145,
  "LFC.BA": 1074.5,
  "LLY.BA": 20980,
  "LMT.BA": 38320,
  "LRCX.BA": 3697.5,
  "LVS.BA": 40980,
  "LYG.BA": 3472.5,
  "MA.BA": 26640,
  "MBG.BA": 3807.20898438,
  "MBT.BA": 650,
  "MCD.BA": 19520,
  "MDLZ.BA": 6400,
  "MDT.BA": 36680,
  "MELI.BA": 29940,
  "META.BA": 46960,
  "MFG.BA": 10090,
  "MGLU3.BA": 2787.5,
  "MMC.BA": 19400,
  "MMM.BA": 23900,
  "MO.BA": 25540,
  "MOS.BA": 10600,
  "MRK.BA": 25800,
  "MRNA.BA": 2105,
  "MRVL.BA": 9175,
  "MSFT.BA": 26580,
  "MSI.BA": 35340,
  "MSTR.BA": 24800,
  "MU.BA": 51275,
  "MUFG.BA": 24600,
  "MUX.BA": 13080,
  "NATU3.BA": 2645,
  "NEC1.BA": 0,
  "NEM.BA": 43300,
  "NFLX.BA": 38360,
  "NG.BA": 54600,
  "NGG.BA": 55700,
  "NIO.BA": 2925,
  "NKE.BA": 8980,
  "NLM.BA": 0,
  "NMR.BA": 11190,
  "NOKA.BA": 7460,
  "NOW.BA": 8265,
  "NSAN.BA": 1545,
  "NTCO.BA": 6200,
  "NTES.BA": 16770,
  "NU.BA": 12290,
  "NUE.BA": 12930,
  "NVDA.BA": 11980,
  "NVS.BA": 49140,
  "NXE.BA": 13460,
  "ORAN.BA": 13200,
  "ORCL.BA": 143650,
  "ORLY.BA": 749.5,
  "OXY.BA": 14600,
  "PAAS.BA": 19800,
  "PAC.BA": 22650,
  "PAGS.BA": 5110,
  "PANW.BA": 6285,
  "PATH.BA": 10300,
  "PBI.BA": 17650,
  "PBR.BA": 19430,
  "PCAR.BA": 50400,
  "PCRF.BA": 0,
  "PDD.BA": 8175,
  "PEP.BA": 12010,
  "PETR3.BA": 9540,
  "PFE.BA": 9780,
  "PG.BA": 15810,
  "PHG.BA": 8410,
  "PINS.BA": 7045,
  "PKS.BA": 25300,
  "PLTR.BA": 93425,
  "PM.BA": 13880,
  "PSO.BA": 0,
  "PSQ.BA": 5980,
  "PSX.BA": 34800,
  "PYPL.BA": 12860,
  "QCOM.BA": 23220,
  "QQQ.BA": 46260,
  "RACE.BA": 9010,
  "RBLX.BA": 106950,
  "RCTB4.BA": 0,
  "RGTI.BA": 22830,
  "RIO.BA": 12690,
  "RIOT.BA": 9755,
  "ROKU.BA": 11840,
  "ROST.BA": 58550,
  "RTX.BA": 51575,
  "SAN.BA": 64500,
  "SAP.BA": 68525,
  "SATL.BA": 5015,
  "SBS.BA": 76225,
  "SBSP3.BA": 36660,
  "SBUX.BA": 10870,
  "SCCO.BA": 93525,
  "SCHW.BA": 0,
  "SDA.BA": 1902,
  "SE.BA": 8605,
  "SH.BA": 7095,
  "SHEL.BA": 54900,
  "SHOP.BA": 2145,
  "SI.BA": 22.45000076,
  "SID.BA": 18540,
  "SIEGY.BA": 6695.81591797,
  "SLB.BA": 17680,
  "SLV.BA": 10880,
  "SMH.BA": 10080,
  "SMSN.BA": 13143.82421875,
  "SNA.BA": 89125,
  "SNAP.BA": 11890,
  "SNOW.BA": 11610,
  "SONY.BA": 5560,
  "SPCE.BA": 11890,
  "SPGI.BA": 16700,
  "SPOT.BA": 38480,
  "SPXL.BA": 13100,
  "SPY.BA": 51325,
  "STLA.BA": 2852.5,
  "STNE.BA": 9740,
  "SUZ.BA": 14360,
  "SUZB3.BA": 13500,
  "SWKS.BA": 5695,
  "SYY.BA": 15830,
  "T.BA": 14480,
  "TCOM.BA": 58125,
  "TEAM.BA": 5245,
  "TEFO.BA": 973.5,
  "TEM.BA": 10330,
  "TEN.BA": 55175,
  "TGT.BA": 5770,
  "TIIAY.BA": 0,
  "TIMB.BA": 34340,
  "TIMS3.BA": 6825,
  "TJX.BA": 10400,
  "TM.BA": 19600,
  "TMO.BA": 34020,
  "TMUS.BA": 11000,
  "TQQQ.BA": 6385,
  "TRIP.BA": 12520,
  "TRVV.BA": 69975,
  "TSLA.BA": 45500,
  "TSM.BA": 47720,
  "TTE.BA": 30720,
  "TTM.BA": 8651,
  "TV.BA": 1373,
  "TWLO.BA": 4305,
  "TXN.BA": 56500,
  "TXR.BA": 13380,
  "UAL.BA": 29580,
  "UBER.BA": 75350,
  "UGP.BA": 6350,
  "UL.BA": 30500,
  "UNH.BA": 16120,
  "UNP.BA": 18110,
  "UPST.BA": 15650,
  "URA.BA": 14870,
  "URBN.BA": 54975,
  "USB.BA": 14830,
  "USO.BA": 7600,
  "V.BA": 29240,
  "VALE.BA": 8375,
  "VALE3.BA": 16680,
  "VEA.BA": 9255,
  "VIG.BA": 8550,
  "VIST.BA": 17640,
  "VIV.BA": 19670,
  "VIVT3.BA": 9705,
  "VOD.BA": 17820,
  "VRSN.BA": 71475,
  "VRTX.BA": 5985,
  "VST.BA": 11650,
  "VXX.BA": 10210,
  "VZ.BA": 16950,
  "WBA.BA": 5360,
  "WBO.BA": 3200,
  "WEGE3.BA": 9655,
  "WFC.BA": 25800,
  "WMT.BA": 8815,
  "X.BA": 21550,
  "XLB.BA": 7695,
  "XLC.BA": 9625,
  "XLE.BA": 68750,
  "XLF.BA": 41560,
  "XLI.BA": 8500,
  "XLK.BA": 9435,
  "XLP.BA": 7555,
  "XLRE.BA": 7190,
  "XLU.BA": 8975,
  "XLV.BA": 7415,
  "XLY.BA": 8610,
  "XOM.BA": 17420,
  "XP.BA": 7215,
  "XPEV.BA": 9070,
  "XROX.BA": 5750,
  "XYZ.BA": 5550,
  "YELP.BA": 23930,
  "YZCA.BA": 0.007,
  "ZM.BA": 2700,
  "ALUA.BA": 696,
  "ALUAC.BA": 0.456,
  "ALUAD.BA": 0.46799999,
  "BBAR.BA": 4247.5,
  "BBARC.BA": 3.98749995,
  "BBARD.BA": 2.98000002,
  "BMA.BA": 6445,
  "BMA.C.BA": 3.77489996,
  "BMA.D.BA": 4.2249999,
  "BYMA.BA": 178.5,
  "BYMAC.BA": 0.132,
  "BYMAD.BA": 0.119,
  "CEPU.BA": 1236,
  "COME.BA": 29.89999962,
  "CRES.BA": 1413,
  "CRESC.BA": 0.875,
  "EDN.BA": 1191,
  "EDNC.BA": 0.83399999,
  "EDND.BA": 0.77499998,
  "GGAL.BA": 4250,
  "GGALC.BA": 2.81500006,
  "GGALD.BA": 2.82999992,
  "IRSAC.BA": 1.17999995,
  "IRSAD.BA": 1.20500004,
  "LOMA.BA": 2255,
  "LOMAD.BA": 1.5,
  "MIRG.BA": 15050,
  "PAMP.BA": 3682.5,