{
  "AAL.BA": 9340,
  "AAP.BA": 6865,
  "AAPL.BA": 17620,
  "ABBV.BA": 32520,
  "ABEV.BA": 10470,
  "ABEV3.BA": 3592.5,
  "ABNB.BA": 11940,
  "ABT.BA": 48900,
  "ACN.BA": 4740,
  "ACWI.BA": 7900,
  "ADBE.BA": 11800,
  "ADGO.BA": 12060,
  "ADI.BA": 24340,
  "ADP.BA": 72075,
  "ADS.BA": 3942.14794922,
  "AEG.BA": 11610,
  "AEM.BA": 38280,
  "AHP.BA": 28.79999924,
  "AI.BA": 5245,
  "AIG.BA": 22990,
  "AKO.B.BA": 37140,
  "AMAT.BA": 51025,
  "AMD.BA": 24040,
  "AMGN.BA": 13600,
  "AMX.BA": 30580,
  "AMZN.BA": 2407,
  "ANF.BA": 130325,
  "ARCO.BA": 20230,
  "ARKK.BA": 11920,
  "ARM.BA": 8360,
  "ASML.BA": 8855,
  "ASR.BA": 25380,
  "AVGO.BA": 13910,
  "AVY.BA": 13680,
  "AXP.BA": 32600,
  "AZN.BA": 58250,
  "B.BA": 21630,
  "BA.BA": 13420,
  "BA.C.BA": 18890,
  "BABA.BA": 26180,
  "BAK.BA": 2470,
  "BAS.BA": 3197.76855469,
  "BAYN.BA": 3323.26293945,
  "BB.BA": 1987,
  "BBD.BA": 4767.5,
  "BBDC3.BA": 4100,
  "BBV.BA": 28460,
  "BCS.BA": 31380,
  "BHP.BA": 41080,
  "BIDU.BA": 15600,
  "BIIB.BA": 16470,
  "BIOX.BA": 2937.5,
  "BITF.BA": 18410,
  "BK.BA": 79150,
  "BKNG.BA": 11740,
  "BKR.BA": 9850,
  "BMY.BA": 23110,
  "BNG.BA": 24020,
  "BP.BA": 10220,
  "BPA11.BA": 12490,
  "BRFS.BA": 17610,
  "BRKB.BA": 33460,
  "BSBR.BA": 8110,
  "BSN.BA": 613.31298828,
  "C.BA": 49760,
  "CAAP.BA": 115300,
  "CAH.BA": 74825,
  "CAJ.BA": 4045.5,
  "CAR.BA": 8750,
  "CAT.BA": 32520,
  "CCL.BA": 15590,
  "CDE.BA": 25280,
  "CEG.BA": 11000,
  "CIBR.BA": 11380,
  "CL.BA": 40900,
  "CLS.BA": 18450,
  "COIN.BA": 18140,
  "COST.BA": 29840,
  "CRM.BA": 20140,
  "CSCO.BA": 20000,
  "CSNA3.BA": 2216,
  "CVS.BA": 7160,
  "CVX.BA": 14690,
  "CX.BA": 14210,
  "DAL.BA": 10950,
  "DD.BA": 23000,
  "DE.BA": 17590,
  "DECK.BA": 7085,
  "DEO.BA": 25100,
  "DESP.BA": 22600,
  "DHR.BA": 5150,
  "DIA.BA": 34440,
  "DISN.BA": 14350,
  "DOCU.BA": 5525,
  "DOW.BA": 6030,
  "DTEA.BA": 0,
  "E.BA": 13080,
  "EA.BA": 18360,
  "EBAY.BA": 67250,
  "EBR.BA": 53625,
  "EEM.BA": 15750,
  "EFA.BA": 7770,
  "EFX.BA": 24000,
  "ELP.BA": 39240,
  "EOAN.BA": 236.04100037,
  "EQNR.BA": 6100,
  "ERIC.BA": 5860,
  "ERJ.BA": 85125,
  "ETHA.BA": 10180,
  "ETSY.BA": 5400,
  "EWJ.BA": 8680,
  "EWZ.BA": 22770,
  "F.BA": 17410,
  "FCX.BA": 22670,
  "FDX.BA": 33940,
  "FMCC.BA": 0,
  "FMX.BA": 23450,
  "FNMA.BA": 23500,
  "FSLR.BA": 17130,
  "FXI.BA": 12210,
  "GDX.BA": 10540,
  "GE.BA": 53450,
  "GFI.BA": 58225,
  "GGB.BA": 18700,
  "GILD.BA": 41900,
  "GLD.BA": 10110,
  "GLOB.BA": 4577.5,
  "GLW.BA": 29000,
  "GM.BA": 14610,
  "GOOGL.BA": 6460,
  "GPRK.BA": 9265,
  "GRMN.BA": 116900,
  "GS.BA": 90700,
  "GSK.BA": 15060,
  "GT.BA": 6370,
  "HAL.BA": 16240,
  "HAPV3.BA": 10450,
  "HD.BA": 19700,
  "HDB.BA": 26180,
  "HHPD.BA": 0,
  "HL.BA": 17580,
  "HMC.BA": 50200,
  "HMY.BA": 22460,
  "HNPIY.BA": 6140,
  "HOG.BA": 14850,
  "HON.BA": 39480,
  "HPQ.BA": 41400,
  "HSBC.BA": 51550,
  "HSY.BA": 13170,
  "HUT.BA": 253575,
  "HWM.BA": 281125,
  "IBB.BA": 7780,
  "IBIT.BA": 9800,
  "IBM.BA": 25580,
  "IBN.BA": 47740,
  "IEMG.BA": 8110,
  "IEUR.BA": 9235,
  "IFF.BA": 8045,
  "IJH.BA": 8160,
  "INFY.BA": 25240,
  "ING.BA": 12720,
  "INTC.BA": 7405,
  "IP.BA": 16960,
  "ISRG.BA": 7385,
  "ITUB.BA": 10710,
  "ITUB3.BA": 9500,
  "IVE.BA": 7615,
  "IVW.BA": 8965,
  "IWDA.BA": 0,
  "IWM.BA": 35620,
  "JBSS3.BA": 8320,
  "JCI.BA": 75000,
  "JD.BA": 12590,
  "JMIA.BA": 14610,
  "JNJ.BA": 17660,
  "JOYY.BA": 18620,
  "JPM.BA": 30740,
  "KB.BA": 64000,
  "KEP.BA": 20030,
  "KGC.BA": 34760,
  "KMB.BA": 31240,
  "KO.BA": 19780,
  "KOFM.BA": 65225,
  "LAC.BA": 4727.5,
  "LAR.BA": 4800,
  "LFC.BA": 1074.5,
  "LLY.BA": 19970,
  "LMT.BA": 35340,
  "LRCX.BA": 3160,
  "LVS.BA": 39020,
  "LYG.BA": 3450,
  "MA.BA": 26380,
  "MBG.BA": 3807.20898438,
  "MBT.BA": 650,
  "MCD.BA": 18800,
  "MDLZ.BA": 6155,
  "MDT.BA": 34780,
  "MELI.BA": 29160,
  "META.BA": 47620,
  "MFG.BA": 9920,
  "MGLU3.BA": 2897.5,
  "MMC.BA": 18600,
  "MMM.BA": 23460,
  "MO.BA": 24180,
  "MOS.BA": 10180,
  "MRK.BA": 24260,
  "MRNA.BA": 1875,
  "MRVL.BA": 7150,
  "MSFT.BA": 25680,
  "MSI.BA": 35980,
  "MSTR.BA": 24460,
  "MU.BA": 47000,
  "MUFG.BA": 23170,
  "MUX.BA": 10570,
  "NATU3.BA": 2520,
  "NEC1.BA": 0,
  "NEM.BA": 39560,
  "NFLX.BA": 37360,
  "NG.BA": 43760,
  "NGG.BA": 53375,
  "NIO.BA": 2417,
  "NKE.BA": 9095,
  "NLM.BA": 0,
  "NMR.BA": 11150,
  "NOKA.BA": 6720,
  "NOW.BA": 8270,
  "NSAN.BA": 1545,
  "NTCO.BA": 6200,
  "NTES.BA": 16480,
  "NU.BA": 11850,
  "NUE.BA": 13130,
  "NVDA.BA": 11030,
  "NVS.BA": 45600,
  "NXE.BA": 12050,
  "ORAN.BA": 13200,
  "ORCL.BA": 150500,
  "ORLY.BA": 723,
  "OXY.BA": 13570,
  "PAAS.BA": 18590,
  "PAC.BA": 23290,
  "PAGS.BA": 4840,
  "PANW.BA": 5965,
  "PATH.BA": 8655,
  "PBI.BA": 16960,
  "PBR.BA": 19180,
  "PCAR.BA": 50975,
  "PCRF.BA": 0,
  "PDD.BA": 7645,
  "PEP.BA": 11660,
  "PETR3.BA": 9685,
  "PFE.BA": 8960,
  "PG.BA": 15600,
  "PHG.BA": 8370,
  "PINS.BA": 7695,
  "PKS.BA": 25920,
  "PLTR.BA": 85400,
  "PM.BA": 13470,
  "PSO.BA": 0,
  "PSQ.BA": 5930,
  "PSX.BA": 32400,
  "PYPL.BA": 12530,
  "QCOM.BA": 21850,
  "QQQ.BA": 44260,
  "RACE.BA": 8565,
  "RBLX.BA": 103175,
  "RCTB4.BA": 0,
  "RGTI.BA": 14330,
  "RIO.BA": 11870,
  "RIOT.BA": 8310,
  "ROKU.BA": 10800,
  "ROST.BA": 54500,
  "RTX.BA": 47280,
  "SAN.BA": 60375,
  "SAP.BA": 62875,
  "SATL.BA": 5625,
  "SBS.BA": 71600,
  "SBSP3.BA": 35760,
  "SBUX.BA": 10310,
  "SCCO.BA": 82100,
  "SCHW.BA": 0,
  "SDA.BA": 1959,
  "SE.BA": 8935,
  "SH.BA": 7025,
  "SHEL.BA": 53325,
  "SHOP.BA": 2051,
  "SI.BA": 22.45000076,
  "SID.BA": 18050,
  "SIEGY.BA": 6695.81591797,
  "SLB.BA": 17380,
  "SLV.BA": 9685,
  "SMH.BA": 9200,
  "SMSN.BA": 13143.82421875,
  "SNA.BA": 84375,
  "SNAP.BA": 11190,
  "SNOW.BA": 11180,
  "SONY.BA": 5475,
  "SPCE.BA": 9750,
  "SPGI.BA": 18120,
  "SPOT.BA": 37480,
  "SPXL.BA": 12340,
  "SPY.BA": 49400,
  "STLA.BA": 2857.5,
  "STNE.BA": 9255,
  "SUZ.BA": 14250,
  "SUZB3.BA": 13920,
  "SWKS.BA": 5000,
  "SYY.BA": 14930,
  "T.BA": 14710,
  "TCOM.BA": 55550,
  "TEAM.BA": 5555,
  "TEFO.BA": 1008,
  "TEM.BA": 10630,
  "TEN.BA": 53400,
  "TGT.BA": 5530,
  "TIIAY.BA": 0,
  "TIMB.BA": 31860,
  "TIMS3.BA": 6095,
  "TJX.BA": 9630,
  "TM.BA": 19640,
  "TMO.BA": 32260,
  "TMUS.BA": 11000,
  "TRIP.BA": 13880,
  "TRVV.BA": 68250,
  "TSLA.BA": 40840,
  "TSM.BA": 43160,
  "TTE.BA": 30820,
  "TTM.BA": 8651,
  "TV.BA": 1396,
  "TWLO.BA": 4310,
  "TXN.BA": 53200,
  "TXR.BA": 13000,
  "UAL.BA": 31160,
  "UBER.BA": 73750,
  "UGP.BA": 5770,
  "UL.BA": 30960,
  "UNH.BA": 15780,
  "UNP.BA": 16080,
  "UPST.BA": 20040,
  "URA.BA": 13770,
  "URBN.BA": 52850,
  "USB.BA": 14650,
  "USO.BA": 7365,
  "V.BA": 28160,
  "VALE.BA": 8090,
  "VALE3.BA": 16250,
  "VEA.BA": 9005,
  "VIG.BA": 8280,
  "VIST.BA": 17620,
  "VIV.BA": 18720,
  "VIVT3.BA": 9320,
  "VOD.BA": 17580,
  "VRSN.BA": 71375,
  "VRTX.BA": 5800,
  "VST.BA": 12180,
  "VZ.BA": 16410,
  "WBA.BA": 5360,
  "WBO.BA": 3155,
  "WEGE3.BA": 10180,
  "WFC.BA": 24200,
  "WMT.BA": 8605,
  "X.BA": 21550,
  "XLB.BA": 7550,
  "XLC.BA": 9300,
  "XLE.BA": 66050,
  "XLF.BA": 40060,
  "XLI.BA": 8110,
  "XLK.BA": 8855,
  "XLP.BA": 7435,
  "XLRE.BA": 7045,
  "XLU.BA": 8525,
  "XLV.BA": 7075,
  "XLY.BA": 8360,
  "XOM.BA": 16790,
  "XP.BA": 6995,
  "XPEV.BA": 7960,
  "XROX.BA": 5395,
  "XYZ.BA": 5570,
  "YELP.BA": 23470,
  "YZCA.BA": 0.007,
  "ZM.BA": 2677.5,
  "ALUA.BA": 667,
  "ALUAC.BA": 0.44999999,
  "ALUAD.BA": 0.44499999,
  "BBAR.BA": 4320,
  "BBARC.BA": 4,
  "BBARD.BA": 2.95000005,
  "BMA.BA": 6330,
  "BMA.C.BA": 4.31500006,
  "BMA.D.BA": 4.36000013,
  "BYMA.BA": 164.75,
  "BYMAC.BA": 0.116,
  "BYMAD.BA": 0.116,
  "CEPU.BA": 1242,
  "COME.BA": 32.40000153,
  "CRES.BA": 1281,
  "CRESC.BA": 0.87,
  "EDN.BA": 1235,
  "EDNC.BA": 0.88,
  "EDND.BA": 0.82800001,
  "GGAL.BA": 4305,
  "GGALC.BA": 2.96000004,
  "GGALD.BA": 2.89499998,
  "IRSAC.BA": 1.58000004,
  "IRSAD.BA": 1.14999998,
  "LOMA.BA": 2243,
  "LOMAD.BA": 1.495,
  "MIRG.BA": 16975,
  "PAMP.BA": 3545,
  "SUPV.BA": 1599,
  "SUPVD.BA": 1.10000002,
  "TECO2.BA": 2114,
  "TECOC.BA": 1.68499994,