{
  "AAL.BA": 8900,
  "AAP.BA": 6875,
  "AAPL.BA": 19910,
  "ABBV.BA": 36680,
  "ABEV.BA": 10190,
  "ABEV3.BA": 3450,
  "ABNB.BA": 12590,
  "ABT.BA": 51725,
  "ACN.BA": 5075,
  "ACWI.BA": 8340,
  "ADBE.BA": 12390,
  "ADGO.BA": 11990,
  "ADI.BA": 25120,
  "ADP.BA": 75125,
  "ADS.BA": 3942.14794922,
  "AEG.BA": 12300,
  "AEM.BA": 43340,
  "AHP.BA": 28.79999924,
  "AI.BA": 5655,
  "AIG.BA": 24700,
  "AKO.B.BA": 38660,
  "AMAT.BA": 69275,
  "AMD.BA": 26440,
  "AMGN.BA": 15330,
  "AMX.BA": 32600,
  "AMZN.BA": 2396,
  "ANF.BA": 133100,
  "ARCO.BA": 20780,
  "ARKK.BA": 13850,
  "ARM.BA": 8885,
  "ASML.BA": 10950,
  "ASR.BA": 24820,
  "AVGO.BA": 13500,
  "AVY.BA": 13980,
  "AXP.BA": 34320,
  "AZN.BA": 65050,
  "B.BA": 26300,
  "BA.BA": 14070,
  "BA.C.BA": 19540,
  "BABA.BA": 32600,
  "BAK.BA": 1950,
  "BAS.BA": 3197.76855469,
  "BAYN.BA": 3323.26293945,
  "BB.BA": 2441,
  "BBD.BA": 4907.5,
  "BBDC3.BA": 4287.5,
  "BBV.BA": 29540,
  "BCS.BA": 31940,
  "BHP.BA": 43140,
  "BIDU.BA": 19820,
  "BIIB.BA": 18580,
  "BIOX.BA": 2049,
  "BITF.BA": 22610,
  "BK.BA": 82550,
  "BKNG.BA": 12230,
  "BKR.BA": 10790,
  "BMY.BA": 23750,
  "BNG.BA": 25700,
  "BP.BA": 10550,
  "BPA11.BA": 13890,
  "BRFS.BA": 18200,
  "BRKB.BA": 35080,
  "BSBR.BA": 8475,
  "BSN.BA": 613.31298828,
  "C.BA": 50375,
  "CAAP.BA": 110650,
  "CAH.BA": 82225,
  "CAJ.BA": 4045.5,
  "CAR.BA": 9630,
  "CAT.BA": 38060,
  "CCL.BA": 15000,
  "CDE.BA": 29120,
  "CEG.BA": 12320,
  "CIBR.BA": 11990,
  "CL.BA": 40540,
  "CLS.BA": 19550,
  "COIN.BA": 21360,
  "COST.BA": 29600,
  "CRM.BA": 20630,
  "CSCO.BA": 21160,
  "CSNA3.BA": 2382,
  "CVS.BA": 8090,
  "CVX.BA": 14850,
  "CX.BA": 13910,
  "DAL.BA": 11080,
  "DD.BA": 25100,
  "DE.BA": 17960,
  "DECK.BA": 6460,
  "DEO.BA": 24880,
  "DESP.BA": 22600,
  "DHR.BA": 6030,
  "DIA.BA": 36140,
  "DISN.BA": 14540,
  "DOCU.BA": 4795,
  "DOW.BA": 6145,
  "DTEA.BA": 0,
  "E.BA": 13460,
  "EA.BA": 22290,
  "EBAY.BA": 68575,
  "EBR.BA": 60775,
  "EEM.BA": 16830,
  "EFA.BA": 8155,
  "EFX.BA": 22540,
  "ELP.BA": 44800,
  "EOAN.BA": 236.04100037,
  "EQNR.BA": 6550,
  "ERIC.BA": 6480,
  "ERJ.BA": 88425,
  "ETHA.BA": 10590,
  "ETSY.BA": 7020,
  "EWJ.BA": 8905,
  "EWZ.BA": 23460,
  "F.BA": 18990,
  "FCX.BA": 20030,
  "FDX.BA": 37500,
  "FMCC.BA": 0,
  "FMX.BA": 24840,
  "FNMA.BA": 28700,
  "FSLR.BA": 20030,
  "FXI.BA": 12970,
  "GDX.BA": 11910,
  "GE.BA": 58250,
  "GFI.BA": 65675,
  "GGB.BA": 19990,
  "GILD.BA": 42760,
  "GLD.BA": 11010,
  "GLOB.BA": 5105,
  "GLW.BA": 32140,
  "GM.BA": 15430,
  "GOOGL.BA": 6545,
  "GPRK.BA": 9910,
  "GRMN.BA": 133375,
  "GS.BA": 92975,
  "GSK.BA": 16990,
  "GT.BA": 5875,
  "HAL.BA": 18920,
  "HAPV3.BA": 10460,
  "HD.BA": 19170,
  "HDB.BA": 26520,
  "HHPD.BA": 0,
  "HL.BA": 18620,
  "HMC.BA": 47440,
  "HMY.BA": 28360,
  "HNPIY.BA": 6140,
  "HOG.BA": 14560,
  "HON.BA": 40940,
  "HPQ.BA": 41180,
  "HSBC.BA": 55075,
  "HSY.BA": 13920,
  "HUT.BA": 302600,
  "HWM.BA": 296225,
  "IBB.BA": 8610,
  "IBIT.BA": 10660,
  "IBM.BA": 29640,
  "IBN.BA": 47580,
  "IEMG.BA": 8660,
  "IEUR.BA": 9755,
  "IFF.BA": 7980,
  "IJH.BA": 8510,
  "INFY.BA": 25000,
  "ING.BA": 13390,
  "INTC.BA": 11590,
  "IP.BA": 18160,
  "ISRG.BA": 7590,
  "ITA.BA": 6490,
  "ITUB.BA": 11030,
  "ITUB3.BA": 9810,
  "IVE.BA": 8055,
  "IVW.BA": 9450,
  "IWDA.BA": 0,
  "IWM.BA": 37820,
  "JBSS3.BA": 8320,
  "JCI.BA": 108185.6171875,
  "JD.BA": 13920,
  "JMIA.BA": 18540,
  "JNJ.BA": 19230,
  "JOYY.BA": 18220,
  "JPM.BA": 31820,
  "KB.BA": 65125,
  "KEP.BA": 20200,
  "KGC.BA": 38560,
  "KMB.BA": 31780,
  "KO.BA": 20500,
  "KOFM.BA": 63950,
  "LAC.BA": 10600,
  "LAR.BA": 5735,
  "LFC.BA": 1074.5,
  "LLY.BA": 22760,
  "LMT.BA": 38840,
  "LRCX.BA": 4087.5,
  "LVS.BA": 42700,
  "LYG.BA": 3502.5,
  "MA.BA": 27280,
  "MBG.BA": 3807.20898438,
  "MBT.BA": 650,
  "MCD.BA": 19420,
  "MDLZ.BA": 6420,
  "MDT.BA": 37120,
  "MELI.BA": 29080,
  "META.BA": 47000,
  "MFG.BA": 10060,
  "MGLU3.BA": 2720,
  "MMC.BA": 19440,
  "MMM.BA": 24640,
  "MO.BA": 25540,
  "MOS.BA": 10770,
  "MRK.BA": 27760,
  "MRNA.BA": 2325,
  "MRVL.BA": 9545,
  "MSFT.BA": 26760,
  "MSI.BA": 34700,
  "MSTR.BA": 27340,
  "MU.BA": 56850,
  "MUFG.BA": 24010,
  "MUX.BA": 12720,
  "NATU3.BA": 2647.5,
  "NEC1.BA": 0,
  "NEM.BA": 44560,
  "NFLX.BA": 37560,
  "NG.BA": 60175,
  "NGG.BA": 56500,
  "NIO.BA": 3062.5,
  "NKE.BA": 9600,
  "NLM.BA": 0,
  "NMR.BA": 11010,
  "NOKA.BA": 7550,
  "NOW.BA": 8235,
  "NSAN.BA": 1545,
  "NTCO.BA": 6200,
  "NTES.BA": 17030,
  "NU.BA": 11810,
  "NUE.BA": 13490,
  "NVDA.BA": 12230,
  "NVS.BA": 50675,
  "NXE.BA": 13920,
  "ORAN.BA": 13200,
  "ORCL.BA": 149675,
  "ORLY.BA": 739,
  "OXY.BA": 13800,
  "PAAS.BA": 20280,
  "PAC.BA": 22670,
  "PAGS.BA": 4942.5,
  "PANW.BA": 6515,
  "PATH.BA": 9860,
  "PBI.BA": 17530,
  "PBR.BA": 19310,
  "PCAR.BA": 51175,
  "PCRF.BA": 0,
  "PDD.BA": 8410,
  "PEP.BA": 12280,
  "PETR3.BA": 9670,
  "PFE.BA": 10480,
  "PG.BA": 15680,
  "PHG.BA": 8650,
  "PINS.BA": 7065,
  "PKS.BA": 25100,
  "PLTR.BA": 96775,
  "PM.BA": 13630,
  "PSO.BA": 0,
  "PSQ.BA": 5960,
  "PSX.BA": 34840,
  "PYPL.BA": 13380,
  "QCOM.BA": 23850,
  "QQQ.BA": 46920,
  "RACE.BA": 9385,
  "RBLX.BA": 103200,
  "RCTB4.BA": 0,
  "RGTI.BA": 27480,
  "RIO.BA": 12830,
  "RIOT.BA": 9915,
  "ROKU.BA": 12440,
  "ROST.BA": 60500,
  "RTX.BA": 51875,
  "SAN.BA": 63025,
  "SAP.BA": 70400,
  "SATL.BA": 5375,
  "SBS.BA": 74200,
  "SBSP3.BA": 37460,
  "SBUX.BA": 11260,
  "SCCO.BA": 97150,
  "SCHW.BA": 0,
  "SDA.BA": 1808,
  "SE.BA": 8900,
  "SH.BA": 7110,
  "SHEL.BA": 55950,
  "SHOP.BA": 2188,
  "SI.BA": 22.45000076,
  "SID.BA": 18930,
  "SIEGY.BA": 6695.81591797,
  "SLB.BA": 17690,
  "SLV.BA": 11020,
  "SMH.BA": 10460,
  "SMSN.BA": 13143.82421875,
  "SNA.BA": 90525,
  "SNAP.BA": 12770,
  "SNOW.BA": 12400,
  "SONY.BA": 5440,
  "SPCE.BA": 12550,
  "SPGI.BA": 16480,
  "SPOT.BA": 39240,
  "SPXL.BA": 13350,
  "SPY.BA": 51925,
  "STLA.BA": 3227.5,
  "STNE.BA": 9355,
  "SUZ.BA": 14560,
  "SUZB3.BA": 13690,
  "SWKS.BA": 5755,
  "SYY.BA": 16230,
  "T.BA": 13970,
  "TCOM.BA": 58000,
  "TEAM.BA": 5005,
  "TEFO.BA": 963.5,
  "TEM.BA": 11580,
  "TEN.BA": 55775,
  "TGT.BA": 5785,
  "TIIAY.BA": 0,
  "TIMB.BA": 34280,
  "TIMS3.BA": 6775,
  "TJX.BA": 10170,
  "TM.BA": 19690,
  "TMO.BA": 36940,
  "TMUS.BA": 10740,
  "TQQQ.BA": 6590,
  "TRIP.BA": 12240,
  "TRVV.BA": 72600,
  "TSLA.BA": 45180,
  "TSM.BA": 49760,
  "TTE.BA": 30760,
  "TTM.BA": 8651,
  "TV.BA": 1298,
  "TWLO.BA": 4555,
  "TXN.BA": 56625,
  "TXR.BA": 13670,
  "UAL.BA": 29500,
  "UBER.BA": 74925,
  "UGP.BA": 6085,
  "UL.BA": 30560,
  "UNH.BA": 16640,
  "UNP.BA": 18120,
  "UPST.BA": 16500,
  "URA.BA": 15610,
  "URBN.BA": 56950,
  "USB.BA": 14860,
  "USO.BA": 7390,
  "V.BA": 29900,
  "VALE.BA": 8560,
  "VALE3.BA": 17000,
  "VEA.BA": 9390,
  "VIG.BA": 8660,
  "VIST.BA": 17810,
  "VIV.BA": 19280,
  "VIVT3.BA": 9455,
  "VOD.BA": 17620,
  "VRSN.BA": 71775,
  "VRTX.BA": 6270,
  "VST.BA": 12120,
  "VXX.BA": 10390,
  "VZ.BA": 16820,
  "WBA.BA": 5360,
  "WBO.BA": 3320,
  "WEGE3.BA": 10410,
  "WFC.BA": 25060,
  "WMT.BA": 8760,
  "X.BA": 21550,
  "XLB.BA": 7710,
  "XLC.BA": 9540,
  "XLE.BA": 68675,
  "XLF.BA": 41500,
  "XLI.BA": 8575,
  "XLK.BA": 9685,
  "XLP.BA": 7575,
  "XLRE.BA": 7240,
  "XLU.BA": 9105,
  "XLV.BA": 7670,
  "XLY.BA": 8640,
  "XOM.BA": 17150,
  "XP.BA": 6815,
  "XPEV.BA": 9290,
  "XROX.BA": 5915,
  "XYZ.BA": 5980,
  "YELP.BA": 24710,
  "YZCA.BA": 0.007,
  "ZM.BA": 2730,
  "ALUA.BA": 753.5,
  "ALUAC.BA": 0.458,
  "ALUAD.BA": 0.50700003,
  "BBAR.BA": 4255,
  "BBARC.BA": 3.98749995,
  "BBARD.BA": 2.86999989,
  "BMA.BA": 6470,
  "BMA.C.BA": 3.94000006,
  "BMA.D.BA": 4.34000015,
  "BYMA.BA": 179.5,
  "BYMAC.BA": 0.132,
  "BYMAD.BA": 0.12,
  "CEPU.BA": 1247,
  "COME.BA": 31.31999969,
  "CRES.BA": 1463,
  "CRESC.BA": 0.875,
  "EDN.BA": 1216,
  "EDNC.BA": 0.77100003,
  "EDND.BA": 0.80000001,
  "GGAL.BA": 4337.5,
  "GGALC.BA": 2.79500008,
  "GGALD.BA": 2.89499998,
  "IRSAC.BA": 1.17999995,
  "IRSAD.BA": 1.20000005,
  "LOMA.BA": 2307,
  "LOMAD.BA": 1.53999996,
  "MIRG.BA": 15250,
  "PAMP.BA": 3750,