{
  "AAL.BA": 9000,
  "AAP.BA": 5510,
  "AAPL.BA": 15175,
  "ABBV.BA": 27925,
  "ABEV.BA": 8910,
  "ABEV3.BA": 3000,
  "ABNB.BA": 11500,
  "ABT.BA": 44100,
  "ACN.BA": 4615,
  "ACWI.BA": 6860,
  "ADBE.BA": 10975,
  "ADGO.BA": 11675,
  "ADI.BA": 22350,
  "ADP.BA": 68150,
  "ADS.BA": 3942.14794922,
  "AEG.BA": 10550,
  "AEM.BA": 30425,
  "AHP.BA": 28.79999924,
  "AI.BA": 4645,
  "AIG.BA": 22225,
  "AKO.B.BA": 31675,
  "AMAT.BA": 43375,
  "AMD.BA": 22325,
  "AMGN.BA": 13100,
  "AMX.BA": 26900,
  "AMZN.BA": 2115,
  "ANF.BA": 131100,
  "ARCO.BA": 18950,
  "ARKK.BA": 10175,
  "ARM.BA": 6720,
  "ASML.BA": 6890,
  "ASR.BA": 22000,
  "AVGO.BA": 10000,
  "AVY.BA": 13225,
  "AXP.BA": 28325,
  "AZN.BA": 53800,
  "B.BA": 17425,
  "BA.BA": 12800,
  "BA.C.BA": 16550,
  "BABA.BA": 18200,
  "BAK.BA": 2105,
  "BAS.BA": 3197.76855469,
  "BAYN.BA": 3323.26293945,
  "BB.BA": 1675,
  "BBD.BA": 3975,
  "BBDC3.BA": 3460,
  "BBV.BA": 25625,
  "BCS.BA": 27325,
  "BHP.BA": 37250,
  "BIDU.BA": 10900,
  "BIIB.BA": 14300,
  "BIOX.BA": 3870,
  "BITF.BA": 8490,
  "BK.BA": 68500,
  "BKNG.BA": 10775,
  "BKR.BA": 8550,
  "BMY.BA": 21175,
  "BNG.BA": 23200,
  "BP.BA": 9220,
  "BPA11.BA": 10525,
  "BRFS.BA": 14625,
  "BRKB.BA": 29600,
  "BSBR.BA": 6690,
  "BSN.BA": 613.31298828,
  "C.BA": 42450,
  "CAAP.BA": 116350,
  "CAH.BA": 65650,
  "CAJ.BA": 4045.5,
  "CAR.BA": 7930,
  "CAT.BA": 29075,
  "CCL.BA": 13875,
  "CDE.BA": 16125,
  "CEG.BA": 9210,
  "CIBR.BA": 9700,
  "CL.BA": 38225,
  "CLS.BA": 12675,
  "COIN.BA": 15750,
  "COST.BA": 26550,
  "CRM.BA": 18350,
  "CSCO.BA": 18000,
  "CSNA3.BA": 1715,
  "CVS.BA": 6280,
  "CVX.BA": 13175,
  "CX.BA": 11800,
  "DAL.BA": 10275,
  "DD.BA": 20650,
  "DE.BA": 16475,
  "DECK.BA": 5830,
  "DEO.BA": 25600,
  "DESP.BA": 22600,
  "DHR.BA": 5240,
  "DIA.BA": 30425,
  "DISN.BA": 13200,
  "DOCU.BA": 4540,
  "DOW.BA": 5550,
  "DTEA.BA": 0,
  "E.BA": 11500,
  "EA.BA": 16350,
  "EBAY.BA": 66000,
  "EBR.BA": 41675,
  "EEM.BA": 13450,
  "EFA.BA": 6880,
  "EFX.BA": 21150,
  "ELP.BA": 35925,
  "EOAN.BA": 236.04100037,
  "EQNR.BA": 5700,
  "ERIC.BA": 5260,
  "ERJ.BA": 76000,
  "ETHA.BA": 9760,
  "ETSY.BA": 5220,
  "EWJ.BA": 7580,
  "EWZ.BA": 19025,
  "F.BA": 15625,
  "FCX.BA": 19225,
  "FDX.BA": 31425,
  "FMCC.BA": 0,
  "FMX.BA": 19825,
  "FMX.B.BA": 0,
  "FNMA.BA": 14300,
  "FSLR.BA": 14925,
  "FXI.BA": 10475,
  "GDX.BA": 8000,
  "GE.BA": 44425,
  "GFI.BA": 41475,
  "GGB.BA": 15775,
  "GILD.BA": 38150,
  "GLD.BA": 8270,
  "GLOB.BA": 5150,
  "GLW.BA": 21850,
  "GM.BA": 12925,
  "GOOGL.BA": 4705,
  "GPRK.BA": 8810,
  "GRMN.BA": 104850,
  "GS.BA": 76000,
  "GSK.BA": 13400,
  "GT.BA": 5750,
  "HAL.BA": 14800,
  "HAPV3.BA": 9270,
  "HD.BA": 17150,
  "HDB.BA": 49175,
  "HHPD.BA": 0,
  "HL.BA": 10475,
  "HMC.BA": 46125,
  "HMY.BA": 21225,
  "HNPIY.BA": 6140,
  "HOG.BA": 12700,
  "HON.BA": 37000,
  "HPQ.BA": 36825,
  "HSBC.BA": 43625,
  "HSY.BA": 11500,
  "HUT.BA": 155650,
  "HWM.BA": 226950,
  "IBB.BA": 6880,
  "IBIT.BA": 8820,
  "IBM.BA": 21475,
  "IBN.BA": 43725,
  "IEMG.BA": 6970,
  "IEUR.BA": 8270,
  "IFF.BA": 7550,
  "IJH.BA": 7270,
  "INFY.BA": 23100,
  "ING.BA": 11100,
  "INTC.BA": 6570,
  "IP.BA": 16275,
  "ISRG.BA": 6900,
  "ITUB.BA": 9120,
  "ITUB3.BA": 8170,
  "IVE.BA": 6810,
  "IVW.BA": 7670,
  "IWM.BA": 31250,
  "JBSS3.BA": 8320,
  "JCI.BA": 70950,
  "JD.BA": 10600,
  "JMIA.BA": 10550,
  "JNJ.BA": 15950,
  "JOYY.BA": 13850,
  "JPM.BA": 26275,
  "KB.BA": 53250,
  "KEP.BA": 18850,
  "KGC.BA": 26125,
  "KMB.BA": 29725,
  "KO.BA": 18700,
  "KOFM.BA": 58300,
  "LAC.BA": 3695,
  "LAR.BA": 4310,
  "LFC.BA": 1074.5,
  "LLY.BA": 16900,
  "LMT.BA": 29750,
  "LRCX.BA": 2390,
  "LVS.BA": 36600,
  "LYG.BA": 3070,
  "MA.BA": 24125,
  "MBG.BA": 3807.20898438,
  "MBT.BA": 650,
  "MCD.BA": 17450,
  "MDLZ.BA": 5630,
  "MDT.BA": 30950,
  "MELI.BA": 27050,
  "META.BA": 41900,
  "MFG.BA": 8530,
  "MGLU3.BA": 1725,
  "MMC.BA": 17525,
  "MMM.BA": 21075,
  "MO.BA": 22450,
  "MOS.BA": 8670,
  "MRK.BA": 23225,
  "MRNA.BA": 1910,
  "MRVL.BA": 6960,
  "MSFT.BA": 22525,
  "MSI.BA": 30675,
  "MSTR.BA": 23825,
  "MU.BA": 31375,
  "MUFG.BA": 20825,
  "MUX.BA": 7220,
  "NATU3.BA": 2200,
  "NEC1.BA": 0,
  "NEM.BA": 31500,
  "NFLX.BA": 33450,
  "NG.BA": 32400,
  "NGG.BA": 47400,
  "NIO.BA": 2100,
  "NKE.BA": 8680,
  "NLM.BA": 0,
  "NMR.BA": 9830,
  "NOKA.BA": 5760,
  "NOW.BA": 6890,
  "NSAN.BA": 1545,
  "NTCO.BA": 6200,
  "NTES.BA": 12600,
  "NU.BA": 9260,
  "NUE.BA": 12325,
  "NVDA.BA": 9870,
  "NVS.BA": 42400,
  "NXE.BA": 9650,
  "ORAN.BA": 13200,
  "ORCL.BA": 104850,
  "ORLY.BA": 627,
  "OXY.BA": 12200,
  "PAAS.BA": 14500,
  "PAC.BA": 20550,
  "PAGS.BA": 3850,
  "PANW.BA": 4945,
  "PATH.BA": 7460,
  "PBI.BA": 15800,
  "PBR.BA": 16375,
  "PCAR.BA": 45150,
  "PCRF.BA": 0,
  "PDD.BA": 6790,
  "PEP.BA": 11050,
  "PETR3.BA": 8220,
  "PFE.BA": 8590,
  "PG.BA": 14100,
  "PHG.BA": 7540,
  "PINS.BA": 6760,
  "PKS.BA": 24725,
  "PLTR.BA": 70400,
  "PM.BA": 12675,
  "PSO.BA": 0,
  "PSQ.BA": 5440,
  "PSX.BA": 28725,
  "PYPL.BA": 11600,
  "QCOM.BA": 19100,
  "QQQ.BA": 38100,
  "RACE.BA": 7570,
  "RBLX.BA": 78500,
  "RCTB4.BA": 0,
  "RGTI.BA": 9850,
  "RIO.BA": 10400,
  "RIOT.BA": 5890,
  "ROKU.BA": 9620,
  "ROST.BA": 48825,
  "RTX.BA": 41775,
  "SAN.BA": 52250,
  "SAP.BA": 60100,
  "SATL.BA": 4630,
  "SBS.BA": 58350,
  "SBSP3.BA": 26750,
  "SBUX.BA": 9850,
  "SCCO.BA": 64900,
  "SCHW.BA": 0,
  "SDA.BA": 1560,
  "SE.BA": 7740,
  "SH.BA": 6390,
  "SHEL.BA": 48825,
  "SHOP.BA": 1775,
  "SID.BA": 14250,
  "SIEGY.BA": 6695.81591797,
  "SLB.BA": 15775,
  "SLV.BA": 7830,
  "SMH.BA": 7840,
  "SMSN.BA": 13143.82421875,
  "SNA.BA": 73750,
  "SNAP.BA": 9580,
  "SNOW.BA": 8770,
  "SONY.BA": 4780,
  "SPCE.BA": 8350,
  "SPGI.BA": 16500,
  "SPOT.BA": 32875,
  "SPXL.BA": 10350,
  "SPY.BA": 42975,
  "STLA.BA": 2675,
  "STNE.BA": 6810,
  "SUZ.BA": 13150,
  "SUZB3.BA": 13075,
  "SWKS.BA": 4810,
  "SYY.BA": 13325,
  "T.BA": 12700,
  "TCOM.BA": 43200,
  "TEAM.BA": 4850,
  "TEFO.BA": 902,
  "TEM.BA": 8920,
  "TEN.BA": 48600,
  "TGT.BA": 5490,
  "TIIAY.BA": 0,
  "TIMB.BA": 27775,
  "TIMS3.BA": 5640,
  "TJX.BA": 8400,
  "TM.BA": 17825,
  "TMO.BA": 30200,
  "TMUS.BA": 10175,
  "TRIP.BA": 11800,
  "TRVV.BA": 61600,
  "TSLA.BA": 30125,
  "TSM.BA": 34550,
  "TTE.BA": 28450,
  "TTM.BA": 8651,
  "TV.BA": 1115,
  "TWLO.BA": 3930,
  "TXN.BA": 54900,
  "TXR.BA": 11025,
  "UAL.BA": 27375,
  "UBER.BA": 64400,
  "UGP.BA": 4460,
  "UL.BA": 28075,
  "UNH.BA": 12400,
  "UNP.BA": 15200,
  "UPST.BA": 18325,
  "URA.BA": 10550,
  "URBN.BA": 51200,
  "USB.BA": 12800,
  "USO.BA": 6650,
  "V.BA": 25900,
  "VALE.BA": 6710,
  "VALE3.BA": 13450,
  "VEA.BA": 7930,
  "VIG.BA": 7250,
  "VIST.BA": 17925,
  "VIV.BA": 16900,
  "VIVT3.BA": 8510,
  "VOD.BA": 15825,
  "VRSN.BA": 59700,
  "VRTX.BA": 5220,
  "VST.BA": 9720,
  "VZ.BA": 14775,
  "WBA.BA": 5360,
  "WBO.BA": 2550,
  "WEGE3.BA": 9090,
  "WFC.BA": 21175,
  "WMT.BA": 7170,
  "X.BA": 21550,
  "XLB.BA": 6840,
  "XLC.BA": 7830,
  "XLE.BA": 58650,
  "XLF.BA": 35725,
  "XLI.BA": 7310,
  "XLK.BA": 7630,
  "XLP.BA": 6840,
  "XLRE.BA": 6290,
  "XLU.BA": 7650,
  "XLV.BA": 6360,
  "XLY.BA": 7250,
  "XOM.BA": 14825,
  "XP.BA": 5520,
  "XPEV.BA": 7950,
  "XROX.BA": 5110,
  "XYZ.BA": 5280,
  "YELP.BA": 21575,
  "YZCA.BA": 0.007,
  "ZM.BA": 2330,
  "ALUA.BA": 692,
  "ALUAC.BA": 0.52200001,
  "ALUAD.BA": 0.51899999,
  "BBAR.BA": 6160,
  "BBARC.BA": 4.61999989,
  "BBARD.BA": 4.63000011,
  "BMA.BA": 8770,
  "BMA.C.BA": 7.09000015,
  "BMA.D.BA": 6.59000015,
  "BYMA.BA": 191.25,
  "BYMAC.BA": 0.149,
  "BYMAD.BA": 0.14300001,
  "CEPU.BA": 1460,
  "COME.BA": 52.09999847,
  "CRES.BA": 1465,
  "CRESC.BA": 0.32300001,
  "EDN.BA": 1575,
  "EDNC.BA": 1.42499995,
  "EDND.BA": 1.19000006,
  "GGAL.BA": 6040,
  "GGALC.BA": 4.63999987,
  "GGALD.BA": 4.55499983,
  "IRSAC.BA": 1.58000004,
  "IRSAD.BA": 1.52999997,
  "LOMA.BA": 2705,
  "LOMAD.BA": 2.0999999,
  "MIRG.BA": 20600,
  "PAMP.BA": 3750,
  "SUPV.BA": 2415,
  "SUPVD.BA": 1.83000004,
  "TECO2.BA": 2440,
  "TECOC.BA": 1.95500004,
  "TGN4C.BA": 2.70499992,