{
  "AAL.BA": 8435,
  "AAP.BA": 5235,
  "AAPL.BA": 18490,
  "ABBV.BA": 35220,
  "ABEV.BA": 9390,
  "ABEV3.BA": 3232.5,
  "ABNB.BA": 11720,
  "ABT.BA": 48620,
  "ACN.BA": 4857.5,
  "ACWI.BA": 7835,
  "ADBE.BA": 11450,
  "ADGO.BA": 11240,
  "ADI.BA": 22980,
  "ADP.BA": 69025,
  "ADS.BA": 3942.14794922,
  "AEG.BA": 11290,
  "AEM.BA": 39360,
  "AHP.BA": 28.79999924,
  "AI.BA": 5510,
  "AIG.BA": 24100,
  "AKO.B.BA": 35200,
  "AMAT.BA": 64025,
  "AMD.BA": 33780,
  "AMGN.BA": 14350,
  "AMX.BA": 31900,
  "AMZN.BA": 2306,
  "ANF.BA": 111300,
  "ARCO.BA": 20060,
  "ARKK.BA": 13300,
  "ARM.BA": 9315,
  "ASML.BA": 9785,
  "ASR.BA": 23030,
  "AVGO.BA": 12840,
  "AVY.BA": 13060,
  "AXP.BA": 31300,
  "AZN.BA": 62050,
  "B.BA": 24030,
  "BA.BA": 13090,
  "BA.C.BA": 18160,
  "BABA.BA": 28040,
  "BAK.BA": 1859,
  "BAS.BA": 3197.76855469,
  "BAYN.BA": 3323.26293945,
  "BB.BA": 2356,
  "BBD.BA": 4622.5,
  "BBDC3.BA": 3980,
  "BBV.BA": 26760,
  "BCS.BA": 28860,
  "BHP.BA": 40940,
  "BIDU.BA": 17420,
  "BIIB.BA": 16650,
  "BIOX.BA": 2043,
  "BITF.BA": 30240,
  "BK.BA": 78100,
  "BKNG.BA": 11470,
  "BKR.BA": 10240,
  "BMY.BA": 21630,
  "BNG.BA": 23580,
  "BP.BA": 9935,
  "BPA11.BA": 13810,
  "BRFS.BA": 18200,
  "BRKB.BA": 32800,
  "BSBR.BA": 7700,
  "BSN.BA": 613.31298828,
  "C.BA": 46580,
  "CAAP.BA": 105000,
  "CAH.BA": 76575,
  "CAJ.BA": 4045.5,
  "CAR.BA": 8180,
  "CAT.BA": 36380,
  "CCL.BA": 13860,
  "CDE.BA": 29200,
  "CEG.BA": 12480,
  "CIBR.BA": 11400,
  "CL.BA": 37880,
  "CLS.BA": 18840,
  "COIN.BA": 20880,
  "COST.BA": 28520,
  "CRM.BA": 19770,
  "CSCO.BA": 20360,
  "CSNA3.BA": 2255,
  "CVS.BA": 7450,
  "CVX.BA": 14540,
  "CX.BA": 14040,
  "DAL.BA": 10830,
  "DD.BA": 22650,
  "DE.BA": 16660,
  "DECK.BA": 5785,
  "DEO.BA": 23100,
  "DESP.BA": 22600,
  "DHR.BA": 5495,
  "DIA.BA": 33680,
  "DISN.BA": 13430,
  "DOCU.BA": 4725,
  "DOW.BA": 5355,
  "DTEA.BA": 0,
  "E.BA": 12880,
  "EA.BA": 20750,
  "EBAY.BA": 65775,
  "EBR.BA": 56400,
  "EEM.BA": 15750,
  "EFA.BA": 7615,
  "EFX.BA": 21120,
  "ELP.BA": 40360,
  "EOAN.BA": 236.04100037,
  "EQNR.BA": 6370,
  "ERIC.BA": 6555,
  "ERJ.BA": 83950,
  "ETHA.BA": 9535,
  "ETSY.BA": 6610,
  "EWJ.BA": 8530,
  "EWZ.BA": 21590,
  "F.BA": 16810,
  "FCX.BA": 20970,
  "FDX.BA": 34520,
  "FMCC.BA": 0,
  "FMX.BA": 23020,
  "FNMA.BA": 22000,
  "FSLR.BA": 18880,
  "FXI.BA": 11780,
  "GDX.BA": 11030,
  "GE.BA": 54275,
  "GFI.BA": 58225,
  "GGB.BA": 18890,
  "GILD.BA": 42380,
  "GLD.BA": 11060,
  "GLOB.BA": 4812.5,
  "GLW.BA": 31640,
  "GM.BA": 13530,
  "GOOGL.BA": 6035,
  "GPRK.BA": 9505,
  "GRMN.BA": 124025,
  "GS.BA": 87275,
  "GSK.BA": 15880,
  "GT.BA": 5210,
  "HAL.BA": 16970,
  "HAPV3.BA": 9850,
  "HD.BA": 17240,
  "HDB.BA": 25240,
  "HHPD.BA": 0,
  "HL.BA": 18660,
  "HMC.BA": 44560,
  "HMY.BA": 26240,
  "HNPIY.BA": 6140,
  "HOG.BA": 12930,
  "HON.BA": 37180,
  "HPQ.BA": 39240,
  "HSBC.BA": 48900,
  "HSY.BA": 13270,
  "HUT.BA": 337825,
  "HWM.BA": 274875,
  "IBB.BA": 8230,
  "IBIT.BA": 9995,
  "IBM.BA": 27920,
  "IBN.BA": 45060,
  "IEMG.BA": 8115,
  "IEUR.BA": 9085,
  "IFF.BA": 7300,
  "IJH.BA": 7935,
  "INFY.BA": 25000,
  "ING.BA": 11740,
  "INTC.BA": 10990,
  "IP.BA": 16810,
  "ISRG.BA": 7295,
  "ITA.BA": 6140,
  "ITUB.BA": 10030,
  "ITUB3.BA": 9105,
  "IVE.BA": 7560,
  "IVW.BA": 8920,
  "IWDA.BA": 0,
  "IWM.BA": 35560,
  "JBSS3.BA": 8320,
  "JCI.BA": 82400,
  "JD.BA": 12280,
  "JMIA.BA": 18650,
  "JNJ.BA": 18490,
  "JOYY.BA": 16670,
  "JPM.BA": 29600,
  "KB.BA": 59750,
  "KEP.BA": 18330,
  "KGC.BA": 35480,
  "KMB.BA": 28980,
  "KO.BA": 19330,
  "KOFM.BA": 60800,
  "LAC.BA": 11750,
  "LAR.BA": 6975,
  "LFC.BA": 1074.5,
  "LLY.BA": 23120,
  "LMT.BA": 36780,
  "LRCX.BA": 3637.5,
  "LVS.BA": 37820,
  "LYG.BA": 3262.5,
  "MA.BA": 24890,
  "MBG.BA": 3807.20898438,
  "MBT.BA": 650,
  "MCD.BA": 17870,
  "MDLZ.BA": 5945,
  "MDT.BA": 34980,
  "MELI.BA": 27540,
  "META.BA": 44480,
  "MFG.BA": 9280,
  "MGLU3.BA": 2482,
  "MMC.BA": 18680,
  "MMM.BA": 22260,
  "MO.BA": 23990,
  "MOS.BA": 9790,
  "MRK.BA": 25420,
  "MRNA.BA": 2094,
  "MRVL.BA": 9445,
  "MSFT.BA": 25300,
  "MSI.BA": 33440,
  "MSTR.BA": 23310,
  "MU.BA": 55900,
  "MUFG.BA": 22230,
  "MUX.BA": 13800,
  "NATU3.BA": 2310,
  "NEC1.BA": 0,
  "NEM.BA": 41500,
  "NFLX.BA": 39240,
  "NG.BA": 56900,
  "NGG.BA": 54475,
  "NIO.BA": 2725,
  "NKE.BA": 8280,
  "NLM.BA": 0,
  "NMR.BA": 10460,
  "NOKA.BA": 7510,
  "NOW.BA": 7795,
  "NSAN.BA": 1545,
  "NTCO.BA": 6200,
  "NTES.BA": 15680,
  "NU.BA": 11190,
  "NUE.BA": 12510,
  "NVDA.BA": 11610,
  "NVS.BA": 47940,
  "NXE.BA": 12830,
  "ORAN.BA": 13200,
  "ORCL.BA": 144800,
  "ORLY.BA": 666,
  "OXY.BA": 12950,
  "PAAS.BA": 18700,
  "PAC.BA": 20490,
  "PAGS.BA": 4482.5,
  "PANW.BA": 6285,
  "PATH.BA": 13550,
  "PBI.BA": 17290,
  "PBR.BA": 17410,
  "PCAR.BA": 46320,
  "PCRF.BA": 0,
  "PDD.BA": 7650,
  "PEP.BA": 11700,
  "PETR3.BA": 8790,
  "PFE.BA": 9195,
  "PG.BA": 14580,
  "PHG.BA": 8215,
  "PINS.BA": 6585,
  "PKS.BA": 23360,
  "PLTR.BA": 89875,
  "PM.BA": 12730,
  "PSO.BA": 0,
  "PSQ.BA": 5575,
  "PSX.BA": 31840,
  "PYPL.BA": 13750,
  "QCOM.BA": 21890,
  "QQQ.BA": 44340,
  "RACE.BA": 7155,
  "RBLX.BA": 92125,
  "RCTB4.BA": 0,
  "RGTI.BA": 34180,
  "RIO.BA": 12180,
  "RIOT.BA": 10830,
  "ROKU.BA": 10850,
  "ROST.BA": 54725,
  "RTX.BA": 47060,
  "SAN.BA": 57950,
  "SAP.BA": 66700,
  "SATL.BA": 5900,
  "SBS.BA": 66900,
  "SBSP3.BA": 36520,
  "SBUX.BA": 9665,
  "SCCO.BA": 95675,
  "SCHW.BA": 0,
  "SDA.BA": 1709,
  "SE.BA": 8565,
  "SH.BA": 6685,
  "SHEL.BA": 53350,
  "SHOP.BA": 2240,
  "SI.BA": 22.45000076,
  "SID.BA": 18200,
  "SIEGY.BA": 6695.81591797,
  "SLB.BA": 16020,
  "SLV.BA": 10880,
  "SMH.BA": 10080,
  "SMSN.BA": 13143.82421875,
  "SNA.BA": 80975,
  "SNAP.BA": 12180,
  "SNOW.BA": 12120,
  "SONY.BA": 5450,
  "SPCE.BA": 11900,
  "SPGI.BA": 15820,
  "SPOT.BA": 34980,
  "SPXL.BA": 12570,
  "SPY.BA": 48800,
  "STLA.BA": 3067.5,
  "STNE.BA": 8700,
  "SUZ.BA": 13000,
  "SUZB3.BA": 13560,
  "SWKS.BA": 5000,
  "SYY.BA": 14220,
  "T.BA": 12540,
  "TCOM.BA": 52275,
  "TEAM.BA": 4597.5,
  "TEFO.BA": 918,
  "TEM.BA": 12050,
  "TEN.BA": 51950,
  "TGT.BA": 5380,
  "TIIAY.BA": 0,
  "TIMB.BA": 31460,
  "TIMS3.BA": 6200,
  "TJX.BA": 10000,
  "TM.BA": 18630,
  "TMO.BA": 35400,
  "TMUS.BA": 10500,
  "TQQQ.BA": 6300,
  "TRIP.BA": 11250,
  "TRVV.BA": 66425,
  "TSLA.BA": 42220,
  "TSM.BA": 48440,
  "TTE.BA": 28400,
  "TTM.BA": 8651,
  "TV.BA": 1171,
  "TWLO.BA": 4607.5,
  "TXN.BA": 52125,
  "TXR.BA": 13100,
  "UAL.BA": 29420,
  "UBER.BA": 69750,
  "UGP.BA": 5845,
  "UL.BA": 28740,
  "UNH.BA": 16210,
  "UNP.BA": 16900,
  "UPST.BA": 15250,
  "URA.BA": 14960,
  "URBN.BA": 51000,
  "USB.BA": 13680,
  "USO.BA": 7065,
  "V.BA": 28040,
  "VALE.BA": 8420,
  "VALE3.BA": 16300,
  "VEA.BA": 8795,
  "VIG.BA": 8120,
  "VIST.BA": 18090,
  "VIV.BA": 17390,
  "VIVT3.BA": 9150,
  "VOD.BA": 16340,
  "VRSN.BA": 63700,
  "VRTX.BA": 5990,
  "VST.BA": 11810,
  "VXX.BA": 9705,
  "VZ.BA": 14590,
  "WBA.BA": 5360,
  "WBO.BA": 2980,
  "WEGE3.BA": 9980,
  "WFC.BA": 23150,
  "WMT.BA": 8190,
  "X.BA": 21550,
  "XLB.BA": 7190,
  "XLC.BA": 8840,
  "XLE.BA": 64000,
  "XLF.BA": 38800,
  "XLI.BA": 7945,
  "XLK.BA": 9195,
  "XLP.BA": 7110,
  "XLRE.BA": 6680,
  "XLU.BA": 8810,
  "XLV.BA": 7250,
  "XLY.BA": 7950,
  "XOM.BA": 16430,
  "XP.BA": 5925,
  "XPEV.BA": 8310,
  "XROX.BA": 4992.5,
  "XYZ.BA": 5910,
  "YELP.BA": 23580,
  "YZCA.BA": 0.007,
  "ZM.BA": 2555,
  "ALUA.BA": 718,
  "ALUAC.BA": 0.49000001,
  "ALUAD.BA": 0.48100001,
  "BBAR.BA": 4722.5,
  "BBARC.BA": 2.65499997,
  "BBARD.BA": 3.24000001,
  "BMA.BA": 7485,
  "BMA.C.BA": 4.19999981,
  "BMA.D.BA": 5.19999981,
  "BYMA.BA": 199.75,
  "BYMAC.BA": 0.13,
  "BYMAD.BA": 0.132,
  "CEPU.BA": 1314,
  "COME.BA": 32.77999878,
  "CRES.BA": 1475,
  "CRESC.BA": 0.875,
  "EDN.BA": 1328,
  "EDNC.BA": 0.78100002,
  "EDND.BA": 0.93099999,
  "GGAL.BA": 4872.5,
  "GGALC.BA": 3.29999995,
  "GGALD.BA": 3.36500001,
  "IRSAC.BA": 1.17999995,
  "IRSAD.BA": 1.28999996,
  "LOMA.BA": 2418,
  "LOMAD.BA": 1.72000003,
  "MIRG.BA": 16775,
  "PAMP.BA": 3825,