{
  "AAL.BA": 8855,
  "AAP.BA": 6950,
  "AAPL.BA": 20060,
  "ABBV.BA": 38220,
  "ABEV.BA": 10490,
  "ABEV3.BA": 3585,
  "ABNB.BA": 12840,
  "ABT.BA": 52450,
  "ACN.BA": 5090,
  "ACWI.BA": 8410,
  "ADBE.BA": 12270,
  "ADGO.BA": 12040,
  "ADI.BA": 25120,
  "ADP.BA": 76500,
  "ADS.BA": 3942.14794922,
  "AEG.BA": 12440,
  "AEM.BA": 44520,
  "AHP.BA": 28.79999924,
  "AI.BA": 5475,
  "AIG.BA": 25060,
  "AKO.B.BA": 39000,
  "AMAT.BA": 68500,
  "AMD.BA": 25720,
  "AMGN.BA": 15600,
  "AMX.BA": 32520,
  "AMZN.BA": 2403,
  "ANF.BA": 134600,
  "ARCO.BA": 21010,
  "ARKK.BA": 13680,
  "ARM.BA": 8690,
  "ASML.BA": 10780,
  "ASR.BA": 24540,
  "AVGO.BA": 13440,
  "AVY.BA": 14210,
  "AXP.BA": 34400,
  "AZN.BA": 66350,
  "B.BA": 26480,
  "BA.BA": 14100,
  "BA.C.BA": 19940,
  "BABA.BA": 31860,
  "BAK.BA": 2007,
  "BAS.BA": 3197.76855469,
  "BAYN.BA": 3323.26293945,
  "BB.BA": 2492,
  "BBD.BA": 5075,
  "BBDC3.BA": 4397.5,
  "BBV.BA": 30240,
  "BCS.BA": 32460,
  "BHP.BA": 43860,
  "BIDU.BA": 19620,
  "BIIB.BA": 18570,
  "BIOX.BA": 2151,
  "BITF.BA": 21880,
  "BK.BA": 84200,
  "BKNG.BA": 12210,
  "BKR.BA": 10990,
  "BMY.BA": 24680,
  "BNG.BA": 25920,
  "BP.BA": 10770,
  "BPA11.BA": 13890,
  "BRFS.BA": 18200,
  "BRKB.BA": 35640,
  "BSBR.BA": 8565,
  "BSN.BA": 613.31298828,
  "C.BA": 51775,
  "CAAP.BA": 110975,
  "CAH.BA": 82675,
  "CAJ.BA": 4045.5,
  "CAR.BA": 9575,
  "CAT.BA": 37840,
  "CCL.BA": 14940,
  "CDE.BA": 29860,
  "CEG.BA": 12230,
  "CIBR.BA": 12040,
  "CL.BA": 41380,
  "CLS.BA": 19680,
  "COIN.BA": 20090,
  "COST.BA": 30060,
  "CRM.BA": 20570,
  "CSCO.BA": 21640,
  "CSNA3.BA": 2387,
  "CVS.BA": 7890,
  "CVX.BA": 15150,
  "CX.BA": 13910,
  "DAL.BA": 11000,
  "DD.BA": 24620,
  "DE.BA": 17680,
  "DECK.BA": 6375,
  "DEO.BA": 25280,
  "DESP.BA": 22600,
  "DHR.BA": 6210,
  "DIA.BA": 36500,
  "DISN.BA": 14770,
  "DOCU.BA": 4927.5,
  "DOW.BA": 6040,
  "DTEA.BA": 0,
  "E.BA": 13710,
  "EA.BA": 22630,
  "EBAY.BA": 68750,
  "EBR.BA": 61950,
  "EEM.BA": 16930,
  "EFA.BA": 8235,
  "EFX.BA": 24990,
  "ELP.BA": 45580,
  "EOAN.BA": 236.04100037,
  "EQNR.BA": 6410,
  "ERIC.BA": 6570,
  "ERJ.BA": 95150,
  "ETHA.BA": 10290,
  "ETSY.BA": 6915,
  "EWJ.BA": 9015,
  "EWZ.BA": 24040,
  "F.BA": 19290,
  "FCX.BA": 20470,
  "FDX.BA": 37540,
  "FMCC.BA": 0,
  "FMX.BA": 25000,
  "FNMA.BA": 37900,
  "FSLR.BA": 19590,
  "FXI.BA": 13000,
  "GDX.BA": 12170,
  "GE.BA": 59300,
  "GFI.BA": 65775,
  "GGB.BA": 19900,
  "GILD.BA": 43440,
  "GLD.BA": 11190,
  "GLOB.BA": 4952.5,
  "GLW.BA": 32720,
  "GM.BA": 16070,
  "GOOGL.BA": 6615,
  "GPRK.BA": 10090,
  "GRMN.BA": 133750,
  "GS.BA": 95150,
  "GSK.BA": 17800,
  "GT.BA": 5950,
  "HAL.BA": 19610,
  "HAPV3.BA": 10640,
  "HD.BA": 19510,
  "HDB.BA": 26520,
  "HHPD.BA": 0,
  "HL.BA": 19290,
  "HMC.BA": 48480,
  "HMY.BA": 29080,
  "HNPIY.BA": 6140,
  "HOG.BA": 14740,
  "HON.BA": 41340,
  "HPQ.BA": 41980,
  "HSBC.BA": 55875,
  "HSY.BA": 14090,
  "HUT.BA": 286850,
  "HWM.BA": 305275,
  "IBB.BA": 8655,
  "IBIT.BA": 10490,
  "IBM.BA": 29960,
  "IBN.BA": 47960,
  "IEMG.BA": 8705,
  "IEUR.BA": 9860,
  "IFF.BA": 8000,
  "IJH.BA": 8595,
  "INFY.BA": 25580,
  "ING.BA": 13600,
  "INTC.BA": 11300,
  "IP.BA": 18130,
  "ISRG.BA": 7685,
  "ITA.BA": 6590,
  "ITUB.BA": 11260,
  "ITUB3.BA": 10100,
  "IVE.BA": 8150,
  "IVW.BA": 9495,
  "IWDA.BA": 0,
  "IWM.BA": 38180,
  "JBSS3.BA": 8320,
  "JCI.BA": 108185.6171875,
  "JD.BA": 14240,
  "JMIA.BA": 18520,
  "JNJ.BA": 19460,
  "JOYY.BA": 17830,
  "JPM.BA": 32600,
  "KB.BA": 65225,
  "KEP.BA": 20200,
  "KGC.BA": 40100,
  "KMB.BA": 32300,
  "KO.BA": 20970,
  "KOFM.BA": 64575,
  "LAC.BA": 11060,
  "LAR.BA": 5675,
  "LFC.BA": 1074.5,
  "LLY.BA": 23080,
  "LMT.BA": 39080,
  "LRCX.BA": 4017.5,
  "LVS.BA": 43160,
  "LYG.BA": 3540,
  "MA.BA": 27380,
  "MBG.BA": 3807.20898438,
  "MBT.BA": 650,
  "MCD.BA": 19670,
  "MDLZ.BA": 6635,
  "MDT.BA": 37320,
  "MELI.BA": 28540,
  "META.BA": 46980,
  "MFG.BA": 10250,
  "MGLU3.BA": 2770,
  "MMC.BA": 19790,
  "MMM.BA": 24570,
  "MO.BA": 26060,
  "MOS.BA": 10660,
  "MRK.BA": 28220,
  "MRNA.BA": 2289,
  "MRVL.BA": 9380,
  "MSFT.BA": 27160,
  "MSI.BA": 35920,
  "MSTR.BA": 26560,
  "MU.BA": 57100,
  "MUFG.BA": 24470,
  "MUX.BA": 13170,
  "NATU3.BA": 2720,
  "NEC1.BA": 0,
  "NEM.BA": 45080,
  "NFLX.BA": 38180,
  "NG.BA": 63700,
  "NGG.BA": 57025,
  "NIO.BA": 3000,
  "NKE.BA": 9700,
  "NLM.BA": 0,
  "NMR.BA": 11190,
  "NOKA.BA": 7575,
  "NOW.BA": 8345,
  "NSAN.BA": 1545,
  "NTCO.BA": 6200,
  "NTES.BA": 16770,
  "NU.BA": 11980,
  "NUE.BA": 13260,
  "NVDA.BA": 12260,
  "NVS.BA": 51725,
  "NXE.BA": 14700,
  "ORAN.BA": 13200,
  "ORCL.BA": 151200,
  "ORLY.BA": 750,
  "OXY.BA": 15010,
  "PAAS.BA": 20620,
  "PAC.BA": 22780,
  "PAGS.BA": 5135,
  "PANW.BA": 6515,
  "PATH.BA": 10250,
  "PBI.BA": 17890,
  "PBR.BA": 19830,
  "PCAR.BA": 51300,
  "PCRF.BA": 0,
  "PDD.BA": 8450,
  "PEP.BA": 12480,
  "PETR3.BA": 9870,
  "PFE.BA": 10650,
  "PG.BA": 16000,
  "PHG.BA": 8640,
  "PINS.BA": 7115,
  "PKS.BA": 26120,
  "PLTR.BA": 96800,
  "PM.BA": 14060,
  "PSO.BA": 0,
  "PSQ.BA": 6065,
  "PSX.BA": 35160,
  "PYPL.BA": 13110,
  "QCOM.BA": 23740,
  "QQQ.BA": 47320,
  "RACE.BA": 9285,
  "RBLX.BA": 105450,
  "RCTB4.BA": 0,
  "RGTI.BA": 23360,
  "RIO.BA": 13030,
  "RIOT.BA": 9910,
  "ROKU.BA": 12580,
  "ROST.BA": 59750,
  "RTX.BA": 52400,
  "SAN.BA": 65300,
  "SAP.BA": 70550,
  "SATL.BA": 5270,
  "SBS.BA": 76875,
  "SBSP3.BA": 39940,
  "SBUX.BA": 11080,
  "SCCO.BA": 96625,
  "SCHW.BA": 0,
  "SDA.BA": 1890,
  "SE.BA": 8950,
  "SH.BA": 7185,
  "SHEL.BA": 56925,
  "SHOP.BA": 2198,
  "SI.BA": 22.45000076,
  "SID.BA": 19300,
  "SIEGY.BA": 6695.81591797,
  "SLB.BA": 18360,
  "SLV.BA": 11250,
  "SMH.BA": 10500,
  "SMSN.BA": 13143.82421875,
  "SNA.BA": 90675,
  "SNAP.BA": 12100,
  "SNOW.BA": 12030,
  "SONY.BA": 5650,
  "SPCE.BA": 11990,
  "SPGI.BA": 16860,
  "SPOT.BA": 39300,
  "SPXL.BA": 13500,
  "SPY.BA": 52475,
  "STLA.BA": 3017.5,
  "STNE.BA": 9560,
  "SUZ.BA": 14750,
  "SUZB3.BA": 13690,
  "SWKS.BA": 5775,
  "SYY.BA": 16240,
  "T.BA": 14460,
  "TCOM.BA": 58625,
  "TEAM.BA": 4985,
  "TEFO.BA": 1001,
  "TEM.BA": 11440,
  "TEN.BA": 58075,
  "TGT.BA": 5845,
  "TIIAY.BA": 0,
  "TIMB.BA": 34700,
  "TIMS3.BA": 6760,
  "TJX.BA": 10400,
  "TM.BA": 20050,
  "TMO.BA": 38060,
  "TMUS.BA": 10710,
  "TQQQ.BA": 6615,
  "TRIP.BA": 12360,
  "TRVV.BA": 72700,
  "TSLA.BA": 48120,
  "TSM.BA": 50425,
  "TTE.BA": 31440,
  "TTM.BA": 8651,
  "TV.BA": 1351,
  "TWLO.BA": 4492.5,
  "TXN.BA": 56675,
  "TXR.BA": 13860,
  "UAL.BA": 29340,
  "UBER.BA": 76050,
  "UGP.BA": 6210,
  "UL.BA": 30860,
  "UNH.BA": 16560,
  "UNP.BA": 18360,
  "UPST.BA": 16320,
  "URA.BA": 15130,
  "URBN.BA": 57225,
  "USB.BA": 14990,
  "USO.BA": 7670,
  "V.BA": 30400,
  "VALE.BA": 8645,
  "VALE3.BA": 17380,
  "VEA.BA": 9510,
  "VIG.BA": 8755,
  "VIST.BA": 17690,
  "VIV.BA": 19960,
  "VIVT3.BA": 10050,
  "VOD.BA": 18210,
  "VRSN.BA": 72050,
  "VRTX.BA": 6295,
  "VST.BA": 12120,
  "VXX.BA": 10330,
  "VZ.BA": 17190,
  "WBA.BA": 5360,
  "WBO.BA": 3285,
  "WEGE3.BA": 10040,
  "WFC.BA": 25380,
  "WMT.BA": 8870,
  "X.BA": 21550,
  "XLB.BA": 7765,
  "XLC.BA": 9670,
  "XLE.BA": 70050,
  "XLF.BA": 41820,
  "XLI.BA": 8635,
  "XLK.BA": 9705,
  "XLP.BA": 7675,
  "XLRE.BA": 7345,
  "XLU.BA": 9240,
  "XLV.BA": 7770,
  "XLY.BA": 8830,
  "XOM.BA": 17540,
  "XP.BA": 7180,
  "XPEV.BA": 9295,
  "XROX.BA": 6125,
  "XYZ.BA": 5785,
  "YELP.BA": 24710,
  "YZCA.BA": 0.007,
  "ZM.BA": 2692.5,
  "ALUA.BA": 731.5,
  "ALUAC.BA": 0.458,
  "ALUAD.BA": 0.47299999,
  "BBAR.BA": 4177.5,
  "BBARC.BA": 3.98749995,
  "BBARD.BA": 2.71499991,
  "BMA.BA": 6300,
  "BMA.C.BA": 3.77489996,
  "BMA.D.BA": 4.30000019,
  "BYMA.BA": 175.25,
  "BYMAC.BA": 0.132,
  "BYMAD.BA": 0.114,
  "CEPU.BA": 1221,
  "COME.BA": 30.17000008,
  "CRES.BA": 1431,
  "CRESC.BA": 0.875,
  "EDN.BA": 1172,
  "EDNC.BA": 0.83399999,
  "EDND.BA": 0.76999998,
  "GGAL.BA": 4190,
  "GGALC.BA": 2.81500006,
  "GGALD.BA": 2.75,
  "IRSAC.BA": 1.17999995,
  "IRSAD.BA": 1.17499995,
  "LOMA.BA": 2227,
  "LOMAD.BA": 1.45500004,
  "MIRG.BA": 15250,
  "PAMP.BA": 3660,