{
  "AAL.BA": 9130,
  "AAP.BA": 5610,
  "AAPL.BA": 18180,
  "ABBV.BA": 32920,
  "ABEV.BA": 9470,
  "ABEV3.BA": 3115,
  "ABNB.BA": 12050,
  "ABT.BA": 47160,
  "ACN.BA": 4642.5,
  "ACWI.BA": 7790,
  "ADBE.BA": 10950,
  "ADGO.BA": 11160,
  "ADI.BA": 23120,
  "ADP.BA": 68900,
  "ADS.BA": 3942.14794922,
  "AEG.BA": 11250,
  "AEM.BA": 43520,
  "AHP.BA": 28.79999924,
  "AI.BA": 5630,
  "AIG.BA": 23790,
  "AKO.B.BA": 35460,
  "AMAT.BA": 66500,
  "AMD.BA": 34700,
  "AMGN.BA": 14400,
  "AMX.BA": 31300,
  "AMZN.BA": 2184,
  "ANF.BA": 104475,
  "ARCO.BA": 20180,
  "ARKK.BA": 12980,
  "ARM.BA": 9205,
  "ASML.BA": 10080,
  "ASR.BA": 22410,
  "AVGO.BA": 13140,
  "AVY.BA": 12950,
  "AXP.BA": 32260,
  "AZN.BA": 62025,
  "B.BA": 25340,
  "BA.BA": 13000,
  "BA.C.BA": 19080,
  "BABA.BA": 26860,
  "BAK.BA": 1844,
  "BAS.BA": 3197.76855469,
  "BAYN.BA": 3323.26293945,
  "BB.BA": 2187,
  "BBD.BA": 4642.5,
  "BBDC3.BA": 3875,
  "BBV.BA": 26600,
  "BCS.BA": 29720,
  "BHP.BA": 41320,
  "BIDU.BA": 16150,
  "BIIB.BA": 16090,
  "BIOX.BA": 2915,
  "BITF.BA": 46840,
  "BK.BA": 79875,
  "BKNG.BA": 11140,
  "BKR.BA": 9600,
  "BMY.BA": 21270,
  "BNG.BA": 27200,
  "BP.BA": 9765,
  "BPA11.BA": 12280,
  "BRFS.BA": 18200,
  "BRKB.BA": 32820,
  "BSBR.BA": 7515,
  "BSN.BA": 613.31298828,
  "C.BA": 48400,
  "CAAP.BA": 105975,
  "CAH.BA": 75850,
  "CAJ.BA": 4045.5,
  "CAR.BA": 8535,
  "CAT.BA": 38900,
  "CCL.BA": 14170,
  "CDE.BA": 32680,
  "CEG.BA": 13120,
  "CIBR.BA": 11080,
  "CL.BA": 37860,
  "CLS.BA": 19790,
  "COIN.BA": 18180,
  "COST.BA": 28960,
  "CRM.BA": 19140,
  "CSCO.BA": 20200,
  "CSNA3.BA": 2190,
  "CVS.BA": 7500,
  "CVX.BA": 13820,
  "CX.BA": 14410,
  "DAL.BA": 11280,
  "DD.BA": 22940,
  "DE.BA": 16390,
  "DECK.BA": 5640,
  "DEO.BA": 23180,
  "DESP.BA": 22600,
  "DHR.BA": 5550,
  "DIA.BA": 33700,
  "DISN.BA": 13560,
  "DOCU.BA": 4490,
  "DOW.BA": 5380,
  "DTEA.BA": 0,
  "E.BA": 12560,
  "EA.BA": 21000,
  "EBAY.BA": 66150,
  "EBR.BA": 56725,
  "EEM.BA": 15760,
  "EFA.BA": 7630,
  "EFX.BA": 20990,
  "ELP.BA": 40060,
  "EOAN.BA": 236.04100037,
  "EQNR.BA": 5695,
  "ERIC.BA": 7000,
  "ERJ.BA": 86425,
  "ETHA.BA": 8805,
  "ETSY.BA": 6440,
  "EWJ.BA": 8495,
  "EWZ.BA": 21490,
  "F.BA": 17200,
  "FCX.BA": 20360,
  "FDX.BA": 34220,
  "FMCC.BA": 0,
  "FMX.BA": 22650,
  "FNMA.BA": 20600,
  "FSLR.BA": 19810,
  "FXI.BA": 11640,
  "GDX.BA": 11860,
  "GE.BA": 54950,
  "GFI.BA": 63850,
  "GGB.BA": 18910,
  "GILD.BA": 43060,
  "GLD.BA": 11330,
  "GLOB.BA": 4660,
  "GLW.BA": 31840,
  "GM.BA": 14120,
  "GOOGL.BA": 6300,
  "GPRK.BA": 9250,
  "GRMN.BA": 121625,
  "GS.BA": 85950,
  "GSK.BA": 15950,
  "GT.BA": 4905,
  "HAL.BA": 16350,
  "HAPV3.BA": 8685,
  "HD.BA": 17760,
  "HDB.BA": 26360,
  "HHPD.BA": 0,
  "HL.BA": 20730,
  "HMC.BA": 45020,
  "HMY.BA": 30960,
  "HNPIY.BA": 6140,
  "HOG.BA": 13050,
  "HON.BA": 36900,
  "HPQ.BA": 41600,
  "HSBC.BA": 48280,
  "HSY.BA": 13230,
  "HUT.BA": 392400,
  "HWM.BA": 280025,
  "IBB.BA": 8290,
  "IBIT.BA": 9230,
  "IBM.BA": 27340,
  "IBN.BA": 46760,
  "IEMG.BA": 8120,
  "IEUR.BA": 9060,
  "IFF.BA": 7530,
  "IJH.BA": 7940,
  "INFY.BA": 24060,
  "ING.BA": 11880,
  "INTC.BA": 10840,
  "IP.BA": 17010,
  "ISRG.BA": 7250,
  "ITA.BA": 6040,
  "ITUB.BA": 10000,
  "ITUB3.BA": 9010,
  "IVE.BA": 7540,
  "IVW.BA": 8785,
  "IWDA.BA": 0,
  "IWM.BA": 36460,
  "JBSS3.BA": 8320,
  "JCI.BA": 82400,
  "JD.BA": 12080,
  "JMIA.BA": 18000,
  "JNJ.BA": 18580,
  "JOYY.BA": 16580,
  "JPM.BA": 29840,
  "KB.BA": 59650,
  "KEP.BA": 20420,
  "KGC.BA": 39420,
  "KMB.BA": 29120,
  "KO.BA": 19530,
  "KOFM.BA": 59500,
  "LAC.BA": 13780,
  "LAR.BA": 7100,
  "LFC.BA": 1074.5,
  "LLY.BA": 21500,
  "LMT.BA": 36500,
  "LRCX.BA": 3762.5,
  "LVS.BA": 35720,
  "LYG.BA": 3297.5,
  "MA.BA": 24960,
  "MBG.BA": 3807.20898438,
  "MBT.BA": 650,
  "MCD.BA": 18610,
  "MDLZ.BA": 5990,
  "MDT.BA": 34820,
  "MELI.BA": 25000,
  "META.BA": 43620,
  "MFG.BA": 9135,
  "MGLU3.BA": 2401,
  "MMC.BA": 18540,
  "MMM.BA": 22430,
  "MO.BA": 23620,
  "MOS.BA": 8725,
  "MRK.BA": 24560,
  "MRNA.BA": 2127,
  "MRVL.BA": 9275,
  "MSFT.BA": 24930,
  "MSI.BA": 32060,
  "MSTR.BA": 21700,
  "MU.BA": 56000,
  "MUFG.BA": 22010,
  "MUX.BA": 15790,
  "NATU3.BA": 2212,
  "NEC1.BA": 0,
  "NEM.BA": 45540,
  "NFLX.BA": 36560,
  "NG.BA": 62100,
  "NGG.BA": 54625,
  "NIO.BA": 2486,
  "NKE.BA": 8325,
  "NLM.BA": 0,
  "NMR.BA": 10310,
  "NOKA.BA": 8275,
  "NOW.BA": 7605,
  "NSAN.BA": 1545,
  "NTCO.BA": 6200,
  "NTES.BA": 15390,
  "NU.BA": 11080,
  "NUE.BA": 12430,
  "NVDA.BA": 10940,
  "NVS.BA": 47300,
  "NXE.BA": 13500,
  "ORAN.BA": 13200,
  "ORCL.BA": 147175,
  "ORLY.BA": 677.5,
  "OXY.BA": 12230,
  "PAAS.BA": 20020,
  "PAC.BA": 20610,
  "PAGS.BA": 4387.5,
  "PANW.BA": 6035,
  "PATH.BA": 12120,
  "PBI.BA": 16400,
  "PBR.BA": 17000,
  "PCAR.BA": 46200,
  "PCRF.BA": 0,
  "PDD.BA": 7460,
  "PEP.BA": 12210,
  "PETR3.BA": 8690,
  "PFE.BA": 8890,
  "PG.BA": 14390,
  "PHG.BA": 8130,
  "PINS.BA": 6925,
  "PKS.BA": 24010,
  "PLTR.BA": 86925,
  "PM.BA": 12870,
  "PSO.BA": 0,
  "PSQ.BA": 5655,
  "PSX.BA": 31560,
  "PYPL.BA": 12410,
  "QCOM.BA": 21570,
  "QQQ.BA": 43920,
  "RACE.BA": 6865,
  "RBLX.BA": 100725,
  "RCTB4.BA": 0,
  "RGTI.BA": 40820,
  "RIO.BA": 12570,
  "RIOT.BA": 10780,
  "ROKU.BA": 11100,
  "ROST.BA": 57400,
  "RTX.BA": 45860,
  "SAN.BA": 57725,
  "SAP.BA": 66125,
  "SATL.BA": 6060,
  "SBS.BA": 67450,
  "SBSP3.BA": 33300,
  "SBUX.BA": 10100,
  "SCCO.BA": 96725,
  "SCHW.BA": 0,
  "SDA.BA": 1464,
  "SE.BA": 7500,
  "SH.BA": 6790,
  "SHEL.BA": 52350,
  "SHOP.BA": 2140,
  "SI.BA": 22.45000076,
  "SID.BA": 18290,
  "SIEGY.BA": 6695.81591797,
  "SLB.BA": 15810,
  "SLV.BA": 11830,
  "SMH.BA": 9970,
  "SMSN.BA": 13143.82421875,
  "SNA.BA": 80975,
  "SNAP.BA": 11500,
  "SNOW.BA": 11700,
  "SONY.BA": 5290,
  "SPCE.BA": 13300,
  "SPGI.BA": 15680,
  "SPOT.BA": 34980,
  "SPXL.BA": 12160,
  "SPY.BA": 48480,
  "STLA.BA": 2922.5,
  "STNE.BA": 8745,
  "SUZ.BA": 12770,
  "SUZB3.BA": 12700,
  "SWKS.BA": 4765,
  "SYY.BA": 14640,
  "T.BA": 12690,
  "TCOM.BA": 50775,
  "TEAM.BA": 4680,
  "TEFO.BA": 927.5,
  "TEM.BA": 11150,
  "TEN.BA": 50125,
  "TGT.BA": 5530,
  "TIIAY.BA": 0,
  "TIMB.BA": 29660,
  "TIMS3.BA": 6205,
  "TJX.BA": 10000,
  "TM.BA": 18850,
  "TMO.BA": 34820,
  "TMUS.BA": 9900,
  "TQQQ.BA": 6005,
  "TRIP.BA": 11550,
  "TRVV.BA": 65275,
  "TSLA.BA": 42240,
  "TSM.BA": 49640,
  "TTE.BA": 29480,
  "TTM.BA": 8651,
  "TV.BA": 1177,
  "TWLO.BA": 4372.5,
  "TXN.BA": 51225,
  "TXR.BA": 13180,
  "UAL.BA": 30400,
  "UBER.BA": 68900,
  "UGP.BA": 5630,
  "UL.BA": 29560,
  "UNH.BA": 15950,
  "UNP.BA": 16400,
  "UPST.BA": 14950,
  "URA.BA": 17000,
  "URBN.BA": 49020,
  "USB.BA": 13500,
  "USO.BA": 6690,
  "V.BA": 28120,
  "VALE.BA": 8150,
  "VALE3.BA": 16360,
  "VEA.BA": 8835,
  "VIG.BA": 8135,
  "VIST.BA": 17460,
  "VIV.BA": 17440,
  "VIVT3.BA": 8590,
  "VOD.BA": 16560,
  "VRSN.BA": 64475,
  "VRTX.BA": 5860,
  "VST.BA": 11880,
  "VXX.BA": 10720,
  "VZ.BA": 14700,
  "WBA.BA": 5360,
  "WBO.BA": 2787.5,
  "WEGE3.BA": 9850,
  "WFC.BA": 25100,
  "WMT.BA": 8825,
  "X.BA": 21550,
  "XLB.BA": 7215,
  "XLC.BA": 8820,
  "XLE.BA": 62925,
  "XLF.BA": 38920,
  "XLI.BA": 7935,
  "XLK.BA": 8965,
  "XLP.BA": 7215,
  "XLRE.BA": 6815,
  "XLU.BA": 9045,
  "XLV.BA": 7170,
  "XLY.BA": 7940,
  "XOM.BA": 16330,
  "XP.BA": 6070,
  "XPEV.BA": 7880,
  "XROX.BA": 4822.5,
  "XYZ.BA": 5520,
  "YELP.BA": 24350,
  "YZCA.BA": 0.007,
  "ZM.BA": 2454,
  "ALUA.BA": 705,
  "ALUAC.BA": 0.49000001,
  "ALUAD.BA": 0.49900001,
  "BBAR.BA": 4632.5,
  "BBARC.BA": 2.65499997,
  "BBARD.BA": 3.31999993,
  "BMA.BA": 7635,
  "BMA.C.BA": 5.25,
  "BMA.D.BA": 5.4000001,
  "BYMA.BA": 181,
  "BYMAC.BA": 0.13,
  "BYMAD.BA": 0.12899999,
  "CEPU.BA": 1446,
  "COME.BA": 32.18000031,
  "CRES.BA": 1415,
  "CRESC.BA": 0.875,
  "EDN.BA": 1421,
  "EDNC.BA": 0.78100002,
  "EDND.BA": 1.03499997,
  "GGAL.BA": 4797.5,
  "GGALC.BA": 3.47000003,
  "GGALD.BA": 3.33999991,
  "IRSAC.BA": 1.17999995,
  "IRSAD.BA": 1.22500002,
  "LOMA.BA": 2321,
  "LOMAD.BA": 1.62,
  "MIRG.BA": 15775,
  "PAMP.BA": 3857.5,
  "SUPV.BA": 1830,