{
  "AAL.BA": 10730,
  "AAP.BA": 6660,
  "AAPL.BA": 22230,
  "ABBV.BA": 34120,
  "ABEV.BA": 14170,
  "ABEV3.BA": 5120,
  "ABNB.BA": 13510,
  "ABT.BA": 34740,
  "ACN.BA": 3525,
  "ACWI.BA": 9050,
  "ADBE.BA": 8250,
  "ADGO.BA": 17040,
  "ADI.BA": 40660,
  "ADP.BA": 57950,
  "ADS.BA": 3942.14794922,
  "AEG.BA": 12700,
  "AEM.BA": 40460,
  "AHP.BA": 28.79999924,
  "AI.BA": 3200,
  "AIG.BA": 22510,
  "AKO.B.BA": 41800,
  "ALAB.BA": 11850,
  "AMAT.BA": 151575,
  "AMD.BA": 72350,
  "AMGN.BA": 17400,
  "AMX.BA": 38140,
  "AMZN.BA": 2580,
  "ANET.BA": 7920,
  "ANF.BA": 126625,
  "ARCO.BA": 25240,
  "ARKK.BA": 11340,
  "ARM.BA": 18200,
  "ASML.BA": 18480,
  "ASR.BA": 21450,
  "ASTS.BA": 9350,
  "AVGO.BA": 15080,
  "AVY.BA": 13180,
  "AXIA.BA": 59650,
  "AXP.BA": 32380,
  "AZN.BA": 69225,
  "B.BA": 30000,
  "BA.BA": 13640,
  "BA.C.BA": 20600,
  "BABA.BA": 20350,
  "BAK.BA": 2725,
  "BAS.BA": 1770.88269043,
  "BAYN.BA": 3323.26293945,
  "BB.BA": 4510,
  "BBD.BA": 5055,
  "BBDC3.BA": 4422.5,
  "BBV.BA": 34400,
  "BCS.BA": 36940,
  "BHP.BA": 63900,
  "BIDU.BA": 16570,
  "BIIB.BA": 22760,
  "BIOX.BA": 676.5,
  "BKNG.BA": 383.75,
  "BKR.BA": 13950,
  "BMNR.BA": 3075,
  "BMY.BA": 28080,
  "BNG.BA": 37600,
  "BNY.BA": 107950,
  "BP.BA": 12870,
  "BPA11.BA": 14750,
  "BRFS.BA": 18200,
  "BRKB.BA": 33740,
  "BSBR.BA": 8035,
  "BSN.BA": 613.31298828,
  "BX.BA": 6030,
  "C.BA": 68000,
  "CAAP.BA": 156375,
  "CAH.BA": 104175,
  "CAJ.BA": 4045.5,
  "CAR.BA": 10390,
  "CAT.BA": 69225,
  "CBRD.BA": 459,
  "CCJ.BA": 6825,
  "CCL.BA": 14140,
  "CDE.BA": 25020,
  "CEG.BA": 8430,
  "CIBR.BA": 12790,
  "CL.BA": 44180,
  "CLS.BA": 28020,
  "COIN.BA": 8865,
  "COP.BA": 7015,
  "COPX.BA": 8790,
  "COST.BA": 30640,
  "CRM.BA": 14870,
  "CRWD.BA": 12260,
  "CRWV.BA": 5635,
  "CSCO.BA": 36560,
  "CSNA3.BA": 1760,
  "CVS.BA": 9785,
  "CVX.BA": 17610,
  "CX.BA": 18540,
  "DAL.BA": 15270,
  "DD.BA": 14460,
  "DE.BA": 21660,
  "DECK.BA": 6880,
  "DEO.BA": 20570,
  "DESP.BA": 22600,
  "DHR.BA": 5265,
  "DIA.BA": 38680,
  "DISN.BA": 12570,
  "DOCU.BA": 3087.5,
  "DOW.BA": 8350,
  "DTEA.BA": 0,
  "E.BA": 20290,
  "EA.BA": 21930,
  "EBAY.BA": 81000,
  "ECL.BA": 7120,
  "EEM.BA": 20100,
  "EFA.BA": 8695,
  "EFX.BA": 16000,
  "ELPC.BA": 50675,
  "EMBJ.BA": 86525,
  "EOAN.BA": 236.04100037,
  "EQNR.BA": 9010,
  "ERIC.BA": 8990,
  "ESGU.BA": 8190,
  "ETHA.BA": 3745,
  "ETSY.BA": 6475,
  "EWJ.BA": 10020,
  "EWY.BA": 5630,
  "EWZ.BA": 25880,
  "F.BA": 22730,
  "FCX.BA": 32800,
  "FDX.BA": 50275,
  "FISV.BA": 7370,
  "FMCC.BA": 11900,
  "FMX.BA": 30960,
  "FNMA.BA": 10640,
  "FSLR.BA": 22210,
  "FXI.BA": 10530,
  "GDX.BA": 11880,
  "GE.BA": 62175,
  "GFI.BA": 54025,
  "GGB.BA": 27380,
  "GILD.BA": 47340,
  "GLD.BA": 11960,
  "GLNG.BA": 7590,
  "GLOB.BA": 3107.5,
  "GLW.BA": 67525,
  "GM.BA": 21110,
  "GOOGL.BA": 9545,
  "GPRK.BA": 16260,
  "GRMN.BA": 121500,
  "GS.BA": 120500,
  "GSK.BA": 19360,
  "GT.BA": 4520,
  "HAL.BA": 29980,
  "HAPV3.BA": 3220,
  "HD.BA": 15290,
  "HDB.BA": 17710,
  "HHPD.BA": 0,
  "HIMS.BA": 10480,
  "HL.BA": 22250,
  "HMC.BA": 40980,
  "HMY.BA": 22790,
  "HNPIY.BA": 6140,
  "HOG.BA": 13010,
  "HON.BA": 40920,
  "HOOD.BA": 4410,
  "HPQ.BA": 37860,
  "HSBC.BA": 68225,
  "HSY.BA": 12650,
  "HUT.BA": 35540,
  "HWM.BA": 377500,
  "IBB.BA": 9405,
  "IBIT.BA": 5295,
  "IBM.BA": 28340,
  "IBN.BA": 39940,
  "ICLN.BA": 6280,
  "IEMG.BA": 10190,
  "IEUR.BA": 10360,
  "IFF.BA": 9170,
  "IJH.BA": 9430,
  "ILF.BA": 8380,
  "INFY.BA": 18560,
  "ING.BA": 14910,
  "INTC.BA": 32800,
  "IP.BA": 12750,
  "IREN.BA": 7080,
  "ISRG.BA": 7000,
  "ITA.BA": 6940,
  "ITUB.BA": 11370,
  "ITUB3.BA": 11790,
  "IVE.BA": 8595,
  "IVV.BA": 1629,
  "IVW.BA": 10240,
  "IWDA.BA": 0,
  "IWM.BA": 43280,
  "JBSS3.BA": 8320,
  "JCI.BA": 114850,
  "JD.BA": 10950,
  "JMIA.BA": 10870,
  "JNJ.BA": 23650,
  "JOYY.BA": 20350,
  "JPM.BA": 31680,
  "KB.BA": 76675,
  "KEEL.BA": 43500,
  "KEP.BA": 18460,
  "KGC.BA": 39100,
  "KMB.BA": 25320,
  "KO.BA": 24490,
  "KOFM.BA": 79350,
  "LAC.BA": 6685,
  "LAR.BA": 13070,
  "LFC.BA": 1074.5,
  "LLY.BA": 31540,
  "LMT.BA": 39980,
  "LND.BA": 5555,
  "LRCX.BA": 8950,
  "LREN3.BA": 4380,
  "LVS.BA": 38640,
  "LYG.BA": 4072.5,
  "MA.BA": 22680,
  "MBG.BA": 3807.20898438,
  "MBT.BA": 650,
  "MCD.BA": 17870,
  "MDLZ.BA": 6350,
  "MDT.BA": 31020,
  "MELI.BA": 20690,
  "META.BA": 37560,
  "MFG.BA": 14490,
  "MGLU3.BA": 1740,
  "MMM.BA": 23800,
  "MO.BA": 27040,
  "MOS.BA": 6510,
  "MP.BA": 8460,
  "MRK.BA": 36160,
  "MRNA.BA": 3700,
  "MRSH.BA": 15660,
  "MRVL.BA": 28840,
  "MSFT.BA": 20600,
  "MSI.BA": 31100,
  "MSTR.BA": 9145,
  "MU.BA": 282675,
  "MUFG.BA": 30120,
  "MUX.BA": 13510,
  "NATU3.BA": 2725,
  "NBIS.BA": 12560,
  "NEC1.BA": 0,
  "NEE.BA": 6740,
  "NEM.BA": 49660,
  "NFLX.BA": 2605,
  "NG.BA": 44440,
  "NGG.BA": 60825,
  "NIO.BA": 2009,
  "NKE.BA": 5675,
  "NLM.BA": 0,
  "NMR.BA": 12990,
  "NOKA.BA": 21050,
  "NOW.BA": 951.5,
  "NSAN.BA": 1545,
  "NTCO.BA": 6200,
  "NTES.BA": 13000,
  "NU.BA": 9010,
  "NUE.BA": 23710,
  "NVDA.BA": 13020,
  "NVO.BA": 9045,
  "NVS.BA": 56375,
  "NXE.BA": 15600,
  "O.BA": 7135,
  "OKLO.BA": 3052.5,
  "ONDS.BA": 7385,
  "ORAN.BA": 13200,
  "ORCL.BA": 105875,
  "ORLY.BA": 607.5,
  "OXY.BA": 17000,
  "PAAS.BA": 23670,
  "PAC.BA": 21290,
  "PAGS.BA": 4355,
  "PANW.BA": 7870,
  "PATH.BA": 8110,
  "PBI.BA": 25140,
  "PBR.BA": 26940,
  "PCAR.BA": 60450,
  "PCRF.BA": 0,
  "PDD.BA": 5035,
  "PEP.BA": 12090,
  "PETR3.BA": 13800,
  "PFE.BA": 9745,
  "PG.BA": 14940,
  "PHG.BA": 8045,
  "PINS.BA": 4680,
  "PKS.BA": 30700,
  "PLTR.BA": 67200,
  "PM.BA": 14600,
  "PSO.BA": 0,
  "PSQ.BA": 4977.5,
  "PSX.BA": 44980,
  "PYPL.BA": 7970,
  "QCOM.BA": 28040,
  "QQQ.BA": 53850,
  "RACE.BA": 6580,
  "RBLX.BA": 33220,
  "RCTB4.BA": 0,
  "RGTI.BA": 15510,
  "RIO.BA": 19070,
  "RIOT.BA": 13050,
  "RKLB.BA": 13840,
  "ROKU.BA": 14340,
  "ROST.BA": 86425,
  "RTX.BA": 54900,
  "SAN.BA": 74250,
  "SAP.BA": 45580,
  "SATL.BA": 9710,
  "SBS.BA": 16380,
  "SBSP3.BA": 8005,
  "SBUX.BA": 12440,
  "SCCO.BA": 132000,
  "SCHW.BA": 0,
  "SDA.BA": 812,
  "SE.BA": 3960,
  "SH.BA": 6405,
  "SHEL.BA": 64625,
  "SHOP.BA": 1568,
  "SI.BA": 22.45000076,
  "SID.BA": 14120,
  "SIEGY.BA": 6695.81591797,
  "SLB.BA": 28020,
  "SLV.BA": 15120,
  "SMH.BA": 17890,
  "SMSN.BA": 13143.82421875,
  "SNA.BA": 97200,
  "SNAP.BA": 8445,
  "SNDK.BA": 15370,
  "SNOW.BA": 11920,
  "SONY.BA": 4057.5,
  "SPCE.BA": 13690,
  "SPGI.BA": 14280,
  "SPHQ.BA": 9275,
  "SPOT.BA": 26860,
  "SPXL.BA": 15930,
  "SPY.BA": 18680,
  "STLA.BA": 2180,
  "STNE.BA": 5370,
  "SUZ.BA": 12440,
  "SUZB3.BA": 12320,
  "SWKS.BA": 5360,
  "SYY.BA": 14720,
  "T.BA": 11460,
  "TCOM.BA": 36000,
  "TEAM.BA": 3087.5,
  "TEFO.BA": 727.5,
  "TEM.BA": 5950,
  "TEN.BA": 92875,
  "TGT.BA": 8030,
  "TIIAY.BA": 0,
  "TIMB.BA": 32340,
  "TIMS3.BA": 6515,
  "TJX.BA": 11010,
  "TM.BA": 18030,
  "TMO.BA": 33540,
  "TMUS.BA": 8300,
  "TQQQ.BA": 4502.5,
  "TRIP.BA": 9115,
  "TRVV.BA": 76050,
  "TSLA.BA": 40620,
  "TSM.BA": 71925,
  "TTE.BA": 44560,
  "TTM.BA": 8651,
  "TV.BA": 1380,
  "TWLO.BA": 8695,
  "TXN.BA": 88325,
  "TXR.BA": 18310,
  "UAL.BA": 32820,
  "UBER.BA": 53425,
  "UGP.BA": 7275,
  "UL.BA": 29060,
  "UNH.BA": 18910,
  "UNP.BA": 20400,
  "UPST.BA": 9375,
  "URA.BA": 13500,
  "URBN.BA": 57175,
  "USB.BA": 17010,
  "USO.BA": 13190,
  "V.BA": 27220,
  "VALE.BA": 11360,
  "VALE3.BA": 22900,
  "VEA.BA": 10650,
  "VIG.BA": 9080,
  "VIST.BA": 36360,
  "VIV.BA": 19500,
  "VIVT3.BA": 9755,
  "VOD.BA": 22470,
  "VRSN.BA": 72050,
  "VRTX.BA": 6630,
  "VST.BA": 8525,
  "VXX.BA": 7550,
  "VZ.BA": 17120,
  "WBA.BA": 5360,
  "WBO.BA": 1920,
  "WEGE3.BA": 12970,
  "WFC.BA": 24860,
  "WMT.BA": 10040,
  "X.BA": 21550,
  "XLB.BA": 4257.5,
  "XLC.BA": 8915,
  "XLE.BA": 43320,
  "XLF.BA": 39820,
  "XLI.BA": 9480,
  "XLK.BA": 5985,
  "XLP.BA": 7975,
  "XLRE.BA": 7580,
  "XLU.BA": 4415,
  "XLV.BA": 8080,
  "XLY.BA": 4122.5,
  "XME.BA": 5900,
  "XOM.BA": 22510,
  "XP.BA": 5910,
  "XPEV.BA": 5860,
  "XROX.BA": 5165,
  "XYZ.BA": 5195,
  "YELP.BA": 17420,