{
  "AAL.BA": 6490,
  "AAP.BA": 4380,
  "AAPL.BA": 11825,
  "ABBV.BA": 22875,
  "ABEV.BA": 8720,
  "ABEV3.BA": 3030,
  "ABNB.BA": 11025,
  "ABT.BA": 40525,
  "ACN.BA": 5010,
  "ADBE.BA": 11175,
  "ADGO.BA": 11100,
  "ADI.BA": 18375,
  "ADP.BA": 61350,
  "ADS.BA": 3942.14794922,
  "AEG.BA": 8410,
  "AEM.BA": 24175,
  "AHP.BA": 28.79999924,
  "AI.BA": 5810,
  "AIG.BA": 20425,
  "AKO.B.BA": 29125,
  "AMAT.BA": 41575,
  "AMD.BA": 14100,
  "AMGN.BA": 11775,
  "AMX.BA": 20700,
  "AMZN.BA": 1755,
  "ANF.BA": 93400,
  "ARCO.BA": 18150,
  "ARKK.BA": 7390,
  "ARM.BA": 5900,
  "ASML.BA": 6440,
  "ASR.BA": 19100,
  "AVGO.BA": 7800,
  "AVY.BA": 11900,
  "AXP.BA": 23700,
  "AZN.BA": 44550,
  "B.BA": 12450,
  "BA.BA": 10100,
  "BA.C.BA": 13225,
  "BABA.BA": 15425,
  "BAK.BA": 2220,
  "BAS.BA": 3197.76855469,
  "BAYN.BA": 3323.26293945,
  "BB.BA": 1650,
  "BBD.BA": 3550,
  "BBDC3.BA": 2975,
  "BBV.BA": 18275,
  "BCS.BA": 21100,
  "BHP.BA": 29700,
  "BIDU.BA": 9520,
  "BIIB.BA": 12100,
  "BIOX.BA": 5350,
  "BITF.BA": 5200,
  "BK.BA": 53400,
  "BKNG.BA": 9200,
  "BKR.BA": 6480,
  "BMY.BA": 20050,
  "BNG.BA": 18275,
  "BP.BA": 7340,
  "BPA11.BA": 8900,
  "BRFS.BA": 13175,
  "BRKB.BA": 26525,
  "BSBR.BA": 6380,
  "BSN.BA": 613.31298828,
  "C.BA": 30975,
  "CAAP.BA": 95100,
  "CAH.BA": 60750,
  "CAJ.BA": 4045.5,
  "CAR.BA": 5700,
  "CAT.BA": 21475,
  "CBRD.BA": 459,
  "CCL.BA": 9630,
  "CDE.BA": 11000,
  "CEG.BA": 7920,
  "CIBR.BA": 8720,
  "CL.BA": 37000,
  "CLS.BA": 7820,
  "COIN.BA": 10650,
  "COST.BA": 24850,
  "CRM.BA": 17600,
  "CSCO.BA": 15450,
  "CSNA3.BA": 1800,
  "CVS.BA": 5320,
  "CVX.BA": 10775,
  "CX.BA": 8330,
  "DAL.BA": 7250,
  "DD.BA": 16300,
  "DE.BA": 15325,
  "DECK.BA": 5120,
  "DEO.BA": 21325,
  "DESP.BA": 22600,
  "DHR.BA": 4525,
  "DIA.BA": 25550,
  "DISN.BA": 11750,
  "DOCU.BA": 4100,
  "DOW.BA": 5970,
  "DTEA.BA": 0,
  "E.BA": 9590,
  "EA.BA": 12725,
  "EBAY.BA": 46125,
  "EBR.BA": 35650,
  "EEM.BA": 11425,
  "EFX.BA": 19950,
  "ELP.BA": 32000,
  "EOAN.BA": 236.04100037,
  "EQNR.BA": 5250,
  "ERIC.BA": 5030,
  "ERJ.BA": 59400,
  "ETHA.BA": 4860,
  "ETSY.BA": 4395,
  "EWJ.BA": 6320,
  "EWZ.BA": 16750,
  "F.BA": 12525,
  "FCX.BA": 16375,
  "FDX.BA": 26725,
  "FMCC.BA": 0,
  "FMX.BA": 20950,
  "FMX.B.BA": 0,
  "FNMA.BA": 13000,
  "FSLR.BA": 11100,
  "FXI.BA": 8890,
  "GE.BA": 35600,
  "GFI.BA": 30075,
  "GGB.BA": 14400,
  "GILD.BA": 33250,
  "GLD.BA": 7450,
  "GLOB.BA": 6490,
  "GLW.BA": 15075,
  "GM.BA": 9780,
  "GOOGL.BA": 3600,
  "GPRK.BA": 8960,
  "GRMN.BA": 82450,
  "GS.BA": 57200,
  "GSK.BA": 12600,
  "GT.BA": 6700,
  "HAL.BA": 13075,
  "HAPV3.BA": 8520,
  "HD.BA": 13525,
  "HDB.BA": 45250,
  "HHPD.BA": 0,
  "HL.BA": 7090,
  "HMC.BA": 34700,
  "HMY.BA": 17800,
  "HNPIY.BA": 6140,
  "HOG.BA": 9820,
  "HON.BA": 33675,
  "HPQ.BA": 29475,
  "HSBC.BA": 35750,
  "HSY.BA": 9760,
  "HUT.BA": 109650,
  "HWM.BA": 204300,
  "IBB.BA": 5700,
  "IBIT.BA": 7250,
  "IBM.BA": 22275,
  "IBN.BA": 39900,
  "IEUR.BA": 7290,
  "IFF.BA": 7740,
  "IJH.BA": 6050,
  "INFY.BA": 22150,
  "ING.BA": 8380,
  "INTC.BA": 4935,
  "IP.BA": 14075,
  "ISRG.BA": 6850,
  "ITUB.BA": 7830,
  "ITUB3.BA": 6980,
  "IVE.BA": 5730,
  "IVW.BA": 6340,
  "IWM.BA": 25275,
  "JBSS3.BA": 8320,
  "JCI.BA": 59050,
  "JD.BA": 10000,
  "JMIA.BA": 3755,
  "JNJ.BA": 12425,
  "JOYY.BA": 11800,
  "JPM.BA": 21275,
  "KB.BA": 47525,
  "KEP.BA": 12675,
  "KGC.BA": 18475,
  "KMB.BA": 26625,
  "KO.BA": 17150,
  "KOFM.BA": 58950,
  "LAC.BA": 3135,
  "LAR.BA": 2375,
  "LFC.BA": 1074.5,
  "LLY.BA": 17175,
  "LMT.BA": 27975,
  "LMT.B.BA": 0,
  "LRCX.BA": 1950,
  "LVS.BA": 24875,
  "LYG.BA": 2490,
  "MA.BA": 21175,
  "MBG.BA": 3807.20898438,
  "MBT.BA": 650,
  "MCD.BA": 15050,
  "MDLZ.BA": 5410,
  "MDT.BA": 26275,
  "MELI.BA": 23500,
  "META.BA": 34375,
  "MFG.BA": 6620,
  "MGLU3.BA": 2060,
  "MMC.BA": 16350,
  "MMM.BA": 17200,
  "MO.BA": 17850,
  "MOS.BA": 8260,
  "MRK.BA": 19475,
  "MRNA.BA": 1720,
  "MRVL.BA": 5920,
  "MSFT.BA": 18950,
  "MSI.BA": 24625,
  "MSTR.BA": 22625,
  "MU.BA": 27625,
  "MUFG.BA": 16300,
  "MUX.BA": 5500,
  "NEC1.BA": 0,
  "NEM.BA": 22250,
  "NFLX.BA": 30225,
  "NG.BA": 20850,
  "NGG.BA": 43425,
  "NIO.BA": 1075,
  "NKE.BA": 6220,
  "NLM.BA": 0,
  "NMR.BA": 7350,
  "NOKA.BA": 6280,
  "NOW.BA": 6990,
  "NSAN.BA": 1545,
  "NTCO.BA": 6200,
  "NTCO3.BA": 2090,
  "NTES.BA": 11250,
  "NU.BA": 7160,
  "NUE.BA": 8790,
  "NVDA.BA": 7190,
  "NVS.BA": 36000,
  "NXE.BA": 7830,
  "ORAN.BA": 13200,
  "ORCL.BA": 79150,
  "ORLY.BA": 551,
  "OXY.BA": 10600,
  "PAAS.BA": 11475,
  "PAC.BA": 17400,
  "PAGS.BA": 3395,
  "PANW.BA": 4700,
  "PATH.BA": 7560,
  "PBI.BA": 12450,
  "PBR.BA": 14750,
  "PCAR.BA": 37175,
  "PCRF.BA": 0,
  "PDD.BA": 4940,
  "PEP.BA": 8750,
  "PETR3.BA": 7250,
  "PFE.BA": 7370,
  "PG.BA": 12950,
  "PHG.BA": 5600,
  "PINS.BA": 5750,
  "PKS.BA": 19475,
  "PLTR.BA": 53550,
  "PM.BA": 12175,
  "PSO.BA": 0,
  "PSQ.BA": 5220,
  "PSX.BA": 24175,
  "PYPL.BA": 11150,
  "QCOM.BA": 17200,
  "QQQ.BA": 31700,
  "RACE.BA": 6810,
  "RBLX.BA": 56550,
  "RCTB4.BA": 0,
  "RGTI.BA": 7200,
  "RIO.BA": 8730,
  "RIOT.BA": 4050,
  "ROKU.BA": 6980,
  "ROST.BA": 39575,
  "RTX.BA": 33600,
  "SAN.BA": 38575,
  "SAP.BA": 59950,
  "SATL.BA": 3800,
  "SBS.BA": 49675,
  "SBSP3.BA": 24200,
  "SBUX.BA": 9340,
  "SCCO.BA": 57150,
  "SCHW.BA": 0,
  "SDA.BA": 1700,
  "SE.BA": 5760,
  "SH.BA": 6110,
  "SHEL.BA": 42575,
  "SHOP.BA": 1210,
  "SID.BA": 14500,
  "SIEGY.BA": 6695.81591797,
  "SLB.BA": 14125,
  "SLV.BA": 6570,
  "SMH.BA": 6280,
  "SMSN.BA": 13143.82421875,
  "SNA.BA": 63000,
  "SNAP.BA": 9880,
  "SNOW.BA": 8370,
  "SONY.BA": 3910,
  "SPCE.BA": 7210,
  "SPGI.BA": 13350,
  "SPOT.BA": 29800,
  "SPXL.BA": 7690,
  "SPY.BA": 35925,
  "STLA.BA": 2405,
  "STNE.BA": 5530,
  "SUZ.BA": 11400,
  "SUZB3.BA": 11600,
  "SWKS.BA": 4045,
  "SYY.BA": 11225,
  "T.BA": 11200,
  "TCOM.BA": 36225,
  "TEAM.BA": 5020,
  "TEFO.BA": 772,
  "TEM.BA": 7030,
  "TEN.BA": 42775,
  "TGT.BA": 4935,
  "TIIAY.BA": 0,
  "TIMB.BA": 22525,
  "TIMS3.BA": 4400,
  "TJX.BA": 7000,
  "TM.BA": 14400,
  "TMO.BA": 22450,
  "TMUS.BA": 8470,
  "TRIP.BA": 8300,
  "TRVV.BA": 52900,
  "TSLA.BA": 25300,
  "TSM.BA": 28500,
  "TTE.BA": 25075,
  "TTM.BA": 8651,
  "TV.BA": 879,
  "TWLO.BA": 3810,
  "TXN.BA": 47475,
  "TXR.BA": 8620,
  "UAL.BA": 18475,
  "UBER.BA": 50900,
  "UGP.BA": 3715,
  "UL.BA": 25275,
  "UNH.BA": 11525,
  "UNP.BA": 13350,
  "UPST.BA": 13075,
  "URA.BA": 8550,
  "URBN.BA": 41100,
  "USB.BA": 10475,
  "V.BA": 24500,
  "VALE.BA": 5700,
  "VALE3.BA": 11600,
  "VEA.BA": 6780,
  "VIG.BA": 6200,
  "VIST.BA": 20750,
  "VIV.BA": 12650,
  "VIVT3.BA": 6240,
  "VOD.BA": 11875,
  "VRSN.BA": 56000,
  "VRTX.BA": 5440,
  "VST.BA": 7960,
  "VZ.BA": 12850,
  "WBA.BA": 4485,
  "WBO.BA": 1910,
  "WEGE3.BA": 9340,
  "WFC.BA": 17550,
  "WMT.BA": 6240,
  "X.BA": 21325,
  "XLB.BA": 5860,
  "XLC.BA": 6460,
  "XLE.BA": 51500,
  "XLF.BA": 30300,
  "XLI.BA": 6100,
  "XLK.BA": 6290,
  "XLP.BA": 6110,
  "XLRE.BA": 5570,
  "XLU.BA": 6520,
  "XLV.BA": 5600,
  "XLY.BA": 5890,
  "XOM.BA": 13075,
  "XP.BA": 5880,
  "XPEV.BA": 5750,
  "XROX.BA": 6320,
  "XYZ.BA": 3780,
  "YELP.BA": 22100,
  "YZCA.BA": 0.007,
  "ZM.BA": 1940,
  "ALUA.BA": 688,
  "ALUAC.BA": 0.59500003,
  "ALUAD.BA": 0.58899999,
  "BBAR.BA": 7410,
  "BBARC.BA": 6.9000001,
  "BBARD.BA": 6.25,
  "BMA.BA": 9300,
  "BMA.C.BA": 9.64999962,
  "BMA.D.BA": 7.82000017,
  "BYMA.BA": 212.25,
  "BYMAC.BA": 0.18000001,
  "BYMAD.BA": 0.18000001,
  "CEPU.BA": 1495,
  "COME.BA": 145.75,
  "CRES.BA": 1310,
  "CRESC.BA": 0.32300001,
  "EDN.BA": 1850,
  "EDNC.BA": 0,
  "GGAL.BA": 6690,
  "GGALC.BA": 5.88000011,
  "GGALD.BA": 5.6500001,
  "LOMA.BA": 2925,
  "LOMAD.BA": 2.4849999,
  "MIRG.BA": 20700,
  "PAMP.BA": 3625,
  "SUPV.BA": 2860,
  "SUPVD.BA": 2.43499994,
  "TECO2.BA": 2320,
  "TECOC.BA": 1.60000002,
  "TGNO4.BA": 3235,
  "TGSU2.BA": 6750,
  "TRAN.BA": 2565,
  "TXAR.BA": 644,
  "TXARD.BA": 0.54500002,
  "VALO.BA": 367,
  "VALOC.BA": 0.34999999,
  "VALOD.BA": 0.31099999,
  "YPFD.BA": 42950,
  "YPFDC.BA": 36.95000076,