{
  "AAL.BA": 8430,
  "AAP.BA": 5270,
  "AAPL.BA": 14775,
  "ABBV.BA": 27500,
  "ABEV.BA": 8600,
  "ABEV3.BA": 2850,
  "ABNB.BA": 10850,
  "ABT.BA": 43100,
  "ACN.BA": 4480,
  "ACWI.BA": 6640,
  "ADBE.BA": 10525,
  "ADGO.BA": 11075,
  "ADI.BA": 20825,
  "ADP.BA": 66950,
  "ADS.BA": 3942.14794922,
  "AEG.BA": 9780,
  "AEM.BA": 29050,
  "AHP.BA": 28.79999924,
  "AI.BA": 4390,
  "AIG.BA": 21500,
  "AKO.B.BA": 31000,
  "AMAT.BA": 41625,
  "AMD.BA": 21325,
  "AMGN.BA": 12925,
  "AMX.BA": 25025,
  "AMZN.BA": 2025,
  "ANF.BA": 118700,
  "ARCO.BA": 18500,
  "ARKK.BA": 9500,
  "ARM.BA": 6280,
  "ASML.BA": 6640,
  "ASR.BA": 21375,
  "AVGO.BA": 9680,
  "AVY.BA": 12775,
  "AXP.BA": 26675,
  "AZN.BA": 52700,
  "B.BA": 16150,
  "BA.BA": 12225,
  "BA.C.BA": 15700,
  "BABA.BA": 17375,
  "BAK.BA": 1880,
  "BAS.BA": 3197.76855469,
  "BAYN.BA": 3323.26293945,
  "BB.BA": 1570,
  "BBD.BA": 3795,
  "BBDC3.BA": 3265,
  "BBV.BA": 24600,
  "BCS.BA": 26175,
  "BHP.BA": 34800,
  "BIDU.BA": 10250,
  "BIIB.BA": 13900,
  "BIOX.BA": 3500,
  "BITF.BA": 8020,
  "BK.BA": 65750,
  "BKNG.BA": 10250,
  "BKR.BA": 7980,
  "BMY.BA": 21075,
  "BNG.BA": 21450,
  "BP.BA": 8870,
  "BPA11.BA": 10100,
  "BRFS.BA": 13900,
  "BRKB.BA": 29075,
  "BSBR.BA": 6290,
  "BSN.BA": 613.31298828,
  "C.BA": 40250,
  "CAAP.BA": 110300,
  "CAH.BA": 65850,
  "CAJ.BA": 4045.5,
  "CAR.BA": 7400,
  "CAT.BA": 27325,
  "CBRD.BA": 459,
  "CCL.BA": 12650,
  "CDE.BA": 14825,
  "CEG.BA": 8970,
  "CIBR.BA": 9360,
  "CL.BA": 37375,
  "CLS.BA": 11475,
  "COIN.BA": 14700,
  "COST.BA": 27025,
  "CRM.BA": 17800,
  "CSCO.BA": 17425,
  "CSNA3.BA": 1640,
  "CVS.BA": 6160,
  "CVX.BA": 12450,
  "CX.BA": 11350,
  "DAL.BA": 9630,
  "DD.BA": 19125,
  "DE.BA": 16075,
  "DECK.BA": 5440,
  "DEO.BA": 25000,
  "DESP.BA": 22600,
  "DHR.BA": 5120,
  "DIA.BA": 29325,
  "DISN.BA": 12650,
  "DOCU.BA": 4165,
  "DOW.BA": 5240,
  "DTEA.BA": 0,
  "E.BA": 11400,
  "EA.BA": 15875,
  "EBAY.BA": 65300,
  "EBR.BA": 40050,
  "EEM.BA": 12950,
  "EFA.BA": 6710,
  "EFX.BA": 20425,
  "ELP.BA": 34200,
  "EOAN.BA": 236.04100037,
  "EQNR.BA": 5230,
  "ERIC.BA": 5020,
  "ERJ.BA": 71750,
  "ETHA.BA": 8500,
  "ETSY.BA": 5280,
  "EWJ.BA": 7400,
  "EWZ.BA": 18100,
  "F.BA": 15050,
  "FCX.BA": 17925,
  "FDX.BA": 29950,
  "FMCC.BA": 0,
  "FMX.BA": 18675,
  "FMX.B.BA": 0,
  "FNMA.BA": 14500,
  "FSLR.BA": 15100,
  "FXI.BA": 10000,
  "GDX.BA": 7560,
  "GE.BA": 43650,
  "GFI.BA": 38325,
  "GGB.BA": 15150,
  "GILD.BA": 39050,
  "GLD.BA": 8040,
  "GLOB.BA": 4950,
  "GLW.BA": 20950,
  "GM.BA": 12350,
  "GOOGL.BA": 4475,
  "GPRK.BA": 8240,
  "GRMN.BA": 100000,
  "GS.BA": 72300,
  "GSK.BA": 13100,
  "GT.BA": 5420,
  "HAL.BA": 13775,
  "HAPV3.BA": 8950,
  "HD.BA": 16475,
  "HDB.BA": 48925,
  "HHPD.BA": 0,
  "HL.BA": 9920,
  "HMC.BA": 45050,
  "HMY.BA": 19925,
  "HNPIY.BA": 6140,
  "HOG.BA": 11975,
  "HON.BA": 35700,
  "HPQ.BA": 34650,
  "HSBC.BA": 42375,
  "HSY.BA": 11325,
  "HUT.BA": 140500,
  "HWM.BA": 224000,
  "IBB.BA": 6670,
  "IBIT.BA": 8430,
  "IBM.BA": 20950,
  "IBN.BA": 43450,
  "IEMG.BA": 6730,
  "IEUR.BA": 8020,
  "IFF.BA": 7130,
  "IJH.BA": 6920,
  "INFY.BA": 22375,
  "ING.BA": 10800,
  "INTC.BA": 6170,
  "IP.BA": 15450,
  "ISRG.BA": 6800,
  "ITUB.BA": 8700,
  "ITUB3.BA": 7690,
  "IVE.BA": 6560,
  "IVW.BA": 7350,
  "IWM.BA": 29325,
  "JBSS3.BA": 8320,
  "JCI.BA": 68050,
  "JD.BA": 10150,
  "JMIA.BA": 9580,
  "JNJ.BA": 15575,
  "JOYY.BA": 12875,
  "JPM.BA": 25325,
  "KB.BA": 51050,
  "KEP.BA": 17700,
  "KGC.BA": 24775,
  "KMB.BA": 29100,
  "KO.BA": 18475,
  "KOFM.BA": 54550,
  "LAC.BA": 3535,
  "LAR.BA": 4095,
  "LFC.BA": 1074.5,
  "LLY.BA": 16225,
  "LMT.BA": 29025,
  "LRCX.BA": 2285,
  "LVS.BA": 35050,
  "LYG.BA": 2980,
  "MA.BA": 23275,
  "MBG.BA": 3807.20898438,
  "MBT.BA": 650,
  "MCD.BA": 17075,
  "MDLZ.BA": 5490,
  "MDT.BA": 30475,
  "MELI.BA": 25575,
  "META.BA": 40350,
  "MFG.BA": 8500,
  "MGLU3.BA": 1590,
  "MMC.BA": 17275,
  "MMM.BA": 20200,
  "MO.BA": 22125,
  "MOS.BA": 8500,
  "MRK.BA": 22150,
  "MRNA.BA": 1850,
  "MRVL.BA": 6500,
  "MSFT.BA": 22000,
  "MSI.BA": 30075,
  "MSTR.BA": 22250,
  "MU.BA": 30225,
  "MUFG.BA": 20025,
  "MUX.BA": 6750,
  "NATU3.BA": 2005,
  "NEC1.BA": 0,
  "NEM.BA": 29850,
  "NFLX.BA": 32775,
  "NG.BA": 30950,
  "NGG.BA": 47150,
  "NIO.BA": 1660,
  "NKE.BA": 8350,
  "NLM.BA": 0,
  "NMR.BA": 9580,
  "NOKA.BA": 5530,
  "NOW.BA": 6820,
  "NSAN.BA": 1545,
  "NTCO.BA": 6200,
  "NTES.BA": 12050,
  "NU.BA": 8890,
  "NUE.BA": 11800,
  "NVDA.BA": 9410,
  "NVS.BA": 41450,
  "NXE.BA": 8200,
  "ORAN.BA": 13200,
  "ORCL.BA": 101050,
  "ORLY.BA": 600,
  "OXY.BA": 11525,
  "PAAS.BA": 13550,
  "PAC.BA": 20450,
  "PAGS.BA": 3715,
  "PANW.BA": 4875,
  "PATH.BA": 7180,
  "PBI.BA": 14775,
  "PBR.BA": 15650,
  "PCAR.BA": 42875,
  "PCRF.BA": 0,
  "PDD.BA": 6170,
  "PEP.BA": 11050,
  "PETR3.BA": 7990,
  "PFE.BA": 8290,
  "PG.BA": 13950,
  "PHG.BA": 7210,
  "PINS.BA": 6600,
  "PKS.BA": 23250,
  "PLTR.BA": 66050,
  "PM.BA": 12575,
  "PSO.BA": 0,
  "PSQ.BA": 5430,
  "PSX.BA": 26625,
  "PYPL.BA": 11075,
  "QCOM.BA": 18400,
  "QQQ.BA": 36800,
  "RACE.BA": 7400,
  "RBLX.BA": 77200,
  "RCTB4.BA": 0,
  "RGTI.BA": 9640,
  "RIO.BA": 9950,
  "RIOT.BA": 5220,
  "ROKU.BA": 8860,
  "ROST.BA": 48575,
  "RTX.BA": 40175,
  "SAN.BA": 49775,
  "SAP.BA": 59100,
  "SATL.BA": 4380,
  "SBS.BA": 55150,
  "SBSP3.BA": 26750,
  "SBUX.BA": 9850,
  "SCCO.BA": 61250,
  "SCHW.BA": 0,
  "SDA.BA": 1500,
  "SE.BA": 7240,
  "SH.BA": 6340,
  "SHEL.BA": 46925,
  "SHOP.BA": 1675,
  "SID.BA": 13150,
  "SIEGY.BA": 6695.81591797,
  "SLB.BA": 14550,
  "SLV.BA": 7450,
  "SMH.BA": 7480,
  "SMSN.BA": 13143.82421875,
  "SNA.BA": 70300,
  "SNAP.BA": 9210,
  "SNOW.BA": 8410,
  "SONY.BA": 4560,
  "SPCE.BA": 7780,
  "SPGI.BA": 16075,
  "SPOT.BA": 32650,
  "SPXL.BA": 9720,
  "SPY.BA": 41575,
  "STLA.BA": 2570,
  "STNE.BA": 6440,
  "SUZ.BA": 12475,
  "SUZB3.BA": 12400,
  "SWKS.BA": 4700,
  "SYY.BA": 13075,
  "T.BA": 12750,
  "TCOM.BA": 41200,
  "TEAM.BA": 4585,
  "TEFO.BA": 921,
  "TEM.BA": 7500,
  "TEN.BA": 46700,
  "TGT.BA": 5320,
  "TIIAY.BA": 0,
  "TIMB.BA": 26675,
  "TIMS3.BA": 5420,
  "TJX.BA": 8340,
  "TM.BA": 17325,
  "TMO.BA": 29200,
  "TMUS.BA": 10225,
  "TRIP.BA": 11050,
  "TRVV.BA": 58400,
  "TSLA.BA": 27875,
  "TSM.BA": 33000,
  "TTE.BA": 27350,
  "TTM.BA": 8651,
  "TV.BA": 1030,
  "TWLO.BA": 3675,
  "TXN.BA": 51700,
  "TXR.BA": 10525,
  "UAL.BA": 25950,
  "UBER.BA": 60350,
  "UGP.BA": 4290,
  "UL.BA": 27650,
  "UNH.BA": 11775,
  "UNP.BA": 14750,
  "UPST.BA": 16500,
  "URA.BA": 9470,
  "URBN.BA": 47100,
  "USB.BA": 12050,
  "USO.BA": 6390,
  "V.BA": 25000,
  "VALE.BA": 6330,
  "VALE3.BA": 12700,
  "VEA.BA": 7690,
  "VIG.BA": 7000,
  "VIST.BA": 17575,
  "VIV.BA": 16225,
  "VIVT3.BA": 8260,
  "VOD.BA": 15500,
  "VRSN.BA": 59050,
  "VRTX.BA": 5120,
  "VST.BA": 9480,
  "VZ.BA": 14725,
  "WBA.BA": 5290,
  "WBO.BA": 2435,
  "WEGE3.BA": 8660,
  "WFC.BA": 20350,
  "WMT.BA": 7420,
  "X.BA": 21550,
  "XLB.BA": 6540,
  "XLC.BA": 7510,
  "XLE.BA": 56000,
  "XLF.BA": 34350,
  "XLI.BA": 7050,
  "XLK.BA": 7320,
  "XLP.BA": 6800,
  "XLRE.BA": 6080,
  "XLU.BA": 7500,
  "XLV.BA": 6190,
  "XLY.BA": 6880,
  "XOM.BA": 14175,
  "XP.BA": 5280,
  "XPEV.BA": 6570,
  "XROX.BA": 5030,
  "XYZ.BA": 4800,
  "YELP.BA": 20200,
  "YZCA.BA": 0.007,
  "ZM.BA": 1990,
  "ALUA.BA": 690,
  "ALUAC.BA": 0.531,
  "ALUAD.BA": 0.525,
  "BBAR.BA": 6610,
  "BBARC.BA": 5.53999996,
  "BBARD.BA": 5.13,
  "BMA.BA": 8770,
  "BMA.C.BA": 7.09000015,
  "BMA.D.BA": 6.78,
  "BYMA.BA": 196.5,
  "BYMAC.BA": 0.152,
  "BYMAD.BA": 0.149,
  "CEPU.BA": 1460,
  "COME.BA": 56.2,
  "CRES.BA": 1400,
  "CRESC.BA": 0.32300001,
  "EDN.BA": 1640,
  "EDNC.BA": 1.42499995,
  "EDND.BA": 1.32,
  "GGAL.BA": 6140,
  "GGALC.BA": 4.94500017,
  "GGALD.BA": 4.735,
  "IRSAC.BA": 1.58000004,
  "IRSAD.BA": 1.56,
  "LOMA.BA": 2680,
  "LOMAD.BA": 2.05,
  "MIRG.BA": 20925,
  "PAMP.BA": 3770,
  "SUPV.BA": 2500,
  "SUPVD.BA": 1.92,
  "TECO2.BA": 2455,
  "TECOC.BA": 1.95500004,
  "TGN4C.BA": 2.70499992,
  "TGN4D.BA": 2.62,
  "TGNO4.BA": 3450,
  "TGSU2.BA": 7240,