{
  "AAL.BA": 7120,
  "AAP.BA": 4365,
  "AAPL.BA": 12875,
  "ABBV.BA": 23450,
  "ABEV.BA": 8880,
  "ABEV3.BA": 3020,
  "ABNB.BA": 11200,
  "ABT.BA": 42075,
  "ACN.BA": 4960,
  "ADBE.BA": 10950,
  "ADGO.BA": 11400,
  "ADI.BA": 19850,
  "ADP.BA": 63750,
  "ADS.BA": 3942.14794922,
  "AEG.BA": 8760,
  "AEM.BA": 24225,
  "AHP.BA": 28.79999924,
  "AI.BA": 6030,
  "AIG.BA": 20950,
  "AKO.B.BA": 29800,
  "AMAT.BA": 45525,
  "AMD.BA": 16875,
  "AMGN.BA": 11950,
  "AMX.BA": 22125,
  "AMZN.BA": 1890,
  "ANF.BA": 108900,
  "ARCO.BA": 19550,
  "ARKK.BA": 8490,
  "ARM.BA": 7100,
  "ASML.BA": 6690,
  "ASR.BA": 19450,
  "AVGO.BA": 8350,
  "AVY.BA": 12225,
  "AXP.BA": 26525,
  "AZN.BA": 44025,
  "B.BA": 12850,
  "BA.BA": 10825,
  "BA.C.BA": 14850,
  "BABA.BA": 15675,
  "BAK.BA": 2055,
  "BAS.BA": 3197.76855469,
  "BAYN.BA": 3323.26293945,
  "BB.BA": 1770,
  "BBD.BA": 3805,
  "BBDC3.BA": 3230,
  "BBV.BA": 18775,
  "BCS.BA": 22675,
  "BHP.BA": 30100,
  "BIDU.BA": 9710,
  "BIIB.BA": 12400,
  "BIOX.BA": 5680,
  "BITF.BA": 5140,
  "BK.BA": 56050,
  "BKNG.BA": 10075,
  "BKR.BA": 6850,
  "BMY.BA": 19525,
  "BNG.BA": 20050,
  "BP.BA": 7560,
  "BPA11.BA": 9390,
  "BRFS.BA": 13225,
  "BRKB.BA": 27500,
  "BSBR.BA": 6770,
  "BSN.BA": 613.31298828,
  "C.BA": 35400,
  "CAAP.BA": 99000,
  "CAH.BA": 66350,
  "CAJ.BA": 4045.5,
  "CAR.BA": 8090,
  "CAT.BA": 24175,
  "CBRD.BA": 459,
  "CCL.BA": 11675,
  "CDE.BA": 11125,
  "CEG.BA": 8480,
  "CIBR.BA": 9190,
  "CL.BA": 37950,
  "CLS.BA": 9040,
  "COIN.BA": 15300,
  "COST.BA": 25400,
  "CRM.BA": 18750,
  "CSCO.BA": 17075,
  "CSNA3.BA": 1705,
  "CVS.BA": 5740,
  "CVX.BA": 11275,
  "CX.BA": 8730,
  "DAL.BA": 7540,
  "DD.BA": 17725,
  "DE.BA": 15850,
  "DECK.BA": 5180,
  "DEO.BA": 21425,
  "DESP.BA": 22600,
  "DHR.BA": 4590,
  "DIA.BA": 27500,
  "DISN.BA": 12625,
  "DOCU.BA": 4340,
  "DOW.BA": 5720,
  "DTEA.BA": 0,
  "E.BA": 9790,
  "EA.BA": 14000,
  "EBAY.BA": 47000,
  "EBR.BA": 36625,
  "EEM.BA": 11950,
  "EFX.BA": 19975,
  "ELP.BA": 33100,
  "EOAN.BA": 236.04100037,
  "EQNR.BA": 5190,
  "ERIC.BA": 5240,
  "ERJ.BA": 72550,
  "ETHA.BA": 4525,
  "ETSY.BA": 3970,
  "EWJ.BA": 6590,
  "EWZ.BA": 17775,
  "F.BA": 13975,
  "FCX.BA": 18150,
  "FDX.BA": 29100,
  "FMCC.BA": 0,
  "FMX.BA": 21000,
  "FMX.B.BA": 0,
  "FNMA.BA": 13000,
  "FSLR.BA": 11150,
  "FXI.BA": 9100,
  "GE.BA": 38600,
  "GFI.BA": 29250,
  "GGB.BA": 14400,
  "GILD.BA": 34475,
  "GLD.BA": 7610,
  "GLOB.BA": 6330,
  "GLW.BA": 16150,
  "GM.BA": 10650,
  "GOOGL.BA": 3725,
  "GPRK.BA": 8100,
  "GRMN.BA": 86600,
  "GS.BA": 67150,
  "GSK.BA": 12050,
  "GT.BA": 6510,
  "HAL.BA": 13075,
  "HAPV3.BA": 8230,
  "HD.BA": 14450,
  "HDB.BA": 47000,
  "HHPD.BA": 0,
  "HL.BA": 7440,
  "HMC.BA": 36050,
  "HMY.BA": 17250,
  "HNPIY.BA": 6140,
  "HOG.BA": 10375,
  "HON.BA": 36725,
  "HPQ.BA": 31325,
  "HSBC.BA": 36575,
  "HSY.BA": 10350,
  "HUT.BA": 114150,
  "HWM.BA": 218550,
  "IBB.BA": 5860,
  "IBIT.BA": 7410,
  "IBM.BA": 24050,
  "IBN.BA": 41325,
  "IEUR.BA": 7440,
  "IFF.BA": 7560,
  "IJH.BA": 6480,
  "INFY.BA": 23300,
  "ING.BA": 8930,
  "INTC.BA": 5670,
  "IP.BA": 15250,
  "ISRG.BA": 7340,
  "ITUB.BA": 8330,
  "ITUB3.BA": 7350,
  "IVE.BA": 6100,
  "IVW.BA": 6730,
  "IWM.BA": 26925,
  "JBSS3.BA": 8320,
  "JCI.BA": 62950,
  "JD.BA": 10150,
  "JMIA.BA": 5640,
  "JNJ.BA": 12850,
  "JOYY.BA": 12525,
  "JPM.BA": 23900,
  "KB.BA": 48475,
  "KEP.BA": 16825,
  "KGC.BA": 19150,
  "KMB.BA": 26950,
  "KO.BA": 17750,
  "KOFM.BA": 59400,
  "LAC.BA": 3285,
  "LAR.BA": 2560,
  "LFC.BA": 1074.5,
  "LLY.BA": 17125,
  "LMT.BA": 28775,
  "LMT.B.BA": 0,
  "LRCX.BA": 2130,
  "LVS.BA": 29275,
  "LYG.BA": 2610,
  "MA.BA": 21200,
  "MBG.BA": 3807.20898438,
  "MBT.BA": 650,
  "MCD.BA": 15300,
  "MDLZ.BA": 5690,
  "MDT.BA": 27250,
  "MELI.BA": 25800,
  "META.BA": 36950,
  "MFG.BA": 6830,
  "MGLU3.BA": 2220,
  "MMC.BA": 16550,
  "MMM.BA": 19075,
  "MO.BA": 18025,
  "MOS.BA": 9140,
  "MRK.BA": 20275,
  "MRNA.BA": 1880,
  "MRVL.BA": 6670,
  "MSFT.BA": 20200,
  "MSI.BA": 26350,
  "MSTR.BA": 23275,
  "MU.BA": 29850,
  "MUFG.BA": 16675,
  "MUX.BA": 6710,
  "NEC1.BA": 0,
  "NEM.BA": 24300,
  "NFLX.BA": 33350,
  "NG.BA": 20200,
  "NGG.BA": 45800,
  "NIO.BA": 1085,
  "NKE.BA": 7520,
  "NLM.BA": 0,
  "NMR.BA": 7990,
  "NOKA.BA": 6410,
  "NOW.BA": 7200,
  "NSAN.BA": 1545,
  "NTCO.BA": 6200,
  "NTCO3.BA": 2410,
  "NTES.BA": 11850,
  "NU.BA": 8320,
  "NUE.BA": 10350,
  "NVDA.BA": 7870,
  "NVS.BA": 37975,
  "NXE.BA": 8340,
  "ORAN.BA": 13200,
  "ORCL.BA": 89900,
  "ORLY.BA": 508,
  "OXY.BA": 10600,
  "PAAS.BA": 11725,
  "PAC.BA": 18025,
  "PAGS.BA": 3880,
  "PANW.BA": 4865,
  "PATH.BA": 7880,
  "PBI.BA": 13850,
  "PBR.BA": 15525,
  "PCAR.BA": 40500,
  "PCRF.BA": 0,
  "PDD.BA": 5190,
  "PEP.BA": 9300,
  "PETR3.BA": 7770,
  "PFE.BA": 7700,
  "PG.BA": 13325,
  "PHG.BA": 5950,
  "PINS.BA": 6320,
  "PKS.BA": 21450,
  "PLTR.BA": 53550,
  "PM.BA": 12275,
  "PSO.BA": 0,
  "PSQ.BA": 5250,
  "PSX.BA": 25500,
  "PYPL.BA": 11625,
  "QCOM.BA": 17925,
  "QQQ.BA": 33825,
  "RACE.BA": 7250,
  "RBLX.BA": 62000,
  "RCTB4.BA": 0,
  "RGTI.BA": 7010,
  "RIO.BA": 9040,
  "RIOT.BA": 4650,
  "ROKU.BA": 8190,
  "ROST.BA": 40225,
  "RTX.BA": 35700,
  "SAN.BA": 40875,
  "SAP.BA": 61950,
  "SATL.BA": 4300,
  "SBS.BA": 53700,
  "SBSP3.BA": 26800,
  "SBUX.BA": 9770,
  "SCCO.BA": 62900,
  "SCHW.BA": 0,
  "SDA.BA": 1595,
  "SE.BA": 5770,
  "SH.BA": 6130,
  "SHEL.BA": 43925,
  "SHOP.BA": 1300,
  "SID.BA": 13800,
  "SIEGY.BA": 6695.81591797,
  "SLB.BA": 14500,
  "SLV.BA": 6760,
  "SMH.BA": 6830,
  "SMSN.BA": 13143.82421875,
  "SNA.BA": 65700,
  "SNAP.BA": 11700,
  "SNOW.BA": 8840,
  "SONY.BA": 3935,
  "SPCE.BA": 7000,
  "SPGI.BA": 14550,
  "SPOT.BA": 32000,
  "SPXL.BA": 8570,
  "SPY.BA": 38175,
  "STLA.BA": 2510,
  "STNE.BA": 6580,
  "SUZ.BA": 11350,
  "SUZB3.BA": 11200,
  "SWKS.BA": 4355,
  "SYY.BA": 12000,
  "T.BA": 11875,
  "TCOM.BA": 36250,
  "TEAM.BA": 5470,
  "TEFO.BA": 809,
  "TEM.BA": 6050,
  "TEN.BA": 45800,
  "TGT.BA": 5360,
  "TIIAY.BA": 0,
  "TIMB.BA": 24675,
  "TIMS3.BA": 4875,
  "TJX.BA": 6900,
  "TM.BA": 14150,
  "TMO.BA": 23700,
  "TMUS.BA": 9400,
  "TRIP.BA": 8470,
  "TRVV.BA": 55100,
  "TSLA.BA": 24800,
  "TSM.BA": 30800,
  "TTE.BA": 25225,
  "TTM.BA": 8651,
  "TV.BA": 915,
  "TWLO.BA": 4020,
  "TXN.BA": 51950,
  "TXR.BA": 9380,
  "UAL.BA": 19650,
  "UBER.BA": 56450,
  "UGP.BA": 4040,
  "UL.BA": 25350,
  "UNH.BA": 12150,
  "UNP.BA": 14575,
  "UPST.BA": 16600,
  "URA.BA": 9270,
  "URBN.BA": 45550,
  "USB.BA": 11450,
  "V.BA": 24500,
  "VALE.BA": 6020,
  "VALE3.BA": 12100,
  "VEA.BA": 7050,
  "VIG.BA": 6510,
  "VIST.BA": 19450,
  "VIV.BA": 14075,
  "VIVT3.BA": 6910,
  "VOD.BA": 13475,
  "VRSN.BA": 58350,
  "VRTX.BA": 5500,
  "VST.BA": 8730,
  "VZ.BA": 13500,
  "WBA.BA": 4710,
  "WBO.BA": 1975,
  "WEGE3.BA": 9440,
  "WFC.BA": 20000,
  "WMT.BA": 6750,
  "X.BA": 21550,
  "XLB.BA": 6200,
  "XLC.BA": 7010,
  "XLE.BA": 53000,
  "XLF.BA": 32475,
  "XLI.BA": 6530,
  "XLK.BA": 6700,
  "XLP.BA": 6320,
  "XLRE.BA": 5740,
  "XLU.BA": 6750,
  "XLV.BA": 5830,
  "XLY.BA": 6280,
  "XOM.BA": 13475,
  "XP.BA": 6120,
  "XPEV.BA": 5680,
  "XROX.BA": 6950,
  "XYZ.BA": 4210,
  "YELP.BA": 20650,
  "YZCA.BA": 0.007,
  "ZM.BA": 2025,
  "ALUA.BA": 710,
  "ALUAC.BA": 0.578,
  "ALUAD.BA": 0.579,
  "BBAR.BA": 6610,
  "BBARC.BA": 5.4,
  "BBARD.BA": 5.36,
  "BMA.BA": 8480,
  "BMA.C.BA": 6.92999983,
  "BMA.D.BA": 6.92,
  "BYMA.BA": 195.5,
  "BYMAC.BA": 0.16599999,
  "BYMAD.BA": 0.16,
  "CEPU.BA": 1440,
  "COME.BA": 118,
  "CRES.BA": 1325,
  "CRESC.BA": 0.32300001,
  "EDN.BA": 1615,
  "EDNC.BA": 1.34500003,
  "GGAL.BA": 6190,
  "GGALC.BA": 5,
  "GGALD.BA": 5,
  "IRSAC.BA": 0,
  "IRSAD.BA": 1.41,
  "LOMA.BA": 2730,
  "LOMAD.BA": 2.205,
  "MIRG.BA": 20425,
  "PAMP.BA": 3380,
  "SUPV.BA": 2610,
  "SUPVD.BA": 2.115,
  "TECO2.BA": 2155,
  "TECOC.BA": 1.60000002,
  "TGNO4.BA": 2760,
  "TGSU2.BA": 6340,
  "TRAN.BA": 2025,
  "TXAR.BA": 615,
  "TXARD.BA": 0.5,
  "VALO.BA": 328,
  "VALOC.BA": 0.26499999,
  "VALOD.BA": 0.256,
  "YPFD.BA": 39100,
  "YPFDC.BA": 32.15,
  "YPFDD.BA": 31.75
}