{
  "AAL.BA": 8070,
  "AAP.BA": 5820,
  "AAPL.BA": 13900,
  "ABBV.BA": 24325,
  "ABEV.BA": 9100,
  "ABEV3.BA": 3070,
  "ABNB.BA": 12025,
  "ABT.BA": 40600,
  "ACN.BA": 4915,
  "ADBE.BA": 10800,
  "ADGO.BA": 12300,
  "ADI.BA": 21100,
  "ADP.BA": 65600,
  "ADS.BA": 3942.14794922,
  "AEG.BA": 9300,
  "AEM.BA": 26675,
  "AHP.BA": 28.79999924,
  "AI.BA": 7670,
  "AIG.BA": 21000,
  "AKO.B.BA": 29875,
  "AMAT.BA": 50250,
  "AMD.BA": 20775,
  "AMGN.BA": 12850,
  "AMX.BA": 22300,
  "AMZN.BA": 2055,
  "ANF.BA": 124500,
  "ARCO.BA": 18675,
  "ARKK.BA": 10275,
  "ARM.BA": 7860,
  "ASML.BA": 6500,
  "ASR.BA": 20250,
  "AVGO.BA": 9670,
  "AVY.BA": 12825,
  "AXP.BA": 26500,
  "AZN.BA": 44850,
  "B.BA": 13875,
  "BA.BA": 12525,
  "BA.C.BA": 15550,
  "BABA.BA": 17625,
  "BAK.BA": 2005,
  "BAS.BA": 3197.76855469,
  "BAYN.BA": 3323.26293945,
  "BB.BA": 1700,
  "BBD.BA": 3680,
  "BBDC3.BA": 3200,
  "BBV.BA": 19350,
  "BCS.BA": 24700,
  "BHP.BA": 34800,
  "BIDU.BA": 10625,
  "BIIB.BA": 12250,
  "BIOX.BA": 4695,
  "BITF.BA": 7850,
  "BK.BA": 64500,
  "BKNG.BA": 10675,
  "BKR.BA": 7380,
  "BMY.BA": 20375,
  "BNG.BA": 19500,
  "BP.BA": 8420,
  "BPA11.BA": 9270,
  "BRFS.BA": 14875,
  "BRKB.BA": 28075,
  "BSBR.BA": 6220,
  "BSN.BA": 613.31298828,
  "C.BA": 40725,
  "CAAP.BA": 103000,
  "CAH.BA": 68700,
  "CAJ.BA": 4045.5,
  "CAR.BA": 9590,
  "CAT.BA": 26950,
  "CBRD.BA": 459,
  "CCL.BA": 12725,
  "CDE.BA": 12525,
  "CEG.BA": 9360,
  "CIBR.BA": 9740,
  "CL.BA": 37700,
  "CLS.BA": 10375,
  "COIN.BA": 20750,
  "COST.BA": 25775,
  "CRM.BA": 19000,
  "CSCO.BA": 17650,
  "CSNA3.BA": 1825,
  "CVS.BA": 5370,
  "CVX.BA": 12125,
  "CX.BA": 10075,
  "DAL.BA": 9100,
  "DD.BA": 19975,
  "DE.BA": 16450,
  "DECK.BA": 5440,
  "DEO.BA": 22325,
  "DESP.BA": 22600,
  "DHR.BA": 4535,
  "DIA.BA": 28900,
  "DISN.BA": 13175,
  "DOCU.BA": 4665,
  "DOW.BA": 6220,
  "DTEA.BA": 0,
  "E.BA": 10725,
  "EA.BA": 14000,
  "EBAY.BA": 51200,
  "EBR.BA": 36500,
  "EEM.BA": 12900,
  "EFX.BA": 21350,
  "ELP.BA": 32950,
  "EOAN.BA": 236.04100037,
  "EQNR.BA": 5550,
  "ERIC.BA": 4820,
  "ERJ.BA": 65200,
  "ETHA.BA": 7590,
  "ETSY.BA": 4885,
  "EWJ.BA": 6770,
  "EWZ.BA": 17675,
  "F.BA": 14825,
  "FCX.BA": 19825,
  "FDX.BA": 29500,
  "FMCC.BA": 0,
  "FMX.BA": 21475,
  "FMX.B.BA": 0,
  "FNMA.BA": 13000,
  "FSLR.BA": 12750,
  "FXI.BA": 9990,
  "GE.BA": 42600,
  "GFI.BA": 33275,
  "GGB.BA": 15200,
  "GILD.BA": 35425,
  "GLD.BA": 8150,
  "GLOB.BA": 6170,
  "GLW.BA": 17475,
  "GM.BA": 11725,
  "GOOGL.BA": 4245,
  "GPRK.BA": 8660,
  "GRMN.BA": 98450,
  "GS.BA": 71000,
  "GSK.BA": 11800,
  "GT.BA": 6870,
  "HAL.BA": 13800,
  "HAPV3.BA": 7540,
  "HD.BA": 14675,
  "HDB.BA": 51050,
  "HHPD.BA": 0,
  "HL.BA": 7990,
  "HMC.BA": 39550,
  "HMY.BA": 19625,
  "HNPIY.BA": 6140,
  "HOG.BA": 10275,
  "HON.BA": 38600,
  "HPQ.BA": 32600,
  "HSBC.BA": 41450,
  "HSY.BA": 11000,
  "HUT.BA": 146450,
  "HWM.BA": 247500,
  "IBB.BA": 6250,
  "IBIT.BA": 8770,
  "IBM.BA": 24825,
  "IBN.BA": 44750,
  "IEUR.BA": 7840,
  "IFF.BA": 8180,
  "IJH.BA": 6900,
  "INFY.BA": 23725,
  "ING.BA": 9880,
  "INTC.BA": 6070,
  "IP.BA": 16600,
  "ISRG.BA": 7470,
  "ITUB.BA": 8260,
  "ITUB3.BA": 7280,
  "IVE.BA": 6460,
  "IVW.BA": 7330,
  "IWM.BA": 29125,
  "JBSS3.BA": 8320,
  "JCI.BA": 61900,
  "JD.BA": 10975,
  "JMIA.BA": 6500,
  "JNJ.BA": 14225,
  "JOYY.BA": 13675,
  "JPM.BA": 25400,
  "KB.BA": 53700,
  "KEP.BA": 17575,
  "KGC.BA": 20950,
  "KMB.BA": 27500,
  "KO.BA": 18250,
  "KOFM.BA": 59050,
  "LAC.BA": 4300,
  "LAR.BA": 3705,
  "LFC.BA": 1074.5,
  "LLY.BA": 17750,
  "LMT.BA": 30225,
  "LMT.B.BA": 0,
  "LRCX.BA": 2350,
  "LVS.BA": 31600,
  "LYG.BA": 2750,
  "MA.BA": 21925,
  "MBG.BA": 3807.20898438,
  "MBT.BA": 650,
  "MCD.BA": 16100,
  "MDLZ.BA": 6000,
  "MDT.BA": 29150,
  "MELI.BA": 25800,
  "META.BA": 38675,
  "MFG.BA": 7200,
  "MGLU3.BA": 1840,
  "MMC.BA": 17225,
  "MMM.BA": 19650,
  "MO.BA": 19100,
  "MOS.BA": 9310,
  "MRK.BA": 20675,
  "MRNA.BA": 2145,
  "MRVL.BA": 6760,
  "MSFT.BA": 22175,
  "MSI.BA": 27375,
  "MSTR.BA": 28200,
  "MU.BA": 30025,
  "MUFG.BA": 17250,
  "MUX.BA": 7450,
  "NEC1.BA": 0,
  "NEM.BA": 25925,
  "NFLX.BA": 32975,
  "NG.BA": 29300,
  "NGG.BA": 46325,
  "NIO.BA": 1500,
  "NKE.BA": 8030,
  "NLM.BA": 0,
  "NMR.BA": 8130,
  "NOKA.BA": 6180,
  "NOW.BA": 7300,
  "NSAN.BA": 1545,
  "NTCO.BA": 6200,
  "NTCO3.BA": 2495,
  "NTES.BA": 12700,
  "NU.BA": 8450,
  "NUE.BA": 11675,
  "NVDA.BA": 9370,
  "NVS.BA": 37350,
  "NXE.BA": 9300,
  "ORAN.BA": 13200,
  "ORCL.BA": 106850,
  "ORLY.BA": 552,
  "OXY.BA": 11300,
  "PAAS.BA": 12750,
  "PAC.BA": 18400,
  "PAGS.BA": 3480,
  "PANW.BA": 5200,
  "PATH.BA": 8270,
  "PBI.BA": 15625,
  "PBR.BA": 15800,
  "PCAR.BA": 40950,
  "PCRF.BA": 0,
  "PDD.BA": 5850,
  "PEP.BA": 10175,
  "PETR3.BA": 7860,
  "PFE.BA": 7940,
  "PG.BA": 13500,
  "PHG.BA": 6350,
  "PINS.BA": 7070,
  "PKS.BA": 25775,
  "PLTR.BA": 67100,
  "PM.BA": 13025,
  "PSO.BA": 0,
  "PSQ.BA": 5350,
  "PSX.BA": 27325,
  "PYPL.BA": 12200,
  "QCOM.BA": 18775,
  "QQQ.BA": 36725,
  "RACE.BA": 7950,
  "RBLX.BA": 82600,
  "RCTB4.BA": 0,
  "RGTI.BA": 10925,
  "RIO.BA": 10125,
  "RIOT.BA": 6550,
  "ROKU.BA": 9500,
  "ROST.BA": 42075,
  "RTX.BA": 39700,
  "SAN.BA": 44200,
  "SAP.BA": 66500,
  "SATL.BA": 4755,
  "SBS.BA": 51050,
  "SBSP3.BA": 25450,
  "SBUX.BA": 10125,
  "SCCO.BA": 62600,
  "SCHW.BA": 0,
  "SDA.BA": 1530,
  "SE.BA": 6370,
  "SH.BA": 6340,
  "SHEL.BA": 45875,
  "SHOP.BA": 1555,
  "SID.BA": 15150,
  "SIEGY.BA": 6695.81591797,
  "SLB.BA": 14650,
  "SLV.BA": 7670,
  "SMH.BA": 7610,
  "SMSN.BA": 13143.82421875,
  "SNA.BA": 72400,
  "SNAP.BA": 13150,
  "SNOW.BA": 9430,
  "SONY.BA": 3945,
  "SPCE.BA": 11000,
  "SPGI.BA": 15300,
  "SPOT.BA": 32750,
  "SPXL.BA": 9530,
  "SPY.BA": 41000,
  "STLA.BA": 2440,
  "STNE.BA": 5910,
  "SUZ.BA": 11925,
  "SUZB3.BA": 11600,
  "SWKS.BA": 4550,
  "SYY.BA": 12800,
  "T.BA": 11875,
  "TCOM.BA": 41325,
  "TEAM.BA": 5350,
  "TEFO.BA": 841,
  "TEM.BA": 6680,
  "TEN.BA": 48325,
  "TGT.BA": 5590,
  "TIIAY.BA": 0,
  "TIMB.BA": 23575,
  "TIMS3.BA": 5110,
  "TJX.BA": 7200,
  "TM.BA": 14775,
  "TMO.BA": 24375,
  "TMUS.BA": 9100,
  "TRIP.BA": 11500,
  "TRVV.BA": 57450,
  "TSLA.BA": 28525,
  "TSM.BA": 34875,
  "TTE.BA": 26575,
  "TTM.BA": 8651,
  "TV.BA": 906,
  "TWLO.BA": 4695,
  "TXN.BA": 56500,
  "TXR.BA": 9980,
  "UAL.BA": 23750,
  "UBER.BA": 59350,
  "UGP.BA": 3700,
  "UL.BA": 25900,
  "UNH.BA": 11200,
  "UNP.BA": 14775,
  "UPST.BA": 20725,
  "URA.BA": 10675,
  "URBN.BA": 48650,
  "USB.BA": 11950,
  "V.BA": 25400,
  "VALE.BA": 6600,
  "VALE3.BA": 13025,
  "VEA.BA": 7440,
  "VIG.BA": 6920,
  "VIST.BA": 19000,
  "VIV.BA": 14400,
  "VIVT3.BA": 7100,
  "VOD.BA": 14425,
  "VRSN.BA": 61450,
  "VRTX.BA": 5920,
  "VST.BA": 9550,
  "VZ.BA": 13825,
  "WBA.BA": 4960,
  "WBO.BA": 2230,
  "WEGE3.BA": 9770,
  "WFC.BA": 20975,
  "WMT.BA": 6960,
  "X.BA": 21550,
  "XLB.BA": 6570,
  "XLC.BA": 7350,
  "XLE.BA": 55550,
  "XLF.BA": 34375,
  "XLI.BA": 7010,
  "XLK.BA": 7430,
  "XLP.BA": 6600,
  "XLRE.BA": 6080,
  "XLU.BA": 7290,
  "XLV.BA": 5920,
  "XLY.BA": 6760,
  "XOM.BA": 14050,
  "XP.BA": 5560,
  "XPEV.BA": 5970,
  "XROX.BA": 6800,
  "XYZ.BA": 5120,
  "YELP.BA": 22600,
  "YZCA.BA": 0.007,
  "ZM.BA": 2050,
  "ALUA.BA": 723,
  "ALUAC.BA": 0.564,
  "ALUAD.BA": 0.559,
  "BBAR.BA": 6530,
  "BBARC.BA": 5.05999994,
  "BBARD.BA": 4.99,
  "BMA.BA": 8520,
  "BMA.C.BA": 6.46000004,
  "BMA.D.BA": 6.54,
  "BYMA.BA": 193.5,
  "BYMAC.BA": 0.155,
  "BYMAD.BA": 0.15,
  "CEPU.BA": 1480,
  "COME.BA": 116,
  "CRES.BA": 1415,
  "CRESC.BA": 0.32300001,
  "EDN.BA": 1655,
  "EDNC.BA": 1.25,
  "GGAL.BA": 6200,
  "GGALC.BA": 4.745,
  "GGALD.BA": 4.77,
  "IRSAC.BA": 0,
  "IRSAD.BA": 1.48,
  "LOMA.BA": 2775,
  "LOMAD.BA": 2.14,
  "MIRG.BA": 21950,
  "PAMP.BA": 3690,
  "SUPV.BA": 2555,
  "SUPVD.BA": 1.955,
  "TECO2.BA": 2375,
  "TECOC.BA": 1.78999996,
  "TGNO4.BA": 3035,
  "TGSU2.BA": 6730,
  "TRAN.BA": 2400,
  "TXAR.BA": 659,
  "TXARD.BA": 0.512,
  "VALO.BA": 337.5,
  "VALOC.BA": 0.26,
  "VALOD.BA": 0.26499999,
  "YPFD.BA": 40400,
  "YPFDC.BA": 30.95000076,