{
  "AAL.BA": 8030,
  "AAP.BA": 6000,
  "AAPL.BA": 13550,
  "ABBV.BA": 24100,
  "ABEV.BA": 9220,
  "ABEV3.BA": 3070,
  "ABNB.BA": 11800,
  "ABT.BA": 39800,
  "ACN.BA": 4825,
  "ADBE.BA": 10750,
  "ADGO.BA": 12050,
  "ADI.BA": 19175,
  "ADP.BA": 64150,
  "ADS.BA": 3942.14794922,
  "AEG.BA": 9270,
  "AEM.BA": 26825,
  "AHP.BA": 28.79999924,
  "AI.BA": 7430,
  "AIG.BA": 20125,
  "AKO.B.BA": 28500,
  "AMAT.BA": 47300,
  "AMD.BA": 20050,
  "AMGN.BA": 13000,
  "AMX.BA": 22675,
  "AMZN.BA": 2005,
  "ANF.BA": 120500,
  "ARCO.BA": 18725,
  "ARKK.BA": 9820,
  "ARM.BA": 7000,
  "ASML.BA": 6220,
  "ASR.BA": 19500,
  "AVGO.BA": 9180,
  "AVY.BA": 12600,
  "AXP.BA": 26125,
  "AZN.BA": 46275,
  "B.BA": 13675,
  "BA.BA": 12325,
  "BA.C.BA": 15225,
  "BABA.BA": 17275,
  "BAK.BA": 2105,
  "BAS.BA": 3197.76855469,
  "BAYN.BA": 3323.26293945,
  "BB.BA": 1730,
  "BBD.BA": 3660,
  "BBDC3.BA": 3090,
  "BBV.BA": 19525,
  "BCS.BA": 24575,
  "BHP.BA": 34975,
  "BIDU.BA": 10750,
  "BIIB.BA": 12725,
  "BIOX.BA": 4730,
  "BITF.BA": 8090,
  "BK.BA": 63150,
  "BKNG.BA": 10250,
  "BKR.BA": 7950,
  "BMY.BA": 20725,
  "BNG.BA": 19775,
  "BP.BA": 8270,
  "BPA11.BA": 9270,
  "BRFS.BA": 14725,
  "BRKB.BA": 27825,
  "BSBR.BA": 6140,
  "BSN.BA": 613.31298828,
  "C.BA": 40525,
  "CAAP.BA": 100750,
  "CAH.BA": 66600,
  "CAJ.BA": 4045.5,
  "CAR.BA": 10175,
  "CAT.BA": 27025,
  "CBRD.BA": 459,
  "CCL.BA": 13025,
  "CDE.BA": 12025,
  "CEG.BA": 9130,
  "CIBR.BA": 9450,
  "CL.BA": 37500,
  "CLS.BA": 10675,
  "COIN.BA": 18600,
  "COST.BA": 24900,
  "CRM.BA": 18800,
  "CSCO.BA": 17400,
  "CSNA3.BA": 1995,
  "CVS.BA": 5230,
  "CVX.BA": 12125,
  "CX.BA": 10150,
  "DAL.BA": 8890,
  "DD.BA": 19475,
  "DE.BA": 16350,
  "DECK.BA": 5500,
  "DEO.BA": 22450,
  "DESP.BA": 22600,
  "DHR.BA": 4650,
  "DIA.BA": 28525,
  "DISN.BA": 12950,
  "DOCU.BA": 4700,
  "DOW.BA": 6450,
  "DTEA.BA": 0,
  "E.BA": 10775,
  "EA.BA": 13950,
  "EBAY.BA": 51750,
  "EBR.BA": 35700,
  "EEM.BA": 12675,
  "EFX.BA": 19475,
  "ELP.BA": 32800,
  "EOAN.BA": 236.04100037,
  "EQNR.BA": 5400,
  "ERIC.BA": 4810,
  "ERJ.BA": 63250,
  "ETHA.BA": 6880,
  "ETSY.BA": 4965,
  "EWJ.BA": 6930,
  "EWZ.BA": 17450,
  "F.BA": 14425,
  "FCX.BA": 18925,
  "FDX.BA": 30225,
  "FMCC.BA": 0,
  "FMX.BA": 20650,
  "FMX.B.BA": 0,
  "FNMA.BA": 11200,
  "FSLR.BA": 12600,
  "FXI.BA": 9910,
  "GE.BA": 41625,
  "GFI.BA": 31900,
  "GGB.BA": 15800,
  "GILD.BA": 36075,
  "GLD.BA": 7920,
  "GLOB.BA": 6340,
  "GLW.BA": 17650,
  "GM.BA": 11250,
  "GOOGL.BA": 4145,
  "GPRK.BA": 8840,
  "GRMN.BA": 98100,
  "GS.BA": 69950,
  "GSK.BA": 12050,
  "GT.BA": 7300,
  "HAL.BA": 13925,
  "HAPV3.BA": 7460,
  "HD.BA": 14925,
  "HDB.BA": 50050,
  "HHPD.BA": 0,
  "HL.BA": 7930,
  "HMC.BA": 43475,
  "HMY.BA": 18825,
  "HNPIY.BA": 6140,
  "HOG.BA": 10650,
  "HON.BA": 37925,
  "HPQ.BA": 32800,
  "HSBC.BA": 41300,
  "HSY.BA": 11025,
  "HUT.BA": 136700,
  "HWM.BA": 235800,
  "IBB.BA": 6370,
  "IBIT.BA": 8530,
  "IBM.BA": 23825,
  "IBN.BA": 43625,
  "IEUR.BA": 7820,
  "IFF.BA": 8210,
  "IJH.BA": 6780,
  "INFY.BA": 23300,
  "ING.BA": 10075,
  "INTC.BA": 5950,
  "IP.BA": 17200,
  "ISRG.BA": 6900,
  "ITUB.BA": 8180,
  "ITUB3.BA": 7260,
  "IVE.BA": 6350,
  "IVW.BA": 7130,
  "IWM.BA": 28675,
  "JBSS3.BA": 8320,
  "JCI.BA": 61900,
  "JD.BA": 10750,
  "JMIA.BA": 6100,
  "JNJ.BA": 14275,
  "JOYY.BA": 13550,
  "JPM.BA": 25000,
  "KB.BA": 53600,
  "KEP.BA": 17625,
  "KGC.BA": 20450,
  "KMB.BA": 27000,
  "KO.BA": 17500,
  "KOFM.BA": 54300,
  "LAC.BA": 4130,
  "LAR.BA": 3690,
  "LFC.BA": 1074.5,
  "LLY.BA": 18050,
  "LMT.BA": 26650,
  "LRCX.BA": 2175,
  "LVS.BA": 30650,
  "LYG.BA": 2730,
  "MA.BA": 21550,
  "MBG.BA": 3807.20898438,
  "MBT.BA": 650,
  "MCD.BA": 15750,
  "MDLZ.BA": 5910,
  "MDT.BA": 29175,
  "MELI.BA": 25250,
  "META.BA": 37675,
  "MFG.BA": 7700,
  "MGLU3.BA": 1820,
  "MMC.BA": 16650,
  "MMM.BA": 19175,
  "MO.BA": 18925,
  "MOS.BA": 9430,
  "MRK.BA": 21275,
  "MRNA.BA": 2320,
  "MRVL.BA": 6640,
  "MSFT.BA": 21325,
  "MSI.BA": 26775,
  "MSTR.BA": 26075,
  "MU.BA": 27750,
  "MUFG.BA": 18500,
  "MUX.BA": 7350,
  "NEC1.BA": 0,
  "NEM.BA": 25925,
  "NFLX.BA": 31050,
  "NG.BA": 29450,
  "NGG.BA": 46075,
  "NIO.BA": 1555,
  "NKE.BA": 8110,
  "NLM.BA": 0,
  "NMR.BA": 8680,
  "NOKA.BA": 5760,
  "NOW.BA": 7030,
  "NSAN.BA": 1545,
  "NTCO.BA": 6200,
  "NTCO3.BA": 2495,
  "NTES.BA": 12750,
  "NU.BA": 8220,
  "NUE.BA": 11475,
  "NVDA.BA": 9000,
  "NVS.BA": 37425,
  "NXE.BA": 8970,
  "ORAN.BA": 13200,
  "ORCL.BA": 102100,
  "ORLY.BA": 546,
  "OXY.BA": 11300,
  "PAAS.BA": 12500,
  "PAC.BA": 17600,
  "PAGS.BA": 3460,
  "PANW.BA": 5040,
  "PATH.BA": 7990,
  "PBI.BA": 16025,
  "PBR.BA": 16050,
  "PCAR.BA": 42875,
  "PCRF.BA": 0,
  "PDD.BA": 6010,
  "PEP.BA": 10250,
  "PETR3.BA": 7950,
  "PFE.BA": 8040,
  "PG.BA": 13375,
  "PHG.BA": 6520,
  "PINS.BA": 6870,
  "PKS.BA": 25800,
  "PLTR.BA": 65200,
  "PM.BA": 11625,
  "PSO.BA": 0,
  "PSQ.BA": 5260,
  "PSX.BA": 27050,
  "PYPL.BA": 12100,
  "QCOM.BA": 18400,
  "QQQ.BA": 35700,
  "RACE.BA": 7900,
  "RBLX.BA": 74750,
  "RCTB4.BA": 0,
  "RGTI.BA": 10275,
  "RIO.BA": 10225,
  "RIOT.BA": 6010,
  "ROKU.BA": 8770,
  "ROST.BA": 43325,
  "RTX.BA": 39650,
  "SAN.BA": 45150,
  "SAP.BA": 61550,
  "SATL.BA": 4525,
  "SBS.BA": 50850,
  "SBSP3.BA": 25450,
  "SBUX.BA": 10125,
  "SCCO.BA": 63900,
  "SCHW.BA": 0,
  "SDA.BA": 1490,
  "SE.BA": 6280,
  "SH.BA": 6130,
  "SHEL.BA": 46150,
  "SHOP.BA": 1445,
  "SID.BA": 16350,
  "SIEGY.BA": 6695.81591797,
  "SLB.BA": 14800,
  "SLV.BA": 7520,
  "SMH.BA": 7260,
  "SMSN.BA": 13143.82421875,
  "SNA.BA": 69800,
  "SNAP.BA": 12700,
  "SNOW.BA": 8950,
  "SONY.BA": 3980,
  "SPCE.BA": 11150,
  "SPGI.BA": 14775,
  "SPOT.BA": 30475,
  "SPXL.BA": 9400,
  "SPY.BA": 40125,
  "STLA.BA": 2620,
  "STNE.BA": 5910,
  "SUZ.BA": 11900,
  "SUZB3.BA": 11850,
  "SWKS.BA": 4310,
  "SYY.BA": 12750,
  "T.BA": 11650,
  "TCOM.BA": 40850,
  "TEAM.BA": 5470,
  "TEFO.BA": 832,
  "TEM.BA": 6840,
  "TEN.BA": 49150,
  "TGT.BA": 5700,
  "TIIAY.BA": 0,
  "TIMB.BA": 22975,
  "TIMS3.BA": 4620,
  "TJX.BA": 7520,
  "TM.BA": 16250,
  "TMO.BA": 27000,
  "TMUS.BA": 8900,
  "TRIP.BA": 11525,
  "TRVV.BA": 55800,
  "TSLA.BA": 28075,
  "TSM.BA": 33825,
  "TTE.BA": 26375,
  "TTM.BA": 8651,
  "TV.BA": 1030,
  "TWLO.BA": 4655,
  "TXN.BA": 47125,
  "TXR.BA": 10075,
  "UAL.BA": 22850,
  "UBER.BA": 57000,
  "UGP.BA": 3790,
  "UL.BA": 25725,
  "UNH.BA": 11225,
  "UNP.BA": 14575,
  "UPST.BA": 21325,
  "URA.BA": 10450,
  "URBN.BA": 49275,
  "USB.BA": 11775,
  "V.BA": 25025,
  "VALE.BA": 6590,
  "VALE3.BA": 13025,
  "VEA.BA": 7390,
  "VIG.BA": 6780,
  "VIST.BA": 18725,
  "VIV.BA": 14075,
  "VIVT3.BA": 6980,
  "VOD.BA": 14225,
  "VRSN.BA": 61000,
  "VRTX.BA": 6000,
  "VST.BA": 9690,
  "VZ.BA": 13575,
  "WBA.BA": 4845,
  "WBO.BA": 2215,
  "WEGE3.BA": 8820,
  "WFC.BA": 21150,
  "WMT.BA": 6740,
  "X.BA": 21550,
  "XLB.BA": 6490,
  "XLC.BA": 7210,
  "XLE.BA": 55000,
  "XLF.BA": 33550,
  "XLI.BA": 6970,
  "XLK.BA": 7170,
  "XLP.BA": 6470,
  "XLRE.BA": 6030,
  "XLU.BA": 7150,
  "XLV.BA": 5970,
  "XLY.BA": 6650,
  "XOM.BA": 13950,
  "XP.BA": 5350,
  "XPEV.BA": 5990,
  "XROX.BA": 8430,
  "XYZ.BA": 5040,
  "YELP.BA": 22350,
  "YZCA.BA": 0.007,
  "ZM.BA": 2030,
  "ALUA.BA": 691,
  "ALUAC.BA": 0.55299997,
  "ALUAD.BA": 0.54500002,
  "BBAR.BA": 6450,
  "BBARC.BA": 5.11999989,
  "BBARD.BA": 5.0999999,
  "BMA.BA": 8590,
  "BMA.C.BA": 6.57999992,
  "BMA.D.BA": 6.80999994,
  "BYMA.BA": 192.75,
  "BYMAC.BA": 0.154,
  "BYMAD.BA": 0.153,
  "CEPU.BA": 1500,
  "COME.BA": 111,
  "CRES.BA": 1415,
  "CRESC.BA": 0.32300001,
  "EDN.BA": 1595,
  "EDNC.BA": 1.255,
  "GGAL.BA": 6230,
  "GGALC.BA": 4.9000001,
  "GGALD.BA": 4.92999983,
  "IRSAC.BA": 0,
  "IRSAD.BA": 1.52999997,
  "LOMA.BA": 2805,
  "LOMAD.BA": 2.20000005,
  "MIRG.BA": 22475,
  "PAMP.BA": 3670,
  "SUPV.BA": 2525,
  "SUPVD.BA": 1.99000001,
  "TECO2.BA": 2315,
  "TECOC.BA": 1.78999996,
  "TGNO4.BA": 2950,
  "TGSU2.BA": 6720,
  "TRAN.BA": 2340,
  "TXAR.BA": 621,
  "TXARD.BA": 0.49200001,
  "VALO.BA": 331.5,
  "VALOC.BA": 0.25999999,
  "VALOD.BA": 0.264,