{
  "AAL.BA": 7310,
  "AAP.BA": 4515,
  "AAPL.BA": 13150,
  "ABBV.BA": 23450,
  "ABEV.BA": 9150,
  "ABEV3.BA": 3150,
  "ABNB.BA": 11300,
  "ABT.BA": 41300,
  "ACN.BA": 5020,
  "ADBE.BA": 10675,
  "ADGO.BA": 11475,
  "ADI.BA": 20175,
  "ADP.BA": 63300,
  "ADS.BA": 3942.14794922,
  "AEG.BA": 8950,
  "AEM.BA": 24550,
  "AHP.BA": 28.79999924,
  "AI.BA": 6430,
  "AIG.BA": 20675,
  "AKO.B.BA": 30050,
  "AMAT.BA": 47200,
  "AMD.BA": 17075,
  "AMGN.BA": 12325,
  "AMX.BA": 22325,
  "AMZN.BA": 1905,
  "ANF.BA": 114250,
  "ARCO.BA": 19275,
  "ARKK.BA": 8770,
  "ARM.BA": 7150,
  "ASML.BA": 6730,
  "ASR.BA": 19975,
  "AVGO.BA": 8670,
  "AVY.BA": 12575,
  "AXP.BA": 27000,
  "AZN.BA": 43300,
  "B.BA": 13000,
  "BA.BA": 11100,
  "BA.C.BA": 15175,
  "BABA.BA": 14900,
  "BAK.BA": 2120,
  "BAS.BA": 3197.76855469,
  "BAYN.BA": 3323.26293945,
  "BB.BA": 1775,
  "BBD.BA": 3790,
  "BBDC3.BA": 3245,
  "BBV.BA": 19225,
  "BCS.BA": 22600,
  "BHP.BA": 31175,
  "BIDU.BA": 9670,
  "BIIB.BA": 12625,
  "BIOX.BA": 6050,
  "BITF.BA": 6250,
  "BK.BA": 57100,
  "BKNG.BA": 9960,
  "BKR.BA": 6930,
  "BMY.BA": 19350,
  "BNG.BA": 19725,
  "BP.BA": 7680,
  "BPA11.BA": 9390,
  "BRFS.BA": 13250,
  "BRKB.BA": 27275,
  "BSBR.BA": 6780,
  "BSN.BA": 613.31298828,
  "C.BA": 36375,
  "CAAP.BA": 102350,
  "CAH.BA": 67050,
  "CAJ.BA": 4045.5,
  "CAR.BA": 8560,
  "CAT.BA": 24850,
  "CBRD.BA": 459,
  "CCL.BA": 12200,
  "CDE.BA": 11200,
  "CEG.BA": 8570,
  "CIBR.BA": 9400,
  "CL.BA": 38075,
  "CLS.BA": 9830,
  "COIN.BA": 16175,
  "COST.BA": 25400,
  "CRM.BA": 18650,
  "CSCO.BA": 17050,
  "CSNA3.BA": 1805,
  "CVS.BA": 5510,
  "CVX.BA": 11475,
  "CX.BA": 9010,
  "DAL.BA": 7880,
  "DD.BA": 18275,
  "DE.BA": 16150,
  "DECK.BA": 5270,
  "DEO.BA": 21425,
  "DESP.BA": 22600,
  "DHR.BA": 4650,
  "DIA.BA": 27700,
  "DISN.BA": 12675,
  "DOCU.BA": 4385,
  "DOW.BA": 5900,
  "DTEA.BA": 0,
  "E.BA": 10250,
  "EA.BA": 13725,
  "EBAY.BA": 47075,
  "EBR.BA": 37550,
  "EEM.BA": 12000,
  "EFX.BA": 20375,
  "ELP.BA": 33525,
  "EOAN.BA": 236.04100037,
  "EQNR.BA": 5400,
  "ERIC.BA": 5270,
  "ERJ.BA": 74650,
  "ETHA.BA": 4865,
  "ETSY.BA": 4185,
  "EWJ.BA": 6590,
  "EWZ.BA": 18050,
  "F.BA": 14600,
  "FCX.BA": 18825,
  "FDX.BA": 29875,
  "FMCC.BA": 0,
  "FMX.BA": 21550,
  "FMX.B.BA": 0,
  "FNMA.BA": 13000,
  "FSLR.BA": 12650,
  "FXI.BA": 8940,
  "GE.BA": 38175,
  "GFI.BA": 29425,
  "GGB.BA": 15500,
  "GILD.BA": 34375,
  "GLD.BA": 7570,
  "GLOB.BA": 6350,
  "GLW.BA": 16325,
  "GM.BA": 11050,
  "GOOGL.BA": 3795,
  "GPRK.BA": 8640,
  "GRMN.BA": 89300,
  "GS.BA": 68700,
  "GSK.BA": 11875,
  "GT.BA": 6980,
  "HAL.BA": 13300,
  "HAPV3.BA": 8170,
  "HD.BA": 14325,
  "HDB.BA": 47275,
  "HHPD.BA": 0,
  "HL.BA": 7430,
  "HMC.BA": 37375,
  "HMY.BA": 17575,
  "HNPIY.BA": 6140,
  "HOG.BA": 10525,
  "HON.BA": 37225,
  "HPQ.BA": 32325,
  "HSBC.BA": 37700,
  "HSY.BA": 10400,
  "HUT.BA": 133850,
  "HWM.BA": 221900,
  "IBB.BA": 5950,
  "IBIT.BA": 7720,
  "IBM.BA": 23975,
  "IBN.BA": 41625,
  "IEUR.BA": 7450,
  "IFF.BA": 7850,
  "IJH.BA": 6590,
  "INFY.BA": 23400,
  "ING.BA": 9280,
  "INTC.BA": 5520,
  "IP.BA": 15600,
  "ISRG.BA": 7450,
  "ITUB.BA": 8560,
  "ITUB3.BA": 7520,
  "IVE.BA": 6150,
  "IVW.BA": 6860,
  "IWM.BA": 27500,
  "JBSS3.BA": 8320,
  "JCI.BA": 61900,
  "JD.BA": 9880,
  "JMIA.BA": 5560,
  "JNJ.BA": 12850,
  "JOYY.BA": 12475,
  "JPM.BA": 24325,
  "KB.BA": 52200,
  "KEP.BA": 16450,
  "KGC.BA": 19350,
  "KMB.BA": 27125,
  "KO.BA": 17500,
  "KOFM.BA": 60550,
  "LAC.BA": 3280,
  "LAR.BA": 2880,
  "LFC.BA": 1074.5,
  "LLY.BA": 17100,
  "LMT.BA": 28625,
  "LMT.B.BA": 0,
  "LRCX.BA": 2195,
  "LVS.BA": 29925,
  "LYG.BA": 2580,
  "MA.BA": 21200,
  "MBG.BA": 3807.20898438,
  "MBT.BA": 650,
  "MCD.BA": 15175,
  "MDLZ.BA": 5680,
  "MDT.BA": 27200,
  "MELI.BA": 25875,
  "META.BA": 36775,
  "MFG.BA": 6930,
  "MGLU3.BA": 2070,
  "MMC.BA": 16550,
  "MMM.BA": 18650,
  "MO.BA": 18325,
  "MOS.BA": 9220,
  "MRK.BA": 20125,
  "MRNA.BA": 1995,
  "MRVL.BA": 6590,
  "MSFT.BA": 20500,
  "MSI.BA": 26325,
  "MSTR.BA": 25100,
  "MU.BA": 30350,
  "MUFG.BA": 17050,
  "MUX.BA": 6920,
  "NEC1.BA": 0,
  "NEM.BA": 24525,
  "NFLX.BA": 33200,
  "NG.BA": 22250,
  "NGG.BA": 43825,
  "NIO.BA": 1085,
  "NKE.BA": 7800,
  "NLM.BA": 0,
  "NMR.BA": 8060,
  "NOKA.BA": 6410,
  "NOW.BA": 7470,
  "NSAN.BA": 1545,
  "NTCO.BA": 6200,
  "NTCO3.BA": 2450,
  "NTES.BA": 11750,
  "NU.BA": 8380,
  "NUE.BA": 10650,
  "NVDA.BA": 8200,
  "NVS.BA": 37350,
  "NXE.BA": 8440,
  "ORAN.BA": 13200,
  "ORCL.BA": 95750,
  "ORLY.BA": 508,
  "OXY.BA": 10850,
  "PAAS.BA": 11750,
  "PAC.BA": 18050,
  "PAGS.BA": 3870,
  "PANW.BA": 5000,
  "PATH.BA": 8190,
  "PBI.BA": 13900,
  "PBR.BA": 15975,
  "PCAR.BA": 40400,
  "PCRF.BA": 0,
  "PDD.BA": 5150,
  "PEP.BA": 9320,
  "PETR3.BA": 8100,
  "PFE.BA": 7860,
  "PG.BA": 13225,
  "PHG.BA": 5940,
  "PINS.BA": 6360,
  "PKS.BA": 23275,
  "PLTR.BA": 55250,
  "PM.BA": 12225,
  "PSO.BA": 0,
  "PSQ.BA": 5160,
  "PSX.BA": 26350,
  "PYPL.BA": 11900,
  "QCOM.BA": 18325,
  "QQQ.BA": 34300,
  "RACE.BA": 7270,
  "RBLX.BA": 64100,
  "RCTB4.BA": 0,
  "RGTI.BA": 8030,
  "RIO.BA": 9090,
  "RIOT.BA": 5050,
  "ROKU.BA": 8370,
  "ROST.BA": 40700,
  "RTX.BA": 36075,
  "SAN.BA": 42325,
  "SAP.BA": 62000,
  "SATL.BA": 4360,
  "SBS.BA": 53500,
  "SBSP3.BA": 26325,
  "SBUX.BA": 9650,
  "SCCO.BA": 65000,
  "SCHW.BA": 0,
  "SDA.BA": 1560,
  "SE.BA": 5780,
  "SH.BA": 6040,
  "SHEL.BA": 44375,
  "SHOP.BA": 1350,
  "SID.BA": 15250,
  "SIEGY.BA": 6695.81591797,
  "SLB.BA": 14700,
  "SLV.BA": 6870,
  "SMH.BA": 7020,
  "SMSN.BA": 13143.82421875,
  "SNA.BA": 66250,
  "SNAP.BA": 11400,
  "SNOW.BA": 9080,
  "SONY.BA": 3940,
  "SPCE.BA": 6930,
  "SPGI.BA": 14400,
  "SPOT.BA": 31725,
  "SPXL.BA": 8850,
  "SPY.BA": 38625,
  "STLA.BA": 2530,
  "STNE.BA": 6650,
  "SUZ.BA": 11850,
  "SUZB3.BA": 11650,
  "SWKS.BA": 4520,
  "SYY.BA": 11850,
  "T.BA": 11650,
  "TCOM.BA": 36325,
  "TEAM.BA": 5630,
  "TEFO.BA": 804,
  "TEM.BA": 6220,
  "TEN.BA": 47350,
  "TGT.BA": 5380,
  "TIIAY.BA": 0,
  "TIMB.BA": 25775,
  "TIMS3.BA": 4930,
  "TJX.BA": 7190,
  "TM.BA": 14375,
  "TMO.BA": 24000,
  "TMUS.BA": 9200,
  "TRIP.BA": 10850,
  "TRVV.BA": 53300,
  "TSLA.BA": 25950,
  "TSM.BA": 32475,
  "TTE.BA": 25850,
  "TTM.BA": 8651,
  "TV.BA": 964,
  "TWLO.BA": 4000,
  "TXN.BA": 53350,
  "TXR.BA": 9940,
  "UAL.BA": 20625,
  "UBER.BA": 57550,
  "UGP.BA": 4190,
  "UL.BA": 25150,
  "UNH.BA": 11650,
  "UNP.BA": 14650,
  "UPST.BA": 18000,
  "URA.BA": 9310,
  "URBN.BA": 45150,
  "USB.BA": 11800,
  "V.BA": 24525,
  "VALE.BA": 6320,
  "VALE3.BA": 12750,
  "VEA.BA": 7070,
  "VIG.BA": 6580,
  "VIST.BA": 19850,
  "VIV.BA": 14475,
  "VIVT3.BA": 7110,
  "VOD.BA": 13300,
  "VRSN.BA": 58850,
  "VRTX.BA": 5580,
  "VST.BA": 9200,
  "VZ.BA": 13475,
  "WBA.BA": 4710,
  "WBO.BA": 1950,
  "WEGE3.BA": 9800,
  "WFC.BA": 20625,
  "WMT.BA": 6690,
  "X.BA": 21550,
  "XLB.BA": 6290,
  "XLC.BA": 7020,
  "XLE.BA": 53750,
  "XLF.BA": 32850,
  "XLI.BA": 6600,
  "XLK.BA": 6900,
  "XLP.BA": 6340,
  "XLRE.BA": 5740,
  "XLU.BA": 6740,
  "XLV.BA": 5750,
  "XLY.BA": 6360,
  "XOM.BA": 13800,
  "XP.BA": 6090,
  "XPEV.BA": 5720,
  "XROX.BA": 7170,
  "XYZ.BA": 4260,
  "YELP.BA": 20650,
  "YZCA.BA": 0.007,
  "ZM.BA": 2085,
  "ALUA.BA": 744,
  "ALUAC.BA": 0.603,
  "ALUAD.BA": 0.606,
  "BBAR.BA": 6710,
  "BBARC.BA": 5.46000004,
  "BBARD.BA": 5.45,
  "BMA.BA": 8600,
  "BMA.C.BA": 6.92999983,
  "BMA.D.BA": 6.96,
  "BYMA.BA": 200,
  "BYMAC.BA": 0.162,
  "BYMAD.BA": 0.163,
  "CEPU.BA": 1470,
  "COME.BA": 124.5,
  "CRES.BA": 1355,
  "CRESC.BA": 0.32300001,
  "EDN.BA": 1650,
  "EDNC.BA": 1.34500003,
  "GGAL.BA": 6270,
  "GGALC.BA": 5.05999994,
  "GGALD.BA": 5.07,
  "IRSAC.BA": 0,
  "IRSAD.BA": 1.45000005,
  "LOMA.BA": 2805,
  "LOMAD.BA": 2.29,
  "MIRG.BA": 20850,
  "PAMP.BA": 3555,
  "SUPV.BA": 2660,
  "SUPVD.BA": 2.17,
  "TECO2.BA": 2230,
  "TECOC.BA": 1.60000002,
  "TGNO4.BA": 2920,
  "TGSU2.BA": 6700,
  "TRAN.BA": 2180,
  "TXAR.BA": 645,
  "TXARD.BA": 0.524,
  "VALO.BA": 345,
  "VALOC.BA": 0.284,
  "VALOD.BA": 0.283,
  "YPFD.BA": 40050,
  "YPFDC.BA": 32.95,