{
  "AAL.BA": 7550,
  "AAP.BA": 5080,
  "AAPL.BA": 13800,
  "ABBV.BA": 26775,
  "ABEV.BA": 8980,
  "ABEV3.BA": 3070,
  "ABNB.BA": 11625,
  "ABT.BA": 43650,
  "ACN.BA": 4685,
  "ACWI.BA": 6760,
  "ADBE.BA": 10950,
  "ADGO.BA": 12225,
  "ADI.BA": 20175,
  "ADP.BA": 68900,
  "ADS.BA": 3942.14794922,
  "AEG.BA": 9500,
  "AEM.BA": 28450,
  "AHP.BA": 28.79999924,
  "AI.BA": 6200,
  "AIG.BA": 21000,
  "AKO.B.BA": 30275,
  "AMAT.BA": 49200,
  "AMD.BA": 23500,
  "AMGN.BA": 13550,
  "AMX.BA": 24600,
  "AMZN.BA": 2040,
  "ANF.BA": 125800,
  "ARCO.BA": 17900,
  "ARKK.BA": 9790,
  "ARM.BA": 7000,
  "ASML.BA": 6460,
  "ASR.BA": 20575,
  "AVGO.BA": 10100,
  "AVY.BA": 12475,
  "AXP.BA": 26750,
  "AZN.BA": 50400,
  "B.BA": 14525,
  "BA.BA": 12550,
  "BA.C.BA": 15550,
  "BABA.BA": 17800,
  "BAK.BA": 2100,
  "BAS.BA": 3197.76855469,
  "BAYN.BA": 3323.26293945,
  "BB.BA": 1660,
  "BBD.BA": 3825,
  "BBDC3.BA": 3340,
  "BBV.BA": 22750,
  "BCS.BA": 26175,
  "BHP.BA": 34500,
  "BIDU.BA": 10725,
  "BIIB.BA": 13600,
  "BIOX.BA": 4600,
  "BITF.BA": 8050,
  "BK.BA": 68200,
  "BKNG.BA": 10300,
  "BKR.BA": 8410,
  "BMY.BA": 20075,
  "BNG.BA": 21375,
  "BP.BA": 8700,
  "BPA11.BA": 8980,
  "BRFS.BA": 14975,
  "BRKB.BA": 29500,
  "BSBR.BA": 6430,
  "BSN.BA": 613.31298828,
  "C.BA": 41550,
  "CAAP.BA": 107000,
  "CAH.BA": 71650,
  "CAJ.BA": 4045.5,
  "CAR.BA": 8570,
  "CAT.BA": 29250,
  "CBRD.BA": 459,
  "CCL.BA": 13300,
  "CDE.BA": 11850,
  "CEG.BA": 10450,
  "CIBR.BA": 9800,
  "CL.BA": 37875,
  "CLS.BA": 13400,
  "COIN.BA": 16125,
  "COST.BA": 27125,
  "CRM.BA": 19125,
  "CSCO.BA": 18275,
  "CSNA3.BA": 1970,
  "CVS.BA": 5610,
  "CVX.BA": 12900,
  "CX.BA": 11625,
  "DAL.BA": 8710,
  "DD.BA": 19125,
  "DE.BA": 17200,
  "DECK.BA": 5630,
  "DEO.BA": 22200,
  "DESP.BA": 22600,
  "DHR.BA": 4940,
  "DIA.BA": 29725,
  "DISN.BA": 13300,
  "DOCU.BA": 4580,
  "DOW.BA": 5040,
  "DTEA.BA": 0,
  "E.BA": 11625,
  "EA.BA": 15250,
  "EBAY.BA": 62500,
  "EBR.BA": 37500,
  "EEM.BA": 13150,
  "EFA.BA": 6610,
  "EFX.BA": 20500,
  "ELP.BA": 35750,
  "EOAN.BA": 236.04100037,
  "EQNR.BA": 5810,
  "ERIC.BA": 4930,
  "ERJ.BA": 77950,
  "ETHA.BA": 7400,
  "ETSY.BA": 5000,
  "EWJ.BA": 7210,
  "EWZ.BA": 18250,
  "F.BA": 14700,
  "FCX.BA": 18175,
  "FDX.BA": 29675,
  "FMCC.BA": 0,
  "FMX.BA": 20575,
  "FMX.B.BA": 0,
  "FNMA.BA": 10700,
  "FSLR.BA": 13975,
  "FXI.BA": 10050,
  "GDX.BA": 7160,
  "GE.BA": 45975,
  "GFI.BA": 34425,
  "GGB.BA": 15850,
  "GILD.BA": 38775,
  "GLD.BA": 8440,
  "GLOB.BA": 6160,
  "GLW.BA": 20875,
  "GM.BA": 11975,
  "GOOGL.BA": 4430,
  "GPRK.BA": 8640,
  "GRMN.BA": 98700,
  "GS.BA": 75150,
  "GSK.BA": 12825,
  "GT.BA": 6850,
  "HAL.BA": 14750,
  "HAPV3.BA": 8100,
  "HD.BA": 15925,
  "HDB.BA": 52700,
  "HHPD.BA": 0,
  "HL.BA": 7930,
  "HMC.BA": 42600,
  "HMY.BA": 19300,
  "HNPIY.BA": 6140,
  "HOG.BA": 10825,
  "HON.BA": 37325,
  "HPQ.BA": 33375,
  "HSBC.BA": 42075,
  "HSY.BA": 12300,
  "HUT.BA": 136000,
  "HWM.BA": 252200,
  "IBB.BA": 6730,
  "IBIT.BA": 8900,
  "IBM.BA": 22450,
  "IBN.BA": 45850,
  "IEMG.BA": 6850,
  "IEUR.BA": 7930,
  "IFF.BA": 8000,
  "IJH.BA": 7040,
  "INFY.BA": 22475,
  "ING.BA": 10350,
  "INTC.BA": 5260,
  "IP.BA": 15775,
  "ISRG.BA": 7500,
  "ITUB.BA": 8640,
  "ITUB3.BA": 7580,
  "IVE.BA": 6660,
  "IVW.BA": 7650,
  "IWM.BA": 29350,
  "JBSS3.BA": 8320,
  "JCI.BA": 68150,
  "JD.BA": 10575,
  "JMIA.BA": 6150,
  "JNJ.BA": 15200,
  "JOYY.BA": 13375,
  "JPM.BA": 26475,
  "KB.BA": 53650,
  "KEP.BA": 18075,
  "KGC.BA": 22000,
  "KMB.BA": 29325,
  "KO.BA": 18850,
  "KOFM.BA": 57650,
  "LAC.BA": 3465,
  "LAR.BA": 3610,
  "LFC.BA": 1074.5,
  "LLY.BA": 18525,
  "LMT.BA": 28950,
  "LRCX.BA": 2340,
  "LVS.BA": 35925,
  "LYG.BA": 3025,
  "MA.BA": 23025,
  "MBG.BA": 3807.20898438,
  "MBT.BA": 650,
  "MCD.BA": 17300,
  "MDLZ.BA": 5890,
  "MDT.BA": 30650,
  "MELI.BA": 27200,
  "META.BA": 42725,
  "MFG.BA": 8100,
  "MGLU3.BA": 1770,
  "MMC.BA": 16975,
  "MMM.BA": 19825,
  "MO.BA": 21300,
  "MOS.BA": 9690,
  "MRK.BA": 21550,
  "MRNA.BA": 1970,
  "MRVL.BA": 7280,
  "MSFT.BA": 23875,
  "MSI.BA": 29900,
  "MSTR.BA": 25750,
  "MU.BA": 28750,
  "MUFG.BA": 18850,
  "MUX.BA": 6940,
  "NATU3.BA": 2160,
  "NEC1.BA": 0,
  "NEM.BA": 28375,
  "NFLX.BA": 32975,
  "NG.BA": 28300,
  "NGG.BA": 49050,
  "NIO.BA": 1665,
  "NKE.BA": 8430,
  "NLM.BA": 0,
  "NMR.BA": 9090,
  "NOKA.BA": 5510,
  "NOW.BA": 7300,
  "NSAN.BA": 1545,
  "NTCO.BA": 6200,
  "NTES.BA": 12550,
  "NU.BA": 8280,
  "NUE.BA": 11825,
  "NVDA.BA": 9910,
  "NVS.BA": 39300,
  "NXE.BA": 8970,
  "ORAN.BA": 13200,
  "ORCL.BA": 112050,
  "ORLY.BA": 614,
  "OXY.BA": 11875,
  "PAAS.BA": 12250,
  "PAC.BA": 19375,
  "PAGS.BA": 3575,
  "PANW.BA": 4800,
  "PATH.BA": 7580,
  "PBI.BA": 15475,
  "PBR.BA": 17275,
  "PCAR.BA": 43975,
  "PCRF.BA": 0,
  "PDD.BA": 6010,
  "PEP.BA": 10575,
  "PETR3.BA": 8610,
  "PFE.BA": 8030,
  "PG.BA": 13775,
  "PHG.BA": 7170,
  "PINS.BA": 7340,
  "PKS.BA": 23700,
  "PLTR.BA": 71300,
  "PM.BA": 12700,
  "PSO.BA": 0,
  "PSQ.BA": 5770,
  "PSX.BA": 27375,
  "PYPL.BA": 11425,
  "QCOM.BA": 18325,
  "QQQ.BA": 37925,
  "RACE.BA": 7140,
  "RBLX.BA": 86300,
  "RCTB4.BA": 0,
  "RGTI.BA": 9640,
  "RIO.BA": 10200,
  "RIOT.BA": 5100,
  "ROKU.BA": 8430,
  "ROST.BA": 47150,
  "RTX.BA": 42900,
  "SAN.BA": 45750,
  "SAP.BA": 64500,
  "SATL.BA": 4525,
  "SBS.BA": 53650,
  "SBSP3.BA": 26025,
  "SBUX.BA": 9770,
  "SCCO.BA": 63500,
  "SCHW.BA": 0,
  "SDA.BA": 1475,
  "SE.BA": 6570,
  "SH.BA": 6810,
  "SHEL.BA": 49000,
  "SHOP.BA": 1520,
  "SID.BA": 15425,
  "SIEGY.BA": 6695.81591797,
  "SLB.BA": 15050,
  "SLV.BA": 7650,
  "SMH.BA": 7770,
  "SMSN.BA": 13143.82421875,
  "SNA.BA": 72400,
  "SNAP.BA": 12375,
  "SNOW.BA": 9320,
  "SONY.BA": 4140,
  "SPCE.BA": 10000,
  "SPGI.BA": 16500,
  "SPOT.BA": 30700,
  "SPXL.BA": 9530,
  "SPY.BA": 42525,
  "STLA.BA": 2380,
  "STNE.BA": 5800,
  "SUZ.BA": 12775,
  "SUZB3.BA": 12500,
  "SWKS.BA": 4350,
  "SYY.BA": 13575,
  "T.BA": 12750,
  "TCOM.BA": 40675,
  "TEAM.BA": 5430,
  "TEFO.BA": 899,
  "TEM.BA": 6320,
  "TEN.BA": 47325,
  "TGT.BA": 5650,
  "TIIAY.BA": 0,
  "TIMB.BA": 25800,
  "TIMS3.BA": 5060,
  "TJX.BA": 7750,
  "TM.BA": 16300,
  "TMO.BA": 28675,
  "TMUS.BA": 9730,
  "TRIP.BA": 11350,
  "TRVV.BA": 58350,
  "TSLA.BA": 27700,
  "TSM.BA": 35700,
  "TTE.BA": 26975,
  "TTM.BA": 8651,
  "TV.BA": 1225,
  "TWLO.BA": 4685,
  "TXN.BA": 49150,
  "TXR.BA": 10950,
  "UAL.BA": 23100,
  "UBER.BA": 59000,
  "UGP.BA": 4225,
  "UL.BA": 27525,
  "UNH.BA": 9950,
  "UNP.BA": 14975,
  "UPST.BA": 22100,
  "URA.BA": 10400,
  "URBN.BA": 51800,
  "USB.BA": 12075,
  "USO.BA": 7080,
  "V.BA": 25725,
  "VALE.BA": 6650,
  "VALE3.BA": 13350,
  "VEA.BA": 7640,
  "VIG.BA": 7160,
  "VIST.BA": 19425,
  "VIV.BA": 15525,
  "VIVT3.BA": 7700,
  "VOD.BA": 14925,
  "VRSN.BA": 60800,
  "VRTX.BA": 6290,
  "VST.BA": 11000,
  "VZ.BA": 14675,
  "WBA.BA": 5300,
  "WBO.BA": 2150,
  "WEGE3.BA": 8870,
  "WFC.BA": 21375,
  "WMT.BA": 7450,
  "X.BA": 21550,
  "XLB.BA": 6570,
  "XLC.BA": 7660,
  "XLE.BA": 58500,
  "XLF.BA": 35150,
  "XLI.BA": 7330,
  "XLK.BA": 7650,
  "XLP.BA": 6870,
  "XLRE.BA": 6300,
  "XLU.BA": 7850,
  "XLV.BA": 6190,
  "XLY.BA": 6900,
  "XOM.BA": 14950,
  "XP.BA": 5620,
  "XPEV.BA": 6140,
  "XROX.BA": 5470,
  "XYZ.BA": 5030,
  "YELP.BA": 22850,
  "YZCA.BA": 0.007,
  "ZM.BA": 2050,
  "ALUA.BA": 775,
  "ALUAC.BA": 0.57999998,
  "ALUAD.BA": 0.564,
  "BBAR.BA": 6970,
  "BBARC.BA": 5.42000008,
  "BBARD.BA": 5.12,
  "BMA.BA": 9300,
  "BMA.C.BA": 6.98999977,
  "BMA.D.BA": 6.83,
  "BYMA.BA": 201.5,
  "BYMAC.BA": 0.16,
  "BYMAD.BA": 0.149,
  "CEPU.BA": 1660,
  "COME.BA": 125.75,
  "CRES.BA": 1495,
  "CRESC.BA": 0.32300001,
  "EDN.BA": 1930,
  "EDNC.BA": 1.255,
  "EDND.BA": 1.44,
  "GGAL.BA": 6680,
  "GGALC.BA": 4.91,
  "GGALD.BA": 4.9,
  "IRSAC.BA": 0,
  "IRSAD.BA": 1.485,
  "LOMA.BA": 3155,
  "LOMAD.BA": 2.32,
  "MIRG.BA": 23100,
  "PAMP.BA": 4065,
  "SUPV.BA": 2750,
  "SUPVD.BA": 2.01,
  "TECO2.BA": 2480,
  "TECOC.BA": 1.78999996,
  "TGN4C.BA": 2.60500002,
  "TGN4D.BA": 2.395,
  "TGNO4.BA": 3300,
  "TGSU2.BA": 7730,
  "TRAN.BA": 2720,