{
  "AAL.BA": 9000,
  "AAP.BA": 5920,
  "AAPL.BA": 15700,
  "ABBV.BA": 28450,
  "ABEV.BA": 9170,
  "ABEV3.BA": 3110,
  "ABNB.BA": 11750,
  "ABT.BA": 44975,
  "ACN.BA": 4700,
  "ACWI.BA": 6930,
  "ADBE.BA": 10950,
  "ADGO.BA": 11425,
  "ADI.BA": 22600,
  "ADP.BA": 67500,
  "ADS.BA": 3942.14794922,
  "AEG.BA": 10625,
  "AEM.BA": 32675,
  "AHP.BA": 28.79999924,
  "AI.BA": 4575,
  "AIG.BA": 22000,
  "AKO.B.BA": 32875,
  "AMAT.BA": 43525,
  "AMD.BA": 22025,
  "AMGN.BA": 12950,
  "AMX.BA": 27075,
  "AMZN.BA": 2150,
  "ANF.BA": 126700,
  "ARCO.BA": 18950,
  "ARKK.BA": 10175,
  "ARM.BA": 7170,
  "ASML.BA": 6890,
  "ASR.BA": 22150,
  "AVGO.BA": 10300,
  "AVY.BA": 12925,
  "AXP.BA": 29925,
  "AZN.BA": 54000,
  "B.BA": 18050,
  "BA.BA": 13200,
  "BA.C.BA": 17225,
  "BABA.BA": 20300,
  "BAK.BA": 2340,
  "BAS.BA": 3197.76855469,
  "BAYN.BA": 3323.26293945,
  "BB.BA": 1735,
  "BBD.BA": 4175,
  "BBDC3.BA": 3525,
  "BBV.BA": 24475,
  "BCS.BA": 26550,
  "BHP.BA": 37900,
  "BIDU.BA": 11775,
  "BIIB.BA": 13700,
  "BIOX.BA": 3770,
  "BITF.BA": 9050,
  "BK.BA": 71600,
  "BKNG.BA": 11300,
  "BKR.BA": 8900,
  "BMY.BA": 21325,
  "BNG.BA": 22850,
  "BP.BA": 9520,
  "BPA11.BA": 11200,
  "BRFS.BA": 15400,
  "BRKB.BA": 30950,
  "BSBR.BA": 7110,
  "BSN.BA": 613.31298828,
  "C.BA": 43550,
  "CAAP.BA": 116350,
  "CAH.BA": 67150,
  "CAJ.BA": 4045.5,
  "CAR.BA": 8200,
  "CAT.BA": 28375,
  "CCL.BA": 14325,
  "CDE.BA": 17850,
  "CEG.BA": 9280,
  "CIBR.BA": 9920,
  "CL.BA": 37925,
  "CLS.BA": 13225,
  "COIN.BA": 15325,
  "COST.BA": 26625,
  "CRM.BA": 19300,
  "CSCO.BA": 18750,
  "CSNA3.BA": 1925,
  "CVS.BA": 6570,
  "CVX.BA": 13600,
  "CX.BA": 12225,
  "DAL.BA": 10400,
  "DD.BA": 20850,
  "DE.BA": 16225,
  "DECK.BA": 6490,
  "DEO.BA": 25175,
  "DESP.BA": 22600,
  "DHR.BA": 5160,
  "DIA.BA": 30950,
  "DISN.BA": 13350,
  "DOCU.BA": 4720,
  "DOW.BA": 5560,
  "DTEA.BA": 0,
  "E.BA": 11500,
  "EA.BA": 16600,
  "EBAY.BA": 61450,
  "EBR.BA": 44800,
  "EEM.BA": 13550,
  "EFA.BA": 6910,
  "EFX.BA": 20775,
  "ELP.BA": 36925,
  "EOAN.BA": 236.04100037,
  "EQNR.BA": 5840,
  "ERIC.BA": 5320,
  "ERJ.BA": 76250,
  "ETHA.BA": 8910,
  "ETSY.BA": 4505,
  "EWJ.BA": 7590,
  "EWZ.BA": 20000,
  "F.BA": 15900,
  "FCX.BA": 20025,
  "FDX.BA": 31175,
  "FMCC.BA": 0,
  "FMX.BA": 19600,
  "FMX.B.BA": 0,
  "FNMA.BA": 14400,
  "FSLR.BA": 14725,
  "FXI.BA": 10550,
  "GDX.BA": 8560,
  "GE.BA": 46625,
  "GFI.BA": 45300,
  "GGB.BA": 16525,
  "GILD.BA": 38175,
  "GLD.BA": 8630,
  "GLOB.BA": 5030,
  "GLW.BA": 22600,
  "GM.BA": 13175,
  "GOOGL.BA": 4965,
  "GPRK.BA": 8900,
  "GRMN.BA": 109100,
  "GS.BA": 77700,
  "GSK.BA": 13375,
  "GT.BA": 5750,
  "HAL.BA": 15350,
  "HAPV3.BA": 10525,
  "HD.BA": 17200,
  "HDB.BA": 48250,
  "HHPD.BA": 0,
  "HL.BA": 11575,
  "HMC.BA": 45075,
  "HMY.BA": 17975,
  "HNPIY.BA": 6140,
  "HOG.BA": 13125,
  "HON.BA": 37075,
  "HPQ.BA": 38700,
  "HSBC.BA": 43600,
  "HSY.BA": 11850,
  "HUT.BA": 180600,
  "HWM.BA": 236050,
  "IBB.BA": 6930,
  "IBIT.BA": 8350,
  "IBM.BA": 22000,
  "IBN.BA": 43025,
  "IEMG.BA": 7030,
  "IEUR.BA": 8240,
  "IFF.BA": 7570,
  "IJH.BA": 7370,
  "INFY.BA": 22725,
  "ING.BA": 10800,
  "INTC.BA": 6600,
  "IP.BA": 16775,
  "ISRG.BA": 7190,
  "ITUB.BA": 9610,
  "ITUB3.BA": 8460,
  "IVE.BA": 6920,
  "IVW.BA": 7790,
  "IWM.BA": 31750,
  "JBSS3.BA": 8320,
  "JCI.BA": 67400,
  "JD.BA": 10550,
  "JMIA.BA": 11675,
  "JNJ.BA": 16025,
  "JOYY.BA": 14600,
  "JPM.BA": 27200,
  "KB.BA": 52000,
  "KEP.BA": 17950,
  "KGC.BA": 28450,
  "KMB.BA": 29200,
  "KO.BA": 18750,
  "KOFM.BA": 57400,
  "LAC.BA": 4055,
  "LAR.BA": 4630,
  "LFC.BA": 1074.5,
  "LLY.BA": 17725,
  "LMT.BA": 30800,
  "LRCX.BA": 2430,
  "LVS.BA": 38950,
  "LYG.BA": 2940,
  "MA.BA": 24450,
  "MBG.BA": 3807.20898438,
  "MBT.BA": 650,
  "MCD.BA": 17675,
  "MDLZ.BA": 5570,
  "MDT.BA": 31425,
  "MELI.BA": 27900,
  "META.BA": 41700,
  "MFG.BA": 8840,
  "MGLU3.BA": 2055,
  "MMC.BA": 17475,
  "MMM.BA": 21125,
  "MO.BA": 22675,
  "MOS.BA": 9020,
  "MRK.BA": 22750,
  "MRNA.BA": 1730,
  "MRVL.BA": 6100,
  "MSFT.BA": 22925,
  "MSI.BA": 31900,
  "MSTR.BA": 22675,
  "MU.BA": 32200,
  "MUFG.BA": 20775,
  "MUX.BA": 7780,
  "NATU3.BA": 2300,
  "NEC1.BA": 0,
  "NEM.BA": 33650,
  "NFLX.BA": 34100,
  "NG.BA": 37250,
  "NGG.BA": 47775,
  "NIO.BA": 2165,
  "NKE.BA": 8720,
  "NLM.BA": 0,
  "NMR.BA": 9750,
  "NOKA.BA": 5790,
  "NOW.BA": 7250,
  "NSAN.BA": 1545,
  "NTCO.BA": 6200,
  "NTES.BA": 13225,
  "NU.BA": 10025,
  "NUE.BA": 12575,
  "NVDA.BA": 9810,
  "NVS.BA": 42700,
  "NXE.BA": 10500,
  "ORAN.BA": 13200,
  "ORCL.BA": 101850,
  "ORLY.BA": 638,
  "OXY.BA": 12850,
  "PAAS.BA": 15375,
  "PAC.BA": 20325,
  "PAGS.BA": 4050,
  "PANW.BA": 5160,
  "PATH.BA": 7530,
  "PBI.BA": 16400,
  "PBR.BA": 16825,
  "PCAR.BA": 45150,
  "PCRF.BA": 0,
  "PDD.BA": 6530,
  "PEP.BA": 11250,
  "PETR3.BA": 8490,
  "PFE.BA": 8390,
  "PG.BA": 14200,
  "PHG.BA": 7500,
  "PINS.BA": 7080,
  "PKS.BA": 23325,
  "PLTR.BA": 70900,
  "PM.BA": 12550,
  "PSO.BA": 0,
  "PSQ.BA": 5570,
  "PSX.BA": 30125,
  "PYPL.BA": 11850,
  "QCOM.BA": 19825,
  "QQQ.BA": 38675,
  "RACE.BA": 7770,
  "RBLX.BA": 84300,
  "RCTB4.BA": 0,
  "RGTI.BA": 11000,
  "RIO.BA": 10675,
  "RIOT.BA": 6190,
  "ROKU.BA": 10075,
  "ROST.BA": 49825,
  "RTX.BA": 42950,
  "SAN.BA": 51750,
  "SAP.BA": 61450,
  "SATL.BA": 5030,
  "SBS.BA": 61200,
  "SBSP3.BA": 26750,
  "SBUX.BA": 9940,
  "SCCO.BA": 65000,
  "SCHW.BA": 0,
  "SDA.BA": 1780,
  "SE.BA": 7870,
  "SH.BA": 6540,
  "SHEL.BA": 50150,
  "SHOP.BA": 1795,
  "SI.BA": 22.45000076,
  "SID.BA": 15475,
  "SIEGY.BA": 6695.81591797,
  "SLB.BA": 16575,
  "SLV.BA": 8190,
  "SMH.BA": 7830,
  "SMSN.BA": 13143.82421875,
  "SNA.BA": 73250,
  "SNAP.BA": 9700,
  "SNOW.BA": 10700,
  "SONY.BA": 4660,
  "SPCE.BA": 8430,
  "SPGI.BA": 16575,
  "SPOT.BA": 32950,
  "SPXL.BA": 10450,
  "SPY.BA": 43675,
  "STLA.BA": 2610,
  "STNE.BA": 7440,
  "SUZ.BA": 13000,
  "SUZB3.BA": 13075,
  "SWKS.BA": 4940,
  "SYY.BA": 13675,
  "T.BA": 13175,
  "TCOM.BA": 49825,
  "TEAM.BA": 5100,
  "TEFO.BA": 904,
  "TEM.BA": 8590,
  "TEN.BA": 48975,
  "TGT.BA": 5440,
  "TIIAY.BA": 0,
  "TIMB.BA": 28475,
  "TIMS3.BA": 5580,
  "TJX.BA": 7900,
  "TM.BA": 17500,
  "TMO.BA": 30275,
  "TMUS.BA": 10325,
  "TRIP.BA": 11800,
  "TRVV.BA": 61200,
  "TSLA.BA": 30175,
  "TSM.BA": 34775,
  "TTE.BA": 28275,
  "TTM.BA": 8651,
  "TV.BA": 1260,
  "TWLO.BA": 3980,
  "TXN.BA": 54850,
  "TXR.BA": 11175,
  "UAL.BA": 28525,
  "UBER.BA": 63450,
  "UGP.BA": 4920,
  "UL.BA": 28500,
  "UNH.BA": 12700,
  "UNP.BA": 15150,
  "UPST.BA": 19775,
  "URA.BA": 11050,
  "URBN.BA": 45450,
  "USB.BA": 13275,
  "USO.BA": 6790,
  "V.BA": 26525,
  "VALE.BA": 6950,
  "VALE3.BA": 13800,
  "VEA.BA": 7960,
  "VIG.BA": 7340,
  "VIST.BA": 17575,
  "VIV.BA": 16800,
  "VIVT3.BA": 8440,
  "VOD.BA": 16125,
  "VRSN.BA": 61600,
  "VRTX.BA": 5220,
  "VST.BA": 9840,
  "VZ.BA": 14975,
  "WBA.BA": 5360,
  "WBO.BA": 2595,
  "WEGE3.BA": 9400,
  "WFC.BA": 22275,
  "WMT.BA": 7310,
  "X.BA": 21550,
  "XLB.BA": 6960,
  "XLC.BA": 7960,
  "XLE.BA": 61250,
  "XLF.BA": 36600,
  "XLI.BA": 7370,
  "XLK.BA": 7730,
  "XLP.BA": 6860,
  "XLRE.BA": 6370,
  "XLU.BA": 7610,
  "XLV.BA": 6430,
  "XLY.BA": 7310,
  "XOM.BA": 15450,
  "XP.BA": 6130,
  "XPEV.BA": 7120,
  "XROX.BA": 5350,
  "XYZ.BA": 5370,
  "YELP.BA": 21475,
  "YZCA.BA": 0.007,
  "ZM.BA": 2355,
  "ALUA.BA": 723,
  "ALUAC.BA": 0.51800001,
  "ALUAD.BA": 0.53899997,
  "BBAR.BA": 5520,
  "BBARC.BA": 4.60739994,
  "BBARD.BA": 4.05499983,
  "BMA.BA": 7820,
  "BMA.C.BA": 7.04939985,
  "BMA.D.BA": 5.82999992,
  "BYMA.BA": 192.5,
  "BYMAC.BA": 0.13699999,
  "BYMAD.BA": 0.146,
  "CEPU.BA": 1445,
  "COME.BA": 42.34999847,
  "CRES.BA": 1355,
  "CRESC.BA": 0.32300001,
  "EDN.BA": 1455,
  "EDNC.BA": 1.42499995,
  "EDND.BA": 1.07000005,
  "GGAL.BA": 5300,
  "GGALC.BA": 3.94000006,
  "GGALD.BA": 3.96000004,
  "IRSAC.BA": 1.58000004,
  "IRSAD.BA": 1.47000003,
  "LOMA.BA": 2530,
  "LOMAD.BA": 1.88,
  "MIRG.BA": 18625,
  "PAMP.BA": 3645,
  "SUPV.BA": 2105,
  "SUPVD.BA": 1.55999994,
  "TECO2.BA": 2435,
  "TECOC.BA": 1.745,
  "TGN4C.BA": 2.70499992,