{
  "AAL.BA": 6760,
  "AAP.BA": 4335,
  "AAPL.BA": 12050,
  "ABBV.BA": 22200,
  "ABEV.BA": 8760,
  "ABEV3.BA": 2800,
  "ABNB.BA": 10375,
  "ABT.BA": 39775,
  "ACN.BA": 4905,
  "ADBE.BA": 11000,
  "ADGO.BA": 11050,
  "ADI.BA": 17200,
  "ADP.BA": 64000,
  "ADS.BA": 3942.14794922,
  "AEG.BA": 8690,
  "AEM.BA": 24150,
  "AHP.BA": 28.79999924,
  "AI.BA": 6010,
  "AIG.BA": 20400,
  "AKO.B.BA": 30500,
  "AMAT.BA": 37675,
  "AMD.BA": 13800,
  "AMGN.BA": 11500,
  "AMX.BA": 20300,
  "AMZN.BA": 1715,
  "ANF.BA": 93600,
  "ARCO.BA": 17350,
  "ARKK.BA": 6880,
  "ARM.BA": 5700,
  "ASML.BA": 6050,
  "ASR.BA": 19375,
  "AVGO.BA": 7720,
  "AVY.BA": 11600,
  "AXP.BA": 23450,
  "AZN.BA": 42750,
  "B.BA": 11850,
  "BA.BA": 10575,
  "BA.C.BA": 13150,
  "BABA.BA": 15175,
  "BAK.BA": 2170,
  "BAS.BA": 3197.76855469,
  "BAYN.BA": 3323.26293945,
  "BB.BA": 1605,
  "BBD.BA": 3450,
  "BBDC3.BA": 2910,
  "BBV.BA": 17700,
  "BCS.BA": 21450,
  "BHP.BA": 28925,
  "BIDU.BA": 9010,
  "BIIB.BA": 12050,
  "BIOX.BA": 5580,
  "BITF.BA": 5580,
  "BK.BA": 52900,
  "BKNG.BA": 9150,
  "BKR.BA": 6500,
  "BMY.BA": 19000,
  "BNG.BA": 18025,
  "BP.BA": 7020,
  "BPA11.BA": 8310,
  "BRFS.BA": 12850,
  "BRKB.BA": 26850,
  "BSBR.BA": 6120,
  "BSN.BA": 613.31298828,
  "C.BA": 30125,
  "CAAP.BA": 99050,
  "CAH.BA": 61800,
  "CAJ.BA": 4045.5,
  "CAR.BA": 5520,
  "CAT.BA": 20675,
  "CBRD.BA": 459,
  "CCL.BA": 9440,
  "CDE.BA": 10325,
  "CEG.BA": 8650,
  "CIBR.BA": 8680,
  "CL.BA": 35875,
  "CLS.BA": 6980,
  "COIN.BA": 11200,
  "COST.BA": 26125,
  "CRM.BA": 17275,
  "CSCO.BA": 15175,
  "CSNA3.BA": 1730,
  "CVS.BA": 5020,
  "CVX.BA": 10350,
  "CX.BA": 8090,
  "DAL.BA": 7280,
  "DD.BA": 15750,
  "DE.BA": 15225,
  "DECK.BA": 4935,
  "DEO.BA": 21275,
  "DESP.BA": 22600,
  "DHR.BA": 4160,
  "DIA.BA": 25225,
  "DISN.BA": 11325,
  "DOCU.BA": 4870,
  "DOW.BA": 5420,
  "DTEA.BA": 0,
  "E.BA": 9070,
  "EA.BA": 12375,
  "EBAY.BA": 44425,
  "EBR.BA": 34800,
  "EEM.BA": 10950,
  "EFX.BA": 19175,
  "ELP.BA": 31525,
  "EOAN.BA": 236.04100037,
  "EQNR.BA": 4650,
  "ERIC.BA": 5010,
  "ERJ.BA": 55450,
  "ETHA.BA": 4740,
  "ETSY.BA": 4370,
  "EWJ.BA": 6320,
  "EWZ.BA": 16250,
  "F.BA": 11975,
  "FCX.BA": 15825,
  "FDX.BA": 25900,
  "FMCC.BA": 0,
  "FMX.BA": 21225,
  "FMX.B.BA": 0,
  "FNMA.BA": 13000,
  "FSLR.BA": 10200,
  "FXI.BA": 8480,
  "GE.BA": 37100,
  "GFI.BA": 29325,
  "GGB.BA": 13225,
  "GILD.BA": 32525,
  "GLD.BA": 7350,
  "GLOB.BA": 6250,
  "GLW.BA": 15075,
  "GM.BA": 9490,
  "GOOGL.BA": 3440,
  "GPRK.BA": 8000,
  "GRMN.BA": 80400,
  "GS.BA": 54600,
  "GSK.BA": 12375,
  "GT.BA": 6690,
  "HAL.BA": 11900,
  "HAPV3.BA": 604,
  "HD.BA": 13675,
  "HDB.BA": 45250,
  "HHPD.BA": 0,
  "HL.BA": 6660,
  "HMC.BA": 35850,
  "HMY.BA": 17625,
  "HNPIY.BA": 6140,
  "HOG.BA": 9480,
  "HON.BA": 33600,
  "HPQ.BA": 29725,
  "HSBC.BA": 35800,
  "HSY.BA": 9110,
  "HUT.BA": 94850,
  "HWM.BA": 206100,
  "IBB.BA": 5450,
  "IBIT.BA": 7160,
  "IBM.BA": 20800,
  "IBN.BA": 40050,
  "IEUR.BA": 7130,
  "IFF.BA": 7500,
  "IJH.BA": 5970,
  "INFY.BA": 21350,
  "ING.BA": 8480,
  "INTC.BA": 4750,
  "IP.BA": 14425,
  "ISRG.BA": 7210,
  "ITUB.BA": 7780,
  "ITUB3.BA": 6990,
  "IVE.BA": 5660,
  "IVW.BA": 6210,
  "IWM.BA": 24575,
  "JBSS3.BA": 8250,
  "JCI.BA": 60950,
  "JD.BA": 9640,
  "JMIA.BA": 3900,
  "JNJ.BA": 12225,
  "JOYY.BA": 11350,
  "JPM.BA": 21025,
  "KB.BA": 45000,
  "KEP.BA": 13275,
  "KGC.BA": 18300,
  "KMB.BA": 27800,
  "KO.BA": 16775,
  "KOFM.BA": 58400,
  "LAC.BA": 3165,
  "LAR.BA": 2075,
  "LFC.BA": 1074.5,
  "LLY.BA": 15875,
  "LMT.BA": 28500,
  "LMT.B.BA": 0,
  "LRCX.BA": 1745,
  "LVS.BA": 25000,
  "LYG.BA": 2470,
  "MA.BA": 20875,
  "MBG.BA": 3807.20898438,
  "MBT.BA": 650,
  "MCD.BA": 15450,
  "MDLZ.BA": 5310,
  "MDT.BA": 25025,
  "MELI.BA": 25800,
  "META.BA": 33125,
  "MFG.BA": 6680,
  "MGLU3.BA": 1955,
  "MMC.BA": 17475,
  "MMM.BA": 17400,
  "MO.BA": 17975,
  "MOS.BA": 8760,
  "MRK.BA": 18125,
  "MRNA.BA": 1710,
  "MRVL.BA": 5260,
  "MSFT.BA": 18350,
  "MSI.BA": 24950,
  "MSTR.BA": 22925,
  "MU.BA": 23725,
  "MUFG.BA": 16800,
  "MUX.BA": 5100,
  "NEC1.BA": 0,
  "NEM.BA": 21600,
  "NFLX.BA": 30150,
  "NG.BA": 18150,
  "NGG.BA": 42450,
  "NIO.BA": 1045,
  "NKE.BA": 6090,
  "NLM.BA": 0,
  "NMR.BA": 7300,
  "NOKA.BA": 6260,
  "NOW.BA": 7030,
  "NSAN.BA": 1545,
  "NTCO.BA": 6200,
  "NTCO3.BA": 2130,
  "NTES.BA": 10650,
  "NU.BA": 7100,
  "NUE.BA": 8630,
  "NVDA.BA": 6980,
  "NVS.BA": 34350,
  "NXE.BA": 7700,
  "ORAN.BA": 13200,
  "ORCL.BA": 66150,
  "ORLY.BA": 495.33334351,
  "OXY.BA": 9990,
  "PAAS.BA": 10250,
  "PAC.BA": 17400,
  "PAGS.BA": 3570,
  "PANW.BA": 4690,
  "PATH.BA": 7450,
  "PBI.BA": 12200,
  "PBR.BA": 13675,
  "PCAR.BA": 36500,
  "PCRF.BA": 0,
  "PDD.BA": 4615,
  "PEP.BA": 8640,
  "PETR3.BA": 6730,
  "PFE.BA": 6940,
  "PG.BA": 13175,
  "PHG.BA": 5350,
  "PINS.BA": 5710,
  "PKS.BA": 17475,
  "PLTR.BA": 52200,
  "PM.BA": 11925,
  "PSO.BA": 0,
  "PSQ.BA": 5320,
  "PSX.BA": 22750,
  "PYPL.BA": 10425,
  "QCOM.BA": 15975,
  "QQQ.BA": 31325,
  "RACE.BA": 6800,
  "RBLX.BA": 53450,
  "RCTB4.BA": 0,
  "RGTI.BA": 7140,
  "RIO.BA": 8690,
  "RIOT.BA": 3445,
  "ROKU.BA": 6740,
  "ROST.BA": 42350,
  "RTX.BA": 32775,
  "SAN.BA": 37625,
  "SAP.BA": 60400,
  "SATL.BA": 4420,
  "SBS.BA": 49525,
  "SBSP3.BA": 24475,
  "SBUX.BA": 8520,
  "SCCO.BA": 55100,
  "SCHW.BA": 0,
  "SDA.BA": 1585,
  "SE.BA": 6180,
  "SH.BA": 6220,
  "SHEL.BA": 40250,
  "SHOP.BA": 1170,
  "SID.BA": 13925,
  "SIEGY.BA": 6695.81591797,
  "SLB.BA": 13275,
  "SLV.BA": 6190,
  "SMH.BA": 5870,
  "SMSN.BA": 13143.82421875,
  "SNA.BA": 63050,
  "SNAP.BA": 9750,
  "SNOW.BA": 8250,
  "SONY.BA": 3970,
  "SPCE.BA": 7530,
  "SPGI.BA": 13525,
  "SPOT.BA": 28750,
  "SPXL.BA": 7370,
  "SPY.BA": 35300,
  "STLA.BA": 2320,
  "STNE.BA": 5540,
  "SUZ.BA": 10425,
  "SUZB3.BA": 10975,
  "SWKS.BA": 3945,
  "SYY.BA": 10875,
  "T.BA": 11075,
  "TCOM.BA": 37975,
  "TEAM.BA": 5180,
  "TEFO.BA": 787,
  "TEM.BA": 6100,
  "TEN.BA": 41475,
  "TGT.BA": 4695,
  "TIIAY.BA": 0,
  "TIMB.BA": 20625,
  "TIMS3.BA": 4110,
  "TJX.BA": 7037.65087891,
  "TM.BA": 15150,
  "TMO.BA": 21375,
  "TMUS.BA": 8800,
  "TRIP.BA": 8340,
  "TRVV.BA": 54150,
  "TSLA.BA": 27525,
  "TSM.BA": 25875,
  "TTE.BA": 23800,
  "TTM.BA": 8651,
  "TV.BA": 764,
  "TWLO.BA": 3830,
  "TXN.BA": 44275,
  "TXR.BA": 8390,
  "UAL.BA": 19350,
  "UBER.BA": 49225,
  "UGP.BA": 3430,
  "UL.BA": 25000,
  "UNH.BA": 10900,
  "UNP.BA": 13100,
  "UPST.BA": 11500,
  "URA.BA": 7840,
  "URBN.BA": 43175,
  "USB.BA": 10375,
  "V.BA": 24000,
  "VALE.BA": 5490,
  "VALE3.BA": 11050,
  "VEA.BA": 6610,
  "VIG.BA": 6080,
  "VIST.BA": 19650,
  "VIV.BA": 12100,
  "VIVT3.BA": 5990,
  "VOD.BA": 12350,
  "VRSN.BA": 54700,
  "VRTX.BA": 5280,
  "VST.BA": 7980,
  "VZ.BA": 13000,
  "WBA.BA": 4430,
  "WBO.BA": 1840,
  "WEGE3.BA": 8880,
  "WFC.BA": 17800,
  "WMT.BA": 6590,
  "X.BA": 21225,
  "XLB.BA": 5730,
  "XLC.BA": 6360,
  "XLE.BA": 49400,
  "XLF.BA": 30175,
  "XLI.BA": 6090,
  "XLK.BA": 6090,
  "XLP.BA": 6110,
  "XLRE.BA": 5470,
  "XLU.BA": 6550,
  "XLV.BA": 5440,
  "XLY.BA": 5960,
  "XOM.BA": 12325,
  "XP.BA": 5750,
  "XPEV.BA": 5800,
  "XROX.BA": 5750,
  "XYZ.BA": 3730,
  "YELP.BA": 22100,
  "YZCA.BA": 0.007,
  "ZM.BA": 2020,
  "ALUA.BA": 739,
  "ALUAC.BA": 0.26300001,
  "ALUAD.BA": 0.633,
  "BBAR.BA": 7390,
  "BBARC.BA": 6.9000001,
  "BBARD.BA": 6.27,
  "BMA.BA": 9670,
  "BMA.C.BA": 9.64999962,
  "BMA.D.BA": 8.22,
  "BYMA.BA": 209,
  "BYMAC.BA": 0.18000001,
  "BYMAD.BA": 0.178,
  "CEPU.BA": 1490,
  "COME.BA": 143.5,
  "CRES.BA": 1440,
  "CRESC.BA": 0.32300001,
  "EDN.BA": 1930,
  "EDNC.BA": 0,
  "GGAL.BA": 6720,
  "GGALC.BA": 5.75,
  "GGALD.BA": 5.69,
  "LOMA.BA": 2930,
  "LOMAD.BA": 2.465,
  "MIRG.BA": 22675,
  "PAMP.BA": 3640,
  "SUPV.BA": 3045,
  "SUPVD.BA": 2.54,
  "TECO2.BA": 2320,
  "TECOC.BA": 1.60000002,
  "TGNO4.BA": 3390,
  "TGSU2.BA": 6680,
  "TRAN.BA": 2725,
  "TXAR.BA": 658,
  "TXARD.BA": 0.561,
  "VALO.BA": 352,
  "VALOC.BA": 0.34999999,
  "VALOD.BA": 0.298,
  "YPFD.BA": 41300,
  "YPFDC.BA": 35,
  "YPFDD.BA": 35
}