{
  "AAL.BA": 6860,
  "AAP.BA": 4125,
  "AAPL.BA": 12075,
  "ABBV.BA": 22375,
  "ABEV.BA": 8770,
  "ABEV3.BA": 2895,
  "ABNB.BA": 10350,
  "ABT.BA": 40300,
  "ACN.BA": 5110,
  "ADBE.BA": 11425,
  "ADGO.BA": 11100,
  "ADI.BA": 17200,
  "ADP.BA": 65350,
  "ADS.BA": 3942.14794922,
  "AEG.BA": 8640,
  "AEM.BA": 23575,
  "AHP.BA": 28.79999924,
  "AI.BA": 6390,
  "AIG.BA": 20400,
  "AKO.B.BA": 31200,
  "AMAT.BA": 37700,
  "AMD.BA": 13325,
  "AMGN.BA": 11525,
  "AMX.BA": 20275,
  "AMZN.BA": 1715,
  "ANF.BA": 94900,
  "ARCO.BA": 17750,
  "ARKK.BA": 6810,
  "ARM.BA": 5480,
  "ASML.BA": 6100,
  "ASR.BA": 19400,
  "AVGO.BA": 7480,
  "AVY.BA": 11925,
  "AXP.BA": 23600,
  "AZN.BA": 43900,
  "B.BA": 11500,
  "BA.BA": 10425,
  "BA.C.BA": 13325,
  "BABA.BA": 15250,
  "BAK.BA": 2290,
  "BAS.BA": 3197.76855469,
  "BAYN.BA": 3323.26293945,
  "BB.BA": 1565,
  "BBD.BA": 3440,
  "BBDC3.BA": 2920,
  "BBV.BA": 18150,
  "BCS.BA": 21550,
  "BHP.BA": 29550,
  "BIDU.BA": 8980,
  "BIIB.BA": 12075,
  "BIOX.BA": 5920,
  "BITF.BA": 5560,
  "BK.BA": 53400,
  "BKNG.BA": 9270,
  "BKR.BA": 6200,
  "BMY.BA": 19400,
  "BNG.BA": 18800,
  "BP.BA": 7030,
  "BPA11.BA": 8310,
  "BRFS.BA": 12650,
  "BRKB.BA": 27575,
  "BSBR.BA": 6270,
  "BSN.BA": 613.31298828,
  "C.BA": 30300,
  "CAAP.BA": 99250,
  "CAH.BA": 62250,
  "CAJ.BA": 4045.5,
  "CAR.BA": 5620,
  "CAT.BA": 20900,
  "CBRD.BA": 459,
  "CCL.BA": 9310,
  "CDE.BA": 9660,
  "CEG.BA": 8210,
  "CIBR.BA": 8670,
  "CL.BA": 37425,
  "CLS.BA": 6970,
  "COIN.BA": 11000,
  "COST.BA": 26100,
  "CRM.BA": 17700,
  "CSCO.BA": 15125,
  "CSNA3.BA": 1775,
  "CVS.BA": 5140,
  "CVX.BA": 10275,
  "CX.BA": 8250,
  "DAL.BA": 7280,
  "DD.BA": 16075,
  "DE.BA": 15175,
  "DECK.BA": 5100,
  "DEO.BA": 21900,
  "DESP.BA": 22600,
  "DHR.BA": 4205,
  "DIA.BA": 25425,
  "DISN.BA": 11325,
  "DOCU.BA": 4860,
  "DOW.BA": 5590,
  "DTEA.BA": 0,
  "E.BA": 8910,
  "EA.BA": 12400,
  "EBAY.BA": 44025,
  "EBR.BA": 35350,
  "EEM.BA": 10925,
  "EFX.BA": 18975,
  "ELP.BA": 32450,
  "EOAN.BA": 236.04100037,
  "EQNR.BA": 4700,
  "ERIC.BA": 5080,
  "ERJ.BA": 55400,
  "ETHA.BA": 4715,
  "ETSY.BA": 4180,
  "EWJ.BA": 6390,
  "EWZ.BA": 16350,
  "F.BA": 12475,
  "FCX.BA": 15400,
  "FDX.BA": 26300,
  "FMCC.BA": 0,
  "FMX.BA": 21375,
  "FMX.B.BA": 0,
  "FNMA.BA": 13000,
  "FSLR.BA": 10625,
  "FXI.BA": 8400,
  "GE.BA": 37075,
  "GFI.BA": 27575,
  "GGB.BA": 12700,
  "GILD.BA": 33075,
  "GLD.BA": 7300,
  "GLOB.BA": 6560,
  "GLW.BA": 14900,
  "GM.BA": 9930,
  "GOOGL.BA": 3570,
  "GPRK.BA": 7580,
  "GRMN.BA": 80500,
  "GS.BA": 55500,
  "GSK.BA": 12300,
  "GT.BA": 6840,
  "HAL.BA": 11850,
  "HAPV3.BA": 605,
  "HD.BA": 13825,
  "HDB.BA": 45450,
  "HHPD.BA": 0,
  "HL.BA": 6190,
  "HMC.BA": 36825,
  "HMY.BA": 17525,
  "HNPIY.BA": 6140,
  "HOG.BA": 9770,
  "HON.BA": 33975,
  "HPQ.BA": 30050,
  "HSBC.BA": 35775,
  "HSY.BA": 9200,
  "HUT.BA": 91400,
  "HWM.BA": 204950,
  "IBB.BA": 5450,
  "IBIT.BA": 7170,
  "IBM.BA": 20725,
  "IBN.BA": 41250,
  "IEUR.BA": 7200,
  "IFF.BA": 7570,
  "IJH.BA": 6050,
  "INFY.BA": 21975,
  "ING.BA": 8560,
  "INTC.BA": 4725,
  "IP.BA": 14425,
  "ISRG.BA": 7280,
  "ITUB.BA": 7910,
  "ITUB3.BA": 6990,
  "IVE.BA": 5720,
  "IVW.BA": 6230,
  "IWM.BA": 24800,
  "JBSS3.BA": 8970,
  "JCI.BA": 60950,
  "JD.BA": 9750,
  "JMIA.BA": 4005,
  "JNJ.BA": 12450,
  "JOYY.BA": 11550,
  "JPM.BA": 21175,
  "KB.BA": 45000,
  "KEP.BA": 13300,
  "KGC.BA": 17700,
  "KMB.BA": 28925,
  "KO.BA": 17400,
  "KOFM.BA": 57400,
  "LAC.BA": 3215,
  "LAR.BA": 2135,
  "LFC.BA": 1074.5,
  "LLY.BA": 15975,
  "LMT.BA": 28900,
  "LMT.B.BA": 0,
  "LRCX.BA": 1720,
  "LVS.BA": 24750,
  "LYG.BA": 2515,
  "MA.BA": 21325,
  "MBG.BA": 3807.20898438,
  "MBT.BA": 650,
  "MCD.BA": 15775,
  "MDLZ.BA": 5430,
  "MDT.BA": 24975,
  "MELI.BA": 25775,
  "META.BA": 32450,
  "MFG.BA": 6680,
  "MGLU3.BA": 1980,
  "MMC.BA": 17600,
  "MMM.BA": 17825,
  "MO.BA": 18225,
  "MOS.BA": 8740,
  "MRK.BA": 18500,
  "MRNA.BA": 1690,
  "MRVL.BA": 5180,
  "MSFT.BA": 18475,
  "MSI.BA": 25000,
  "MSTR.BA": 22100,
  "MU.BA": 22725,
  "MUFG.BA": 17025,
  "MUX.BA": 4815,
  "NEC1.BA": 0,
  "NEM.BA": 21050,
  "NFLX.BA": 30400,
  "NG.BA": 17250,
  "NGG.BA": 43250,
  "NIO.BA": 1075,
  "NKE.BA": 6080,
  "NLM.BA": 0,
  "NMR.BA": 7330,
  "NOKA.BA": 6310,
  "NOW.BA": 7070,
  "NSAN.BA": 1545,
  "NTCO.BA": 6200,
  "NTCO3.BA": 2160,
  "NTES.BA": 10475,
  "NU.BA": 7230,
  "NUE.BA": 8240,
  "NVDA.BA": 6770,
  "NVS.BA": 34825,
  "NXE.BA": 7750,
  "ORAN.BA": 13200,
  "ORCL.BA": 66150,
  "ORLY.BA": 7430,
  "OXY.BA": 9800,
  "PAAS.BA": 9750,
  "PAC.BA": 17400,
  "PAGS.BA": 3600,
  "PANW.BA": 4610,
  "PATH.BA": 8020,
  "PBI.BA": 12375,
  "PBR.BA": 13950,
  "PCAR.BA": 37825,
  "PCRF.BA": 0,
  "PDD.BA": 4665,
  "PEP.BA": 8820,
  "PETR3.BA": 7160,
  "PFE.BA": 7080,
  "PG.BA": 13700,
  "PHG.BA": 5530,
  "PINS.BA": 5260,
  "PKS.BA": 18350,
  "PLTR.BA": 52000,
  "PM.BA": 12125,
  "PSO.BA": 0,
  "PSQ.BA": 5430,
  "PSX.BA": 22725,
  "PYPL.BA": 10550,
  "QCOM.BA": 15875,
  "QQQ.BA": 31325,
  "RACE.BA": 6920,
  "RBLX.BA": 52400,
  "RCTB4.BA": 0,
  "RGTI.BA": 7340,
  "RIO.BA": 8930,
  "RIOT.BA": 3240,
  "ROKU.BA": 6660,
  "ROST.BA": 42150,
  "RTX.BA": 32850,
  "SAN.BA": 38475,
  "SAP.BA": 60600,
  "SATL.BA": 4485,
  "SBS.BA": 49525,
  "SBSP3.BA": 23825,
  "SBUX.BA": 8410,
  "SCCO.BA": 54250,
  "SCHW.BA": 0,
  "SDA.BA": 1625,
  "SE.BA": 6040,
  "SH.BA": 6300,
  "SHEL.BA": 39875,
  "SHOP.BA": 1190,
  "SID.BA": 14100,
  "SIEGY.BA": 6695.81591797,
  "SLB.BA": 13300,
  "SLV.BA": 6040,
  "SMH.BA": 5780,
  "SMSN.BA": 13143.82421875,
  "SNA.BA": 64500,
  "SNAP.BA": 9910,
  "SNOW.BA": 8220,
  "SONY.BA": 3950,
  "SPCE.BA": 7690,
  "SPGI.BA": 13775,
  "SPOT.BA": 28650,
  "SPXL.BA": 7310,
  "SPY.BA": 35525,
  "STLA.BA": 2455,
  "STNE.BA": 5480,
  "SUZ.BA": 10425,
  "SUZB3.BA": 10875,
  "SWKS.BA": 3945,
  "SYY.BA": 10950,
  "T.BA": 11075,
  "TCOM.BA": 37700,
  "TEAM.BA": 5340,
  "TEFO.BA": 784,
  "TEM.BA": 5510,
  "TEN.BA": 40400,
  "TGT.BA": 4725,
  "TIIAY.BA": 0,
  "TIMB.BA": 20400,
  "TIMS3.BA": 4160,
  "TJX.BA": 7037.65087891,
  "TM.BA": 15275,
  "TMO.BA": 21975,
  "TMUS.BA": 8900,
  "TRIP.BA": 8570,
  "TRVV.BA": 53600,
  "TSLA.BA": 28000,
  "TSM.BA": 25900,
  "TTE.BA": 23650,
  "TTM.BA": 8651,
  "TV.BA": 772,
  "TWLO.BA": 3900,
  "TXN.BA": 43950,
  "TXR.BA": 8250,
  "UAL.BA": 19150,
  "UBER.BA": 50600,
  "UGP.BA": 3460,
  "UL.BA": 25575,
  "UNH.BA": 11000,
  "UNP.BA": 13375,
  "UPST.BA": 11375,
  "URA.BA": 7730,
  "URBN.BA": 42275,
  "USB.BA": 10475,
  "V.BA": 24550,
  "VALE.BA": 5510,
  "VALE3.BA": 11000,
  "VEA.BA": 6720,
  "VIG.BA": 6140,
  "VIST.BA": 19850,
  "VIV.BA": 11975,
  "VIVT3.BA": 5920,
  "VOD.BA": 12400,
  "VRSN.BA": 54500,
  "VRTX.BA": 5300,
  "VST.BA": 7390,
  "VZ.BA": 13225,
  "WBA.BA": 4510,
  "WBO.BA": 1805,
  "WEGE3.BA": 9100,
  "WFC.BA": 18025,
  "WMT.BA": 6590,
  "X.BA": 21650,
  "XLB.BA": 5790,
  "XLC.BA": 6450,
  "XLE.BA": 49150,
  "XLF.BA": 30725,
  "XLI.BA": 6160,
  "XLK.BA": 6070,
  "XLP.BA": 6210,
  "XLRE.BA": 5560,
  "XLU.BA": 6590,
  "XLV.BA": 5530,
  "XLY.BA": 5970,
  "XOM.BA": 12300,
  "XP.BA": 5800,
  "XPEV.BA": 5840,
  "XROX.BA": 5900,
  "XYZ.BA": 3700,
  "YELP.BA": 22675,
  "YZCA.BA": 0.007,
  "ZM.BA": 2060,
  "ALUA.BA": 797,
  "ALUAC.BA": 0.26300001,
  "ALUAD.BA": 0.67799997,
  "BBAR.BA": 7860,
  "BBARC.BA": 6.9000001,
  "BBARD.BA": 6.57999992,
  "BMA.BA": 10125,
  "BMA.C.BA": 9.64999962,
  "BMA.D.BA": 8.56999969,
  "BYMA.BA": 219.75,
  "BYMAC.BA": 0.186,
  "BYMAD.BA": 0.183,
  "CEPU.BA": 1565,
  "COME.BA": 155,
  "CRES.BA": 1435,
  "CRESC.BA": 0.32300001,
  "EDN.BA": 1985,
  "EDNC.BA": 0,
  "GGAL.BA": 6960,
  "GGALC.BA": 6.30999994,
  "GGALD.BA": 5.84000015,
  "LOMA.BA": 3045,
  "LOMAD.BA": 2.54999995,
  "MIRG.BA": 22900,
  "PAMP.BA": 3700,
  "SUPV.BA": 3135,
  "SUPVD.BA": 2.61999989,
  "TECO2.BA": 2355,
  "TECOC.BA": 1.60000002,
  "TGNO4.BA": 3505,
  "TGSU2.BA": 6750,
  "TRAN.BA": 2700,
  "TXAR.BA": 701,
  "TXARD.BA": 0.58999997,
  "VALO.BA": 361.5,
  "VALOC.BA": 0.34999999,
  "VALOD.BA": 0.30399999,
  "YPFD.BA": 42700,
  "YPFDC.BA": 36.79999924,