{
  "AAL.BA": 7840,
  "AAP.BA": 5520,
  "AAPL.BA": 13425,
  "ABBV.BA": 24425,
  "ABEV.BA": 8970,
  "ABEV3.BA": 3060,
  "ABNB.BA": 11475,
  "ABT.BA": 41700,
  "ACN.BA": 4765,
  "ADBE.BA": 10625,
  "ADGO.BA": 11925,
  "ADI.BA": 20675,
  "ADP.BA": 64200,
  "ADS.BA": 3942.14794922,
  "AEG.BA": 8840,
  "AEM.BA": 25175,
  "AHP.BA": 28.79999924,
  "AI.BA": 6730,
  "AIG.BA": 20775,
  "AKO.B.BA": 29325,
  "AMAT.BA": 50300,
  "AMD.BA": 18475,
  "AMGN.BA": 12450,
  "AMX.BA": 22025,
  "AMZN.BA": 1990,
  "ANF.BA": 112250,
  "ARCO.BA": 18875,
  "ARKK.BA": 9200,
  "ARM.BA": 7030,
  "ASML.BA": 6960,
  "ASR.BA": 19400,
  "AVGO.BA": 8990,
  "AVY.BA": 12975,
  "AXP.BA": 27125,
  "AZN.BA": 44925,
  "B.BA": 13350,
  "BA.BA": 11975,
  "BA.C.BA": 14750,
  "BABA.BA": 15025,
  "BAK.BA": 2260,
  "BAS.BA": 3197.76855469,
  "BAYN.BA": 3323.26293945,
  "BB.BA": 1735,
  "BBD.BA": 3665,
  "BBDC3.BA": 3100,
  "BBV.BA": 19125,
  "BCS.BA": 23425,
  "BHP.BA": 32775,
  "BIDU.BA": 9980,
  "BIIB.BA": 13025,
  "BIOX.BA": 5370,
  "BITF.BA": 6820,
  "BK.BA": 59400,
  "BKNG.BA": 10575,
  "BKR.BA": 7520,
  "BMY.BA": 19925,
  "BNG.BA": 19250,
  "BP.BA": 8260,
  "BPA11.BA": 9840,
  "BRFS.BA": 15050,
  "BRKB.BA": 27400,
  "BSBR.BA": 6380,
  "BSN.BA": 613.31298828,
  "C.BA": 36525,
  "CAAP.BA": 98300,
  "CAH.BA": 68650,
  "CAJ.BA": 4045.5,
  "CAR.BA": 9320,
  "CAT.BA": 25650,
  "CBRD.BA": 459,
  "CCL.BA": 12150,
  "CDE.BA": 12150,
  "CEG.BA": 9010,
  "CIBR.BA": 9310,
  "CL.BA": 37875,
  "CLS.BA": 10200,
  "COIN.BA": 17875,
  "COST.BA": 25550,
  "CRM.BA": 18350,
  "CSCO.BA": 17275,
  "CSNA3.BA": 1905,
  "CVS.BA": 5460,
  "CVX.BA": 12275,
  "CX.BA": 9210,
  "DAL.BA": 8810,
  "DD.BA": 19075,
  "DE.BA": 16275,
  "DECK.BA": 5210,
  "DEO.BA": 21775,
  "DESP.BA": 22600,
  "DHR.BA": 4800,
  "DIA.BA": 28075,
  "DISN.BA": 12650,
  "DOCU.BA": 4275,
  "DOW.BA": 6200,
  "DTEA.BA": 0,
  "E.BA": 10600,
  "EA.BA": 13550,
  "EBAY.BA": 48550,
  "EBR.BA": 35825,
  "EEM.BA": 12275,
  "EFX.BA": 20450,
  "ELP.BA": 32400,
  "EOAN.BA": 236.04100037,
  "EQNR.BA": 5630,
  "ERIC.BA": 5100,
  "ERJ.BA": 67400,
  "ETHA.BA": 5650,
  "ETSY.BA": 4560,
  "EWJ.BA": 6540,
  "EWZ.BA": 17400,
  "F.BA": 14900,
  "FCX.BA": 19500,
  "FDX.BA": 29825,
  "FMCC.BA": 0,
  "FMX.BA": 21500,
  "FMX.B.BA": 0,
  "FNMA.BA": 13000,
  "FSLR.BA": 11500,
  "FXI.BA": 9250,
  "GE.BA": 40525,
  "GFI.BA": 30600,
  "GGB.BA": 14975,
  "GILD.BA": 35000,
  "GLD.BA": 7870,
  "GLOB.BA": 6070,
  "GLW.BA": 16525,
  "GM.BA": 11200,
  "GOOGL.BA": 3945,
  "GPRK.BA": 9070,
  "GRMN.BA": 91600,
  "GS.BA": 68650,
  "GSK.BA": 12175,
  "GT.BA": 7070,
  "HAL.BA": 14550,
  "HAPV3.BA": 7300,
  "HD.BA": 14600,
  "HDB.BA": 48475,
  "HHPD.BA": 0,
  "HL.BA": 7940,
  "HMC.BA": 38750,
  "HMY.BA": 18400,
  "HNPIY.BA": 6140,
  "HOG.BA": 10425,
  "HON.BA": 37575,
  "HPQ.BA": 32350,
  "HSBC.BA": 39250,
  "HSY.BA": 9900,
  "HUT.BA": 139800,
  "HWM.BA": 227350,
  "IBB.BA": 6210,
  "IBIT.BA": 8420,
  "IBM.BA": 24200,
  "IBN.BA": 42050,
  "IEUR.BA": 7660,
  "IFF.BA": 7950,
  "IJH.BA": 6710,
  "INFY.BA": 23200,
  "ING.BA": 9610,
  "INTC.BA": 5960,
  "IP.BA": 16575,
  "ISRG.BA": 7390,
  "ITUB.BA": 7930,
  "ITUB3.BA": 7180,
  "IVE.BA": 6290,
  "IVW.BA": 7050,
  "IWM.BA": 28150,
  "JBSS3.BA": 8320,
  "JCI.BA": 61900,
  "JD.BA": 9890,
  "JMIA.BA": 5660,
  "JNJ.BA": 13225,
  "JOYY.BA": 13525,
  "JPM.BA": 24125,
  "KB.BA": 53900,
  "KEP.BA": 17200,
  "KGC.BA": 19800,
  "KMB.BA": 27525,
  "KO.BA": 17775,
  "KOFM.BA": 56700,
  "LAC.BA": 3610,
  "LAR.BA": 3195,
  "LFC.BA": 1074.5,
  "LLY.BA": 17700,
  "LMT.BA": 29525,
  "LMT.B.BA": 0,
  "LRCX.BA": 2285,
  "LVS.BA": 31550,
  "LYG.BA": 2625,
  "MA.BA": 21150,
  "MBG.BA": 3807.20898438,
  "MBT.BA": 650,
  "MCD.BA": 15750,
  "MDLZ.BA": 5620,
  "MDT.BA": 28450,
  "MELI.BA": 25350,
  "META.BA": 37975,
  "MFG.BA": 6970,
  "MGLU3.BA": 1860,
  "MMC.BA": 16850,
  "MMM.BA": 19650,
  "MO.BA": 18350,
  "MOS.BA": 9080,
  "MRK.BA": 21075,
  "MRNA.BA": 2250,
  "MRVL.BA": 6600,
  "MSFT.BA": 21300,
  "MSI.BA": 26350,
  "MSTR.BA": 26925,
  "MU.BA": 31500,
  "MUFG.BA": 17425,
  "MUX.BA": 6910,
  "NEC1.BA": 0,
  "NEM.BA": 25250,
  "NFLX.BA": 32650,
  "NG.BA": 24350,
  "NGG.BA": 44525,
  "NIO.BA": 1230,
  "NKE.BA": 7660,
  "NLM.BA": 0,
  "NMR.BA": 8040,
  "NOKA.BA": 6300,
  "NOW.BA": 7020,
  "NSAN.BA": 1545,
  "NTCO.BA": 6200,
  "NTCO3.BA": 2495,
  "NTES.BA": 11675,
  "NU.BA": 8240,
  "NUE.BA": 11250,
  "NVDA.BA": 8780,
  "NVS.BA": 38375,
  "NXE.BA": 8360,
  "ORAN.BA": 13200,
  "ORCL.BA": 98200,
  "ORLY.BA": 525,
  "OXY.BA": 11700,
  "PAAS.BA": 12750,
  "PAC.BA": 18050,
  "PAGS.BA": 3745,
  "PANW.BA": 4835,
  "PATH.BA": 8030,
  "PBI.BA": 13975,
  "PBR.BA": 16250,
  "PCAR.BA": 41150,
  "PCRF.BA": 0,
  "PDD.BA": 5380,
  "PEP.BA": 9460,
  "PETR3.BA": 8190,
  "PFE.BA": 8130,
  "PG.BA": 13275,
  "PHG.BA": 6080,
  "PINS.BA": 6440,
  "PKS.BA": 24350,
  "PLTR.BA": 60400,
  "PM.BA": 12600,
  "PSO.BA": 0,
  "PSQ.BA": 5330,
  "PSX.BA": 28175,
  "PYPL.BA": 11750,
  "QCOM.BA": 18250,
  "QQQ.BA": 35225,
  "RACE.BA": 7520,
  "RBLX.BA": 67600,
  "RCTB4.BA": 0,
  "RGTI.BA": 7850,
  "RIO.BA": 9550,
  "RIOT.BA": 5320,
  "ROKU.BA": 8770,
  "ROST.BA": 41250,
  "RTX.BA": 37200,
  "SAN.BA": 42925,
  "SAP.BA": 64000,
  "SATL.BA": 4200,
  "SBS.BA": 50700,
  "SBSP3.BA": 26650,
  "SBUX.BA": 9970,
  "SCCO.BA": 64000,
  "SCHW.BA": 0,
  "SDA.BA": 1525,
  "SE.BA": 5850,
  "SH.BA": 6270,
  "SHEL.BA": 45850,
  "SHOP.BA": 1345,
  "SID.BA": 15300,
  "SIEGY.BA": 6695.81591797,
  "SLB.BA": 15875,
  "SLV.BA": 7360,
  "SMH.BA": 7310,
  "SMSN.BA": 13143.82421875,
  "SNA.BA": 67300,
  "SNAP.BA": 11925,
  "SNOW.BA": 9020,
  "SONY.BA": 3850,
  "SPCE.BA": 7730,
  "SPGI.BA": 14900,
  "SPOT.BA": 31900,
  "SPXL.BA": 9010,
  "SPY.BA": 39600,
  "STLA.BA": 2550,
  "STNE.BA": 6590,
  "SUZ.BA": 11375,
  "SUZB3.BA": 11675,
  "SWKS.BA": 4500,
  "SYY.BA": 12150,
  "T.BA": 11300,
  "TCOM.BA": 39525,
  "TEAM.BA": 5250,
  "TEFO.BA": 819,
  "TEM.BA": 6200,
  "TEN.BA": 48825,
  "TGT.BA": 5530,
  "TIIAY.BA": 0,
  "TIMB.BA": 24350,
  "TIMS3.BA": 5110,
  "TJX.BA": 7100,
  "TM.BA": 14400,
  "TMO.BA": 25075,
  "TMUS.BA": 8630,
  "TRIP.BA": 11450,
  "TRVV.BA": 53700,
  "TSLA.BA": 26150,
  "TSM.BA": 32575,
  "TTE.BA": 26725,
  "TTM.BA": 8651,
  "TV.BA": 915,
  "TWLO.BA": 4000,
  "TXN.BA": 55850,
  "TXR.BA": 10100,
  "UAL.BA": 22325,
  "UBER.BA": 60950,
  "UGP.BA": 3970,
  "UL.BA": 25675,
  "UNH.BA": 11575,
  "UNP.BA": 14925,
  "UPST.BA": 20100,
  "URA.BA": 9410,
  "URBN.BA": 46050,
  "USB.BA": 11950,
  "V.BA": 24500,
  "VALE.BA": 6370,
  "VALE3.BA": 12625,
  "VEA.BA": 7220,
  "VIG.BA": 6710,
  "VIST.BA": 20000,
  "VIV.BA": 14575,
  "VIVT3.BA": 7230,
  "VOD.BA": 13850,
  "VRSN.BA": 60250,
  "VRTX.BA": 5900,
  "VST.BA": 9540,
  "VZ.BA": 13200,
  "WBA.BA": 4855,
  "WBO.BA": 2045,
  "WEGE3.BA": 9080,
  "WFC.BA": 20825,
  "WMT.BA": 6680,
  "X.BA": 21550,
  "XLB.BA": 6410,
  "XLC.BA": 7070,
  "XLE.BA": 56600,
  "XLF.BA": 33000,
  "XLI.BA": 6790,
  "XLK.BA": 7090,
  "XLP.BA": 6390,
  "XLRE.BA": 5840,
  "XLU.BA": 6980,
  "XLV.BA": 5900,
  "XLY.BA": 6490,
  "XOM.BA": 14650,
  "XP.BA": 5800,
  "XPEV.BA": 5530,
  "XROX.BA": 6400,
  "XYZ.BA": 4290,
  "YELP.BA": 22100,
  "YZCA.BA": 0.007,
  "ZM.BA": 1990,
  "ALUA.BA": 685,
  "ALUAC.BA": 0.54,
  "ALUAD.BA": 0.542,
  "BBAR.BA": 6300,
  "BBARC.BA": 5.3499999,
  "BBARD.BA": 4.97,
  "BMA.BA": 8330,
  "BMA.C.BA": 6.57999992,
  "BMA.D.BA": 6.59,
  "BYMA.BA": 194,
  "BYMAC.BA": 0.15800001,
  "BYMAD.BA": 0.154,
  "CEPU.BA": 1425,
  "COME.BA": 114.75,
  "CRES.BA": 1350,
  "CRESC.BA": 0.32300001,
  "EDN.BA": 1600,
  "EDNC.BA": 1.275,
  "GGAL.BA": 6020,
  "GGALC.BA": 4.8,
  "GGALD.BA": 4.775,
  "IRSAC.BA": 0,
  "IRSAD.BA": 1.355,
  "LOMA.BA": 2660,
  "LOMAD.BA": 2.11,
  "MIRG.BA": 21050,
  "PAMP.BA": 3535,
  "SUPV.BA": 2555,
  "SUPVD.BA": 2.03,
  "TECO2.BA": 2155,
  "TECOC.BA": 1.60000002,
  "TGNO4.BA": 2785,
  "TGSU2.BA": 6470,
  "TRAN.BA": 2160,
  "TXAR.BA": 625,
  "TXARD.BA": 0.505,
  "VALO.BA": 334.5,
  "VALOC.BA": 0.27900001,
  "VALOD.BA": 0.265,
  "YPFD.BA": 39750,
  "YPFDC.BA": 31.45,